scenario,stage,participant,period,target_mwh
Baseline,DAM,IND,1,-74.4272491125
Baseline,DAM,IND,2,-74.4272491125
Baseline,DAM,IND,3,-74.4272491125
Baseline,DAM,IND,4,-74.4272491125
Baseline,DAM,IND,5,-74.4272491125
Baseline,DAM,IND,6,-74.4272491125
Baseline,DAM,IND,7,-74.4272491125
Baseline,DAM,IND,8,-74.4272491125
Baseline,DAM,IND,9,-74.4272491125
Baseline,DAM,IND,10,-74.4272491125
Baseline,DAM,IND,11,-74.4272491125
Baseline,DAM,IND,12,-74.4272491125
Baseline,DAM,IND,13,-74.4272491125
Baseline,DAM,IND,14,-74.4272491125
Baseline,DAM,IND,15,-74.4272491125
Baseline,DAM,IND,16,-74.4272491125
Baseline,DAM,IND,17,-74.4272491125
Baseline,DAM,IND,18,-74.4272491125
Baseline,DAM,IND,19,-74.4272491125
Baseline,DAM,IND,20,-74.4272491125
Baseline,DAM,IND,21,-74.4272491125
Baseline,DAM,IND,22,-74.4272491125
Baseline,DAM,IND,23,-74.4272491125
Baseline,DAM,IND,24,-74.4272491125
Baseline,DAM,IND,25,-74.4272491125
Baseline,DAM,IND,26,-74.4272491125
Baseline,DAM,IND,27,-74.4272491125
Baseline,DAM,IND,28,-74.4272491125
Baseline,DAM,IND,29,-74.4272491125
Baseline,DAM,IND,30,-74.4272491125
Baseline,DAM,IND,31,-74.4272491125
Baseline,DAM,IND,32,-74.4272491125
Baseline,DAM,IND,33,-74.4272491125
Baseline,DAM,IND,34,-74.4272491125
Baseline,DAM,IND,35,-74.4272491125
Baseline,DAM,IND,36,-74.4272491125
Baseline,DAM,IND,37,-74.4272491125
Baseline,DAM,IND,38,-74.4272491125
Baseline,DAM,IND,39,-74.4272491125
Baseline,DAM,IND,40,-74.4272491125
Baseline,DAM,IND,41,-74.4272491125
Baseline,DAM,IND,42,-74.4272491125
Baseline,DAM,IND,43,-74.4272491125
Baseline,DAM,IND,44,-74.4272491125
Baseline,DAM,IND,45,-74.4272491125
Baseline,DAM,IND,46,-74.4272491125
Baseline,DAM,IND,47,-74.4272491125
Baseline,DAM,IND,48,-74.4272491125
Baseline,DAM,COM,1,-60.56652230208813
Baseline,DAM,COM,2,-60.77421784278795
Baseline,DAM,COM,3,-59.138494916616544
Baseline,DAM,COM,4,-59.625465803459846
Baseline,DAM,COM,5,-55.270449918835375
Baseline,DAM,COM,6,-56.24619528320141
Baseline,DAM,COM,7,-51.590065224133845
Baseline,DAM,COM,8,-53.29377019507272
Baseline,DAM,COM,9,-51.794759059888676
Baseline,DAM,COM,10,-54.5056557639328
Baseline,DAM,COM,11,-57.382681644330866
Baseline,DAM,COM,12,-61.31875564953915
Baseline,DAM,COM,13,-68.58549924092036
Baseline,DAM,COM,14,-73.66674431340392
Baseline,DAM,COM,15,-74.94663542018596
Baseline,DAM,COM,16,-80.00251119071278
Baseline,DAM,COM,17,-76.1406289517498
Baseline,DAM,COM,18,-80.22506645640867
Baseline,DAM,COM,19,-62.323968196476734
Baseline,DAM,COM,20,-64.70123484335566
Baseline,DAM,COM,21,-61.708356315117186
Baseline,DAM,COM,22,-63.16758075329857
Baseline,DAM,COM,23,-63.04580432264047
Baseline,DAM,COM,24,-63.68597524524273
Baseline,DAM,COM,25,-67.53183943924464
Baseline,DAM,COM,26,-67.26675714712944
Baseline,DAM,COM,27,-67.05740223967256
Baseline,DAM,COM,28,-65.65475537180485
Baseline,DAM,COM,29,-72.75506123448443
Baseline,DAM,COM,30,-69.63273591656166
Baseline,DAM,COM,31,-87.17730985552184
Baseline,DAM,COM,32,-81.07336924991874
Baseline,DAM,COM,33,-96.76063818680053
Baseline,DAM,COM,34,-87.25460480117506
Baseline,DAM,COM,35,-99.09812396906942
Baseline,DAM,COM,36,-87.2524374386906
Baseline,DAM,COM,37,-87.18530284385142
Baseline,DAM,COM,38,-76.27939125187322
Baseline,DAM,COM,39,-69.7479182140229
Baseline,DAM,COM,40,-62.124157133714
Baseline,DAM,COM,41,-56.39461431167897
Baseline,DAM,COM,42,-52.3094530850515
Baseline,DAM,COM,43,-47.89708773554485
Baseline,DAM,COM,44,-46.812481629989264
Baseline,DAM,COM,45,-42.955776014774955
Baseline,DAM,COM,46,-44.04199359539533
Baseline,DAM,COM,47,-40.54061471343947
Baseline,DAM,COM,48,-42.85534820280739
Baseline,DAM,RES,1,-140.2779239854119
Baseline,DAM,RES,2,-140.0702284447121
Baseline,DAM,RES,3,-135.2536797708834
Baseline,DAM,RES,4,-134.76670888404013
Baseline,DAM,RES,5,-122.74380616866463
Baseline,DAM,RES,6,-121.76806080429859
Baseline,DAM,RES,7,-107.76709366336617
Baseline,DAM,RES,8,-106.06338869242731
Baseline,DAM,RES,9,-96.76300762761133
Baseline,DAM,RES,10,-94.0521109235672
Baseline,DAM,RES,11,-89.96768404316914
Baseline,DAM,RES,12,-86.03161003796089
Baseline,DAM,RES,13,-85.01897184657967
Baseline,DAM,RES,14,-79.9377267740961
Baseline,DAM,RES,15,-70.82188786731405
Baseline,DAM,RES,16,-65.76601209678724
Baseline,DAM,RES,17,-54.6082293357502
Baseline,DAM,RES,18,-50.523791831091344
Baseline,DAM,RES,19,-34.79611049102329
Baseline,DAM,RES,20,-32.41884384414435
Baseline,DAM,RES,21,-28.158500572382813
Baseline,DAM,RES,22,-26.699276134201423
Baseline,DAM,RES,23,-25.161634964859523
Baseline,DAM,RES,24,-24.521464042257268
Baseline,DAM,RES,25,-25.692332448255375
Baseline,DAM,RES,26,-25.957414740370563
Baseline,DAM,RES,27,-26.996339247827446
Baseline,DAM,RES,28,-28.39898611569516
Baseline,DAM,RES,29,-34.827954253015584
Baseline,DAM,RES,30,-37.95027957093836
Baseline,DAM,RES,31,-55.49685923197818
Baseline,DAM,RES,32,-61.60079983758127
Baseline,DAM,RES,33,-89.2215219006995
Baseline,DAM,RES,34,-98.72755528632494
Baseline,DAM,RES,35,-138.3259943184306
Baseline,DAM,RES,36,-150.17168084880944
Baseline,DAM,RES,37,-183.86719784364857
Baseline,DAM,RES,38,-194.77310943562676
Baseline,DAM,RES,39,-211.89634047347712
Baseline,DAM,RES,40,-219.52010155378602
Baseline,DAM,RES,41,-225.55089417582107
Baseline,DAM,RES,42,-229.63605540244848
Baseline,DAM,RES,43,-223.37624955195523
Baseline,DAM,RES,44,-224.46085565751073
Baseline,DAM,RES,45,-205.33134527272512
Baseline,DAM,RES,46,-204.24512769210472
Baseline,DAM,RES,47,-178.40883697406053
Baseline,DAM,RES,48,-176.09410348469257
Baseline,DAM,PV_C,1,0.0
Baseline,DAM,PV_C,2,0.0
Baseline,DAM,PV_C,3,0.0
Baseline,DAM,PV_C,4,0.0
Baseline,DAM,PV_C,5,0.0
Baseline,DAM,PV_C,6,0.0
Baseline,DAM,PV_C,7,0.0
Baseline,DAM,PV_C,8,0.0
Baseline,DAM,PV_C,9,0.0
Baseline,DAM,PV_C,10,0.0
Baseline,DAM,PV_C,11,0.0
Baseline,DAM,PV_C,12,0.0
Baseline,DAM,PV_C,13,5.99e-05
Baseline,DAM,PV_C,14,5.99e-05
Baseline,DAM,PV_C,15,4.555686
Baseline,DAM,PV_C,16,4.555686
Baseline,DAM,PV_C,17,22.0958468
Baseline,DAM,PV_C,18,22.0958468
Baseline,DAM,PV_C,19,41.317848
Baseline,DAM,PV_C,20,41.317848
Baseline,DAM,PV_C,21,51.3895444
Baseline,DAM,PV_C,22,51.3895444
Baseline,DAM,PV_C,23,55.3400937
Baseline,DAM,PV_C,24,55.3400937
Baseline,DAM,PV_C,25,54.6708674
Baseline,DAM,PV_C,26,54.6708674
Baseline,DAM,PV_C,27,49.9864034
Baseline,DAM,PV_C,28,49.9864034
Baseline,DAM,PV_C,29,39.5053727
Baseline,DAM,PV_C,30,39.5053727
Baseline,DAM,PV_C,31,22.5380045
Baseline,DAM,PV_C,32,22.5380045
Baseline,DAM,PV_C,33,6.0143513
Baseline,DAM,PV_C,34,6.0143513
Baseline,DAM,PV_C,35,0.0
Baseline,DAM,PV_C,36,0.0
Baseline,DAM,PV_C,37,0.0
Baseline,DAM,PV_C,38,0.0
Baseline,DAM,PV_C,39,0.0
Baseline,DAM,PV_C,40,0.0
Baseline,DAM,PV_C,41,0.0
Baseline,DAM,PV_C,42,0.0
Baseline,DAM,PV_C,43,0.0
Baseline,DAM,PV_C,44,0.0
Baseline,DAM,PV_C,45,0.0
Baseline,DAM,PV_C,46,0.0
Baseline,DAM,PV_C,47,0.0
Baseline,DAM,PV_C,48,0.0
Baseline,DAM,PV_A,1,0.0
Baseline,DAM,PV_A,2,0.0
Baseline,DAM,PV_A,3,0.0
Baseline,DAM,PV_A,4,0.0
Baseline,DAM,PV_A,5,0.0
Baseline,DAM,PV_A,6,0.0
Baseline,DAM,PV_A,7,0.0
Baseline,DAM,PV_A,8,0.0
Baseline,DAM,PV_A,9,0.0
Baseline,DAM,PV_A,10,0.0
Baseline,DAM,PV_A,11,0.0
Baseline,DAM,PV_A,12,0.0
Baseline,DAM,PV_A,13,5.99e-05
Baseline,DAM,PV_A,14,5.99e-05
Baseline,DAM,PV_A,15,4.555686
Baseline,DAM,PV_A,16,4.555686
Baseline,DAM,PV_A,17,22.0958468
Baseline,DAM,PV_A,18,22.0958468
Baseline,DAM,PV_A,19,41.317848
Baseline,DAM,PV_A,20,41.317848
Baseline,DAM,PV_A,21,51.3895444
Baseline,DAM,PV_A,22,51.3895444
Baseline,DAM,PV_A,23,55.3400937
Baseline,DAM,PV_A,24,55.3400937
Baseline,DAM,PV_A,25,54.6708674
Baseline,DAM,PV_A,26,54.6708674
Baseline,DAM,PV_A,27,49.9864034
Baseline,DAM,PV_A,28,49.9864034
Baseline,DAM,PV_A,29,39.5053727
Baseline,DAM,PV_A,30,39.5053727
Baseline,DAM,PV_A,31,22.5380045
Baseline,DAM,PV_A,32,22.5380045
Baseline,DAM,PV_A,33,6.0143513
Baseline,DAM,PV_A,34,6.0143513
Baseline,DAM,PV_A,35,0.0
Baseline,DAM,PV_A,36,0.0
Baseline,DAM,PV_A,37,0.0
Baseline,DAM,PV_A,38,0.0
Baseline,DAM,PV_A,39,0.0
Baseline,DAM,PV_A,40,0.0
Baseline,DAM,PV_A,41,0.0
Baseline,DAM,PV_A,42,0.0
Baseline,DAM,PV_A,43,0.0
Baseline,DAM,PV_A,44,0.0
Baseline,DAM,PV_A,45,0.0
Baseline,DAM,PV_A,46,0.0
Baseline,DAM,PV_A,47,0.0
Baseline,DAM,PV_A,48,0.0
Baseline,DAM,W_C,1,1.472743367
Baseline,DAM,W_C,2,1.472743367
Baseline,DAM,W_C,3,1.53758110925
Baseline,DAM,W_C,4,1.53758110925
Baseline,DAM,W_C,5,2.13501474
Baseline,DAM,W_C,6,2.13501474
Baseline,DAM,W_C,7,2.8852802175000005
Baseline,DAM,W_C,8,2.8852802175000005
Baseline,DAM,W_C,9,2.0956489525
Baseline,DAM,W_C,10,2.0956489525
Baseline,DAM,W_C,11,1.4588495735
Baseline,DAM,W_C,12,1.4588495735
Baseline,DAM,W_C,13,1.5398967415
Baseline,DAM,W_C,14,1.5398967415
Baseline,DAM,W_C,15,1.12655605125
Baseline,DAM,W_C,16,1.12655605125
Baseline,DAM,W_C,17,0.76994837075
Baseline,DAM,W_C,18,0.76994837075
Baseline,DAM,W_C,19,0.70742626075
Baseline,DAM,W_C,20,0.70742626075
Baseline,DAM,W_C,21,0.389026532
Baseline,DAM,W_C,22,0.389026532
Baseline,DAM,W_C,23,0.20609142725
Baseline,DAM,W_C,24,0.20609142725
Baseline,DAM,W_C,25,0.23156342125
Baseline,DAM,W_C,26,0.23156342125
Baseline,DAM,W_C,27,0.1586209465
Baseline,DAM,W_C,28,0.1586209465
Baseline,DAM,W_C,29,0.188724205
Baseline,DAM,W_C,30,0.188724205
Baseline,DAM,W_C,31,0.39018436775
Baseline,DAM,W_C,32,0.39018436775
Baseline,DAM,W_C,33,1.06056047325
Baseline,DAM,W_C,34,1.06056047325
Baseline,DAM,W_C,35,1.2955973625
Baseline,DAM,W_C,36,1.2955973625
Baseline,DAM,W_C,37,0.885730101
Baseline,DAM,W_C,38,0.885730101
Baseline,DAM,W_C,39,0.57890857275
Baseline,DAM,W_C,40,0.57890857275
Baseline,DAM,W_C,41,0.42028762625
Baseline,DAM,W_C,42,0.42028762625
Baseline,DAM,W_C,43,0.552278743
Baseline,DAM,W_C,44,0.552278743
Baseline,DAM,W_C,45,0.61248526
Baseline,DAM,W_C,46,0.61248526
Baseline,DAM,W_C,47,0.596275795
Baseline,DAM,W_C,48,0.596275795
Baseline,DAM,W_A,1,1.472743367
Baseline,DAM,W_A,2,1.472743367
Baseline,DAM,W_A,3,1.53758110925
Baseline,DAM,W_A,4,1.53758110925
Baseline,DAM,W_A,5,2.13501474
Baseline,DAM,W_A,6,2.13501474
Baseline,DAM,W_A,7,2.8852802175000005
Baseline,DAM,W_A,8,2.8852802175000005
Baseline,DAM,W_A,9,2.0956489525
Baseline,DAM,W_A,10,2.0956489525
Baseline,DAM,W_A,11,1.4588495735
Baseline,DAM,W_A,12,1.4588495735
Baseline,DAM,W_A,13,1.5398967415
Baseline,DAM,W_A,14,1.5398967415
Baseline,DAM,W_A,15,1.12655605125
Baseline,DAM,W_A,16,1.12655605125
Baseline,DAM,W_A,17,0.76994837075
Baseline,DAM,W_A,18,0.76994837075
Baseline,DAM,W_A,19,0.70742626075
Baseline,DAM,W_A,20,0.70742626075
Baseline,DAM,W_A,21,0.389026532
Baseline,DAM,W_A,22,0.389026532
Baseline,DAM,W_A,23,0.20609142725
Baseline,DAM,W_A,24,0.20609142725
Baseline,DAM,W_A,25,0.23156342125
Baseline,DAM,W_A,26,0.23156342125
Baseline,DAM,W_A,27,0.1586209465
Baseline,DAM,W_A,28,0.1586209465
Baseline,DAM,W_A,29,0.188724205
Baseline,DAM,W_A,30,0.188724205
Baseline,DAM,W_A,31,0.39018436775
Baseline,DAM,W_A,32,0.39018436775
Baseline,DAM,W_A,33,1.06056047325
Baseline,DAM,W_A,34,1.06056047325
Baseline,DAM,W_A,35,1.2955973625
Baseline,DAM,W_A,36,1.2955973625
Baseline,DAM,W_A,37,0.885730101
Baseline,DAM,W_A,38,0.885730101
Baseline,DAM,W_A,39,0.57890857275
Baseline,DAM,W_A,40,0.57890857275
Baseline,DAM,W_A,41,0.42028762625
Baseline,DAM,W_A,42,0.42028762625
Baseline,DAM,W_A,43,0.552278743
Baseline,DAM,W_A,44,0.552278743
Baseline,DAM,W_A,45,0.61248526
Baseline,DAM,W_A,46,0.61248526
Baseline,DAM,W_A,47,0.596275795
Baseline,DAM,W_A,48,0.596275795
Baseline,IDA1,IND,1,-71.19710865872659
Baseline,IDA1,IND,2,-71.19710865872659
Baseline,IDA1,IND,3,-65.2671870768009
Baseline,IDA1,IND,4,-65.2671870768009
Baseline,IDA1,IND,5,-64.42414018100577
Baseline,IDA1,IND,6,-64.42414018100577
Baseline,IDA1,IND,7,-66.61496329752148
Baseline,IDA1,IND,8,-66.61496329752148
Baseline,IDA1,IND,9,-69.35406587702495
Baseline,IDA1,IND,10,-69.35406587702495
Baseline,IDA1,IND,11,-72.56278176960724
Baseline,IDA1,IND,12,-72.56278176960724
Baseline,IDA1,IND,13,-78.66188167273619
Baseline,IDA1,IND,14,-78.66188167273619
Baseline,IDA1,IND,15,-86.97293329603056
Baseline,IDA1,IND,16,-86.97293329603056
Baseline,IDA1,IND,17,-92.73488195095847
Baseline,IDA1,IND,18,-92.73488195095847
Baseline,IDA1,IND,19,-98.72028257379802
Baseline,IDA1,IND,20,-98.72028257379802
Baseline,IDA1,IND,21,-89.13067252670912
Baseline,IDA1,IND,22,-89.13067252670912
Baseline,IDA1,IND,23,-81.43059122232123
Baseline,IDA1,IND,24,-81.43059122232123
Baseline,IDA1,IND,25,-77.94765017626473
Baseline,IDA1,IND,26,-77.94765017626473
Baseline,IDA1,IND,27,-82.43602276532211
Baseline,IDA1,IND,28,-82.43602276532211
Baseline,IDA1,IND,29,-86.70741306884503
Baseline,IDA1,IND,30,-86.70741306884503
Baseline,IDA1,IND,31,-86.76956968603625
Baseline,IDA1,IND,32,-86.76956968603625
Baseline,IDA1,IND,33,-84.29907192736573
Baseline,IDA1,IND,34,-84.29907192736573
Baseline,IDA1,IND,35,-84.13364422819963
Baseline,IDA1,IND,36,-84.13364422819963
Baseline,IDA1,IND,37,-81.86449250070888
Baseline,IDA1,IND,38,-81.86449250070888
Baseline,IDA1,IND,39,-79.88667397076921
Baseline,IDA1,IND,40,-79.88667397076921
Baseline,IDA1,IND,41,-78.10063580502221
Baseline,IDA1,IND,42,-78.10063580502221
Baseline,IDA1,IND,43,-77.04608896391595
Baseline,IDA1,IND,44,-77.04608896391595
Baseline,IDA1,IND,45,-76.38699727851285
Baseline,IDA1,IND,46,-76.38699727851285
Baseline,IDA1,IND,47,-75.5772724852481
Baseline,IDA1,IND,48,-75.5772724852481
Baseline,IDA1,COM,1,-57.93793699005237
Baseline,IDA1,COM,2,-58.13661855030709
Baseline,IDA1,COM,3,-51.86008158556274
Baseline,IDA1,COM,4,-52.287118999299686
Baseline,IDA1,COM,5,-47.842037101977
Baseline,IDA1,COM,6,-48.68664115337578
Baseline,IDA1,COM,7,-46.17489350207934
Baseline,IDA1,COM,8,-47.69976840290162
Baseline,IDA1,COM,9,-48.26427383463311
Baseline,IDA1,COM,10,-50.79038773565742
Baseline,IDA1,COM,11,-55.94519554549966
Baseline,IDA1,COM,12,-59.782667472444544
Baseline,IDA1,COM,13,-72.48775804678662
Baseline,IDA1,COM,14,-77.85810699032626
Baseline,IDA1,COM,15,-87.57986894435693
Baseline,IDA1,COM,16,-93.48797855994118
Baseline,IDA1,COM,17,-94.8697193797853
Baseline,IDA1,COM,18,-99.95884781523345
Baseline,IDA1,COM,19,-82.66649412470699
Baseline,IDA1,COM,20,-85.81969994558071
Baseline,IDA1,COM,21,-73.89910771215719
Baseline,IDA1,COM,22,-75.64660821893963
Baseline,IDA1,COM,23,-68.97819254772325
Baseline,IDA1,COM,24,-69.67860130033004
Baseline,IDA1,COM,25,-70.72608834988961
Baseline,IDA1,COM,26,-70.4484676932067
Baseline,IDA1,COM,27,-74.2731405974347
Baseline,IDA1,COM,28,-72.71956135716918
Baseline,IDA1,COM,29,-84.75932165344621
Baseline,IDA1,COM,30,-81.12182659209812
Baseline,IDA1,COM,31,-101.63398154237912
Baseline,IDA1,COM,32,-94.51782037757864
Baseline,IDA1,COM,33,-109.59469946171872
Baseline,IDA1,COM,34,-98.82781231118724
Baseline,IDA1,COM,35,-112.0219597676281
Baseline,IDA1,COM,36,-98.6314235316424
Baseline,IDA1,COM,37,-95.89741198205576
Baseline,IDA1,COM,38,-83.90171244484223
Baseline,IDA1,COM,39,-74.86410244830238
Baseline,IDA1,COM,40,-66.68111942641089
Baseline,IDA1,COM,41,-59.17799309045547
Baseline,IDA1,COM,42,-54.89120709513585
Baseline,IDA1,COM,43,-49.582422120791456
Baseline,IDA1,COM,44,-48.45965244307395
Baseline,IDA1,COM,45,-44.086847017243
Baseline,IDA1,COM,46,-45.20166585529121
Baseline,IDA1,COM,47,-41.167033868009575
Baseline,IDA1,COM,48,-43.51753379569409
Baseline,IDA1,RES,1,-134.18986615122105
Baseline,IDA1,RES,2,-133.99118459096633
Baseline,IDA1,RES,3,-118.60746333763633
Baseline,IDA1,RES,4,-118.18042592389942
Baseline,IDA1,RES,5,-106.24689571701724
Baseline,IDA1,RES,6,-105.40229166561845
Baseline,IDA1,RES,7,-96.45527780039916
Baseline,IDA1,RES,8,-94.9304028995769
Baseline,IDA1,RES,9,-90.16735248834195
Baseline,IDA1,RES,10,-87.6412385873176
Baseline,IDA1,RES,11,-87.71391528489308
Baseline,IDA1,RES,12,-83.87644335794822
Baseline,IDA1,RES,13,-89.85623388047722
Baseline,IDA1,RES,14,-84.48588493693757
Baseline,IDA1,RES,15,-82.75984135961251
Baseline,IDA1,RES,16,-76.85173174402826
Baseline,IDA1,RES,17,-68.04077486925623
Baseline,IDA1,RES,18,-62.95164643380807
Baseline,IDA1,RES,19,-46.153551301495
Baseline,IDA1,RES,20,-43.00034548062127
Baseline,IDA1,RES,21,-33.72133356113369
Baseline,IDA1,RES,22,-31.973833054351253
Baseline,IDA1,RES,23,-27.529256229955504
Baseline,IDA1,RES,24,-26.828847477348724
Baseline,IDA1,RES,25,-26.907577073845665
Baseline,IDA1,RES,26,-27.185197730528607
Baseline,IDA1,RES,27,-29.901291037243187
Baseline,IDA1,RES,28,-31.45487027750871
Baseline,IDA1,RES,29,-40.574411277708776
Baseline,IDA1,RES,30,-44.21190633905687
Baseline,IDA1,RES,31,-64.69994057158463
Baseline,IDA1,RES,32,-71.81610173638514
Baseline,IDA1,RES,33,-101.05561581091554
Baseline,IDA1,RES,34,-111.82250296144697
Baseline,IDA1,RES,35,-156.3657146041722
Baseline,IDA1,RES,36,-169.75625084015797
Baseline,IDA1,RES,37,-202.2403759172354
Baseline,IDA1,RES,38,-214.23607545444895
Baseline,IDA1,RES,39,-227.4394669809284
Baseline,IDA1,RES,40,-235.62245000281987
Baseline,IDA1,RES,41,-236.68304890452237
Baseline,IDA1,RES,42,-240.96983489984194
Baseline,IDA1,RES,43,-231.23609431529263
Baseline,IDA1,RES,44,-232.3588639930101
Baseline,IDA1,RES,45,-210.7379367042442
Baseline,IDA1,RES,46,-209.62311786619594
Baseline,IDA1,RES,47,-181.16554684674233
Baseline,IDA1,RES,48,-178.81504691905778
Baseline,IDA1,PV_C,1,0.0
Baseline,IDA1,PV_C,2,0.0
Baseline,IDA1,PV_C,3,0.0
Baseline,IDA1,PV_C,4,0.0
Baseline,IDA1,PV_C,5,0.0
Baseline,IDA1,PV_C,6,0.0
Baseline,IDA1,PV_C,7,0.0
Baseline,IDA1,PV_C,8,0.0
Baseline,IDA1,PV_C,9,0.0
Baseline,IDA1,PV_C,10,0.0
Baseline,IDA1,PV_C,11,0.0
Baseline,IDA1,PV_C,12,0.0
Baseline,IDA1,PV_C,13,5.99e-05
Baseline,IDA1,PV_C,14,5.99e-05
Baseline,IDA1,PV_C,15,3.6671179
Baseline,IDA1,PV_C,16,3.6671179
Baseline,IDA1,PV_C,17,20.081279899999995
Baseline,IDA1,PV_C,18,20.081279899999995
Baseline,IDA1,PV_C,19,38.907184
Baseline,IDA1,PV_C,20,38.907184
Baseline,IDA1,PV_C,21,48.06264
Baseline,IDA1,PV_C,22,48.06264
Baseline,IDA1,PV_C,23,50.6516765
Baseline,IDA1,PV_C,24,50.6516765
Baseline,IDA1,PV_C,25,48.8441127
Baseline,IDA1,PV_C,26,48.8441127
Baseline,IDA1,PV_C,27,41.2026067
Baseline,IDA1,PV_C,28,41.2026067
Baseline,IDA1,PV_C,29,28.6237527
Baseline,IDA1,PV_C,30,28.6237527
Baseline,IDA1,PV_C,31,14.1360495
Baseline,IDA1,PV_C,32,14.1360495
Baseline,IDA1,PV_C,33,3.2308899
Baseline,IDA1,PV_C,34,3.2308899
Baseline,IDA1,PV_C,35,0.0
Baseline,IDA1,PV_C,36,0.0
Baseline,IDA1,PV_C,37,0.0
Baseline,IDA1,PV_C,38,0.0
Baseline,IDA1,PV_C,39,0.0
Baseline,IDA1,PV_C,40,0.0
Baseline,IDA1,PV_C,41,0.0
Baseline,IDA1,PV_C,42,0.0
Baseline,IDA1,PV_C,43,0.0
Baseline,IDA1,PV_C,44,0.0
Baseline,IDA1,PV_C,45,0.0
Baseline,IDA1,PV_C,46,0.0
Baseline,IDA1,PV_C,47,0.0
Baseline,IDA1,PV_C,48,0.0
Baseline,IDA1,PV_A,1,0.0
Baseline,IDA1,PV_A,2,0.0
Baseline,IDA1,PV_A,3,0.0
Baseline,IDA1,PV_A,4,0.0
Baseline,IDA1,PV_A,5,0.0
Baseline,IDA1,PV_A,6,0.0
Baseline,IDA1,PV_A,7,0.0
Baseline,IDA1,PV_A,8,0.0
Baseline,IDA1,PV_A,9,0.0
Baseline,IDA1,PV_A,10,0.0
Baseline,IDA1,PV_A,11,0.0
Baseline,IDA1,PV_A,12,0.0
Baseline,IDA1,PV_A,13,5.99e-05
Baseline,IDA1,PV_A,14,5.99e-05
Baseline,IDA1,PV_A,15,3.6671179
Baseline,IDA1,PV_A,16,3.6671179
Baseline,IDA1,PV_A,17,20.081279899999995
Baseline,IDA1,PV_A,18,20.081279899999995
Baseline,IDA1,PV_A,19,38.907184
Baseline,IDA1,PV_A,20,38.907184
Baseline,IDA1,PV_A,21,48.06264
Baseline,IDA1,PV_A,22,48.06264
Baseline,IDA1,PV_A,23,50.6516765
Baseline,IDA1,PV_A,24,50.6516765
Baseline,IDA1,PV_A,25,48.8441127
Baseline,IDA1,PV_A,26,48.8441127
Baseline,IDA1,PV_A,27,41.2026067
Baseline,IDA1,PV_A,28,41.2026067
Baseline,IDA1,PV_A,29,28.6237527
Baseline,IDA1,PV_A,30,28.6237527
Baseline,IDA1,PV_A,31,14.1360495
Baseline,IDA1,PV_A,32,14.1360495
Baseline,IDA1,PV_A,33,3.2308899
Baseline,IDA1,PV_A,34,3.2308899
Baseline,IDA1,PV_A,35,0.0
Baseline,IDA1,PV_A,36,0.0
Baseline,IDA1,PV_A,37,0.0
Baseline,IDA1,PV_A,38,0.0
Baseline,IDA1,PV_A,39,0.0
Baseline,IDA1,PV_A,40,0.0
Baseline,IDA1,PV_A,41,0.0
Baseline,IDA1,PV_A,42,0.0
Baseline,IDA1,PV_A,43,0.0
Baseline,IDA1,PV_A,44,0.0
Baseline,IDA1,PV_A,45,0.0
Baseline,IDA1,PV_A,46,0.0
Baseline,IDA1,PV_A,47,0.0
Baseline,IDA1,PV_A,48,0.0
Baseline,IDA1,W_C,1,9.147912995
Baseline,IDA1,W_C,2,9.147912995
Baseline,IDA1,W_C,3,10.95410768
Baseline,IDA1,W_C,4,10.95410768
Baseline,IDA1,W_C,5,11.200722729999999
Baseline,IDA1,W_C,6,11.200722729999999
Baseline,IDA1,W_C,7,10.0348008925
Baseline,IDA1,W_C,8,10.0348008925
Baseline,IDA1,W_C,9,9.6423008925
Baseline,IDA1,W_C,10,9.6423008925
Baseline,IDA1,W_C,11,9.04834069
Baseline,IDA1,W_C,12,9.04834069
Baseline,IDA1,W_C,13,8.107035415
Baseline,IDA1,W_C,14,8.107035415
Baseline,IDA1,W_C,15,6.6597640025
Baseline,IDA1,W_C,16,6.6597640025
Baseline,IDA1,W_C,17,5.5135250575
Baseline,IDA1,W_C,18,5.5135250575
Baseline,IDA1,W_C,19,4.3823377425
Baseline,IDA1,W_C,20,4.3823377425
Baseline,IDA1,W_C,21,2.78918142
Baseline,IDA1,W_C,22,2.78918142
Baseline,IDA1,W_C,23,1.45769173775
Baseline,IDA1,W_C,24,1.45769173775
Baseline,IDA1,W_C,25,1.00382742425
Baseline,IDA1,W_C,26,1.00382742425
Baseline,IDA1,W_C,27,0.9077286269999999
Baseline,IDA1,W_C,28,0.9077286269999999
Baseline,IDA1,W_C,29,0.91930678825
Baseline,IDA1,W_C,30,0.91930678825
Baseline,IDA1,W_C,31,0.9876179985
Baseline,IDA1,W_C,32,0.9876179985
Baseline,IDA1,W_C,33,1.2168657875
Baseline,IDA1,W_C,34,1.2168657875
Baseline,IDA1,W_C,35,1.32570058175
Baseline,IDA1,W_C,36,1.32570058175
Baseline,IDA1,W_C,37,1.21455015525
Baseline,IDA1,W_C,38,1.21455015525
Baseline,IDA1,W_C,39,0.7815265319999999
Baseline,IDA1,W_C,40,0.7815265319999999
Baseline,IDA1,W_C,41,0.537227153
Baseline,IDA1,W_C,42,0.537227153
Baseline,IDA1,W_C,43,0.8903613655
Baseline,IDA1,W_C,44,0.8903613655
Baseline,IDA1,W_C,45,1.08255899925
Baseline,IDA1,W_C,46,1.08255899925
Baseline,IDA1,W_C,47,1.25507373925
Baseline,IDA1,W_C,48,1.25507373925
Baseline,IDA1,W_A,1,9.147912995
Baseline,IDA1,W_A,2,9.147912995
Baseline,IDA1,W_A,3,10.95410768
Baseline,IDA1,W_A,4,10.95410768
Baseline,IDA1,W_A,5,11.200722729999999
Baseline,IDA1,W_A,6,11.200722729999999
Baseline,IDA1,W_A,7,10.0348008925
Baseline,IDA1,W_A,8,10.0348008925
Baseline,IDA1,W_A,9,9.6423008925
Baseline,IDA1,W_A,10,9.6423008925
Baseline,IDA1,W_A,11,9.04834069
Baseline,IDA1,W_A,12,9.04834069
Baseline,IDA1,W_A,13,8.107035415
Baseline,IDA1,W_A,14,8.107035415
Baseline,IDA1,W_A,15,6.6597640025
Baseline,IDA1,W_A,16,6.6597640025
Baseline,IDA1,W_A,17,5.5135250575
Baseline,IDA1,W_A,18,5.5135250575
Baseline,IDA1,W_A,19,4.3823377425
Baseline,IDA1,W_A,20,4.3823377425
Baseline,IDA1,W_A,21,2.78918142
Baseline,IDA1,W_A,22,2.78918142
Baseline,IDA1,W_A,23,1.45769173775
Baseline,IDA1,W_A,24,1.45769173775
Baseline,IDA1,W_A,25,1.00382742425
Baseline,IDA1,W_A,26,1.00382742425
Baseline,IDA1,W_A,27,0.9077286269999999
Baseline,IDA1,W_A,28,0.9077286269999999
Baseline,IDA1,W_A,29,0.91930678825
Baseline,IDA1,W_A,30,0.91930678825
Baseline,IDA1,W_A,31,0.9876179985
Baseline,IDA1,W_A,32,0.9876179985
Baseline,IDA1,W_A,33,1.2168657875
Baseline,IDA1,W_A,34,1.2168657875
Baseline,IDA1,W_A,35,1.32570058175
Baseline,IDA1,W_A,36,1.32570058175
Baseline,IDA1,W_A,37,1.21455015525
Baseline,IDA1,W_A,38,1.21455015525
Baseline,IDA1,W_A,39,0.7815265319999999
Baseline,IDA1,W_A,40,0.7815265319999999
Baseline,IDA1,W_A,41,0.537227153
Baseline,IDA1,W_A,42,0.537227153
Baseline,IDA1,W_A,43,0.8903613655
Baseline,IDA1,W_A,44,0.8903613655
Baseline,IDA1,W_A,45,1.08255899925
Baseline,IDA1,W_A,46,1.08255899925
Baseline,IDA1,W_A,47,1.25507373925
Baseline,IDA1,W_A,48,1.25507373925
Baseline,IDA2,IND,1,-72.00464377216993
Baseline,IDA2,IND,2,-72.00464377216993
Baseline,IDA2,IND,3,-67.55720258572568
Baseline,IDA2,IND,4,-67.55720258572568
Baseline,IDA2,IND,5,-66.92491741387931
Baseline,IDA2,IND,6,-66.92491741387931
Baseline,IDA2,IND,7,-68.56803475126613
Baseline,IDA2,IND,8,-68.56803475126613
Baseline,IDA2,IND,9,-70.6223616858937
Baseline,IDA2,IND,10,-70.6223616858937
Baseline,IDA2,IND,11,-73.02889860533043
Baseline,IDA2,IND,12,-73.02889860533043
Baseline,IDA2,IND,13,-77.60322353267715
Baseline,IDA2,IND,14,-77.60322353267715
Baseline,IDA2,IND,15,-83.83651225014792
Baseline,IDA2,IND,16,-83.83651225014792
Baseline,IDA2,IND,17,-88.15797374134385
Baseline,IDA2,IND,18,-88.15797374134385
Baseline,IDA2,IND,19,-92.64702420847351
Baseline,IDA2,IND,20,-92.64702420847351
Baseline,IDA2,IND,21,-85.45481667315684
Baseline,IDA2,IND,22,-85.45481667315684
Baseline,IDA2,IND,23,-79.67975569486592
Baseline,IDA2,IND,24,-79.67975569486592
Baseline,IDA2,IND,25,-77.06754991032355
Baseline,IDA2,IND,26,-77.06754991032355
Baseline,IDA2,IND,27,-80.43382935211658
Baseline,IDA2,IND,28,-80.43382935211658
Baseline,IDA2,IND,29,-83.63737207975876
Baseline,IDA2,IND,30,-83.63737207975876
Baseline,IDA2,IND,31,-83.68398954265217
Baseline,IDA2,IND,32,-83.68398954265217
Baseline,IDA2,IND,33,-81.83111622364929
Baseline,IDA2,IND,34,-81.83111622364929
Baseline,IDA2,IND,35,-81.70704544927472
Baseline,IDA2,IND,36,-81.70704544927472
Baseline,IDA2,IND,37,-80.00518165365665
Baseline,IDA2,IND,38,-80.00518165365665
Baseline,IDA2,IND,39,-78.5218177562019
Baseline,IDA2,IND,40,-78.5218177562019
Baseline,IDA2,IND,41,-77.18228913189165
Baseline,IDA2,IND,42,-77.18228913189165
Baseline,IDA2,IND,43,-76.39137900106195
Baseline,IDA2,IND,44,-76.39137900106195
Baseline,IDA2,IND,45,-75.89706023700964
Baseline,IDA2,IND,46,-75.89706023700964
Baseline,IDA2,IND,47,-75.28976664206107
Baseline,IDA2,IND,48,-75.28976664206107
Baseline,IDA2,COM,1,-58.595083318061306
Baseline,IDA2,COM,2,-58.7960183734273
Baseline,IDA2,COM,3,-53.67968491832619
Baseline,IDA2,COM,4,-54.121705700339724
Baseline,IDA2,COM,5,-49.69914030619159
Baseline,IDA2,COM,6,-50.576529685832185
Baseline,IDA2,COM,7,-47.52868643259297
Baseline,IDA2,COM,8,-49.09826885094439
Baseline,IDA2,COM,9,-49.146895140946995
Baseline,IDA2,COM,10,-51.71920474272626
Baseline,IDA2,COM,11,-56.304567070207455
Baseline,IDA2,COM,12,-60.16668951671819
Baseline,IDA2,COM,13,-71.51219334532006
Baseline,IDA2,COM,14,-76.81026632109568
Baseline,IDA2,COM,15,-84.42156056331419
Baseline,IDA2,COM,16,-90.11661171763407
Baseline,IDA2,COM,17,-90.18744677277643
Baseline,IDA2,COM,18,-95.02540247552724
Baseline,IDA2,COM,19,-77.58086264264942
Baseline,IDA2,COM,20,-80.54008367002444
Baseline,IDA2,COM,21,-70.85141986289719
Baseline,IDA2,COM,22,-72.52685135252936
Baseline,IDA2,COM,23,-67.49509549145256
Baseline,IDA2,COM,24,-68.18044478655821
Baseline,IDA2,COM,25,-69.92752612222837
Baseline,IDA2,COM,26,-69.65304005668737
Baseline,IDA2,COM,27,-72.46920600799416
Baseline,IDA2,COM,28,-70.9533598608281
Baseline,IDA2,COM,29,-81.75825654870577
Baseline,IDA2,COM,30,-78.249553923214
Baseline,IDA2,COM,31,-98.0198136206648
Baseline,IDA2,COM,32,-91.15670759566366
Baseline,IDA2,COM,33,-106.38618414298917
Baseline,IDA2,COM,34,-95.9345104336842
Baseline,IDA2,COM,35,-108.79100081798846
Baseline,IDA2,COM,36,-95.78667700840444
Baseline,IDA2,COM,37,-93.71938469750468
Baseline,IDA2,COM,38,-81.99613214659998
Baseline,IDA2,COM,39,-73.5850563897325
Baseline,IDA2,COM,40,-65.54187885323667
Baseline,IDA2,COM,41,-58.48214839576134
Baseline,IDA2,COM,42,-54.24576859261476
Baseline,IDA2,COM,43,-49.1610885244798
Baseline,IDA2,COM,44,-48.047859739802774
Baseline,IDA2,COM,45,-43.80407926662599
Baseline,IDA2,COM,46,-44.91174779031724
Baseline,IDA2,COM,47,-41.01042907936705
Baseline,IDA2,COM,48,-43.35198739747241
Baseline,IDA2,RES,1,-135.71188060976874
Baseline,IDA2,RES,2,-135.51094555440275
Baseline,IDA2,RES,3,-122.7690174459481
Baseline,IDA2,RES,4,-122.32699666393458
Baseline,IDA2,RES,5,-110.37112332992908
Baseline,IDA2,RES,6,-109.49373395028847
Baseline,IDA2,RES,7,-99.28323176614091
Baseline,IDA2,RES,8,-97.71364934778951
Baseline,IDA2,RES,9,-91.81626627315929
Baseline,IDA2,RES,10,-89.24395667138
Baseline,IDA2,RES,11,-88.2773574744621
Baseline,IDA2,RES,12,-84.41523502795138
Baseline,IDA2,RES,13,-88.64691837200283
Baseline,IDA2,RES,14,-83.3488453962272
Baseline,IDA2,RES,15,-79.7753529865379
Baseline,IDA2,RES,16,-74.08030183221801
Baseline,IDA2,RES,17,-64.68263848587972
Baseline,IDA2,RES,18,-59.84468278312889
Baseline,IDA2,RES,19,-43.31419109887708
Baseline,IDA2,RES,20,-40.35497007150204
Baseline,IDA2,RES,21,-32.33062531394597
Baseline,IDA2,RES,22,-30.655193824313795
Baseline,IDA2,RES,23,-26.937350913681517
Baseline,IDA2,RES,24,-26.252001618575857
Baseline,IDA2,RES,25,-26.603765917448094
Baseline,IDA2,RES,26,-26.878251982989095
Baseline,IDA2,RES,27,-29.17505308988925
Baseline,IDA2,RES,28,-30.69089923705532
Baseline,IDA2,RES,29,-39.13779702153548
Baseline,IDA2,RES,30,-42.64649964702724
Baseline,IDA2,RES,31,-62.39917023668302
Baseline,IDA2,RES,32,-69.26227626168415
Baseline,IDA2,RES,33,-98.09709233336153
Baseline,IDA2,RES,34,-108.54876604266646
Baseline,IDA2,RES,35,-151.8557845327368
Baseline,IDA2,RES,36,-164.8601083423208
Baseline,IDA2,RES,37,-197.6470813988387
Baseline,IDA2,RES,38,-209.3703339497434
Baseline,IDA2,RES,39,-223.55368535406558
Baseline,IDA2,RES,40,-231.59686289056143
Baseline,IDA2,RES,41,-233.90001022234702
Baseline,IDA2,RES,42,-238.13639002549357
Baseline,IDA2,RES,43,-229.27113312445826
Baseline,IDA2,RES,44,-230.38436190913524
Baseline,IDA2,RES,45,-209.3862888463644
Baseline,IDA2,RES,46,-208.27862032267313
Baseline,IDA2,RES,47,-180.47636937857186
Baseline,IDA2,RES,48,-178.13481106046646
Baseline,IDA2,PV_C,1,0.0
Baseline,IDA2,PV_C,2,0.0
Baseline,IDA2,PV_C,3,0.0
Baseline,IDA2,PV_C,4,0.0
Baseline,IDA2,PV_C,5,0.0
Baseline,IDA2,PV_C,6,0.0
Baseline,IDA2,PV_C,7,0.0
Baseline,IDA2,PV_C,8,0.0
Baseline,IDA2,PV_C,9,0.0
Baseline,IDA2,PV_C,10,0.0
Baseline,IDA2,PV_C,11,0.0
Baseline,IDA2,PV_C,12,0.0
Baseline,IDA2,PV_C,13,5.99e-05
Baseline,IDA2,PV_C,14,5.99e-05
Baseline,IDA2,PV_C,15,3.889259925
Baseline,IDA2,PV_C,16,3.889259925
Baseline,IDA2,PV_C,17,20.584921625
Baseline,IDA2,PV_C,18,20.584921625
Baseline,IDA2,PV_C,19,39.50985
Baseline,IDA2,PV_C,20,39.50985
Baseline,IDA2,PV_C,21,48.8943661
Baseline,IDA2,PV_C,22,48.8943661
Baseline,IDA2,PV_C,23,51.8237808
Baseline,IDA2,PV_C,24,51.8237808
Baseline,IDA2,PV_C,25,50.300801375
Baseline,IDA2,PV_C,26,50.300801375
Baseline,IDA2,PV_C,27,43.39855587499999
Baseline,IDA2,PV_C,28,43.39855587499999
Baseline,IDA2,PV_C,29,31.3441577
Baseline,IDA2,PV_C,30,31.3441577
Baseline,IDA2,PV_C,31,16.236538250000002
Baseline,IDA2,PV_C,32,16.236538250000002
Baseline,IDA2,PV_C,33,3.9267552500000003
Baseline,IDA2,PV_C,34,3.9267552500000003
Baseline,IDA2,PV_C,35,0.0
Baseline,IDA2,PV_C,36,0.0
Baseline,IDA2,PV_C,37,0.0
Baseline,IDA2,PV_C,38,0.0
Baseline,IDA2,PV_C,39,0.0
Baseline,IDA2,PV_C,40,0.0
Baseline,IDA2,PV_C,41,0.0
Baseline,IDA2,PV_C,42,0.0
Baseline,IDA2,PV_C,43,0.0
Baseline,IDA2,PV_C,44,0.0
Baseline,IDA2,PV_C,45,0.0
Baseline,IDA2,PV_C,46,0.0
Baseline,IDA2,PV_C,47,0.0
Baseline,IDA2,PV_C,48,0.0
Baseline,IDA2,PV_A,1,0.0
Baseline,IDA2,PV_A,2,0.0
Baseline,IDA2,PV_A,3,0.0
Baseline,IDA2,PV_A,4,0.0
Baseline,IDA2,PV_A,5,0.0
Baseline,IDA2,PV_A,6,0.0
Baseline,IDA2,PV_A,7,0.0
Baseline,IDA2,PV_A,8,0.0
Baseline,IDA2,PV_A,9,0.0
Baseline,IDA2,PV_A,10,0.0
Baseline,IDA2,PV_A,11,0.0
Baseline,IDA2,PV_A,12,0.0
Baseline,IDA2,PV_A,13,5.99e-05
Baseline,IDA2,PV_A,14,5.99e-05
Baseline,IDA2,PV_A,15,3.889259925
Baseline,IDA2,PV_A,16,3.889259925
Baseline,IDA2,PV_A,17,20.584921625
Baseline,IDA2,PV_A,18,20.584921625
Baseline,IDA2,PV_A,19,39.50985
Baseline,IDA2,PV_A,20,39.50985
Baseline,IDA2,PV_A,21,48.8943661
Baseline,IDA2,PV_A,22,48.8943661
Baseline,IDA2,PV_A,23,51.8237808
Baseline,IDA2,PV_A,24,51.8237808
Baseline,IDA2,PV_A,25,50.300801375
Baseline,IDA2,PV_A,26,50.300801375
Baseline,IDA2,PV_A,27,43.39855587499999
Baseline,IDA2,PV_A,28,43.39855587499999
Baseline,IDA2,PV_A,29,31.3441577
Baseline,IDA2,PV_A,30,31.3441577
Baseline,IDA2,PV_A,31,16.236538250000002
Baseline,IDA2,PV_A,32,16.236538250000002
Baseline,IDA2,PV_A,33,3.9267552500000003
Baseline,IDA2,PV_A,34,3.9267552500000003
Baseline,IDA2,PV_A,35,0.0
Baseline,IDA2,PV_A,36,0.0
Baseline,IDA2,PV_A,37,0.0
Baseline,IDA2,PV_A,38,0.0
Baseline,IDA2,PV_A,39,0.0
Baseline,IDA2,PV_A,40,0.0
Baseline,IDA2,PV_A,41,0.0
Baseline,IDA2,PV_A,42,0.0
Baseline,IDA2,PV_A,43,0.0
Baseline,IDA2,PV_A,44,0.0
Baseline,IDA2,PV_A,45,0.0
Baseline,IDA2,PV_A,46,0.0
Baseline,IDA2,PV_A,47,0.0
Baseline,IDA2,PV_A,48,0.0
Baseline,IDA2,W_C,1,7.229120588000001
Baseline,IDA2,W_C,2,7.229120588000001
Baseline,IDA2,W_C,3,8.5999760373125
Baseline,IDA2,W_C,4,8.5999760373125
Baseline,IDA2,W_C,5,8.9342957325
Baseline,IDA2,W_C,6,8.9342957325
Baseline,IDA2,W_C,7,8.24742072375
Baseline,IDA2,W_C,8,8.24742072375
Baseline,IDA2,W_C,9,7.755637907500001
Baseline,IDA2,W_C,10,7.755637907500001
Baseline,IDA2,W_C,11,7.150967910875
Baseline,IDA2,W_C,12,7.150967910875
Baseline,IDA2,W_C,13,6.465250746625
Baseline,IDA2,W_C,14,6.465250746625
Baseline,IDA2,W_C,15,5.2764620146875005
Baseline,IDA2,W_C,16,5.2764620146875005
Baseline,IDA2,W_C,17,4.3276308858125
Baseline,IDA2,W_C,18,4.3276308858125
Baseline,IDA2,W_C,19,3.4636098720625
Baseline,IDA2,W_C,20,3.4636098720625
Baseline,IDA2,W_C,21,2.189142698
Baseline,IDA2,W_C,22,2.189142698
Baseline,IDA2,W_C,23,1.144791660125
Baseline,IDA2,W_C,24,1.144791660125
Baseline,IDA2,W_C,25,0.8107614235
Baseline,IDA2,W_C,26,0.8107614235
Baseline,IDA2,W_C,27,0.720451706875
Baseline,IDA2,W_C,28,0.720451706875
Baseline,IDA2,W_C,29,0.7366611424375
Baseline,IDA2,W_C,30,0.7366611424375
Baseline,IDA2,W_C,31,0.8382595908125
Baseline,IDA2,W_C,32,0.8382595908125
Baseline,IDA2,W_C,33,1.1777894589375
Baseline,IDA2,W_C,34,1.1777894589375
Baseline,IDA2,W_C,35,1.3181747769375
Baseline,IDA2,W_C,36,1.3181747769375
Baseline,IDA2,W_C,37,1.1323451416874997
Baseline,IDA2,W_C,38,1.1323451416874997
Baseline,IDA2,W_C,39,0.7308720421875
Baseline,IDA2,W_C,40,0.7308720421875
Baseline,IDA2,W_C,41,0.5079922713125
Baseline,IDA2,W_C,42,0.5079922713125
Baseline,IDA2,W_C,43,0.805840709875
Baseline,IDA2,W_C,44,0.805840709875
Baseline,IDA2,W_C,45,0.9650405644375
Baseline,IDA2,W_C,46,0.9650405644375
Baseline,IDA2,W_C,47,1.0903742531875003
Baseline,IDA2,W_C,48,1.0903742531875003
Baseline,IDA2,W_A,1,7.229120588000001
Baseline,IDA2,W_A,2,7.229120588000001
Baseline,IDA2,W_A,3,8.5999760373125
Baseline,IDA2,W_A,4,8.5999760373125
Baseline,IDA2,W_A,5,8.9342957325
Baseline,IDA2,W_A,6,8.9342957325
Baseline,IDA2,W_A,7,8.24742072375
Baseline,IDA2,W_A,8,8.24742072375
Baseline,IDA2,W_A,9,7.755637907500001
Baseline,IDA2,W_A,10,7.755637907500001
Baseline,IDA2,W_A,11,7.150967910875
Baseline,IDA2,W_A,12,7.150967910875
Baseline,IDA2,W_A,13,6.465250746625
Baseline,IDA2,W_A,14,6.465250746625
Baseline,IDA2,W_A,15,5.2764620146875005
Baseline,IDA2,W_A,16,5.2764620146875005
Baseline,IDA2,W_A,17,4.3276308858125
Baseline,IDA2,W_A,18,4.3276308858125
Baseline,IDA2,W_A,19,3.4636098720625
Baseline,IDA2,W_A,20,3.4636098720625
Baseline,IDA2,W_A,21,2.189142698
Baseline,IDA2,W_A,22,2.189142698
Baseline,IDA2,W_A,23,1.144791660125
Baseline,IDA2,W_A,24,1.144791660125
Baseline,IDA2,W_A,25,0.8107614235
Baseline,IDA2,W_A,26,0.8107614235
Baseline,IDA2,W_A,27,0.720451706875
Baseline,IDA2,W_A,28,0.720451706875
Baseline,IDA2,W_A,29,0.7366611424375
Baseline,IDA2,W_A,30,0.7366611424375
Baseline,IDA2,W_A,31,0.8382595908125
Baseline,IDA2,W_A,32,0.8382595908125
Baseline,IDA2,W_A,33,1.1777894589375
Baseline,IDA2,W_A,34,1.1777894589375
Baseline,IDA2,W_A,35,1.3181747769375
Baseline,IDA2,W_A,36,1.3181747769375
Baseline,IDA2,W_A,37,1.1323451416874997
Baseline,IDA2,W_A,38,1.1323451416874997
Baseline,IDA2,W_A,39,0.7308720421875
Baseline,IDA2,W_A,40,0.7308720421875
Baseline,IDA2,W_A,41,0.5079922713125
Baseline,IDA2,W_A,42,0.5079922713125
Baseline,IDA2,W_A,43,0.805840709875
Baseline,IDA2,W_A,44,0.805840709875
Baseline,IDA2,W_A,45,0.9650405644375
Baseline,IDA2,W_A,46,0.9650405644375
Baseline,IDA2,W_A,47,1.0903742531875003
Baseline,IDA2,W_A,48,1.0903742531875003
Baseline,IDA3,IND,1,-72.81217888561329
Baseline,IDA3,IND,2,-72.81217888561329
Baseline,IDA3,IND,3,-69.84721809465044
Baseline,IDA3,IND,4,-69.84721809465044
Baseline,IDA3,IND,5,-69.42569464675289
Baseline,IDA3,IND,6,-69.42569464675289
Baseline,IDA3,IND,7,-70.52110620501074
Baseline,IDA3,IND,8,-70.52110620501074
Baseline,IDA3,IND,9,-71.89065749476246
Baseline,IDA3,IND,10,-71.89065749476246
Baseline,IDA3,IND,11,-73.49501544105361
Baseline,IDA3,IND,12,-73.49501544105361
Baseline,IDA3,IND,13,-76.54456539261808
Baseline,IDA3,IND,14,-76.54456539261808
Baseline,IDA3,IND,15,-80.70009120426526
Baseline,IDA3,IND,16,-80.70009120426526
Baseline,IDA3,IND,17,-83.58106553172924
Baseline,IDA3,IND,18,-83.58106553172924
Baseline,IDA3,IND,19,-86.573765843149
Baseline,IDA3,IND,20,-86.573765843149
Baseline,IDA3,IND,21,-81.77896081960456
Baseline,IDA3,IND,22,-81.77896081960456
Baseline,IDA3,IND,23,-77.92892016741061
Baseline,IDA3,IND,24,-77.92892016741061
Baseline,IDA3,IND,25,-76.18744964438237
Baseline,IDA3,IND,26,-76.18744964438237
Baseline,IDA3,IND,27,-78.43163593891106
Baseline,IDA3,IND,28,-78.43163593891106
Baseline,IDA3,IND,29,-80.56733109067251
Baseline,IDA3,IND,30,-80.56733109067251
Baseline,IDA3,IND,31,-80.59840939926812
Baseline,IDA3,IND,32,-80.59840939926812
Baseline,IDA3,IND,33,-79.36316051993286
Baseline,IDA3,IND,34,-79.36316051993286
Baseline,IDA3,IND,35,-79.2804466703498
Baseline,IDA3,IND,36,-79.2804466703498
Baseline,IDA3,IND,37,-78.14587080660444
Baseline,IDA3,IND,38,-78.14587080660444
Baseline,IDA3,IND,39,-77.1569615416346
Baseline,IDA3,IND,40,-77.1569615416346
Baseline,IDA3,IND,41,-76.26394245876112
Baseline,IDA3,IND,42,-76.26394245876112
Baseline,IDA3,IND,43,-75.73666903820798
Baseline,IDA3,IND,44,-75.73666903820798
Baseline,IDA3,IND,45,-75.40712319550643
Baseline,IDA3,IND,46,-75.40712319550643
Baseline,IDA3,IND,47,-75.00226079887406
Baseline,IDA3,IND,48,-75.00226079887406
Baseline,IDA3,COM,1,-59.252229646070255
Baseline,IDA3,COM,2,-59.45541819654752
Baseline,IDA3,COM,3,-55.49928825108964
Baseline,IDA3,COM,4,-55.95629240137977
Baseline,IDA3,COM,5,-51.55624351040619
Baseline,IDA3,COM,6,-52.466418218288595
Baseline,IDA3,COM,7,-48.88247936310659
Baseline,IDA3,COM,8,-50.49676929898716
Baseline,IDA3,COM,9,-50.029516447260896
Baseline,IDA3,COM,10,-52.64802174979511
Baseline,IDA3,COM,11,-56.66393859491526
Baseline,IDA3,COM,12,-60.55071156099184
Baseline,IDA3,COM,13,-70.53662864385349
Baseline,IDA3,COM,14,-75.76242565186509
Baseline,IDA3,COM,15,-81.26325218227144
Baseline,IDA3,COM,16,-86.74524487532697
Baseline,IDA3,COM,17,-85.50517416576754
Baseline,IDA3,COM,18,-90.09195713582105
Baseline,IDA3,COM,19,-72.49523116059186
Baseline,IDA3,COM,20,-75.26046739446818
Baseline,IDA3,COM,21,-67.80373201363719
Baseline,IDA3,COM,22,-69.4070944861191
Baseline,IDA3,COM,23,-66.01199843518187
Baseline,IDA3,COM,24,-66.68228827278638
Baseline,IDA3,COM,25,-69.12896389456712
Baseline,IDA3,COM,26,-68.85761242016807
Baseline,IDA3,COM,27,-70.66527141855363
Baseline,IDA3,COM,28,-69.18715836448702
Baseline,IDA3,COM,29,-78.75719144396531
Baseline,IDA3,COM,30,-75.3772812543299
Baseline,IDA3,COM,31,-94.4056456989505
Baseline,IDA3,COM,32,-87.7955948137487
Baseline,IDA3,COM,33,-103.17766882425964
Baseline,IDA3,COM,34,-93.04120855618116
Baseline,IDA3,COM,35,-105.56004186834876
Baseline,IDA3,COM,36,-92.9419304851665
Baseline,IDA3,COM,37,-91.5413574129536
Baseline,IDA3,COM,38,-80.09055184835773
Baseline,IDA3,COM,39,-72.30601033116262
Baseline,IDA3,COM,40,-64.40263828006245
Baseline,IDA3,COM,41,-57.786303701067226
Baseline,IDA3,COM,42,-53.600330090093685
Baseline,IDA3,COM,43,-48.73975492816815
Baseline,IDA3,COM,44,-47.636067036531614
Baseline,IDA3,COM,45,-43.52131151600898
Baseline,IDA3,COM,46,-44.62182972534327
Baseline,IDA3,COM,47,-40.853824290724525
Baseline,IDA3,COM,48,-43.18644099925074
Baseline,IDA3,RES,1,-137.23389506831646
Baseline,IDA3,RES,2,-137.0307065178392
Baseline,IDA3,RES,3,-126.93057155425987
Baseline,IDA3,RES,4,-126.47356740396977
Baseline,IDA3,RES,5,-114.49535094284094
Baseline,IDA3,RES,6,-113.58517623495852
Baseline,IDA3,RES,7,-102.11118573188266
Baseline,IDA3,RES,8,-100.49689579600211
Baseline,IDA3,RES,9,-93.46518005797664
Baseline,IDA3,RES,10,-90.84667475544241
Baseline,IDA3,RES,11,-88.84079966403111
Baseline,IDA3,RES,12,-84.95402669795455
Baseline,IDA3,RES,13,-87.43760286352844
Baseline,IDA3,RES,14,-82.21180585551683
Baseline,IDA3,RES,15,-76.79086461346328
Baseline,IDA3,RES,16,-71.30887192040775
Baseline,IDA3,RES,17,-61.32450210250321
Baseline,IDA3,RES,18,-56.737719132449705
Baseline,IDA3,RES,19,-40.47483089625914
Baseline,IDA3,RES,20,-37.709594662382806
Baseline,IDA3,RES,21,-30.939917066758255
Baseline,IDA3,RES,22,-29.33655459427634
Baseline,IDA3,RES,23,-26.345445597407515
Baseline,IDA3,RES,24,-25.67515575980299
Baseline,IDA3,RES,25,-26.29995476105052
Baseline,IDA3,RES,26,-26.571306235449587
Baseline,IDA3,RES,27,-28.448815142535317
Baseline,IDA3,RES,28,-29.926928196601935
Baseline,IDA3,RES,29,-37.701182765362184
Baseline,IDA3,RES,30,-41.081092954997615
Baseline,IDA3,RES,31,-60.09839990178141
Baseline,IDA3,RES,32,-66.70845078698319
Baseline,IDA3,RES,33,-95.13856885580753
Baseline,IDA3,RES,34,-105.27502912388597
Baseline,IDA3,RES,35,-147.34585446130137
Baseline,IDA3,RES,36,-159.96396584448368
Baseline,IDA3,RES,37,-193.053786880442
Baseline,IDA3,RES,38,-204.50459244503787
Baseline,IDA3,RES,39,-219.66790372720274
Baseline,IDA3,RES,40,-227.57127577830292
Baseline,IDA3,RES,41,-231.11697154017173
Baseline,IDA3,RES,42,-235.30294515114525
Baseline,IDA3,RES,43,-227.30617193362392
Baseline,IDA3,RES,44,-228.40985982526044
Baseline,IDA3,RES,45,-208.03464098848465
Baseline,IDA3,RES,46,-206.93412277915033
Baseline,IDA3,RES,47,-179.78719191040145
Baseline,IDA3,RES,48,-177.4545752018752
Baseline,IDA3,PV_C,1,0.0
Baseline,IDA3,PV_C,2,0.0
Baseline,IDA3,PV_C,3,0.0
Baseline,IDA3,PV_C,4,0.0
Baseline,IDA3,PV_C,5,0.0
Baseline,IDA3,PV_C,6,0.0
Baseline,IDA3,PV_C,7,0.0
Baseline,IDA3,PV_C,8,0.0
Baseline,IDA3,PV_C,9,0.0
Baseline,IDA3,PV_C,10,0.0
Baseline,IDA3,PV_C,11,0.0
Baseline,IDA3,PV_C,12,0.0
Baseline,IDA3,PV_C,13,5.99e-05
Baseline,IDA3,PV_C,14,5.99e-05
Baseline,IDA3,PV_C,15,4.111401949999999
Baseline,IDA3,PV_C,16,4.111401949999999
Baseline,IDA3,PV_C,17,21.08856335
Baseline,IDA3,PV_C,18,21.08856335
Baseline,IDA3,PV_C,19,40.112516
Baseline,IDA3,PV_C,20,40.112516
Baseline,IDA3,PV_C,21,49.7260922
Baseline,IDA3,PV_C,22,49.7260922
Baseline,IDA3,PV_C,23,52.995885099999995
Baseline,IDA3,PV_C,24,52.995885099999995
Baseline,IDA3,PV_C,25,51.75749005
Baseline,IDA3,PV_C,26,51.75749005
Baseline,IDA3,PV_C,27,45.594505049999995
Baseline,IDA3,PV_C,28,45.594505049999995
Baseline,IDA3,PV_C,29,34.0645627
Baseline,IDA3,PV_C,30,34.0645627
Baseline,IDA3,PV_C,31,18.337027
Baseline,IDA3,PV_C,32,18.337027
Baseline,IDA3,PV_C,33,4.6226206
Baseline,IDA3,PV_C,34,4.6226206
Baseline,IDA3,PV_C,35,0.0
Baseline,IDA3,PV_C,36,0.0
Baseline,IDA3,PV_C,37,0.0
Baseline,IDA3,PV_C,38,0.0
Baseline,IDA3,PV_C,39,0.0
Baseline,IDA3,PV_C,40,0.0
Baseline,IDA3,PV_C,41,0.0
Baseline,IDA3,PV_C,42,0.0
Baseline,IDA3,PV_C,43,0.0
Baseline,IDA3,PV_C,44,0.0
Baseline,IDA3,PV_C,45,0.0
Baseline,IDA3,PV_C,46,0.0
Baseline,IDA3,PV_C,47,0.0
Baseline,IDA3,PV_C,48,0.0
Baseline,IDA3,PV_A,1,0.0
Baseline,IDA3,PV_A,2,0.0
Baseline,IDA3,PV_A,3,0.0
Baseline,IDA3,PV_A,4,0.0
Baseline,IDA3,PV_A,5,0.0
Baseline,IDA3,PV_A,6,0.0
Baseline,IDA3,PV_A,7,0.0
Baseline,IDA3,PV_A,8,0.0
Baseline,IDA3,PV_A,9,0.0
Baseline,IDA3,PV_A,10,0.0
Baseline,IDA3,PV_A,11,0.0
Baseline,IDA3,PV_A,12,0.0
Baseline,IDA3,PV_A,13,5.99e-05
Baseline,IDA3,PV_A,14,5.99e-05
Baseline,IDA3,PV_A,15,4.111401949999999
Baseline,IDA3,PV_A,16,4.111401949999999
Baseline,IDA3,PV_A,17,21.08856335
Baseline,IDA3,PV_A,18,21.08856335
Baseline,IDA3,PV_A,19,40.112516
Baseline,IDA3,PV_A,20,40.112516
Baseline,IDA3,PV_A,21,49.7260922
Baseline,IDA3,PV_A,22,49.7260922
Baseline,IDA3,PV_A,23,52.995885099999995
Baseline,IDA3,PV_A,24,52.995885099999995
Baseline,IDA3,PV_A,25,51.75749005
Baseline,IDA3,PV_A,26,51.75749005
Baseline,IDA3,PV_A,27,45.594505049999995
Baseline,IDA3,PV_A,28,45.594505049999995
Baseline,IDA3,PV_A,29,34.0645627
Baseline,IDA3,PV_A,30,34.0645627
Baseline,IDA3,PV_A,31,18.337027
Baseline,IDA3,PV_A,32,18.337027
Baseline,IDA3,PV_A,33,4.6226206
Baseline,IDA3,PV_A,34,4.6226206
Baseline,IDA3,PV_A,35,0.0
Baseline,IDA3,PV_A,36,0.0
Baseline,IDA3,PV_A,37,0.0
Baseline,IDA3,PV_A,38,0.0
Baseline,IDA3,PV_A,39,0.0
Baseline,IDA3,PV_A,40,0.0
Baseline,IDA3,PV_A,41,0.0
Baseline,IDA3,PV_A,42,0.0
Baseline,IDA3,PV_A,43,0.0
Baseline,IDA3,PV_A,44,0.0
Baseline,IDA3,PV_A,45,0.0
Baseline,IDA3,PV_A,46,0.0
Baseline,IDA3,PV_A,47,0.0
Baseline,IDA3,PV_A,48,0.0
Baseline,IDA3,W_C,1,5.310328181000001
Baseline,IDA3,W_C,2,5.310328181000001
Baseline,IDA3,W_C,3,6.245844394624999
Baseline,IDA3,W_C,4,6.245844394624999
Baseline,IDA3,W_C,5,6.667868735
Baseline,IDA3,W_C,6,6.667868735
Baseline,IDA3,W_C,7,6.460040555
Baseline,IDA3,W_C,8,6.460040555
Baseline,IDA3,W_C,9,5.8689749225
Baseline,IDA3,W_C,10,5.8689749225
Baseline,IDA3,W_C,11,5.25359513175
Baseline,IDA3,W_C,12,5.25359513175
Baseline,IDA3,W_C,13,4.823466078250001
Baseline,IDA3,W_C,14,4.823466078250001
Baseline,IDA3,W_C,15,3.893160026875
Baseline,IDA3,W_C,16,3.893160026875
Baseline,IDA3,W_C,17,3.141736714125
Baseline,IDA3,W_C,18,3.141736714125
Baseline,IDA3,W_C,19,2.544882001625
Baseline,IDA3,W_C,20,2.544882001625
Baseline,IDA3,W_C,21,1.5891039759999999
Baseline,IDA3,W_C,22,1.5891039759999999
Baseline,IDA3,W_C,23,0.8318915825000001
Baseline,IDA3,W_C,24,0.8318915825000001
Baseline,IDA3,W_C,25,0.61769542275
Baseline,IDA3,W_C,26,0.61769542275
Baseline,IDA3,W_C,27,0.53317478675
Baseline,IDA3,W_C,28,0.53317478675
Baseline,IDA3,W_C,29,0.554015496625
Baseline,IDA3,W_C,30,0.554015496625
Baseline,IDA3,W_C,31,0.6889011831249999
Baseline,IDA3,W_C,32,0.6889011831249999
Baseline,IDA3,W_C,33,1.138713130375
Baseline,IDA3,W_C,34,1.138713130375
Baseline,IDA3,W_C,35,1.310648972125
Baseline,IDA3,W_C,36,1.310648972125
Baseline,IDA3,W_C,37,1.050140128125
Baseline,IDA3,W_C,38,1.050140128125
Baseline,IDA3,W_C,39,0.680217552375
Baseline,IDA3,W_C,40,0.680217552375
Baseline,IDA3,W_C,41,0.47875738962500003
Baseline,IDA3,W_C,42,0.47875738962500003
Baseline,IDA3,W_C,43,0.72132005425
Baseline,IDA3,W_C,44,0.72132005425
Baseline,IDA3,W_C,45,0.847522129625
Baseline,IDA3,W_C,46,0.847522129625
Baseline,IDA3,W_C,47,0.9256747671250001
Baseline,IDA3,W_C,48,0.9256747671250001
Baseline,IDA3,W_A,1,5.310328181000001
Baseline,IDA3,W_A,2,5.310328181000001
Baseline,IDA3,W_A,3,6.245844394624999
Baseline,IDA3,W_A,4,6.245844394624999
Baseline,IDA3,W_A,5,6.667868735
Baseline,IDA3,W_A,6,6.667868735
Baseline,IDA3,W_A,7,6.460040555
Baseline,IDA3,W_A,8,6.460040555
Baseline,IDA3,W_A,9,5.8689749225
Baseline,IDA3,W_A,10,5.8689749225
Baseline,IDA3,W_A,11,5.25359513175
Baseline,IDA3,W_A,12,5.25359513175
Baseline,IDA3,W_A,13,4.823466078250001
Baseline,IDA3,W_A,14,4.823466078250001
Baseline,IDA3,W_A,15,3.893160026875
Baseline,IDA3,W_A,16,3.893160026875
Baseline,IDA3,W_A,17,3.141736714125
Baseline,IDA3,W_A,18,3.141736714125
Baseline,IDA3,W_A,19,2.544882001625
Baseline,IDA3,W_A,20,2.544882001625
Baseline,IDA3,W_A,21,1.5891039759999999
Baseline,IDA3,W_A,22,1.5891039759999999
Baseline,IDA3,W_A,23,0.8318915825000001
Baseline,IDA3,W_A,24,0.8318915825000001
Baseline,IDA3,W_A,25,0.61769542275
Baseline,IDA3,W_A,26,0.61769542275
Baseline,IDA3,W_A,27,0.53317478675
Baseline,IDA3,W_A,28,0.53317478675
Baseline,IDA3,W_A,29,0.554015496625
Baseline,IDA3,W_A,30,0.554015496625
Baseline,IDA3,W_A,31,0.6889011831249999
Baseline,IDA3,W_A,32,0.6889011831249999
Baseline,IDA3,W_A,33,1.138713130375
Baseline,IDA3,W_A,34,1.138713130375
Baseline,IDA3,W_A,35,1.310648972125
Baseline,IDA3,W_A,36,1.310648972125
Baseline,IDA3,W_A,37,1.050140128125
Baseline,IDA3,W_A,38,1.050140128125
Baseline,IDA3,W_A,39,0.680217552375
Baseline,IDA3,W_A,40,0.680217552375
Baseline,IDA3,W_A,41,0.47875738962500003
Baseline,IDA3,W_A,42,0.47875738962500003
Baseline,IDA3,W_A,43,0.72132005425
Baseline,IDA3,W_A,44,0.72132005425
Baseline,IDA3,W_A,45,0.847522129625
Baseline,IDA3,W_A,46,0.847522129625
Baseline,IDA3,W_A,47,0.9256747671250001
Baseline,IDA3,W_A,48,0.9256747671250001
Low RES,DAM,IND,1,-74.4272491125
Low RES,DAM,IND,2,-74.4272491125
Low RES,DAM,IND,3,-74.4272491125
Low RES,DAM,IND,4,-74.4272491125
Low RES,DAM,IND,5,-74.4272491125
Low RES,DAM,IND,6,-74.4272491125
Low RES,DAM,IND,7,-74.4272491125
Low RES,DAM,IND,8,-74.4272491125
Low RES,DAM,IND,9,-74.4272491125
Low RES,DAM,IND,10,-74.4272491125
Low RES,DAM,IND,11,-74.4272491125
Low RES,DAM,IND,12,-74.4272491125
Low RES,DAM,IND,13,-74.4272491125
Low RES,DAM,IND,14,-74.4272491125
Low RES,DAM,IND,15,-74.4272491125
Low RES,DAM,IND,16,-74.4272491125
Low RES,DAM,IND,17,-74.4272491125
Low RES,DAM,IND,18,-74.4272491125
Low RES,DAM,IND,19,-74.4272491125
Low RES,DAM,IND,20,-74.4272491125
Low RES,DAM,IND,21,-74.4272491125
Low RES,DAM,IND,22,-74.4272491125
Low RES,DAM,IND,23,-74.4272491125
Low RES,DAM,IND,24,-74.4272491125
Low RES,DAM,IND,25,-74.4272491125
Low RES,DAM,IND,26,-74.4272491125
Low RES,DAM,IND,27,-74.4272491125
Low RES,DAM,IND,28,-74.4272491125
Low RES,DAM,IND,29,-74.4272491125
Low RES,DAM,IND,30,-74.4272491125
Low RES,DAM,IND,31,-74.4272491125
Low RES,DAM,IND,32,-74.4272491125
Low RES,DAM,IND,33,-74.4272491125
Low RES,DAM,IND,34,-74.4272491125
Low RES,DAM,IND,35,-74.4272491125
Low RES,DAM,IND,36,-74.4272491125
Low RES,DAM,IND,37,-74.4272491125
Low RES,DAM,IND,38,-74.4272491125
Low RES,DAM,IND,39,-74.4272491125
Low RES,DAM,IND,40,-74.4272491125
Low RES,DAM,IND,41,-74.4272491125
Low RES,DAM,IND,42,-74.4272491125
Low RES,DAM,IND,43,-74.4272491125
Low RES,DAM,IND,44,-74.4272491125
Low RES,DAM,IND,45,-74.4272491125
Low RES,DAM,IND,46,-74.4272491125
Low RES,DAM,IND,47,-74.4272491125
Low RES,DAM,IND,48,-74.4272491125
Low RES,DAM,COM,1,-60.56652230208813
Low RES,DAM,COM,2,-60.77421784278795
Low RES,DAM,COM,3,-59.138494916616544
Low RES,DAM,COM,4,-59.625465803459846
Low RES,DAM,COM,5,-55.270449918835375
Low RES,DAM,COM,6,-56.24619528320141
Low RES,DAM,COM,7,-51.590065224133845
Low RES,DAM,COM,8,-53.29377019507272
Low RES,DAM,COM,9,-51.794759059888676
Low RES,DAM,COM,10,-54.5056557639328
Low RES,DAM,COM,11,-57.382681644330866
Low RES,DAM,COM,12,-61.31875564953915
Low RES,DAM,COM,13,-68.58549924092036
Low RES,DAM,COM,14,-73.66674431340392
Low RES,DAM,COM,15,-74.94663542018596
Low RES,DAM,COM,16,-80.00251119071278
Low RES,DAM,COM,17,-76.1406289517498
Low RES,DAM,COM,18,-80.22506645640867
Low RES,DAM,COM,19,-62.323968196476734
Low RES,DAM,COM,20,-64.70123484335566
Low RES,DAM,COM,21,-61.708356315117186
Low RES,DAM,COM,22,-63.16758075329857
Low RES,DAM,COM,23,-63.04580432264047
Low RES,DAM,COM,24,-63.68597524524273
Low RES,DAM,COM,25,-67.53183943924464
Low RES,DAM,COM,26,-67.26675714712944
Low RES,DAM,COM,27,-67.05740223967256
Low RES,DAM,COM,28,-65.65475537180485
Low RES,DAM,COM,29,-72.75506123448443
Low RES,DAM,COM,30,-69.63273591656166
Low RES,DAM,COM,31,-87.17730985552184
Low RES,DAM,COM,32,-81.07336924991874
Low RES,DAM,COM,33,-96.76063818680053
Low RES,DAM,COM,34,-87.25460480117506
Low RES,DAM,COM,35,-99.09812396906942
Low RES,DAM,COM,36,-87.2524374386906
Low RES,DAM,COM,37,-87.18530284385142
Low RES,DAM,COM,38,-76.27939125187322
Low RES,DAM,COM,39,-69.7479182140229
Low RES,DAM,COM,40,-62.124157133714
Low RES,DAM,COM,41,-56.39461431167897
Low RES,DAM,COM,42,-52.3094530850515
Low RES,DAM,COM,43,-47.89708773554485
Low RES,DAM,COM,44,-46.812481629989264
Low RES,DAM,COM,45,-42.955776014774955
Low RES,DAM,COM,46,-44.04199359539533
Low RES,DAM,COM,47,-40.54061471343947
Low RES,DAM,COM,48,-42.85534820280739
Low RES,DAM,RES,1,-140.2779239854119
Low RES,DAM,RES,2,-140.0702284447121
Low RES,DAM,RES,3,-135.2536797708834
Low RES,DAM,RES,4,-134.76670888404013
Low RES,DAM,RES,5,-122.74380616866463
Low RES,DAM,RES,6,-121.76806080429859
Low RES,DAM,RES,7,-107.76709366336617
Low RES,DAM,RES,8,-106.06338869242731
Low RES,DAM,RES,9,-96.76300762761133
Low RES,DAM,RES,10,-94.0521109235672
Low RES,DAM,RES,11,-89.96768404316914
Low RES,DAM,RES,12,-86.03161003796089
Low RES,DAM,RES,13,-85.01897184657967
Low RES,DAM,RES,14,-79.9377267740961
Low RES,DAM,RES,15,-70.82188786731405
Low RES,DAM,RES,16,-65.76601209678724
Low RES,DAM,RES,17,-54.6082293357502
Low RES,DAM,RES,18,-50.523791831091344
Low RES,DAM,RES,19,-34.79611049102329
Low RES,DAM,RES,20,-32.41884384414435
Low RES,DAM,RES,21,-28.158500572382813
Low RES,DAM,RES,22,-26.699276134201423
Low RES,DAM,RES,23,-25.161634964859523
Low RES,DAM,RES,24,-24.521464042257268
Low RES,DAM,RES,25,-25.692332448255375
Low RES,DAM,RES,26,-25.957414740370563
Low RES,DAM,RES,27,-26.996339247827446
Low RES,DAM,RES,28,-28.39898611569516
Low RES,DAM,RES,29,-34.827954253015584
Low RES,DAM,RES,30,-37.95027957093836
Low RES,DAM,RES,31,-55.49685923197818
Low RES,DAM,RES,32,-61.60079983758127
Low RES,DAM,RES,33,-89.2215219006995
Low RES,DAM,RES,34,-98.72755528632494
Low RES,DAM,RES,35,-138.3259943184306
Low RES,DAM,RES,36,-150.17168084880944
Low RES,DAM,RES,37,-183.86719784364857
Low RES,DAM,RES,38,-194.77310943562676
Low RES,DAM,RES,39,-211.89634047347712
Low RES,DAM,RES,40,-219.52010155378602
Low RES,DAM,RES,41,-225.55089417582107
Low RES,DAM,RES,42,-229.63605540244848
Low RES,DAM,RES,43,-223.37624955195523
Low RES,DAM,RES,44,-224.46085565751073
Low RES,DAM,RES,45,-205.33134527272512
Low RES,DAM,RES,46,-204.24512769210472
Low RES,DAM,RES,47,-178.40883697406053
Low RES,DAM,RES,48,-176.09410348469257
Low RES,DAM,PV_C,1,0.0
Low RES,DAM,PV_C,2,0.0
Low RES,DAM,PV_C,3,0.0
Low RES,DAM,PV_C,4,0.0
Low RES,DAM,PV_C,5,0.0
Low RES,DAM,PV_C,6,0.0
Low RES,DAM,PV_C,7,0.0
Low RES,DAM,PV_C,8,0.0
Low RES,DAM,PV_C,9,0.0
Low RES,DAM,PV_C,10,0.0
Low RES,DAM,PV_C,11,0.0
Low RES,DAM,PV_C,12,0.0
Low RES,DAM,PV_C,13,4.193e-05
Low RES,DAM,PV_C,14,4.193e-05
Low RES,DAM,PV_C,15,3.188980199999999
Low RES,DAM,PV_C,16,3.188980199999999
Low RES,DAM,PV_C,17,15.467092759999998
Low RES,DAM,PV_C,18,15.467092759999998
Low RES,DAM,PV_C,19,28.922493599999996
Low RES,DAM,PV_C,20,28.922493599999996
Low RES,DAM,PV_C,21,35.972681079999994
Low RES,DAM,PV_C,22,35.972681079999994
Low RES,DAM,PV_C,23,38.73806559
Low RES,DAM,PV_C,24,38.73806559
Low RES,DAM,PV_C,25,38.269607179999994
Low RES,DAM,PV_C,26,38.269607179999994
Low RES,DAM,PV_C,27,34.990482379999996
Low RES,DAM,PV_C,28,34.990482379999996
Low RES,DAM,PV_C,29,27.65376089
Low RES,DAM,PV_C,30,27.65376089
Low RES,DAM,PV_C,31,15.776603149999998
Low RES,DAM,PV_C,32,15.776603149999998
Low RES,DAM,PV_C,33,4.21004591
Low RES,DAM,PV_C,34,4.21004591
Low RES,DAM,PV_C,35,0.0
Low RES,DAM,PV_C,36,0.0
Low RES,DAM,PV_C,37,0.0
Low RES,DAM,PV_C,38,0.0
Low RES,DAM,PV_C,39,0.0
Low RES,DAM,PV_C,40,0.0
Low RES,DAM,PV_C,41,0.0
Low RES,DAM,PV_C,42,0.0
Low RES,DAM,PV_C,43,0.0
Low RES,DAM,PV_C,44,0.0
Low RES,DAM,PV_C,45,0.0
Low RES,DAM,PV_C,46,0.0
Low RES,DAM,PV_C,47,0.0
Low RES,DAM,PV_C,48,0.0
Low RES,DAM,PV_A,1,0.0
Low RES,DAM,PV_A,2,0.0
Low RES,DAM,PV_A,3,0.0
Low RES,DAM,PV_A,4,0.0
Low RES,DAM,PV_A,5,0.0
Low RES,DAM,PV_A,6,0.0
Low RES,DAM,PV_A,7,0.0
Low RES,DAM,PV_A,8,0.0
Low RES,DAM,PV_A,9,0.0
Low RES,DAM,PV_A,10,0.0
Low RES,DAM,PV_A,11,0.0
Low RES,DAM,PV_A,12,0.0
Low RES,DAM,PV_A,13,4.193e-05
Low RES,DAM,PV_A,14,4.193e-05
Low RES,DAM,PV_A,15,3.188980199999999
Low RES,DAM,PV_A,16,3.188980199999999
Low RES,DAM,PV_A,17,15.467092759999998
Low RES,DAM,PV_A,18,15.467092759999998
Low RES,DAM,PV_A,19,28.922493599999996
Low RES,DAM,PV_A,20,28.922493599999996
Low RES,DAM,PV_A,21,35.972681079999994
Low RES,DAM,PV_A,22,35.972681079999994
Low RES,DAM,PV_A,23,38.73806559
Low RES,DAM,PV_A,24,38.73806559
Low RES,DAM,PV_A,25,38.269607179999994
Low RES,DAM,PV_A,26,38.269607179999994
Low RES,DAM,PV_A,27,34.990482379999996
Low RES,DAM,PV_A,28,34.990482379999996
Low RES,DAM,PV_A,29,27.65376089
Low RES,DAM,PV_A,30,27.65376089
Low RES,DAM,PV_A,31,15.776603149999998
Low RES,DAM,PV_A,32,15.776603149999998
Low RES,DAM,PV_A,33,4.21004591
Low RES,DAM,PV_A,34,4.21004591
Low RES,DAM,PV_A,35,0.0
Low RES,DAM,PV_A,36,0.0
Low RES,DAM,PV_A,37,0.0
Low RES,DAM,PV_A,38,0.0
Low RES,DAM,PV_A,39,0.0
Low RES,DAM,PV_A,40,0.0
Low RES,DAM,PV_A,41,0.0
Low RES,DAM,PV_A,42,0.0
Low RES,DAM,PV_A,43,0.0
Low RES,DAM,PV_A,44,0.0
Low RES,DAM,PV_A,45,0.0
Low RES,DAM,PV_A,46,0.0
Low RES,DAM,PV_A,47,0.0
Low RES,DAM,PV_A,48,0.0
Low RES,DAM,W_C,1,1.0309203569
Low RES,DAM,W_C,2,1.0309203569
Low RES,DAM,W_C,3,1.0763067764749998
Low RES,DAM,W_C,4,1.0763067764749998
Low RES,DAM,W_C,5,1.494510318
Low RES,DAM,W_C,6,1.494510318
Low RES,DAM,W_C,7,2.01969615225
Low RES,DAM,W_C,8,2.01969615225
Low RES,DAM,W_C,9,1.46695426675
Low RES,DAM,W_C,10,1.46695426675
Low RES,DAM,W_C,11,1.02119470145
Low RES,DAM,W_C,12,1.02119470145
Low RES,DAM,W_C,13,1.0779277190499998
Low RES,DAM,W_C,14,1.0779277190499998
Low RES,DAM,W_C,15,0.7885892358749998
Low RES,DAM,W_C,16,0.7885892358749998
Low RES,DAM,W_C,17,0.5389638595249999
Low RES,DAM,W_C,18,0.5389638595249999
Low RES,DAM,W_C,19,0.495198382525
Low RES,DAM,W_C,20,0.495198382525
Low RES,DAM,W_C,21,0.27231857239999996
Low RES,DAM,W_C,22,0.27231857239999996
Low RES,DAM,W_C,23,0.14426399907499998
Low RES,DAM,W_C,24,0.14426399907499998
Low RES,DAM,W_C,25,0.162094394875
Low RES,DAM,W_C,26,0.162094394875
Low RES,DAM,W_C,27,0.11103466255
Low RES,DAM,W_C,28,0.11103466255
Low RES,DAM,W_C,29,0.1321069435
Low RES,DAM,W_C,30,0.1321069435
Low RES,DAM,W_C,31,0.273129057425
Low RES,DAM,W_C,32,0.273129057425
Low RES,DAM,W_C,33,0.7423923312749999
Low RES,DAM,W_C,34,0.7423923312749999
Low RES,DAM,W_C,35,0.9069181537499998
Low RES,DAM,W_C,36,0.9069181537499998
Low RES,DAM,W_C,37,0.6200110706999999
Low RES,DAM,W_C,38,0.6200110706999999
Low RES,DAM,W_C,39,0.40523600092499995
Low RES,DAM,W_C,40,0.40523600092499995
Low RES,DAM,W_C,41,0.29420133837499995
Low RES,DAM,W_C,42,0.29420133837499995
Low RES,DAM,W_C,43,0.38659512009999997
Low RES,DAM,W_C,44,0.38659512009999997
Low RES,DAM,W_C,45,0.428739682
Low RES,DAM,W_C,46,0.428739682
Low RES,DAM,W_C,47,0.4173930565
Low RES,DAM,W_C,48,0.4173930565
Low RES,DAM,W_A,1,1.0309203569
Low RES,DAM,W_A,2,1.0309203569
Low RES,DAM,W_A,3,1.0763067764749998
Low RES,DAM,W_A,4,1.0763067764749998
Low RES,DAM,W_A,5,1.494510318
Low RES,DAM,W_A,6,1.494510318
Low RES,DAM,W_A,7,2.01969615225
Low RES,DAM,W_A,8,2.01969615225
Low RES,DAM,W_A,9,1.46695426675
Low RES,DAM,W_A,10,1.46695426675
Low RES,DAM,W_A,11,1.02119470145
Low RES,DAM,W_A,12,1.02119470145
Low RES,DAM,W_A,13,1.0779277190499998
Low RES,DAM,W_A,14,1.0779277190499998
Low RES,DAM,W_A,15,0.7885892358749998
Low RES,DAM,W_A,16,0.7885892358749998
Low RES,DAM,W_A,17,0.5389638595249999
Low RES,DAM,W_A,18,0.5389638595249999
Low RES,DAM,W_A,19,0.495198382525
Low RES,DAM,W_A,20,0.495198382525
Low RES,DAM,W_A,21,0.27231857239999996
Low RES,DAM,W_A,22,0.27231857239999996
Low RES,DAM,W_A,23,0.14426399907499998
Low RES,DAM,W_A,24,0.14426399907499998
Low RES,DAM,W_A,25,0.162094394875
Low RES,DAM,W_A,26,0.162094394875
Low RES,DAM,W_A,27,0.11103466255
Low RES,DAM,W_A,28,0.11103466255
Low RES,DAM,W_A,29,0.1321069435
Low RES,DAM,W_A,30,0.1321069435
Low RES,DAM,W_A,31,0.273129057425
Low RES,DAM,W_A,32,0.273129057425
Low RES,DAM,W_A,33,0.7423923312749999
Low RES,DAM,W_A,34,0.7423923312749999
Low RES,DAM,W_A,35,0.9069181537499998
Low RES,DAM,W_A,36,0.9069181537499998
Low RES,DAM,W_A,37,0.6200110706999999
Low RES,DAM,W_A,38,0.6200110706999999
Low RES,DAM,W_A,39,0.40523600092499995
Low RES,DAM,W_A,40,0.40523600092499995
Low RES,DAM,W_A,41,0.29420133837499995
Low RES,DAM,W_A,42,0.29420133837499995
Low RES,DAM,W_A,43,0.38659512009999997
Low RES,DAM,W_A,44,0.38659512009999997
Low RES,DAM,W_A,45,0.428739682
Low RES,DAM,W_A,46,0.428739682
Low RES,DAM,W_A,47,0.4173930565
Low RES,DAM,W_A,48,0.4173930565
Low RES,IDA1,IND,1,-71.19710865872659
Low RES,IDA1,IND,2,-71.19710865872659
Low RES,IDA1,IND,3,-65.2671870768009
Low RES,IDA1,IND,4,-65.2671870768009
Low RES,IDA1,IND,5,-64.42414018100577
Low RES,IDA1,IND,6,-64.42414018100577
Low RES,IDA1,IND,7,-66.61496329752148
Low RES,IDA1,IND,8,-66.61496329752148
Low RES,IDA1,IND,9,-69.35406587702495
Low RES,IDA1,IND,10,-69.35406587702495
Low RES,IDA1,IND,11,-72.56278176960724
Low RES,IDA1,IND,12,-72.56278176960724
Low RES,IDA1,IND,13,-78.66188167273619
Low RES,IDA1,IND,14,-78.66188167273619
Low RES,IDA1,IND,15,-86.97293329603056
Low RES,IDA1,IND,16,-86.97293329603056
Low RES,IDA1,IND,17,-92.73488195095847
Low RES,IDA1,IND,18,-92.73488195095847
Low RES,IDA1,IND,19,-98.72028257379802
Low RES,IDA1,IND,20,-98.72028257379802
Low RES,IDA1,IND,21,-89.13067252670912
Low RES,IDA1,IND,22,-89.13067252670912
Low RES,IDA1,IND,23,-81.43059122232123
Low RES,IDA1,IND,24,-81.43059122232123
Low RES,IDA1,IND,25,-77.94765017626473
Low RES,IDA1,IND,26,-77.94765017626473
Low RES,IDA1,IND,27,-82.43602276532211
Low RES,IDA1,IND,28,-82.43602276532211
Low RES,IDA1,IND,29,-86.70741306884503
Low RES,IDA1,IND,30,-86.70741306884503
Low RES,IDA1,IND,31,-86.76956968603625
Low RES,IDA1,IND,32,-86.76956968603625
Low RES,IDA1,IND,33,-84.29907192736573
Low RES,IDA1,IND,34,-84.29907192736573
Low RES,IDA1,IND,35,-84.13364422819963
Low RES,IDA1,IND,36,-84.13364422819963
Low RES,IDA1,IND,37,-81.86449250070888
Low RES,IDA1,IND,38,-81.86449250070888
Low RES,IDA1,IND,39,-79.88667397076921
Low RES,IDA1,IND,40,-79.88667397076921
Low RES,IDA1,IND,41,-78.10063580502221
Low RES,IDA1,IND,42,-78.10063580502221
Low RES,IDA1,IND,43,-77.04608896391595
Low RES,IDA1,IND,44,-77.04608896391595
Low RES,IDA1,IND,45,-76.38699727851285
Low RES,IDA1,IND,46,-76.38699727851285
Low RES,IDA1,IND,47,-75.5772724852481
Low RES,IDA1,IND,48,-75.5772724852481
Low RES,IDA1,COM,1,-57.93793699005237
Low RES,IDA1,COM,2,-58.13661855030709
Low RES,IDA1,COM,3,-51.86008158556274
Low RES,IDA1,COM,4,-52.287118999299686
Low RES,IDA1,COM,5,-47.842037101977
Low RES,IDA1,COM,6,-48.68664115337578
Low RES,IDA1,COM,7,-46.17489350207934
Low RES,IDA1,COM,8,-47.69976840290162
Low RES,IDA1,COM,9,-48.26427383463311
Low RES,IDA1,COM,10,-50.79038773565742
Low RES,IDA1,COM,11,-55.94519554549966
Low RES,IDA1,COM,12,-59.782667472444544
Low RES,IDA1,COM,13,-72.48775804678662
Low RES,IDA1,COM,14,-77.85810699032626
Low RES,IDA1,COM,15,-87.57986894435693
Low RES,IDA1,COM,16,-93.48797855994118
Low RES,IDA1,COM,17,-94.8697193797853
Low RES,IDA1,COM,18,-99.95884781523345
Low RES,IDA1,COM,19,-82.66649412470699
Low RES,IDA1,COM,20,-85.81969994558071
Low RES,IDA1,COM,21,-73.89910771215719
Low RES,IDA1,COM,22,-75.64660821893963
Low RES,IDA1,COM,23,-68.97819254772325
Low RES,IDA1,COM,24,-69.67860130033004
Low RES,IDA1,COM,25,-70.72608834988961
Low RES,IDA1,COM,26,-70.4484676932067
Low RES,IDA1,COM,27,-74.2731405974347
Low RES,IDA1,COM,28,-72.71956135716918
Low RES,IDA1,COM,29,-84.75932165344621
Low RES,IDA1,COM,30,-81.12182659209812
Low RES,IDA1,COM,31,-101.63398154237912
Low RES,IDA1,COM,32,-94.51782037757864
Low RES,IDA1,COM,33,-109.59469946171872
Low RES,IDA1,COM,34,-98.82781231118724
Low RES,IDA1,COM,35,-112.0219597676281
Low RES,IDA1,COM,36,-98.6314235316424
Low RES,IDA1,COM,37,-95.89741198205576
Low RES,IDA1,COM,38,-83.90171244484223
Low RES,IDA1,COM,39,-74.86410244830238
Low RES,IDA1,COM,40,-66.68111942641089
Low RES,IDA1,COM,41,-59.17799309045547
Low RES,IDA1,COM,42,-54.89120709513585
Low RES,IDA1,COM,43,-49.582422120791456
Low RES,IDA1,COM,44,-48.45965244307395
Low RES,IDA1,COM,45,-44.086847017243
Low RES,IDA1,COM,46,-45.20166585529121
Low RES,IDA1,COM,47,-41.167033868009575
Low RES,IDA1,COM,48,-43.51753379569409
Low RES,IDA1,RES,1,-134.18986615122105
Low RES,IDA1,RES,2,-133.99118459096633
Low RES,IDA1,RES,3,-118.60746333763633
Low RES,IDA1,RES,4,-118.18042592389942
Low RES,IDA1,RES,5,-106.24689571701724
Low RES,IDA1,RES,6,-105.40229166561845
Low RES,IDA1,RES,7,-96.45527780039916
Low RES,IDA1,RES,8,-94.9304028995769
Low RES,IDA1,RES,9,-90.16735248834195
Low RES,IDA1,RES,10,-87.6412385873176
Low RES,IDA1,RES,11,-87.71391528489308
Low RES,IDA1,RES,12,-83.87644335794822
Low RES,IDA1,RES,13,-89.85623388047722
Low RES,IDA1,RES,14,-84.48588493693757
Low RES,IDA1,RES,15,-82.75984135961251
Low RES,IDA1,RES,16,-76.85173174402826
Low RES,IDA1,RES,17,-68.04077486925623
Low RES,IDA1,RES,18,-62.95164643380807
Low RES,IDA1,RES,19,-46.153551301495
Low RES,IDA1,RES,20,-43.00034548062127
Low RES,IDA1,RES,21,-33.72133356113369
Low RES,IDA1,RES,22,-31.973833054351253
Low RES,IDA1,RES,23,-27.529256229955504
Low RES,IDA1,RES,24,-26.828847477348724
Low RES,IDA1,RES,25,-26.907577073845665
Low RES,IDA1,RES,26,-27.185197730528607
Low RES,IDA1,RES,27,-29.901291037243187
Low RES,IDA1,RES,28,-31.45487027750871
Low RES,IDA1,RES,29,-40.574411277708776
Low RES,IDA1,RES,30,-44.21190633905687
Low RES,IDA1,RES,31,-64.69994057158463
Low RES,IDA1,RES,32,-71.81610173638514
Low RES,IDA1,RES,33,-101.05561581091554
Low RES,IDA1,RES,34,-111.82250296144697
Low RES,IDA1,RES,35,-156.3657146041722
Low RES,IDA1,RES,36,-169.75625084015797
Low RES,IDA1,RES,37,-202.2403759172354
Low RES,IDA1,RES,38,-214.23607545444895
Low RES,IDA1,RES,39,-227.4394669809284
Low RES,IDA1,RES,40,-235.62245000281987
Low RES,IDA1,RES,41,-236.68304890452237
Low RES,IDA1,RES,42,-240.96983489984194
Low RES,IDA1,RES,43,-231.23609431529263
Low RES,IDA1,RES,44,-232.3588639930101
Low RES,IDA1,RES,45,-210.7379367042442
Low RES,IDA1,RES,46,-209.62311786619594
Low RES,IDA1,RES,47,-181.16554684674233
Low RES,IDA1,RES,48,-178.81504691905778
Low RES,IDA1,PV_C,1,0.0
Low RES,IDA1,PV_C,2,0.0
Low RES,IDA1,PV_C,3,0.0
Low RES,IDA1,PV_C,4,0.0
Low RES,IDA1,PV_C,5,0.0
Low RES,IDA1,PV_C,6,0.0
Low RES,IDA1,PV_C,7,0.0
Low RES,IDA1,PV_C,8,0.0
Low RES,IDA1,PV_C,9,0.0
Low RES,IDA1,PV_C,10,0.0
Low RES,IDA1,PV_C,11,0.0
Low RES,IDA1,PV_C,12,0.0
Low RES,IDA1,PV_C,13,4.193e-05
Low RES,IDA1,PV_C,14,4.193e-05
Low RES,IDA1,PV_C,15,2.5669825299999998
Low RES,IDA1,PV_C,16,2.5669825299999998
Low RES,IDA1,PV_C,17,14.056895929999998
Low RES,IDA1,PV_C,18,14.056895929999998
Low RES,IDA1,PV_C,19,27.2350288
Low RES,IDA1,PV_C,20,27.2350288
Low RES,IDA1,PV_C,21,33.643848
Low RES,IDA1,PV_C,22,33.643848
Low RES,IDA1,PV_C,23,35.456173549999995
Low RES,IDA1,PV_C,24,35.456173549999995
Low RES,IDA1,PV_C,25,34.19087888999999
Low RES,IDA1,PV_C,26,34.19087888999999
Low RES,IDA1,PV_C,27,28.841824689999996
Low RES,IDA1,PV_C,28,28.841824689999996
Low RES,IDA1,PV_C,29,20.03662689
Low RES,IDA1,PV_C,30,20.03662689
Low RES,IDA1,PV_C,31,9.895234649999999
Low RES,IDA1,PV_C,32,9.895234649999999
Low RES,IDA1,PV_C,33,2.26162293
Low RES,IDA1,PV_C,34,2.26162293
Low RES,IDA1,PV_C,35,0.0
Low RES,IDA1,PV_C,36,0.0
Low RES,IDA1,PV_C,37,0.0
Low RES,IDA1,PV_C,38,0.0
Low RES,IDA1,PV_C,39,0.0
Low RES,IDA1,PV_C,40,0.0
Low RES,IDA1,PV_C,41,0.0
Low RES,IDA1,PV_C,42,0.0
Low RES,IDA1,PV_C,43,0.0
Low RES,IDA1,PV_C,44,0.0
Low RES,IDA1,PV_C,45,0.0
Low RES,IDA1,PV_C,46,0.0
Low RES,IDA1,PV_C,47,0.0
Low RES,IDA1,PV_C,48,0.0
Low RES,IDA1,PV_A,1,0.0
Low RES,IDA1,PV_A,2,0.0
Low RES,IDA1,PV_A,3,0.0
Low RES,IDA1,PV_A,4,0.0
Low RES,IDA1,PV_A,5,0.0
Low RES,IDA1,PV_A,6,0.0
Low RES,IDA1,PV_A,7,0.0
Low RES,IDA1,PV_A,8,0.0
Low RES,IDA1,PV_A,9,0.0
Low RES,IDA1,PV_A,10,0.0
Low RES,IDA1,PV_A,11,0.0
Low RES,IDA1,PV_A,12,0.0
Low RES,IDA1,PV_A,13,4.193e-05
Low RES,IDA1,PV_A,14,4.193e-05
Low RES,IDA1,PV_A,15,2.5669825299999998
Low RES,IDA1,PV_A,16,2.5669825299999998
Low RES,IDA1,PV_A,17,14.056895929999998
Low RES,IDA1,PV_A,18,14.056895929999998
Low RES,IDA1,PV_A,19,27.2350288
Low RES,IDA1,PV_A,20,27.2350288
Low RES,IDA1,PV_A,21,33.643848
Low RES,IDA1,PV_A,22,33.643848
Low RES,IDA1,PV_A,23,35.456173549999995
Low RES,IDA1,PV_A,24,35.456173549999995
Low RES,IDA1,PV_A,25,34.19087888999999
Low RES,IDA1,PV_A,26,34.19087888999999
Low RES,IDA1,PV_A,27,28.841824689999996
Low RES,IDA1,PV_A,28,28.841824689999996
Low RES,IDA1,PV_A,29,20.03662689
Low RES,IDA1,PV_A,30,20.03662689
Low RES,IDA1,PV_A,31,9.895234649999999
Low RES,IDA1,PV_A,32,9.895234649999999
Low RES,IDA1,PV_A,33,2.26162293
Low RES,IDA1,PV_A,34,2.26162293
Low RES,IDA1,PV_A,35,0.0
Low RES,IDA1,PV_A,36,0.0
Low RES,IDA1,PV_A,37,0.0
Low RES,IDA1,PV_A,38,0.0
Low RES,IDA1,PV_A,39,0.0
Low RES,IDA1,PV_A,40,0.0
Low RES,IDA1,PV_A,41,0.0
Low RES,IDA1,PV_A,42,0.0
Low RES,IDA1,PV_A,43,0.0
Low RES,IDA1,PV_A,44,0.0
Low RES,IDA1,PV_A,45,0.0
Low RES,IDA1,PV_A,46,0.0
Low RES,IDA1,PV_A,47,0.0
Low RES,IDA1,PV_A,48,0.0
Low RES,IDA1,W_C,1,6.4035390965
Low RES,IDA1,W_C,2,6.4035390965
Low RES,IDA1,W_C,3,7.667875376
Low RES,IDA1,W_C,4,7.667875376
Low RES,IDA1,W_C,5,7.840505910999998
Low RES,IDA1,W_C,6,7.840505910999998
Low RES,IDA1,W_C,7,7.024360624749999
Low RES,IDA1,W_C,8,7.024360624749999
Low RES,IDA1,W_C,9,6.74961062475
Low RES,IDA1,W_C,10,6.74961062475
Low RES,IDA1,W_C,11,6.333838482999999
Low RES,IDA1,W_C,12,6.333838482999999
Low RES,IDA1,W_C,13,5.6749247904999995
Low RES,IDA1,W_C,14,5.6749247904999995
Low RES,IDA1,W_C,15,4.6618348017499995
Low RES,IDA1,W_C,16,4.6618348017499995
Low RES,IDA1,W_C,17,3.85946754025
Low RES,IDA1,W_C,18,3.85946754025
Low RES,IDA1,W_C,19,3.06763641975
Low RES,IDA1,W_C,20,3.06763641975
Low RES,IDA1,W_C,21,1.9524269939999996
Low RES,IDA1,W_C,22,1.9524269939999996
Low RES,IDA1,W_C,23,1.0203842164249999
Low RES,IDA1,W_C,24,1.0203842164249999
Low RES,IDA1,W_C,25,0.702679196975
Low RES,IDA1,W_C,26,0.702679196975
Low RES,IDA1,W_C,27,0.6354100388999999
Low RES,IDA1,W_C,28,0.6354100388999999
Low RES,IDA1,W_C,29,0.643514751775
Low RES,IDA1,W_C,30,0.643514751775
Low RES,IDA1,W_C,31,0.69133259895
Low RES,IDA1,W_C,32,0.69133259895
Low RES,IDA1,W_C,33,0.85180605125
Low RES,IDA1,W_C,34,0.85180605125
Low RES,IDA1,W_C,35,0.9279904072249999
Low RES,IDA1,W_C,36,0.9279904072249999
Low RES,IDA1,W_C,37,0.850185108675
Low RES,IDA1,W_C,38,0.850185108675
Low RES,IDA1,W_C,39,0.5470685724
Low RES,IDA1,W_C,40,0.5470685724
Low RES,IDA1,W_C,41,0.3760590071
Low RES,IDA1,W_C,42,0.3760590071
Low RES,IDA1,W_C,43,0.6232529558500001
Low RES,IDA1,W_C,44,0.6232529558500001
Low RES,IDA1,W_C,45,0.7577912994749999
Low RES,IDA1,W_C,46,0.7577912994749999
Low RES,IDA1,W_C,47,0.8785516174749998
Low RES,IDA1,W_C,48,0.8785516174749998
Low RES,IDA1,W_A,1,6.4035390965
Low RES,IDA1,W_A,2,6.4035390965
Low RES,IDA1,W_A,3,7.667875376
Low RES,IDA1,W_A,4,7.667875376
Low RES,IDA1,W_A,5,7.840505910999998
Low RES,IDA1,W_A,6,7.840505910999998
Low RES,IDA1,W_A,7,7.024360624749999
Low RES,IDA1,W_A,8,7.024360624749999
Low RES,IDA1,W_A,9,6.74961062475
Low RES,IDA1,W_A,10,6.74961062475
Low RES,IDA1,W_A,11,6.333838482999999
Low RES,IDA1,W_A,12,6.333838482999999
Low RES,IDA1,W_A,13,5.6749247904999995
Low RES,IDA1,W_A,14,5.6749247904999995
Low RES,IDA1,W_A,15,4.6618348017499995
Low RES,IDA1,W_A,16,4.6618348017499995
Low RES,IDA1,W_A,17,3.85946754025
Low RES,IDA1,W_A,18,3.85946754025
Low RES,IDA1,W_A,19,3.06763641975
Low RES,IDA1,W_A,20,3.06763641975
Low RES,IDA1,W_A,21,1.9524269939999996
Low RES,IDA1,W_A,22,1.9524269939999996
Low RES,IDA1,W_A,23,1.0203842164249999
Low RES,IDA1,W_A,24,1.0203842164249999
Low RES,IDA1,W_A,25,0.702679196975
Low RES,IDA1,W_A,26,0.702679196975
Low RES,IDA1,W_A,27,0.6354100388999999
Low RES,IDA1,W_A,28,0.6354100388999999
Low RES,IDA1,W_A,29,0.643514751775
Low RES,IDA1,W_A,30,0.643514751775
Low RES,IDA1,W_A,31,0.69133259895
Low RES,IDA1,W_A,32,0.69133259895
Low RES,IDA1,W_A,33,0.85180605125
Low RES,IDA1,W_A,34,0.85180605125
Low RES,IDA1,W_A,35,0.9279904072249999
Low RES,IDA1,W_A,36,0.9279904072249999
Low RES,IDA1,W_A,37,0.850185108675
Low RES,IDA1,W_A,38,0.850185108675
Low RES,IDA1,W_A,39,0.5470685724
Low RES,IDA1,W_A,40,0.5470685724
Low RES,IDA1,W_A,41,0.3760590071
Low RES,IDA1,W_A,42,0.3760590071
Low RES,IDA1,W_A,43,0.6232529558500001
Low RES,IDA1,W_A,44,0.6232529558500001
Low RES,IDA1,W_A,45,0.7577912994749999
Low RES,IDA1,W_A,46,0.7577912994749999
Low RES,IDA1,W_A,47,0.8785516174749998
Low RES,IDA1,W_A,48,0.8785516174749998
Low RES,IDA2,IND,1,-72.00464377216993
Low RES,IDA2,IND,2,-72.00464377216993
Low RES,IDA2,IND,3,-67.55720258572568
Low RES,IDA2,IND,4,-67.55720258572568
Low RES,IDA2,IND,5,-66.92491741387931
Low RES,IDA2,IND,6,-66.92491741387931
Low RES,IDA2,IND,7,-68.56803475126613
Low RES,IDA2,IND,8,-68.56803475126613
Low RES,IDA2,IND,9,-70.6223616858937
Low RES,IDA2,IND,10,-70.6223616858937
Low RES,IDA2,IND,11,-73.02889860533043
Low RES,IDA2,IND,12,-73.02889860533043
Low RES,IDA2,IND,13,-77.60322353267715
Low RES,IDA2,IND,14,-77.60322353267715
Low RES,IDA2,IND,15,-83.83651225014792
Low RES,IDA2,IND,16,-83.83651225014792
Low RES,IDA2,IND,17,-88.15797374134385
Low RES,IDA2,IND,18,-88.15797374134385
Low RES,IDA2,IND,19,-92.64702420847351
Low RES,IDA2,IND,20,-92.64702420847351
Low RES,IDA2,IND,21,-85.45481667315684
Low RES,IDA2,IND,22,-85.45481667315684
Low RES,IDA2,IND,23,-79.67975569486592
Low RES,IDA2,IND,24,-79.67975569486592
Low RES,IDA2,IND,25,-77.06754991032355
Low RES,IDA2,IND,26,-77.06754991032355
Low RES,IDA2,IND,27,-80.43382935211658
Low RES,IDA2,IND,28,-80.43382935211658
Low RES,IDA2,IND,29,-83.63737207975876
Low RES,IDA2,IND,30,-83.63737207975876
Low RES,IDA2,IND,31,-83.68398954265217
Low RES,IDA2,IND,32,-83.68398954265217
Low RES,IDA2,IND,33,-81.83111622364929
Low RES,IDA2,IND,34,-81.83111622364929
Low RES,IDA2,IND,35,-81.70704544927472
Low RES,IDA2,IND,36,-81.70704544927472
Low RES,IDA2,IND,37,-80.00518165365665
Low RES,IDA2,IND,38,-80.00518165365665
Low RES,IDA2,IND,39,-78.5218177562019
Low RES,IDA2,IND,40,-78.5218177562019
Low RES,IDA2,IND,41,-77.18228913189165
Low RES,IDA2,IND,42,-77.18228913189165
Low RES,IDA2,IND,43,-76.39137900106195
Low RES,IDA2,IND,44,-76.39137900106195
Low RES,IDA2,IND,45,-75.89706023700964
Low RES,IDA2,IND,46,-75.89706023700964
Low RES,IDA2,IND,47,-75.28976664206107
Low RES,IDA2,IND,48,-75.28976664206107
Low RES,IDA2,COM,1,-58.595083318061306
Low RES,IDA2,COM,2,-58.7960183734273
Low RES,IDA2,COM,3,-53.67968491832619
Low RES,IDA2,COM,4,-54.121705700339724
Low RES,IDA2,COM,5,-49.69914030619159
Low RES,IDA2,COM,6,-50.576529685832185
Low RES,IDA2,COM,7,-47.52868643259297
Low RES,IDA2,COM,8,-49.09826885094439
Low RES,IDA2,COM,9,-49.146895140946995
Low RES,IDA2,COM,10,-51.71920474272626
Low RES,IDA2,COM,11,-56.304567070207455
Low RES,IDA2,COM,12,-60.16668951671819
Low RES,IDA2,COM,13,-71.51219334532006
Low RES,IDA2,COM,14,-76.81026632109568
Low RES,IDA2,COM,15,-84.42156056331419
Low RES,IDA2,COM,16,-90.11661171763407
Low RES,IDA2,COM,17,-90.18744677277643
Low RES,IDA2,COM,18,-95.02540247552724
Low RES,IDA2,COM,19,-77.58086264264942
Low RES,IDA2,COM,20,-80.54008367002444
Low RES,IDA2,COM,21,-70.85141986289719
Low RES,IDA2,COM,22,-72.52685135252936
Low RES,IDA2,COM,23,-67.49509549145256
Low RES,IDA2,COM,24,-68.18044478655821
Low RES,IDA2,COM,25,-69.92752612222837
Low RES,IDA2,COM,26,-69.65304005668737
Low RES,IDA2,COM,27,-72.46920600799416
Low RES,IDA2,COM,28,-70.9533598608281
Low RES,IDA2,COM,29,-81.75825654870577
Low RES,IDA2,COM,30,-78.249553923214
Low RES,IDA2,COM,31,-98.0198136206648
Low RES,IDA2,COM,32,-91.15670759566366
Low RES,IDA2,COM,33,-106.38618414298917
Low RES,IDA2,COM,34,-95.9345104336842
Low RES,IDA2,COM,35,-108.79100081798846
Low RES,IDA2,COM,36,-95.78667700840444
Low RES,IDA2,COM,37,-93.71938469750468
Low RES,IDA2,COM,38,-81.99613214659998
Low RES,IDA2,COM,39,-73.5850563897325
Low RES,IDA2,COM,40,-65.54187885323667
Low RES,IDA2,COM,41,-58.48214839576134
Low RES,IDA2,COM,42,-54.24576859261476
Low RES,IDA2,COM,43,-49.1610885244798
Low RES,IDA2,COM,44,-48.047859739802774
Low RES,IDA2,COM,45,-43.80407926662599
Low RES,IDA2,COM,46,-44.91174779031724
Low RES,IDA2,COM,47,-41.01042907936705
Low RES,IDA2,COM,48,-43.35198739747241
Low RES,IDA2,RES,1,-135.71188060976874
Low RES,IDA2,RES,2,-135.51094555440275
Low RES,IDA2,RES,3,-122.7690174459481
Low RES,IDA2,RES,4,-122.32699666393458
Low RES,IDA2,RES,5,-110.37112332992908
Low RES,IDA2,RES,6,-109.49373395028847
Low RES,IDA2,RES,7,-99.28323176614091
Low RES,IDA2,RES,8,-97.71364934778951
Low RES,IDA2,RES,9,-91.81626627315929
Low RES,IDA2,RES,10,-89.24395667138
Low RES,IDA2,RES,11,-88.2773574744621
Low RES,IDA2,RES,12,-84.41523502795138
Low RES,IDA2,RES,13,-88.64691837200283
Low RES,IDA2,RES,14,-83.3488453962272
Low RES,IDA2,RES,15,-79.7753529865379
Low RES,IDA2,RES,16,-74.08030183221801
Low RES,IDA2,RES,17,-64.68263848587972
Low RES,IDA2,RES,18,-59.84468278312889
Low RES,IDA2,RES,19,-43.31419109887708
Low RES,IDA2,RES,20,-40.35497007150204
Low RES,IDA2,RES,21,-32.33062531394597
Low RES,IDA2,RES,22,-30.655193824313795
Low RES,IDA2,RES,23,-26.937350913681517
Low RES,IDA2,RES,24,-26.252001618575857
Low RES,IDA2,RES,25,-26.603765917448094
Low RES,IDA2,RES,26,-26.878251982989095
Low RES,IDA2,RES,27,-29.17505308988925
Low RES,IDA2,RES,28,-30.69089923705532
Low RES,IDA2,RES,29,-39.13779702153548
Low RES,IDA2,RES,30,-42.64649964702724
Low RES,IDA2,RES,31,-62.39917023668302
Low RES,IDA2,RES,32,-69.26227626168415
Low RES,IDA2,RES,33,-98.09709233336153
Low RES,IDA2,RES,34,-108.54876604266646
Low RES,IDA2,RES,35,-151.8557845327368
Low RES,IDA2,RES,36,-164.8601083423208
Low RES,IDA2,RES,37,-197.6470813988387
Low RES,IDA2,RES,38,-209.3703339497434
Low RES,IDA2,RES,39,-223.55368535406558
Low RES,IDA2,RES,40,-231.59686289056143
Low RES,IDA2,RES,41,-233.90001022234702
Low RES,IDA2,RES,42,-238.13639002549357
Low RES,IDA2,RES,43,-229.27113312445826
Low RES,IDA2,RES,44,-230.38436190913524
Low RES,IDA2,RES,45,-209.3862888463644
Low RES,IDA2,RES,46,-208.27862032267313
Low RES,IDA2,RES,47,-180.47636937857186
Low RES,IDA2,RES,48,-178.13481106046646
Low RES,IDA2,PV_C,1,0.0
Low RES,IDA2,PV_C,2,0.0
Low RES,IDA2,PV_C,3,0.0
Low RES,IDA2,PV_C,4,0.0
Low RES,IDA2,PV_C,5,0.0
Low RES,IDA2,PV_C,6,0.0
Low RES,IDA2,PV_C,7,0.0
Low RES,IDA2,PV_C,8,0.0
Low RES,IDA2,PV_C,9,0.0
Low RES,IDA2,PV_C,10,0.0
Low RES,IDA2,PV_C,11,0.0
Low RES,IDA2,PV_C,12,0.0
Low RES,IDA2,PV_C,13,4.193e-05
Low RES,IDA2,PV_C,14,4.193e-05
Low RES,IDA2,PV_C,15,2.7224819475
Low RES,IDA2,PV_C,16,2.7224819475
Low RES,IDA2,PV_C,17,14.409445137499999
Low RES,IDA2,PV_C,18,14.409445137499999
Low RES,IDA2,PV_C,19,27.656895
Low RES,IDA2,PV_C,20,27.656895
Low RES,IDA2,PV_C,21,34.226056269999994
Low RES,IDA2,PV_C,22,34.226056269999994
Low RES,IDA2,PV_C,23,36.276646559999996
Low RES,IDA2,PV_C,24,36.276646559999996
Low RES,IDA2,PV_C,25,35.2105609625
Low RES,IDA2,PV_C,26,35.2105609625
Low RES,IDA2,PV_C,27,30.378989112499998
Low RES,IDA2,PV_C,28,30.378989112499998
Low RES,IDA2,PV_C,29,21.94091039
Low RES,IDA2,PV_C,30,21.94091039
Low RES,IDA2,PV_C,31,11.365576775000001
Low RES,IDA2,PV_C,32,11.365576775000001
Low RES,IDA2,PV_C,33,2.748728675
Low RES,IDA2,PV_C,34,2.748728675
Low RES,IDA2,PV_C,35,0.0
Low RES,IDA2,PV_C,36,0.0
Low RES,IDA2,PV_C,37,0.0
Low RES,IDA2,PV_C,38,0.0
Low RES,IDA2,PV_C,39,0.0
Low RES,IDA2,PV_C,40,0.0
Low RES,IDA2,PV_C,41,0.0
Low RES,IDA2,PV_C,42,0.0
Low RES,IDA2,PV_C,43,0.0
Low RES,IDA2,PV_C,44,0.0
Low RES,IDA2,PV_C,45,0.0
Low RES,IDA2,PV_C,46,0.0
Low RES,IDA2,PV_C,47,0.0
Low RES,IDA2,PV_C,48,0.0
Low RES,IDA2,PV_A,1,0.0
Low RES,IDA2,PV_A,2,0.0
Low RES,IDA2,PV_A,3,0.0
Low RES,IDA2,PV_A,4,0.0
Low RES,IDA2,PV_A,5,0.0
Low RES,IDA2,PV_A,6,0.0
Low RES,IDA2,PV_A,7,0.0
Low RES,IDA2,PV_A,8,0.0
Low RES,IDA2,PV_A,9,0.0
Low RES,IDA2,PV_A,10,0.0
Low RES,IDA2,PV_A,11,0.0
Low RES,IDA2,PV_A,12,0.0
Low RES,IDA2,PV_A,13,4.193e-05
Low RES,IDA2,PV_A,14,4.193e-05
Low RES,IDA2,PV_A,15,2.7224819475
Low RES,IDA2,PV_A,16,2.7224819475
Low RES,IDA2,PV_A,17,14.409445137499999
Low RES,IDA2,PV_A,18,14.409445137499999
Low RES,IDA2,PV_A,19,27.656895
Low RES,IDA2,PV_A,20,27.656895
Low RES,IDA2,PV_A,21,34.226056269999994
Low RES,IDA2,PV_A,22,34.226056269999994
Low RES,IDA2,PV_A,23,36.276646559999996
Low RES,IDA2,PV_A,24,36.276646559999996
Low RES,IDA2,PV_A,25,35.2105609625
Low RES,IDA2,PV_A,26,35.2105609625
Low RES,IDA2,PV_A,27,30.378989112499998
Low RES,IDA2,PV_A,28,30.378989112499998
Low RES,IDA2,PV_A,29,21.94091039
Low RES,IDA2,PV_A,30,21.94091039
Low RES,IDA2,PV_A,31,11.365576775000001
Low RES,IDA2,PV_A,32,11.365576775000001
Low RES,IDA2,PV_A,33,2.748728675
Low RES,IDA2,PV_A,34,2.748728675
Low RES,IDA2,PV_A,35,0.0
Low RES,IDA2,PV_A,36,0.0
Low RES,IDA2,PV_A,37,0.0
Low RES,IDA2,PV_A,38,0.0
Low RES,IDA2,PV_A,39,0.0
Low RES,IDA2,PV_A,40,0.0
Low RES,IDA2,PV_A,41,0.0
Low RES,IDA2,PV_A,42,0.0
Low RES,IDA2,PV_A,43,0.0
Low RES,IDA2,PV_A,44,0.0
Low RES,IDA2,PV_A,45,0.0
Low RES,IDA2,PV_A,46,0.0
Low RES,IDA2,PV_A,47,0.0
Low RES,IDA2,PV_A,48,0.0
Low RES,IDA2,W_C,1,5.0603844116
Low RES,IDA2,W_C,2,5.0603844116
Low RES,IDA2,W_C,3,6.019983226118749
Low RES,IDA2,W_C,4,6.019983226118749
Low RES,IDA2,W_C,5,6.25400701275
Low RES,IDA2,W_C,6,6.25400701275
Low RES,IDA2,W_C,7,5.773194506625
Low RES,IDA2,W_C,8,5.773194506625
Low RES,IDA2,W_C,9,5.42894653525
Low RES,IDA2,W_C,10,5.42894653525
Low RES,IDA2,W_C,11,5.0056775376125
Low RES,IDA2,W_C,12,5.0056775376125
Low RES,IDA2,W_C,13,4.5256755226375
Low RES,IDA2,W_C,14,4.5256755226375
Low RES,IDA2,W_C,15,3.69352341028125
Low RES,IDA2,W_C,16,3.69352341028125
Low RES,IDA2,W_C,17,3.0293416200687497
Low RES,IDA2,W_C,18,3.0293416200687497
Low RES,IDA2,W_C,19,2.42452691044375
Low RES,IDA2,W_C,20,2.42452691044375
Low RES,IDA2,W_C,21,1.5323998885999999
Low RES,IDA2,W_C,22,1.5323998885999999
Low RES,IDA2,W_C,23,0.8013541620875
Low RES,IDA2,W_C,24,0.8013541620875
Low RES,IDA2,W_C,25,0.56753299645
Low RES,IDA2,W_C,26,0.56753299645
Low RES,IDA2,W_C,27,0.5043161948125
Low RES,IDA2,W_C,28,0.5043161948125
Low RES,IDA2,W_C,29,0.51566279970625
Low RES,IDA2,W_C,30,0.51566279970625
Low RES,IDA2,W_C,31,0.58678171356875
Low RES,IDA2,W_C,32,0.58678171356875
Low RES,IDA2,W_C,33,0.8244526212562501
Low RES,IDA2,W_C,34,0.8244526212562501
Low RES,IDA2,W_C,35,0.92272234385625
Low RES,IDA2,W_C,36,0.92272234385625
Low RES,IDA2,W_C,37,0.7926415991812499
Low RES,IDA2,W_C,38,0.7926415991812499
Low RES,IDA2,W_C,39,0.51161042953125
Low RES,IDA2,W_C,40,0.51161042953125
Low RES,IDA2,W_C,41,0.35559458991875
Low RES,IDA2,W_C,42,0.35559458991875
Low RES,IDA2,W_C,43,0.5640884969125
Low RES,IDA2,W_C,44,0.5640884969125
Low RES,IDA2,W_C,45,0.67552839510625
Low RES,IDA2,W_C,46,0.67552839510625
Low RES,IDA2,W_C,47,0.76326197723125
Low RES,IDA2,W_C,48,0.76326197723125
Low RES,IDA2,W_A,1,5.0603844116
Low RES,IDA2,W_A,2,5.0603844116
Low RES,IDA2,W_A,3,6.019983226118749
Low RES,IDA2,W_A,4,6.019983226118749
Low RES,IDA2,W_A,5,6.25400701275
Low RES,IDA2,W_A,6,6.25400701275
Low RES,IDA2,W_A,7,5.773194506625
Low RES,IDA2,W_A,8,5.773194506625
Low RES,IDA2,W_A,9,5.42894653525
Low RES,IDA2,W_A,10,5.42894653525
Low RES,IDA2,W_A,11,5.0056775376125
Low RES,IDA2,W_A,12,5.0056775376125
Low RES,IDA2,W_A,13,4.5256755226375
Low RES,IDA2,W_A,14,4.5256755226375
Low RES,IDA2,W_A,15,3.69352341028125
Low RES,IDA2,W_A,16,3.69352341028125
Low RES,IDA2,W_A,17,3.0293416200687497
Low RES,IDA2,W_A,18,3.0293416200687497
Low RES,IDA2,W_A,19,2.42452691044375
Low RES,IDA2,W_A,20,2.42452691044375
Low RES,IDA2,W_A,21,1.5323998885999999
Low RES,IDA2,W_A,22,1.5323998885999999
Low RES,IDA2,W_A,23,0.8013541620875
Low RES,IDA2,W_A,24,0.8013541620875
Low RES,IDA2,W_A,25,0.56753299645
Low RES,IDA2,W_A,26,0.56753299645
Low RES,IDA2,W_A,27,0.5043161948125
Low RES,IDA2,W_A,28,0.5043161948125
Low RES,IDA2,W_A,29,0.51566279970625
Low RES,IDA2,W_A,30,0.51566279970625
Low RES,IDA2,W_A,31,0.58678171356875
Low RES,IDA2,W_A,32,0.58678171356875
Low RES,IDA2,W_A,33,0.8244526212562501
Low RES,IDA2,W_A,34,0.8244526212562501
Low RES,IDA2,W_A,35,0.92272234385625
Low RES,IDA2,W_A,36,0.92272234385625
Low RES,IDA2,W_A,37,0.7926415991812499
Low RES,IDA2,W_A,38,0.7926415991812499
Low RES,IDA2,W_A,39,0.51161042953125
Low RES,IDA2,W_A,40,0.51161042953125
Low RES,IDA2,W_A,41,0.35559458991875
Low RES,IDA2,W_A,42,0.35559458991875
Low RES,IDA2,W_A,43,0.5640884969125
Low RES,IDA2,W_A,44,0.5640884969125
Low RES,IDA2,W_A,45,0.67552839510625
Low RES,IDA2,W_A,46,0.67552839510625
Low RES,IDA2,W_A,47,0.76326197723125
Low RES,IDA2,W_A,48,0.76326197723125
Low RES,IDA3,IND,1,-72.81217888561329
Low RES,IDA3,IND,2,-72.81217888561329
Low RES,IDA3,IND,3,-69.84721809465044
Low RES,IDA3,IND,4,-69.84721809465044
Low RES,IDA3,IND,5,-69.42569464675289
Low RES,IDA3,IND,6,-69.42569464675289
Low RES,IDA3,IND,7,-70.52110620501074
Low RES,IDA3,IND,8,-70.52110620501074
Low RES,IDA3,IND,9,-71.89065749476246
Low RES,IDA3,IND,10,-71.89065749476246
Low RES,IDA3,IND,11,-73.49501544105361
Low RES,IDA3,IND,12,-73.49501544105361
Low RES,IDA3,IND,13,-76.54456539261808
Low RES,IDA3,IND,14,-76.54456539261808
Low RES,IDA3,IND,15,-80.70009120426526
Low RES,IDA3,IND,16,-80.70009120426526
Low RES,IDA3,IND,17,-83.58106553172924
Low RES,IDA3,IND,18,-83.58106553172924
Low RES,IDA3,IND,19,-86.573765843149
Low RES,IDA3,IND,20,-86.573765843149
Low RES,IDA3,IND,21,-81.77896081960456
Low RES,IDA3,IND,22,-81.77896081960456
Low RES,IDA3,IND,23,-77.92892016741061
Low RES,IDA3,IND,24,-77.92892016741061
Low RES,IDA3,IND,25,-76.18744964438237
Low RES,IDA3,IND,26,-76.18744964438237
Low RES,IDA3,IND,27,-78.43163593891106
Low RES,IDA3,IND,28,-78.43163593891106
Low RES,IDA3,IND,29,-80.56733109067251
Low RES,IDA3,IND,30,-80.56733109067251
Low RES,IDA3,IND,31,-80.59840939926812
Low RES,IDA3,IND,32,-80.59840939926812
Low RES,IDA3,IND,33,-79.36316051993286
Low RES,IDA3,IND,34,-79.36316051993286
Low RES,IDA3,IND,35,-79.2804466703498
Low RES,IDA3,IND,36,-79.2804466703498
Low RES,IDA3,IND,37,-78.14587080660444
Low RES,IDA3,IND,38,-78.14587080660444
Low RES,IDA3,IND,39,-77.1569615416346
Low RES,IDA3,IND,40,-77.1569615416346
Low RES,IDA3,IND,41,-76.26394245876112
Low RES,IDA3,IND,42,-76.26394245876112
Low RES,IDA3,IND,43,-75.73666903820798
Low RES,IDA3,IND,44,-75.73666903820798
Low RES,IDA3,IND,45,-75.40712319550643
Low RES,IDA3,IND,46,-75.40712319550643
Low RES,IDA3,IND,47,-75.00226079887406
Low RES,IDA3,IND,48,-75.00226079887406
Low RES,IDA3,COM,1,-59.252229646070255
Low RES,IDA3,COM,2,-59.45541819654752
Low RES,IDA3,COM,3,-55.49928825108964
Low RES,IDA3,COM,4,-55.95629240137977
Low RES,IDA3,COM,5,-51.55624351040619
Low RES,IDA3,COM,6,-52.466418218288595
Low RES,IDA3,COM,7,-48.88247936310659
Low RES,IDA3,COM,8,-50.49676929898716
Low RES,IDA3,COM,9,-50.029516447260896
Low RES,IDA3,COM,10,-52.64802174979511
Low RES,IDA3,COM,11,-56.66393859491526
Low RES,IDA3,COM,12,-60.55071156099184
Low RES,IDA3,COM,13,-70.53662864385349
Low RES,IDA3,COM,14,-75.76242565186509
Low RES,IDA3,COM,15,-81.26325218227144
Low RES,IDA3,COM,16,-86.74524487532697
Low RES,IDA3,COM,17,-85.50517416576754
Low RES,IDA3,COM,18,-90.09195713582105
Low RES,IDA3,COM,19,-72.49523116059186
Low RES,IDA3,COM,20,-75.26046739446818
Low RES,IDA3,COM,21,-67.80373201363719
Low RES,IDA3,COM,22,-69.4070944861191
Low RES,IDA3,COM,23,-66.01199843518187
Low RES,IDA3,COM,24,-66.68228827278638
Low RES,IDA3,COM,25,-69.12896389456712
Low RES,IDA3,COM,26,-68.85761242016807
Low RES,IDA3,COM,27,-70.66527141855363
Low RES,IDA3,COM,28,-69.18715836448702
Low RES,IDA3,COM,29,-78.75719144396531
Low RES,IDA3,COM,30,-75.3772812543299
Low RES,IDA3,COM,31,-94.4056456989505
Low RES,IDA3,COM,32,-87.7955948137487
Low RES,IDA3,COM,33,-103.17766882425964
Low RES,IDA3,COM,34,-93.04120855618116
Low RES,IDA3,COM,35,-105.56004186834876
Low RES,IDA3,COM,36,-92.9419304851665
Low RES,IDA3,COM,37,-91.5413574129536
Low RES,IDA3,COM,38,-80.09055184835773
Low RES,IDA3,COM,39,-72.30601033116262
Low RES,IDA3,COM,40,-64.40263828006245
Low RES,IDA3,COM,41,-57.786303701067226
Low RES,IDA3,COM,42,-53.600330090093685
Low RES,IDA3,COM,43,-48.73975492816815
Low RES,IDA3,COM,44,-47.636067036531614
Low RES,IDA3,COM,45,-43.52131151600898
Low RES,IDA3,COM,46,-44.62182972534327
Low RES,IDA3,COM,47,-40.853824290724525
Low RES,IDA3,COM,48,-43.18644099925074
Low RES,IDA3,RES,1,-137.23389506831646
Low RES,IDA3,RES,2,-137.0307065178392
Low RES,IDA3,RES,3,-126.93057155425987
Low RES,IDA3,RES,4,-126.47356740396977
Low RES,IDA3,RES,5,-114.49535094284094
Low RES,IDA3,RES,6,-113.58517623495852
Low RES,IDA3,RES,7,-102.11118573188266
Low RES,IDA3,RES,8,-100.49689579600211
Low RES,IDA3,RES,9,-93.46518005797664
Low RES,IDA3,RES,10,-90.84667475544241
Low RES,IDA3,RES,11,-88.84079966403111
Low RES,IDA3,RES,12,-84.95402669795455
Low RES,IDA3,RES,13,-87.43760286352844
Low RES,IDA3,RES,14,-82.21180585551683
Low RES,IDA3,RES,15,-76.79086461346328
Low RES,IDA3,RES,16,-71.30887192040775
Low RES,IDA3,RES,17,-61.32450210250321
Low RES,IDA3,RES,18,-56.737719132449705
Low RES,IDA3,RES,19,-40.47483089625914
Low RES,IDA3,RES,20,-37.709594662382806
Low RES,IDA3,RES,21,-30.939917066758255
Low RES,IDA3,RES,22,-29.33655459427634
Low RES,IDA3,RES,23,-26.345445597407515
Low RES,IDA3,RES,24,-25.67515575980299
Low RES,IDA3,RES,25,-26.29995476105052
Low RES,IDA3,RES,26,-26.571306235449587
Low RES,IDA3,RES,27,-28.448815142535317
Low RES,IDA3,RES,28,-29.926928196601935
Low RES,IDA3,RES,29,-37.701182765362184
Low RES,IDA3,RES,30,-41.081092954997615
Low RES,IDA3,RES,31,-60.09839990178141
Low RES,IDA3,RES,32,-66.70845078698319
Low RES,IDA3,RES,33,-95.13856885580753
Low RES,IDA3,RES,34,-105.27502912388597
Low RES,IDA3,RES,35,-147.34585446130137
Low RES,IDA3,RES,36,-159.96396584448368
Low RES,IDA3,RES,37,-193.053786880442
Low RES,IDA3,RES,38,-204.50459244503787
Low RES,IDA3,RES,39,-219.66790372720274
Low RES,IDA3,RES,40,-227.57127577830292
Low RES,IDA3,RES,41,-231.11697154017173
Low RES,IDA3,RES,42,-235.30294515114525
Low RES,IDA3,RES,43,-227.30617193362392
Low RES,IDA3,RES,44,-228.40985982526044
Low RES,IDA3,RES,45,-208.03464098848465
Low RES,IDA3,RES,46,-206.93412277915033
Low RES,IDA3,RES,47,-179.78719191040145
Low RES,IDA3,RES,48,-177.4545752018752
Low RES,IDA3,PV_C,1,0.0
Low RES,IDA3,PV_C,2,0.0
Low RES,IDA3,PV_C,3,0.0
Low RES,IDA3,PV_C,4,0.0
Low RES,IDA3,PV_C,5,0.0
Low RES,IDA3,PV_C,6,0.0
Low RES,IDA3,PV_C,7,0.0
Low RES,IDA3,PV_C,8,0.0
Low RES,IDA3,PV_C,9,0.0
Low RES,IDA3,PV_C,10,0.0
Low RES,IDA3,PV_C,11,0.0
Low RES,IDA3,PV_C,12,0.0
Low RES,IDA3,PV_C,13,4.193e-05
Low RES,IDA3,PV_C,14,4.193e-05
Low RES,IDA3,PV_C,15,2.8779813649999992
Low RES,IDA3,PV_C,16,2.8779813649999992
Low RES,IDA3,PV_C,17,14.761994345
Low RES,IDA3,PV_C,18,14.761994345
Low RES,IDA3,PV_C,19,28.0787612
Low RES,IDA3,PV_C,20,28.0787612
Low RES,IDA3,PV_C,21,34.808264539999996
Low RES,IDA3,PV_C,22,34.808264539999996
Low RES,IDA3,PV_C,23,37.09711957
Low RES,IDA3,PV_C,24,37.09711957
Low RES,IDA3,PV_C,25,36.230243034999994
Low RES,IDA3,PV_C,26,36.230243034999994
Low RES,IDA3,PV_C,27,31.916153534999996
Low RES,IDA3,PV_C,28,31.916153534999996
Low RES,IDA3,PV_C,29,23.84519389
Low RES,IDA3,PV_C,30,23.84519389
Low RES,IDA3,PV_C,31,12.8359189
Low RES,IDA3,PV_C,32,12.8359189
Low RES,IDA3,PV_C,33,3.23583442
Low RES,IDA3,PV_C,34,3.23583442
Low RES,IDA3,PV_C,35,0.0
Low RES,IDA3,PV_C,36,0.0
Low RES,IDA3,PV_C,37,0.0
Low RES,IDA3,PV_C,38,0.0
Low RES,IDA3,PV_C,39,0.0
Low RES,IDA3,PV_C,40,0.0
Low RES,IDA3,PV_C,41,0.0
Low RES,IDA3,PV_C,42,0.0
Low RES,IDA3,PV_C,43,0.0
Low RES,IDA3,PV_C,44,0.0
Low RES,IDA3,PV_C,45,0.0
Low RES,IDA3,PV_C,46,0.0
Low RES,IDA3,PV_C,47,0.0
Low RES,IDA3,PV_C,48,0.0
Low RES,IDA3,PV_A,1,0.0
Low RES,IDA3,PV_A,2,0.0
Low RES,IDA3,PV_A,3,0.0
Low RES,IDA3,PV_A,4,0.0
Low RES,IDA3,PV_A,5,0.0
Low RES,IDA3,PV_A,6,0.0
Low RES,IDA3,PV_A,7,0.0
Low RES,IDA3,PV_A,8,0.0
Low RES,IDA3,PV_A,9,0.0
Low RES,IDA3,PV_A,10,0.0
Low RES,IDA3,PV_A,11,0.0
Low RES,IDA3,PV_A,12,0.0
Low RES,IDA3,PV_A,13,4.193e-05
Low RES,IDA3,PV_A,14,4.193e-05
Low RES,IDA3,PV_A,15,2.8779813649999992
Low RES,IDA3,PV_A,16,2.8779813649999992
Low RES,IDA3,PV_A,17,14.761994345
Low RES,IDA3,PV_A,18,14.761994345
Low RES,IDA3,PV_A,19,28.0787612
Low RES,IDA3,PV_A,20,28.0787612
Low RES,IDA3,PV_A,21,34.808264539999996
Low RES,IDA3,PV_A,22,34.808264539999996
Low RES,IDA3,PV_A,23,37.09711957
Low RES,IDA3,PV_A,24,37.09711957
Low RES,IDA3,PV_A,25,36.230243034999994
Low RES,IDA3,PV_A,26,36.230243034999994
Low RES,IDA3,PV_A,27,31.916153534999996
Low RES,IDA3,PV_A,28,31.916153534999996
Low RES,IDA3,PV_A,29,23.84519389
Low RES,IDA3,PV_A,30,23.84519389
Low RES,IDA3,PV_A,31,12.8359189
Low RES,IDA3,PV_A,32,12.8359189
Low RES,IDA3,PV_A,33,3.23583442
Low RES,IDA3,PV_A,34,3.23583442
Low RES,IDA3,PV_A,35,0.0
Low RES,IDA3,PV_A,36,0.0
Low RES,IDA3,PV_A,37,0.0
Low RES,IDA3,PV_A,38,0.0
Low RES,IDA3,PV_A,39,0.0
Low RES,IDA3,PV_A,40,0.0
Low RES,IDA3,PV_A,41,0.0
Low RES,IDA3,PV_A,42,0.0
Low RES,IDA3,PV_A,43,0.0
Low RES,IDA3,PV_A,44,0.0
Low RES,IDA3,PV_A,45,0.0
Low RES,IDA3,PV_A,46,0.0
Low RES,IDA3,PV_A,47,0.0
Low RES,IDA3,PV_A,48,0.0
Low RES,IDA3,W_C,1,3.7172297267000003
Low RES,IDA3,W_C,2,3.7172297267000003
Low RES,IDA3,W_C,3,4.372091076237499
Low RES,IDA3,W_C,4,4.372091076237499
Low RES,IDA3,W_C,5,4.6675081144999995
Low RES,IDA3,W_C,6,4.6675081144999995
Low RES,IDA3,W_C,7,4.5220283885
Low RES,IDA3,W_C,8,4.5220283885
Low RES,IDA3,W_C,9,4.10828244575
Low RES,IDA3,W_C,10,4.10828244575
Low RES,IDA3,W_C,11,3.677516592225
Low RES,IDA3,W_C,12,3.677516592225
Low RES,IDA3,W_C,13,3.3764262547749997
Low RES,IDA3,W_C,14,3.3764262547749997
Low RES,IDA3,W_C,15,2.7252120188125
Low RES,IDA3,W_C,16,2.7252120188125
Low RES,IDA3,W_C,17,2.199215699887499
Low RES,IDA3,W_C,18,2.199215699887499
Low RES,IDA3,W_C,19,1.7814174011375
Low RES,IDA3,W_C,20,1.7814174011375
Low RES,IDA3,W_C,21,1.1123727831999999
Low RES,IDA3,W_C,22,1.1123727831999999
Low RES,IDA3,W_C,23,0.5823241077499998
Low RES,IDA3,W_C,24,0.5823241077499998
Low RES,IDA3,W_C,25,0.43238679592499996
Low RES,IDA3,W_C,26,0.43238679592499996
Low RES,IDA3,W_C,27,0.37322235072499993
Low RES,IDA3,W_C,28,0.37322235072499993
Low RES,IDA3,W_C,29,0.3878108476375
Low RES,IDA3,W_C,30,0.3878108476375
Low RES,IDA3,W_C,31,0.4822308281875
Low RES,IDA3,W_C,32,0.4822308281875
Low RES,IDA3,W_C,33,0.7970991912625
Low RES,IDA3,W_C,34,0.7970991912625
Low RES,IDA3,W_C,35,0.9174542804875
Low RES,IDA3,W_C,36,0.9174542804875
Low RES,IDA3,W_C,37,0.7350980896875
Low RES,IDA3,W_C,38,0.7350980896875
Low RES,IDA3,W_C,39,0.4761522866625
Low RES,IDA3,W_C,40,0.4761522866625
Low RES,IDA3,W_C,41,0.3351301727375
Low RES,IDA3,W_C,42,0.3351301727375
Low RES,IDA3,W_C,43,0.504924037975
Low RES,IDA3,W_C,44,0.504924037975
Low RES,IDA3,W_C,45,0.5932654907374999
Low RES,IDA3,W_C,46,0.5932654907374999
Low RES,IDA3,W_C,47,0.6479723369875
Low RES,IDA3,W_C,48,0.6479723369875
Low RES,IDA3,W_A,1,3.7172297267000003
Low RES,IDA3,W_A,2,3.7172297267000003
Low RES,IDA3,W_A,3,4.372091076237499
Low RES,IDA3,W_A,4,4.372091076237499
Low RES,IDA3,W_A,5,4.6675081144999995
Low RES,IDA3,W_A,6,4.6675081144999995
Low RES,IDA3,W_A,7,4.5220283885
Low RES,IDA3,W_A,8,4.5220283885
Low RES,IDA3,W_A,9,4.10828244575
Low RES,IDA3,W_A,10,4.10828244575
Low RES,IDA3,W_A,11,3.677516592225
Low RES,IDA3,W_A,12,3.677516592225
Low RES,IDA3,W_A,13,3.3764262547749997
Low RES,IDA3,W_A,14,3.3764262547749997
Low RES,IDA3,W_A,15,2.7252120188125
Low RES,IDA3,W_A,16,2.7252120188125
Low RES,IDA3,W_A,17,2.199215699887499
Low RES,IDA3,W_A,18,2.199215699887499
Low RES,IDA3,W_A,19,1.7814174011375
Low RES,IDA3,W_A,20,1.7814174011375
Low RES,IDA3,W_A,21,1.1123727831999999
Low RES,IDA3,W_A,22,1.1123727831999999
Low RES,IDA3,W_A,23,0.5823241077499998
Low RES,IDA3,W_A,24,0.5823241077499998
Low RES,IDA3,W_A,25,0.43238679592499996
Low RES,IDA3,W_A,26,0.43238679592499996
Low RES,IDA3,W_A,27,0.37322235072499993
Low RES,IDA3,W_A,28,0.37322235072499993
Low RES,IDA3,W_A,29,0.3878108476375
Low RES,IDA3,W_A,30,0.3878108476375
Low RES,IDA3,W_A,31,0.4822308281875
Low RES,IDA3,W_A,32,0.4822308281875
Low RES,IDA3,W_A,33,0.7970991912625
Low RES,IDA3,W_A,34,0.7970991912625
Low RES,IDA3,W_A,35,0.9174542804875
Low RES,IDA3,W_A,36,0.9174542804875
Low RES,IDA3,W_A,37,0.7350980896875
Low RES,IDA3,W_A,38,0.7350980896875
Low RES,IDA3,W_A,39,0.4761522866625
Low RES,IDA3,W_A,40,0.4761522866625
Low RES,IDA3,W_A,41,0.3351301727375
Low RES,IDA3,W_A,42,0.3351301727375
Low RES,IDA3,W_A,43,0.504924037975
Low RES,IDA3,W_A,44,0.504924037975
Low RES,IDA3,W_A,45,0.5932654907374999
Low RES,IDA3,W_A,46,0.5932654907374999
Low RES,IDA3,W_A,47,0.6479723369875
Low RES,IDA3,W_A,48,0.6479723369875
High RES,DAM,IND,1,-74.4272491125
High RES,DAM,IND,2,-74.4272491125
High RES,DAM,IND,3,-74.4272491125
High RES,DAM,IND,4,-74.4272491125
High RES,DAM,IND,5,-74.4272491125
High RES,DAM,IND,6,-74.4272491125
High RES,DAM,IND,7,-74.4272491125
High RES,DAM,IND,8,-74.4272491125
High RES,DAM,IND,9,-74.4272491125
High RES,DAM,IND,10,-74.4272491125
High RES,DAM,IND,11,-74.4272491125
High RES,DAM,IND,12,-74.4272491125
High RES,DAM,IND,13,-74.4272491125
High RES,DAM,IND,14,-74.4272491125
High RES,DAM,IND,15,-74.4272491125
High RES,DAM,IND,16,-74.4272491125
High RES,DAM,IND,17,-74.4272491125
High RES,DAM,IND,18,-74.4272491125
High RES,DAM,IND,19,-74.4272491125
High RES,DAM,IND,20,-74.4272491125
High RES,DAM,IND,21,-74.4272491125
High RES,DAM,IND,22,-74.4272491125
High RES,DAM,IND,23,-74.4272491125
High RES,DAM,IND,24,-74.4272491125
High RES,DAM,IND,25,-74.4272491125
High RES,DAM,IND,26,-74.4272491125
High RES,DAM,IND,27,-74.4272491125
High RES,DAM,IND,28,-74.4272491125
High RES,DAM,IND,29,-74.4272491125
High RES,DAM,IND,30,-74.4272491125
High RES,DAM,IND,31,-74.4272491125
High RES,DAM,IND,32,-74.4272491125
High RES,DAM,IND,33,-74.4272491125
High RES,DAM,IND,34,-74.4272491125
High RES,DAM,IND,35,-74.4272491125
High RES,DAM,IND,36,-74.4272491125
High RES,DAM,IND,37,-74.4272491125
High RES,DAM,IND,38,-74.4272491125
High RES,DAM,IND,39,-74.4272491125
High RES,DAM,IND,40,-74.4272491125
High RES,DAM,IND,41,-74.4272491125
High RES,DAM,IND,42,-74.4272491125
High RES,DAM,IND,43,-74.4272491125
High RES,DAM,IND,44,-74.4272491125
High RES,DAM,IND,45,-74.4272491125
High RES,DAM,IND,46,-74.4272491125
High RES,DAM,IND,47,-74.4272491125
High RES,DAM,IND,48,-74.4272491125
High RES,DAM,COM,1,-60.56652230208813
High RES,DAM,COM,2,-60.77421784278795
High RES,DAM,COM,3,-59.138494916616544
High RES,DAM,COM,4,-59.625465803459846
High RES,DAM,COM,5,-55.270449918835375
High RES,DAM,COM,6,-56.24619528320141
High RES,DAM,COM,7,-51.590065224133845
High RES,DAM,COM,8,-53.29377019507272
High RES,DAM,COM,9,-51.794759059888676
High RES,DAM,COM,10,-54.5056557639328
High RES,DAM,COM,11,-57.382681644330866
High RES,DAM,COM,12,-61.31875564953915
High RES,DAM,COM,13,-68.58549924092036
High RES,DAM,COM,14,-73.66674431340392
High RES,DAM,COM,15,-74.94663542018596
High RES,DAM,COM,16,-80.00251119071278
High RES,DAM,COM,17,-76.1406289517498
High RES,DAM,COM,18,-80.22506645640867
High RES,DAM,COM,19,-62.323968196476734
High RES,DAM,COM,20,-64.70123484335566
High RES,DAM,COM,21,-61.708356315117186
High RES,DAM,COM,22,-63.16758075329857
High RES,DAM,COM,23,-63.04580432264047
High RES,DAM,COM,24,-63.68597524524273
High RES,DAM,COM,25,-67.53183943924464
High RES,DAM,COM,26,-67.26675714712944
High RES,DAM,COM,27,-67.05740223967256
High RES,DAM,COM,28,-65.65475537180485
High RES,DAM,COM,29,-72.75506123448443
High RES,DAM,COM,30,-69.63273591656166
High RES,DAM,COM,31,-87.17730985552184
High RES,DAM,COM,32,-81.07336924991874
High RES,DAM,COM,33,-96.76063818680053
High RES,DAM,COM,34,-87.25460480117506
High RES,DAM,COM,35,-99.09812396906942
High RES,DAM,COM,36,-87.2524374386906
High RES,DAM,COM,37,-87.18530284385142
High RES,DAM,COM,38,-76.27939125187322
High RES,DAM,COM,39,-69.7479182140229
High RES,DAM,COM,40,-62.124157133714
High RES,DAM,COM,41,-56.39461431167897
High RES,DAM,COM,42,-52.3094530850515
High RES,DAM,COM,43,-47.89708773554485
High RES,DAM,COM,44,-46.812481629989264
High RES,DAM,COM,45,-42.955776014774955
High RES,DAM,COM,46,-44.04199359539533
High RES,DAM,COM,47,-40.54061471343947
High RES,DAM,COM,48,-42.85534820280739
High RES,DAM,RES,1,-140.2779239854119
High RES,DAM,RES,2,-140.0702284447121
High RES,DAM,RES,3,-135.2536797708834
High RES,DAM,RES,4,-134.76670888404013
High RES,DAM,RES,5,-122.74380616866463
High RES,DAM,RES,6,-121.76806080429859
High RES,DAM,RES,7,-107.76709366336617
High RES,DAM,RES,8,-106.06338869242731
High RES,DAM,RES,9,-96.76300762761133
High RES,DAM,RES,10,-94.0521109235672
High RES,DAM,RES,11,-89.96768404316914
High RES,DAM,RES,12,-86.03161003796089
High RES,DAM,RES,13,-85.01897184657967
High RES,DAM,RES,14,-79.9377267740961
High RES,DAM,RES,15,-70.82188786731405
High RES,DAM,RES,16,-65.76601209678724
High RES,DAM,RES,17,-54.6082293357502
High RES,DAM,RES,18,-50.523791831091344
High RES,DAM,RES,19,-34.79611049102329
High RES,DAM,RES,20,-32.41884384414435
High RES,DAM,RES,21,-28.158500572382813
High RES,DAM,RES,22,-26.699276134201423
High RES,DAM,RES,23,-25.161634964859523
High RES,DAM,RES,24,-24.521464042257268
High RES,DAM,RES,25,-25.692332448255375
High RES,DAM,RES,26,-25.957414740370563
High RES,DAM,RES,27,-26.996339247827446
High RES,DAM,RES,28,-28.39898611569516
High RES,DAM,RES,29,-34.827954253015584
High RES,DAM,RES,30,-37.95027957093836
High RES,DAM,RES,31,-55.49685923197818
High RES,DAM,RES,32,-61.60079983758127
High RES,DAM,RES,33,-89.2215219006995
High RES,DAM,RES,34,-98.72755528632494
High RES,DAM,RES,35,-138.3259943184306
High RES,DAM,RES,36,-150.17168084880944
High RES,DAM,RES,37,-183.86719784364857
High RES,DAM,RES,38,-194.77310943562676
High RES,DAM,RES,39,-211.89634047347712
High RES,DAM,RES,40,-219.52010155378602
High RES,DAM,RES,41,-225.55089417582107
High RES,DAM,RES,42,-229.63605540244848
High RES,DAM,RES,43,-223.37624955195523
High RES,DAM,RES,44,-224.46085565751073
High RES,DAM,RES,45,-205.33134527272512
High RES,DAM,RES,46,-204.24512769210472
High RES,DAM,RES,47,-178.40883697406053
High RES,DAM,RES,48,-176.09410348469257
High RES,DAM,PV_C,1,0.0
High RES,DAM,PV_C,2,0.0
High RES,DAM,PV_C,3,0.0
High RES,DAM,PV_C,4,0.0
High RES,DAM,PV_C,5,0.0
High RES,DAM,PV_C,6,0.0
High RES,DAM,PV_C,7,0.0
High RES,DAM,PV_C,8,0.0
High RES,DAM,PV_C,9,0.0
High RES,DAM,PV_C,10,0.0
High RES,DAM,PV_C,11,0.0
High RES,DAM,PV_C,12,0.0
High RES,DAM,PV_C,13,7.787e-05
High RES,DAM,PV_C,14,7.787e-05
High RES,DAM,PV_C,15,5.9223918
High RES,DAM,PV_C,16,5.9223918
High RES,DAM,PV_C,17,28.72460084
High RES,DAM,PV_C,18,28.72460084
High RES,DAM,PV_C,19,53.7132024
High RES,DAM,PV_C,20,53.7132024
High RES,DAM,PV_C,21,66.80640772
High RES,DAM,PV_C,22,66.80640772
High RES,DAM,PV_C,23,71.94212180999999
High RES,DAM,PV_C,24,71.94212180999999
High RES,DAM,PV_C,25,71.07212762
High RES,DAM,PV_C,26,71.07212762
High RES,DAM,PV_C,27,64.98232442
High RES,DAM,PV_C,28,64.98232442
High RES,DAM,PV_C,29,51.356984510000004
High RES,DAM,PV_C,30,51.356984510000004
High RES,DAM,PV_C,31,29.299405850000003
High RES,DAM,PV_C,32,29.299405850000003
High RES,DAM,PV_C,33,7.818656690000001
High RES,DAM,PV_C,34,7.818656690000001
High RES,DAM,PV_C,35,0.0
High RES,DAM,PV_C,36,0.0
High RES,DAM,PV_C,37,0.0
High RES,DAM,PV_C,38,0.0
High RES,DAM,PV_C,39,0.0
High RES,DAM,PV_C,40,0.0
High RES,DAM,PV_C,41,0.0
High RES,DAM,PV_C,42,0.0
High RES,DAM,PV_C,43,0.0
High RES,DAM,PV_C,44,0.0
High RES,DAM,PV_C,45,0.0
High RES,DAM,PV_C,46,0.0
High RES,DAM,PV_C,47,0.0
High RES,DAM,PV_C,48,0.0
High RES,DAM,PV_A,1,0.0
High RES,DAM,PV_A,2,0.0
High RES,DAM,PV_A,3,0.0
High RES,DAM,PV_A,4,0.0
High RES,DAM,PV_A,5,0.0
High RES,DAM,PV_A,6,0.0
High RES,DAM,PV_A,7,0.0
High RES,DAM,PV_A,8,0.0
High RES,DAM,PV_A,9,0.0
High RES,DAM,PV_A,10,0.0
High RES,DAM,PV_A,11,0.0
High RES,DAM,PV_A,12,0.0
High RES,DAM,PV_A,13,7.787e-05
High RES,DAM,PV_A,14,7.787e-05
High RES,DAM,PV_A,15,5.9223918
High RES,DAM,PV_A,16,5.9223918
High RES,DAM,PV_A,17,28.72460084
High RES,DAM,PV_A,18,28.72460084
High RES,DAM,PV_A,19,53.7132024
High RES,DAM,PV_A,20,53.7132024
High RES,DAM,PV_A,21,66.80640772
High RES,DAM,PV_A,22,66.80640772
High RES,DAM,PV_A,23,71.94212180999999
High RES,DAM,PV_A,24,71.94212180999999
High RES,DAM,PV_A,25,71.07212762
High RES,DAM,PV_A,26,71.07212762
High RES,DAM,PV_A,27,64.98232442
High RES,DAM,PV_A,28,64.98232442
High RES,DAM,PV_A,29,51.356984510000004
High RES,DAM,PV_A,30,51.356984510000004
High RES,DAM,PV_A,31,29.299405850000003
High RES,DAM,PV_A,32,29.299405850000003
High RES,DAM,PV_A,33,7.818656690000001
High RES,DAM,PV_A,34,7.818656690000001
High RES,DAM,PV_A,35,0.0
High RES,DAM,PV_A,36,0.0
High RES,DAM,PV_A,37,0.0
High RES,DAM,PV_A,38,0.0
High RES,DAM,PV_A,39,0.0
High RES,DAM,PV_A,40,0.0
High RES,DAM,PV_A,41,0.0
High RES,DAM,PV_A,42,0.0
High RES,DAM,PV_A,43,0.0
High RES,DAM,PV_A,44,0.0
High RES,DAM,PV_A,45,0.0
High RES,DAM,PV_A,46,0.0
High RES,DAM,PV_A,47,0.0
High RES,DAM,PV_A,48,0.0
High RES,DAM,W_C,1,1.9145663771
High RES,DAM,W_C,2,1.9145663771
High RES,DAM,W_C,3,1.9988554420250002
High RES,DAM,W_C,4,1.9988554420250002
High RES,DAM,W_C,5,2.775519162
High RES,DAM,W_C,6,2.775519162
High RES,DAM,W_C,7,3.7508642827500003
High RES,DAM,W_C,8,3.7508642827500003
High RES,DAM,W_C,9,2.72434363825
High RES,DAM,W_C,10,2.72434363825
High RES,DAM,W_C,11,1.89650444555
High RES,DAM,W_C,12,1.89650444555
High RES,DAM,W_C,13,2.00186576395
High RES,DAM,W_C,14,2.00186576395
High RES,DAM,W_C,15,1.4645228666249999
High RES,DAM,W_C,16,1.4645228666249999
High RES,DAM,W_C,17,1.000932881975
High RES,DAM,W_C,18,1.000932881975
High RES,DAM,W_C,19,0.919654138975
High RES,DAM,W_C,20,0.919654138975
High RES,DAM,W_C,21,0.5057344916
High RES,DAM,W_C,22,0.5057344916
High RES,DAM,W_C,23,0.267918855425
High RES,DAM,W_C,24,0.267918855425
High RES,DAM,W_C,25,0.30103244762500003
High RES,DAM,W_C,26,0.30103244762500003
High RES,DAM,W_C,27,0.20620723045
High RES,DAM,W_C,28,0.20620723045
High RES,DAM,W_C,29,0.24534146650000002
High RES,DAM,W_C,30,0.24534146650000002
High RES,DAM,W_C,31,0.507239678075
High RES,DAM,W_C,32,0.507239678075
High RES,DAM,W_C,33,1.378728615225
High RES,DAM,W_C,34,1.378728615225
High RES,DAM,W_C,35,1.6842765712499999
High RES,DAM,W_C,36,1.6842765712499999
High RES,DAM,W_C,37,1.1514491313000002
High RES,DAM,W_C,38,1.1514491313000002
High RES,DAM,W_C,39,0.752581144575
High RES,DAM,W_C,40,0.752581144575
High RES,DAM,W_C,41,0.546373914125
High RES,DAM,W_C,42,0.546373914125
High RES,DAM,W_C,43,0.7179623659000001
High RES,DAM,W_C,44,0.7179623659000001
High RES,DAM,W_C,45,0.796230838
High RES,DAM,W_C,46,0.796230838
High RES,DAM,W_C,47,0.7751585335000001
High RES,DAM,W_C,48,0.7751585335000001
High RES,DAM,W_A,1,1.9145663771
High RES,DAM,W_A,2,1.9145663771
High RES,DAM,W_A,3,1.9988554420250002
High RES,DAM,W_A,4,1.9988554420250002
High RES,DAM,W_A,5,2.775519162
High RES,DAM,W_A,6,2.775519162
High RES,DAM,W_A,7,3.7508642827500003
High RES,DAM,W_A,8,3.7508642827500003
High RES,DAM,W_A,9,2.72434363825
High RES,DAM,W_A,10,2.72434363825
High RES,DAM,W_A,11,1.89650444555
High RES,DAM,W_A,12,1.89650444555
High RES,DAM,W_A,13,2.00186576395
High RES,DAM,W_A,14,2.00186576395
High RES,DAM,W_A,15,1.4645228666249999
High RES,DAM,W_A,16,1.4645228666249999
High RES,DAM,W_A,17,1.000932881975
High RES,DAM,W_A,18,1.000932881975
High RES,DAM,W_A,19,0.919654138975
High RES,DAM,W_A,20,0.919654138975
High RES,DAM,W_A,21,0.5057344916
High RES,DAM,W_A,22,0.5057344916
High RES,DAM,W_A,23,0.267918855425
High RES,DAM,W_A,24,0.267918855425
High RES,DAM,W_A,25,0.30103244762500003
High RES,DAM,W_A,26,0.30103244762500003
High RES,DAM,W_A,27,0.20620723045
High RES,DAM,W_A,28,0.20620723045
High RES,DAM,W_A,29,0.24534146650000002
High RES,DAM,W_A,30,0.24534146650000002
High RES,DAM,W_A,31,0.507239678075
High RES,DAM,W_A,32,0.507239678075
High RES,DAM,W_A,33,1.378728615225
High RES,DAM,W_A,34,1.378728615225
High RES,DAM,W_A,35,1.6842765712499999
High RES,DAM,W_A,36,1.6842765712499999
High RES,DAM,W_A,37,1.1514491313000002
High RES,DAM,W_A,38,1.1514491313000002
High RES,DAM,W_A,39,0.752581144575
High RES,DAM,W_A,40,0.752581144575
High RES,DAM,W_A,41,0.546373914125
High RES,DAM,W_A,42,0.546373914125
High RES,DAM,W_A,43,0.7179623659000001
High RES,DAM,W_A,44,0.7179623659000001
High RES,DAM,W_A,45,0.796230838
High RES,DAM,W_A,46,0.796230838
High RES,DAM,W_A,47,0.7751585335000001
High RES,DAM,W_A,48,0.7751585335000001
High RES,IDA1,IND,1,-71.19710865872659
High RES,IDA1,IND,2,-71.19710865872659
High RES,IDA1,IND,3,-65.2671870768009
High RES,IDA1,IND,4,-65.2671870768009
High RES,IDA1,IND,5,-64.42414018100577
High RES,IDA1,IND,6,-64.42414018100577
High RES,IDA1,IND,7,-66.61496329752148
High RES,IDA1,IND,8,-66.61496329752148
High RES,IDA1,IND,9,-69.35406587702495
High RES,IDA1,IND,10,-69.35406587702495
High RES,IDA1,IND,11,-72.56278176960724
High RES,IDA1,IND,12,-72.56278176960724
High RES,IDA1,IND,13,-78.66188167273619
High RES,IDA1,IND,14,-78.66188167273619
High RES,IDA1,IND,15,-86.97293329603056
High RES,IDA1,IND,16,-86.97293329603056
High RES,IDA1,IND,17,-92.73488195095847
High RES,IDA1,IND,18,-92.73488195095847
High RES,IDA1,IND,19,-98.72028257379802
High RES,IDA1,IND,20,-98.72028257379802
High RES,IDA1,IND,21,-89.13067252670912
High RES,IDA1,IND,22,-89.13067252670912
High RES,IDA1,IND,23,-81.43059122232123
High RES,IDA1,IND,24,-81.43059122232123
High RES,IDA1,IND,25,-77.94765017626473
High RES,IDA1,IND,26,-77.94765017626473
High RES,IDA1,IND,27,-82.43602276532211
High RES,IDA1,IND,28,-82.43602276532211
High RES,IDA1,IND,29,-86.70741306884503
High RES,IDA1,IND,30,-86.70741306884503
High RES,IDA1,IND,31,-86.76956968603625
High RES,IDA1,IND,32,-86.76956968603625
High RES,IDA1,IND,33,-84.29907192736573
High RES,IDA1,IND,34,-84.29907192736573
High RES,IDA1,IND,35,-84.13364422819963
High RES,IDA1,IND,36,-84.13364422819963
High RES,IDA1,IND,37,-81.86449250070888
High RES,IDA1,IND,38,-81.86449250070888
High RES,IDA1,IND,39,-79.88667397076921
High RES,IDA1,IND,40,-79.88667397076921
High RES,IDA1,IND,41,-78.10063580502221
High RES,IDA1,IND,42,-78.10063580502221
High RES,IDA1,IND,43,-77.04608896391595
High RES,IDA1,IND,44,-77.04608896391595
High RES,IDA1,IND,45,-76.38699727851285
High RES,IDA1,IND,46,-76.38699727851285
High RES,IDA1,IND,47,-75.5772724852481
High RES,IDA1,IND,48,-75.5772724852481
High RES,IDA1,COM,1,-57.93793699005237
High RES,IDA1,COM,2,-58.13661855030709
High RES,IDA1,COM,3,-51.86008158556274
High RES,IDA1,COM,4,-52.287118999299686
High RES,IDA1,COM,5,-47.842037101977
High RES,IDA1,COM,6,-48.68664115337578
High RES,IDA1,COM,7,-46.17489350207934
High RES,IDA1,COM,8,-47.69976840290162
High RES,IDA1,COM,9,-48.26427383463311
High RES,IDA1,COM,10,-50.79038773565742
High RES,IDA1,COM,11,-55.94519554549966
High RES,IDA1,COM,12,-59.782667472444544
High RES,IDA1,COM,13,-72.48775804678662
High RES,IDA1,COM,14,-77.85810699032626
High RES,IDA1,COM,15,-87.57986894435693
High RES,IDA1,COM,16,-93.48797855994118
High RES,IDA1,COM,17,-94.8697193797853
High RES,IDA1,COM,18,-99.95884781523345
High RES,IDA1,COM,19,-82.66649412470699
High RES,IDA1,COM,20,-85.81969994558071
High RES,IDA1,COM,21,-73.89910771215719
High RES,IDA1,COM,22,-75.64660821893963
High RES,IDA1,COM,23,-68.97819254772325
High RES,IDA1,COM,24,-69.67860130033004
High RES,IDA1,COM,25,-70.72608834988961
High RES,IDA1,COM,26,-70.4484676932067
High RES,IDA1,COM,27,-74.2731405974347
High RES,IDA1,COM,28,-72.71956135716918
High RES,IDA1,COM,29,-84.75932165344621
High RES,IDA1,COM,30,-81.12182659209812
High RES,IDA1,COM,31,-101.63398154237912
High RES,IDA1,COM,32,-94.51782037757864
High RES,IDA1,COM,33,-109.59469946171872
High RES,IDA1,COM,34,-98.82781231118724
High RES,IDA1,COM,35,-112.0219597676281
High RES,IDA1,COM,36,-98.6314235316424
High RES,IDA1,COM,37,-95.89741198205576
High RES,IDA1,COM,38,-83.90171244484223
High RES,IDA1,COM,39,-74.86410244830238
High RES,IDA1,COM,40,-66.68111942641089
High RES,IDA1,COM,41,-59.17799309045547
High RES,IDA1,COM,42,-54.89120709513585
High RES,IDA1,COM,43,-49.582422120791456
High RES,IDA1,COM,44,-48.45965244307395
High RES,IDA1,COM,45,-44.086847017243
High RES,IDA1,COM,46,-45.20166585529121
High RES,IDA1,COM,47,-41.167033868009575
High RES,IDA1,COM,48,-43.51753379569409
High RES,IDA1,RES,1,-134.18986615122105
High RES,IDA1,RES,2,-133.99118459096633
High RES,IDA1,RES,3,-118.60746333763633
High RES,IDA1,RES,4,-118.18042592389942
High RES,IDA1,RES,5,-106.24689571701724
High RES,IDA1,RES,6,-105.40229166561845
High RES,IDA1,RES,7,-96.45527780039916
High RES,IDA1,RES,8,-94.9304028995769
High RES,IDA1,RES,9,-90.16735248834195
High RES,IDA1,RES,10,-87.6412385873176
High RES,IDA1,RES,11,-87.71391528489308
High RES,IDA1,RES,12,-83.87644335794822
High RES,IDA1,RES,13,-89.85623388047722
High RES,IDA1,RES,14,-84.48588493693757
High RES,IDA1,RES,15,-82.75984135961251
High RES,IDA1,RES,16,-76.85173174402826
High RES,IDA1,RES,17,-68.04077486925623
High RES,IDA1,RES,18,-62.95164643380807
High RES,IDA1,RES,19,-46.153551301495
High RES,IDA1,RES,20,-43.00034548062127
High RES,IDA1,RES,21,-33.72133356113369
High RES,IDA1,RES,22,-31.973833054351253
High RES,IDA1,RES,23,-27.529256229955504
High RES,IDA1,RES,24,-26.828847477348724
High RES,IDA1,RES,25,-26.907577073845665
High RES,IDA1,RES,26,-27.185197730528607
High RES,IDA1,RES,27,-29.901291037243187
High RES,IDA1,RES,28,-31.45487027750871
High RES,IDA1,RES,29,-40.574411277708776
High RES,IDA1,RES,30,-44.21190633905687
High RES,IDA1,RES,31,-64.69994057158463
High RES,IDA1,RES,32,-71.81610173638514
High RES,IDA1,RES,33,-101.05561581091554
High RES,IDA1,RES,34,-111.82250296144697
High RES,IDA1,RES,35,-156.3657146041722
High RES,IDA1,RES,36,-169.75625084015797
High RES,IDA1,RES,37,-202.2403759172354
High RES,IDA1,RES,38,-214.23607545444895
High RES,IDA1,RES,39,-227.4394669809284
High RES,IDA1,RES,40,-235.62245000281987
High RES,IDA1,RES,41,-236.68304890452237
High RES,IDA1,RES,42,-240.96983489984194
High RES,IDA1,RES,43,-231.23609431529263
High RES,IDA1,RES,44,-232.3588639930101
High RES,IDA1,RES,45,-210.7379367042442
High RES,IDA1,RES,46,-209.62311786619594
High RES,IDA1,RES,47,-181.16554684674233
High RES,IDA1,RES,48,-178.81504691905778
High RES,IDA1,PV_C,1,0.0
High RES,IDA1,PV_C,2,0.0
High RES,IDA1,PV_C,3,0.0
High RES,IDA1,PV_C,4,0.0
High RES,IDA1,PV_C,5,0.0
High RES,IDA1,PV_C,6,0.0
High RES,IDA1,PV_C,7,0.0
High RES,IDA1,PV_C,8,0.0
High RES,IDA1,PV_C,9,0.0
High RES,IDA1,PV_C,10,0.0
High RES,IDA1,PV_C,11,0.0
High RES,IDA1,PV_C,12,0.0
High RES,IDA1,PV_C,13,7.787e-05
High RES,IDA1,PV_C,14,7.787e-05
High RES,IDA1,PV_C,15,4.76725327
High RES,IDA1,PV_C,16,4.76725327
High RES,IDA1,PV_C,17,26.105663869999997
High RES,IDA1,PV_C,18,26.105663869999997
High RES,IDA1,PV_C,19,50.5793392
High RES,IDA1,PV_C,20,50.5793392
High RES,IDA1,PV_C,21,62.481432000000005
High RES,IDA1,PV_C,22,62.481432000000005
High RES,IDA1,PV_C,23,65.84717945
High RES,IDA1,PV_C,24,65.84717945
High RES,IDA1,PV_C,25,63.49734651000001
High RES,IDA1,PV_C,26,63.49734651000001
High RES,IDA1,PV_C,27,53.56338871
High RES,IDA1,PV_C,28,53.56338871
High RES,IDA1,PV_C,29,37.21087851
High RES,IDA1,PV_C,30,37.21087851
High RES,IDA1,PV_C,31,18.37686435
High RES,IDA1,PV_C,32,18.37686435
High RES,IDA1,PV_C,33,4.200156870000001
High RES,IDA1,PV_C,34,4.200156870000001
High RES,IDA1,PV_C,35,0.0
High RES,IDA1,PV_C,36,0.0
High RES,IDA1,PV_C,37,0.0
High RES,IDA1,PV_C,38,0.0
High RES,IDA1,PV_C,39,0.0
High RES,IDA1,PV_C,40,0.0
High RES,IDA1,PV_C,41,0.0
High RES,IDA1,PV_C,42,0.0
High RES,IDA1,PV_C,43,0.0
High RES,IDA1,PV_C,44,0.0
High RES,IDA1,PV_C,45,0.0
High RES,IDA1,PV_C,46,0.0
High RES,IDA1,PV_C,47,0.0
High RES,IDA1,PV_C,48,0.0
High RES,IDA1,PV_A,1,0.0
High RES,IDA1,PV_A,2,0.0
High RES,IDA1,PV_A,3,0.0
High RES,IDA1,PV_A,4,0.0
High RES,IDA1,PV_A,5,0.0
High RES,IDA1,PV_A,6,0.0
High RES,IDA1,PV_A,7,0.0
High RES,IDA1,PV_A,8,0.0
High RES,IDA1,PV_A,9,0.0
High RES,IDA1,PV_A,10,0.0
High RES,IDA1,PV_A,11,0.0
High RES,IDA1,PV_A,12,0.0
High RES,IDA1,PV_A,13,7.787e-05
High RES,IDA1,PV_A,14,7.787e-05
High RES,IDA1,PV_A,15,4.76725327
High RES,IDA1,PV_A,16,4.76725327
High RES,IDA1,PV_A,17,26.105663869999997
High RES,IDA1,PV_A,18,26.105663869999997
High RES,IDA1,PV_A,19,50.5793392
High RES,IDA1,PV_A,20,50.5793392
High RES,IDA1,PV_A,21,62.481432000000005
High RES,IDA1,PV_A,22,62.481432000000005
High RES,IDA1,PV_A,23,65.84717945
High RES,IDA1,PV_A,24,65.84717945
High RES,IDA1,PV_A,25,63.49734651000001
High RES,IDA1,PV_A,26,63.49734651000001
High RES,IDA1,PV_A,27,53.56338871
High RES,IDA1,PV_A,28,53.56338871
High RES,IDA1,PV_A,29,37.21087851
High RES,IDA1,PV_A,30,37.21087851
High RES,IDA1,PV_A,31,18.37686435
High RES,IDA1,PV_A,32,18.37686435
High RES,IDA1,PV_A,33,4.200156870000001
High RES,IDA1,PV_A,34,4.200156870000001
High RES,IDA1,PV_A,35,0.0
High RES,IDA1,PV_A,36,0.0
High RES,IDA1,PV_A,37,0.0
High RES,IDA1,PV_A,38,0.0
High RES,IDA1,PV_A,39,0.0
High RES,IDA1,PV_A,40,0.0
High RES,IDA1,PV_A,41,0.0
High RES,IDA1,PV_A,42,0.0
High RES,IDA1,PV_A,43,0.0
High RES,IDA1,PV_A,44,0.0
High RES,IDA1,PV_A,45,0.0
High RES,IDA1,PV_A,46,0.0
High RES,IDA1,PV_A,47,0.0
High RES,IDA1,PV_A,48,0.0
High RES,IDA1,W_C,1,11.892286893500001
High RES,IDA1,W_C,2,11.892286893500001
High RES,IDA1,W_C,3,14.240339984
High RES,IDA1,W_C,4,14.240339984
High RES,IDA1,W_C,5,14.560939548999999
High RES,IDA1,W_C,6,14.560939548999999
High RES,IDA1,W_C,7,13.045241160250002
High RES,IDA1,W_C,8,13.045241160250002
High RES,IDA1,W_C,9,12.53499116025
High RES,IDA1,W_C,10,12.53499116025
High RES,IDA1,W_C,11,11.762842897
High RES,IDA1,W_C,12,11.762842897
High RES,IDA1,W_C,13,10.5391460395
High RES,IDA1,W_C,14,10.5391460395
High RES,IDA1,W_C,15,8.65769320325
High RES,IDA1,W_C,16,8.65769320325
High RES,IDA1,W_C,17,7.16758257475
High RES,IDA1,W_C,18,7.16758257475
High RES,IDA1,W_C,19,5.69703906525
High RES,IDA1,W_C,20,5.69703906525
High RES,IDA1,W_C,21,3.625935846
High RES,IDA1,W_C,22,3.625935846
High RES,IDA1,W_C,23,1.8949992590750002
High RES,IDA1,W_C,24,1.8949992590750002
High RES,IDA1,W_C,25,1.3049756515250002
High RES,IDA1,W_C,26,1.3049756515250002
High RES,IDA1,W_C,27,1.1800472151
High RES,IDA1,W_C,28,1.1800472151
High RES,IDA1,W_C,29,1.195098824725
High RES,IDA1,W_C,30,1.195098824725
High RES,IDA1,W_C,31,1.28390339805
High RES,IDA1,W_C,32,1.28390339805
High RES,IDA1,W_C,33,1.58192552375
High RES,IDA1,W_C,34,1.58192552375
High RES,IDA1,W_C,35,1.723410756275
High RES,IDA1,W_C,36,1.723410756275
High RES,IDA1,W_C,37,1.5789152018250001
High RES,IDA1,W_C,38,1.5789152018250001
High RES,IDA1,W_C,39,1.0159844916
High RES,IDA1,W_C,40,1.0159844916
High RES,IDA1,W_C,41,0.6983952989000001
High RES,IDA1,W_C,42,0.6983952989000001
High RES,IDA1,W_C,43,1.1574697751500003
High RES,IDA1,W_C,44,1.1574697751500003
High RES,IDA1,W_C,45,1.407326699025
High RES,IDA1,W_C,46,1.407326699025
High RES,IDA1,W_C,47,1.631595861025
High RES,IDA1,W_C,48,1.631595861025
High RES,IDA1,W_A,1,11.892286893500001
High RES,IDA1,W_A,2,11.892286893500001
High RES,IDA1,W_A,3,14.240339984
High RES,IDA1,W_A,4,14.240339984
High RES,IDA1,W_A,5,14.560939548999999
High RES,IDA1,W_A,6,14.560939548999999
High RES,IDA1,W_A,7,13.045241160250002
High RES,IDA1,W_A,8,13.045241160250002
High RES,IDA1,W_A,9,12.53499116025
High RES,IDA1,W_A,10,12.53499116025
High RES,IDA1,W_A,11,11.762842897
High RES,IDA1,W_A,12,11.762842897
High RES,IDA1,W_A,13,10.5391460395
High RES,IDA1,W_A,14,10.5391460395
High RES,IDA1,W_A,15,8.65769320325
High RES,IDA1,W_A,16,8.65769320325
High RES,IDA1,W_A,17,7.16758257475
High RES,IDA1,W_A,18,7.16758257475
High RES,IDA1,W_A,19,5.69703906525
High RES,IDA1,W_A,20,5.69703906525
High RES,IDA1,W_A,21,3.625935846
High RES,IDA1,W_A,22,3.625935846
High RES,IDA1,W_A,23,1.8949992590750002
High RES,IDA1,W_A,24,1.8949992590750002
High RES,IDA1,W_A,25,1.3049756515250002
High RES,IDA1,W_A,26,1.3049756515250002
High RES,IDA1,W_A,27,1.1800472151
High RES,IDA1,W_A,28,1.1800472151
High RES,IDA1,W_A,29,1.195098824725
High RES,IDA1,W_A,30,1.195098824725
High RES,IDA1,W_A,31,1.28390339805
High RES,IDA1,W_A,32,1.28390339805
High RES,IDA1,W_A,33,1.58192552375
High RES,IDA1,W_A,34,1.58192552375
High RES,IDA1,W_A,35,1.723410756275
High RES,IDA1,W_A,36,1.723410756275
High RES,IDA1,W_A,37,1.5789152018250001
High RES,IDA1,W_A,38,1.5789152018250001
High RES,IDA1,W_A,39,1.0159844916
High RES,IDA1,W_A,40,1.0159844916
High RES,IDA1,W_A,41,0.6983952989000001
High RES,IDA1,W_A,42,0.6983952989000001
High RES,IDA1,W_A,43,1.1574697751500003
High RES,IDA1,W_A,44,1.1574697751500003
High RES,IDA1,W_A,45,1.407326699025
High RES,IDA1,W_A,46,1.407326699025
High RES,IDA1,W_A,47,1.631595861025
High RES,IDA1,W_A,48,1.631595861025
High RES,IDA2,IND,1,-72.00464377216993
High RES,IDA2,IND,2,-72.00464377216993
High RES,IDA2,IND,3,-67.55720258572568
High RES,IDA2,IND,4,-67.55720258572568
High RES,IDA2,IND,5,-66.92491741387931
High RES,IDA2,IND,6,-66.92491741387931
High RES,IDA2,IND,7,-68.56803475126613
High RES,IDA2,IND,8,-68.56803475126613
High RES,IDA2,IND,9,-70.6223616858937
High RES,IDA2,IND,10,-70.6223616858937
High RES,IDA2,IND,11,-73.02889860533043
High RES,IDA2,IND,12,-73.02889860533043
High RES,IDA2,IND,13,-77.60322353267715
High RES,IDA2,IND,14,-77.60322353267715
High RES,IDA2,IND,15,-83.83651225014792
High RES,IDA2,IND,16,-83.83651225014792
High RES,IDA2,IND,17,-88.15797374134385
High RES,IDA2,IND,18,-88.15797374134385
High RES,IDA2,IND,19,-92.64702420847351
High RES,IDA2,IND,20,-92.64702420847351
High RES,IDA2,IND,21,-85.45481667315684
High RES,IDA2,IND,22,-85.45481667315684
High RES,IDA2,IND,23,-79.67975569486592
High RES,IDA2,IND,24,-79.67975569486592
High RES,IDA2,IND,25,-77.06754991032355
High RES,IDA2,IND,26,-77.06754991032355
High RES,IDA2,IND,27,-80.43382935211658
High RES,IDA2,IND,28,-80.43382935211658
High RES,IDA2,IND,29,-83.63737207975876
High RES,IDA2,IND,30,-83.63737207975876
High RES,IDA2,IND,31,-83.68398954265217
High RES,IDA2,IND,32,-83.68398954265217
High RES,IDA2,IND,33,-81.83111622364929
High RES,IDA2,IND,34,-81.83111622364929
High RES,IDA2,IND,35,-81.70704544927472
High RES,IDA2,IND,36,-81.70704544927472
High RES,IDA2,IND,37,-80.00518165365665
High RES,IDA2,IND,38,-80.00518165365665
High RES,IDA2,IND,39,-78.5218177562019
High RES,IDA2,IND,40,-78.5218177562019
High RES,IDA2,IND,41,-77.18228913189165
High RES,IDA2,IND,42,-77.18228913189165
High RES,IDA2,IND,43,-76.39137900106195
High RES,IDA2,IND,44,-76.39137900106195
High RES,IDA2,IND,45,-75.89706023700964
High RES,IDA2,IND,46,-75.89706023700964
High RES,IDA2,IND,47,-75.28976664206107
High RES,IDA2,IND,48,-75.28976664206107
High RES,IDA2,COM,1,-58.595083318061306
High RES,IDA2,COM,2,-58.7960183734273
High RES,IDA2,COM,3,-53.67968491832619
High RES,IDA2,COM,4,-54.121705700339724
High RES,IDA2,COM,5,-49.69914030619159
High RES,IDA2,COM,6,-50.576529685832185
High RES,IDA2,COM,7,-47.52868643259297
High RES,IDA2,COM,8,-49.09826885094439
High RES,IDA2,COM,9,-49.146895140946995
High RES,IDA2,COM,10,-51.71920474272626
High RES,IDA2,COM,11,-56.304567070207455
High RES,IDA2,COM,12,-60.16668951671819
High RES,IDA2,COM,13,-71.51219334532006
High RES,IDA2,COM,14,-76.81026632109568
High RES,IDA2,COM,15,-84.42156056331419
High RES,IDA2,COM,16,-90.11661171763407
High RES,IDA2,COM,17,-90.18744677277643
High RES,IDA2,COM,18,-95.02540247552724
High RES,IDA2,COM,19,-77.58086264264942
High RES,IDA2,COM,20,-80.54008367002444
High RES,IDA2,COM,21,-70.85141986289719
High RES,IDA2,COM,22,-72.52685135252936
High RES,IDA2,COM,23,-67.49509549145256
High RES,IDA2,COM,24,-68.18044478655821
High RES,IDA2,COM,25,-69.92752612222837
High RES,IDA2,COM,26,-69.65304005668737
High RES,IDA2,COM,27,-72.46920600799416
High RES,IDA2,COM,28,-70.9533598608281
High RES,IDA2,COM,29,-81.75825654870577
High RES,IDA2,COM,30,-78.249553923214
High RES,IDA2,COM,31,-98.0198136206648
High RES,IDA2,COM,32,-91.15670759566366
High RES,IDA2,COM,33,-106.38618414298917
High RES,IDA2,COM,34,-95.9345104336842
High RES,IDA2,COM,35,-108.79100081798846
High RES,IDA2,COM,36,-95.78667700840444
High RES,IDA2,COM,37,-93.71938469750468
High RES,IDA2,COM,38,-81.99613214659998
High RES,IDA2,COM,39,-73.5850563897325
High RES,IDA2,COM,40,-65.54187885323667
High RES,IDA2,COM,41,-58.48214839576134
High RES,IDA2,COM,42,-54.24576859261476
High RES,IDA2,COM,43,-49.1610885244798
High RES,IDA2,COM,44,-48.047859739802774
High RES,IDA2,COM,45,-43.80407926662599
High RES,IDA2,COM,46,-44.91174779031724
High RES,IDA2,COM,47,-41.01042907936705
High RES,IDA2,COM,48,-43.35198739747241
High RES,IDA2,RES,1,-135.71188060976874
High RES,IDA2,RES,2,-135.51094555440275
High RES,IDA2,RES,3,-122.7690174459481
High RES,IDA2,RES,4,-122.32699666393458
High RES,IDA2,RES,5,-110.37112332992908
High RES,IDA2,RES,6,-109.49373395028847
High RES,IDA2,RES,7,-99.28323176614091
High RES,IDA2,RES,8,-97.71364934778951
High RES,IDA2,RES,9,-91.81626627315929
High RES,IDA2,RES,10,-89.24395667138
High RES,IDA2,RES,11,-88.2773574744621
High RES,IDA2,RES,12,-84.41523502795138
High RES,IDA2,RES,13,-88.64691837200283
High RES,IDA2,RES,14,-83.3488453962272
High RES,IDA2,RES,15,-79.7753529865379
High RES,IDA2,RES,16,-74.08030183221801
High RES,IDA2,RES,17,-64.68263848587972
High RES,IDA2,RES,18,-59.84468278312889
High RES,IDA2,RES,19,-43.31419109887708
High RES,IDA2,RES,20,-40.35497007150204
High RES,IDA2,RES,21,-32.33062531394597
High RES,IDA2,RES,22,-30.655193824313795
High RES,IDA2,RES,23,-26.937350913681517
High RES,IDA2,RES,24,-26.252001618575857
High RES,IDA2,RES,25,-26.603765917448094
High RES,IDA2,RES,26,-26.878251982989095
High RES,IDA2,RES,27,-29.17505308988925
High RES,IDA2,RES,28,-30.69089923705532
High RES,IDA2,RES,29,-39.13779702153548
High RES,IDA2,RES,30,-42.64649964702724
High RES,IDA2,RES,31,-62.39917023668302
High RES,IDA2,RES,32,-69.26227626168415
High RES,IDA2,RES,33,-98.09709233336153
High RES,IDA2,RES,34,-108.54876604266646
High RES,IDA2,RES,35,-151.8557845327368
High RES,IDA2,RES,36,-164.8601083423208
High RES,IDA2,RES,37,-197.6470813988387
High RES,IDA2,RES,38,-209.3703339497434
High RES,IDA2,RES,39,-223.55368535406558
High RES,IDA2,RES,40,-231.59686289056143
High RES,IDA2,RES,41,-233.90001022234702
High RES,IDA2,RES,42,-238.13639002549357
High RES,IDA2,RES,43,-229.27113312445826
High RES,IDA2,RES,44,-230.38436190913524
High RES,IDA2,RES,45,-209.3862888463644
High RES,IDA2,RES,46,-208.27862032267313
High RES,IDA2,RES,47,-180.47636937857186
High RES,IDA2,RES,48,-178.13481106046646
High RES,IDA2,PV_C,1,0.0
High RES,IDA2,PV_C,2,0.0
High RES,IDA2,PV_C,3,0.0
High RES,IDA2,PV_C,4,0.0
High RES,IDA2,PV_C,5,0.0
High RES,IDA2,PV_C,6,0.0
High RES,IDA2,PV_C,7,0.0
High RES,IDA2,PV_C,8,0.0
High RES,IDA2,PV_C,9,0.0
High RES,IDA2,PV_C,10,0.0
High RES,IDA2,PV_C,11,0.0
High RES,IDA2,PV_C,12,0.0
High RES,IDA2,PV_C,13,7.787e-05
High RES,IDA2,PV_C,14,7.787e-05
High RES,IDA2,PV_C,15,5.0560379025
High RES,IDA2,PV_C,16,5.0560379025
High RES,IDA2,PV_C,17,26.7603981125
High RES,IDA2,PV_C,18,26.7603981125
High RES,IDA2,PV_C,19,51.362805
High RES,IDA2,PV_C,20,51.362805
High RES,IDA2,PV_C,21,63.562675930000005
High RES,IDA2,PV_C,22,63.562675930000005
High RES,IDA2,PV_C,23,67.37091504
High RES,IDA2,PV_C,24,67.37091504
High RES,IDA2,PV_C,25,65.3910417875
High RES,IDA2,PV_C,26,65.3910417875
High RES,IDA2,PV_C,27,56.4181226375
High RES,IDA2,PV_C,28,56.4181226375
High RES,IDA2,PV_C,29,40.74740501
High RES,IDA2,PV_C,30,40.74740501
High RES,IDA2,PV_C,31,21.107499725000004
High RES,IDA2,PV_C,32,21.107499725000004
High RES,IDA2,PV_C,33,5.104781825000001
High RES,IDA2,PV_C,34,5.104781825000001
High RES,IDA2,PV_C,35,0.0
High RES,IDA2,PV_C,36,0.0
High RES,IDA2,PV_C,37,0.0
High RES,IDA2,PV_C,38,0.0
High RES,IDA2,PV_C,39,0.0
High RES,IDA2,PV_C,40,0.0
High RES,IDA2,PV_C,41,0.0
High RES,IDA2,PV_C,42,0.0
High RES,IDA2,PV_C,43,0.0
High RES,IDA2,PV_C,44,0.0
High RES,IDA2,PV_C,45,0.0
High RES,IDA2,PV_C,46,0.0
High RES,IDA2,PV_C,47,0.0
High RES,IDA2,PV_C,48,0.0
High RES,IDA2,PV_A,1,0.0
High RES,IDA2,PV_A,2,0.0
High RES,IDA2,PV_A,3,0.0
High RES,IDA2,PV_A,4,0.0
High RES,IDA2,PV_A,5,0.0
High RES,IDA2,PV_A,6,0.0
High RES,IDA2,PV_A,7,0.0
High RES,IDA2,PV_A,8,0.0
High RES,IDA2,PV_A,9,0.0
High RES,IDA2,PV_A,10,0.0
High RES,IDA2,PV_A,11,0.0
High RES,IDA2,PV_A,12,0.0
High RES,IDA2,PV_A,13,7.787e-05
High RES,IDA2,PV_A,14,7.787e-05
High RES,IDA2,PV_A,15,5.0560379025
High RES,IDA2,PV_A,16,5.0560379025
High RES,IDA2,PV_A,17,26.7603981125
High RES,IDA2,PV_A,18,26.7603981125
High RES,IDA2,PV_A,19,51.362805
High RES,IDA2,PV_A,20,51.362805
High RES,IDA2,PV_A,21,63.562675930000005
High RES,IDA2,PV_A,22,63.562675930000005
High RES,IDA2,PV_A,23,67.37091504
High RES,IDA2,PV_A,24,67.37091504
High RES,IDA2,PV_A,25,65.3910417875
High RES,IDA2,PV_A,26,65.3910417875
High RES,IDA2,PV_A,27,56.4181226375
High RES,IDA2,PV_A,28,56.4181226375
High RES,IDA2,PV_A,29,40.74740501
High RES,IDA2,PV_A,30,40.74740501
High RES,IDA2,PV_A,31,21.107499725000004
High RES,IDA2,PV_A,32,21.107499725000004
High RES,IDA2,PV_A,33,5.104781825000001
High RES,IDA2,PV_A,34,5.104781825000001
High RES,IDA2,PV_A,35,0.0
High RES,IDA2,PV_A,36,0.0
High RES,IDA2,PV_A,37,0.0
High RES,IDA2,PV_A,38,0.0
High RES,IDA2,PV_A,39,0.0
High RES,IDA2,PV_A,40,0.0
High RES,IDA2,PV_A,41,0.0
High RES,IDA2,PV_A,42,0.0
High RES,IDA2,PV_A,43,0.0
High RES,IDA2,PV_A,44,0.0
High RES,IDA2,PV_A,45,0.0
High RES,IDA2,PV_A,46,0.0
High RES,IDA2,PV_A,47,0.0
High RES,IDA2,PV_A,48,0.0
High RES,IDA2,W_C,1,9.397856764400002
High RES,IDA2,W_C,2,9.397856764400002
High RES,IDA2,W_C,3,11.17996884850625
High RES,IDA2,W_C,4,11.17996884850625
High RES,IDA2,W_C,5,11.614584452250002
High RES,IDA2,W_C,6,11.614584452250002
High RES,IDA2,W_C,7,10.721646940875
High RES,IDA2,W_C,8,10.721646940875
High RES,IDA2,W_C,9,10.08232927975
High RES,IDA2,W_C,10,10.08232927975
High RES,IDA2,W_C,11,9.296258284137501
High RES,IDA2,W_C,12,9.296258284137501
High RES,IDA2,W_C,13,8.404825970612501
High RES,IDA2,W_C,14,8.404825970612501
High RES,IDA2,W_C,15,6.859400619093751
High RES,IDA2,W_C,16,6.859400619093751
High RES,IDA2,W_C,17,5.62592015155625
High RES,IDA2,W_C,18,5.62592015155625
High RES,IDA2,W_C,19,4.50269283368125
High RES,IDA2,W_C,20,4.50269283368125
High RES,IDA2,W_C,21,2.8458855074000002
High RES,IDA2,W_C,22,2.8458855074000002
High RES,IDA2,W_C,23,1.4882291581625002
High RES,IDA2,W_C,24,1.4882291581625002
High RES,IDA2,W_C,25,1.05398985055
High RES,IDA2,W_C,26,1.05398985055
High RES,IDA2,W_C,27,0.9365872189375001
High RES,IDA2,W_C,28,0.9365872189375001
High RES,IDA2,W_C,29,0.95765948516875
High RES,IDA2,W_C,30,0.95765948516875
High RES,IDA2,W_C,31,1.0897374680562502
High RES,IDA2,W_C,32,1.0897374680562502
High RES,IDA2,W_C,33,1.53112629661875
High RES,IDA2,W_C,34,1.53112629661875
High RES,IDA2,W_C,35,1.7136272100187502
High RES,IDA2,W_C,36,1.7136272100187502
High RES,IDA2,W_C,37,1.47204868419375
High RES,IDA2,W_C,38,1.47204868419375
High RES,IDA2,W_C,39,0.95013365484375
High RES,IDA2,W_C,40,0.95013365484375
High RES,IDA2,W_C,41,0.66038995270625
High RES,IDA2,W_C,42,0.66038995270625
High RES,IDA2,W_C,43,1.0475929228375
High RES,IDA2,W_C,44,1.0475929228375
High RES,IDA2,W_C,45,1.25455273376875
High RES,IDA2,W_C,46,1.25455273376875
High RES,IDA2,W_C,47,1.4174865291437502
High RES,IDA2,W_C,48,1.4174865291437502
High RES,IDA2,W_A,1,9.397856764400002
High RES,IDA2,W_A,2,9.397856764400002
High RES,IDA2,W_A,3,11.17996884850625
High RES,IDA2,W_A,4,11.17996884850625
High RES,IDA2,W_A,5,11.614584452250002
High RES,IDA2,W_A,6,11.614584452250002
High RES,IDA2,W_A,7,10.721646940875
High RES,IDA2,W_A,8,10.721646940875
High RES,IDA2,W_A,9,10.08232927975
High RES,IDA2,W_A,10,10.08232927975
High RES,IDA2,W_A,11,9.296258284137501
High RES,IDA2,W_A,12,9.296258284137501
High RES,IDA2,W_A,13,8.404825970612501
High RES,IDA2,W_A,14,8.404825970612501
High RES,IDA2,W_A,15,6.859400619093751
High RES,IDA2,W_A,16,6.859400619093751
High RES,IDA2,W_A,17,5.62592015155625
High RES,IDA2,W_A,18,5.62592015155625
High RES,IDA2,W_A,19,4.50269283368125
High RES,IDA2,W_A,20,4.50269283368125
High RES,IDA2,W_A,21,2.8458855074000002
High RES,IDA2,W_A,22,2.8458855074000002
High RES,IDA2,W_A,23,1.4882291581625002
High RES,IDA2,W_A,24,1.4882291581625002
High RES,IDA2,W_A,25,1.05398985055
High RES,IDA2,W_A,26,1.05398985055
High RES,IDA2,W_A,27,0.9365872189375001
High RES,IDA2,W_A,28,0.9365872189375001
High RES,IDA2,W_A,29,0.95765948516875
High RES,IDA2,W_A,30,0.95765948516875
High RES,IDA2,W_A,31,1.0897374680562502
High RES,IDA2,W_A,32,1.0897374680562502
High RES,IDA2,W_A,33,1.53112629661875
High RES,IDA2,W_A,34,1.53112629661875
High RES,IDA2,W_A,35,1.7136272100187502
High RES,IDA2,W_A,36,1.7136272100187502
High RES,IDA2,W_A,37,1.47204868419375
High RES,IDA2,W_A,38,1.47204868419375
High RES,IDA2,W_A,39,0.95013365484375
High RES,IDA2,W_A,40,0.95013365484375
High RES,IDA2,W_A,41,0.66038995270625
High RES,IDA2,W_A,42,0.66038995270625
High RES,IDA2,W_A,43,1.0475929228375
High RES,IDA2,W_A,44,1.0475929228375
High RES,IDA2,W_A,45,1.25455273376875
High RES,IDA2,W_A,46,1.25455273376875
High RES,IDA2,W_A,47,1.4174865291437502
High RES,IDA2,W_A,48,1.4174865291437502
High RES,IDA3,IND,1,-72.81217888561329
High RES,IDA3,IND,2,-72.81217888561329
High RES,IDA3,IND,3,-69.84721809465044
High RES,IDA3,IND,4,-69.84721809465044
High RES,IDA3,IND,5,-69.42569464675289
High RES,IDA3,IND,6,-69.42569464675289
High RES,IDA3,IND,7,-70.52110620501074
High RES,IDA3,IND,8,-70.52110620501074
High RES,IDA3,IND,9,-71.89065749476246
High RES,IDA3,IND,10,-71.89065749476246
High RES,IDA3,IND,11,-73.49501544105361
High RES,IDA3,IND,12,-73.49501544105361
High RES,IDA3,IND,13,-76.54456539261808
High RES,IDA3,IND,14,-76.54456539261808
High RES,IDA3,IND,15,-80.70009120426526
High RES,IDA3,IND,16,-80.70009120426526
High RES,IDA3,IND,17,-83.58106553172924
High RES,IDA3,IND,18,-83.58106553172924
High RES,IDA3,IND,19,-86.573765843149
High RES,IDA3,IND,20,-86.573765843149
High RES,IDA3,IND,21,-81.77896081960456
High RES,IDA3,IND,22,-81.77896081960456
High RES,IDA3,IND,23,-77.92892016741061
High RES,IDA3,IND,24,-77.92892016741061
High RES,IDA3,IND,25,-76.18744964438237
High RES,IDA3,IND,26,-76.18744964438237
High RES,IDA3,IND,27,-78.43163593891106
High RES,IDA3,IND,28,-78.43163593891106
High RES,IDA3,IND,29,-80.56733109067251
High RES,IDA3,IND,30,-80.56733109067251
High RES,IDA3,IND,31,-80.59840939926812
High RES,IDA3,IND,32,-80.59840939926812
High RES,IDA3,IND,33,-79.36316051993286
High RES,IDA3,IND,34,-79.36316051993286
High RES,IDA3,IND,35,-79.2804466703498
High RES,IDA3,IND,36,-79.2804466703498
High RES,IDA3,IND,37,-78.14587080660444
High RES,IDA3,IND,38,-78.14587080660444
High RES,IDA3,IND,39,-77.1569615416346
High RES,IDA3,IND,40,-77.1569615416346
High RES,IDA3,IND,41,-76.26394245876112
High RES,IDA3,IND,42,-76.26394245876112
High RES,IDA3,IND,43,-75.73666903820798
High RES,IDA3,IND,44,-75.73666903820798
High RES,IDA3,IND,45,-75.40712319550643
High RES,IDA3,IND,46,-75.40712319550643
High RES,IDA3,IND,47,-75.00226079887406
High RES,IDA3,IND,48,-75.00226079887406
High RES,IDA3,COM,1,-59.252229646070255
High RES,IDA3,COM,2,-59.45541819654752
High RES,IDA3,COM,3,-55.49928825108964
High RES,IDA3,COM,4,-55.95629240137977
High RES,IDA3,COM,5,-51.55624351040619
High RES,IDA3,COM,6,-52.466418218288595
High RES,IDA3,COM,7,-48.88247936310659
High RES,IDA3,COM,8,-50.49676929898716
High RES,IDA3,COM,9,-50.029516447260896
High RES,IDA3,COM,10,-52.64802174979511
High RES,IDA3,COM,11,-56.66393859491526
High RES,IDA3,COM,12,-60.55071156099184
High RES,IDA3,COM,13,-70.53662864385349
High RES,IDA3,COM,14,-75.76242565186509
High RES,IDA3,COM,15,-81.26325218227144
High RES,IDA3,COM,16,-86.74524487532697
High RES,IDA3,COM,17,-85.50517416576754
High RES,IDA3,COM,18,-90.09195713582105
High RES,IDA3,COM,19,-72.49523116059186
High RES,IDA3,COM,20,-75.26046739446818
High RES,IDA3,COM,21,-67.80373201363719
High RES,IDA3,COM,22,-69.4070944861191
High RES,IDA3,COM,23,-66.01199843518187
High RES,IDA3,COM,24,-66.68228827278638
High RES,IDA3,COM,25,-69.12896389456712
High RES,IDA3,COM,26,-68.85761242016807
High RES,IDA3,COM,27,-70.66527141855363
High RES,IDA3,COM,28,-69.18715836448702
High RES,IDA3,COM,29,-78.75719144396531
High RES,IDA3,COM,30,-75.3772812543299
High RES,IDA3,COM,31,-94.4056456989505
High RES,IDA3,COM,32,-87.7955948137487
High RES,IDA3,COM,33,-103.17766882425964
High RES,IDA3,COM,34,-93.04120855618116
High RES,IDA3,COM,35,-105.56004186834876
High RES,IDA3,COM,36,-92.9419304851665
High RES,IDA3,COM,37,-91.5413574129536
High RES,IDA3,COM,38,-80.09055184835773
High RES,IDA3,COM,39,-72.30601033116262
High RES,IDA3,COM,40,-64.40263828006245
High RES,IDA3,COM,41,-57.786303701067226
High RES,IDA3,COM,42,-53.600330090093685
High RES,IDA3,COM,43,-48.73975492816815
High RES,IDA3,COM,44,-47.636067036531614
High RES,IDA3,COM,45,-43.52131151600898
High RES,IDA3,COM,46,-44.62182972534327
High RES,IDA3,COM,47,-40.853824290724525
High RES,IDA3,COM,48,-43.18644099925074
High RES,IDA3,RES,1,-137.23389506831646
High RES,IDA3,RES,2,-137.0307065178392
High RES,IDA3,RES,3,-126.93057155425987
High RES,IDA3,RES,4,-126.47356740396977
High RES,IDA3,RES,5,-114.49535094284094
High RES,IDA3,RES,6,-113.58517623495852
High RES,IDA3,RES,7,-102.11118573188266
High RES,IDA3,RES,8,-100.49689579600211
High RES,IDA3,RES,9,-93.46518005797664
High RES,IDA3,RES,10,-90.84667475544241
High RES,IDA3,RES,11,-88.84079966403111
High RES,IDA3,RES,12,-84.95402669795455
High RES,IDA3,RES,13,-87.43760286352844
High RES,IDA3,RES,14,-82.21180585551683
High RES,IDA3,RES,15,-76.79086461346328
High RES,IDA3,RES,16,-71.30887192040775
High RES,IDA3,RES,17,-61.32450210250321
High RES,IDA3,RES,18,-56.737719132449705
High RES,IDA3,RES,19,-40.47483089625914
High RES,IDA3,RES,20,-37.709594662382806
High RES,IDA3,RES,21,-30.939917066758255
High RES,IDA3,RES,22,-29.33655459427634
High RES,IDA3,RES,23,-26.345445597407515
High RES,IDA3,RES,24,-25.67515575980299
High RES,IDA3,RES,25,-26.29995476105052
High RES,IDA3,RES,26,-26.571306235449587
High RES,IDA3,RES,27,-28.448815142535317
High RES,IDA3,RES,28,-29.926928196601935
High RES,IDA3,RES,29,-37.701182765362184
High RES,IDA3,RES,30,-41.081092954997615
High RES,IDA3,RES,31,-60.09839990178141
High RES,IDA3,RES,32,-66.70845078698319
High RES,IDA3,RES,33,-95.13856885580753
High RES,IDA3,RES,34,-105.27502912388597
High RES,IDA3,RES,35,-147.34585446130137
High RES,IDA3,RES,36,-159.96396584448368
High RES,IDA3,RES,37,-193.053786880442
High RES,IDA3,RES,38,-204.50459244503787
High RES,IDA3,RES,39,-219.66790372720274
High RES,IDA3,RES,40,-227.57127577830292
High RES,IDA3,RES,41,-231.11697154017173
High RES,IDA3,RES,42,-235.30294515114525
High RES,IDA3,RES,43,-227.30617193362392
High RES,IDA3,RES,44,-228.40985982526044
High RES,IDA3,RES,45,-208.03464098848465
High RES,IDA3,RES,46,-206.93412277915033
High RES,IDA3,RES,47,-179.78719191040145
High RES,IDA3,RES,48,-177.4545752018752
High RES,IDA3,PV_C,1,0.0
High RES,IDA3,PV_C,2,0.0
High RES,IDA3,PV_C,3,0.0
High RES,IDA3,PV_C,4,0.0
High RES,IDA3,PV_C,5,0.0
High RES,IDA3,PV_C,6,0.0
High RES,IDA3,PV_C,7,0.0
High RES,IDA3,PV_C,8,0.0
High RES,IDA3,PV_C,9,0.0
High RES,IDA3,PV_C,10,0.0
High RES,IDA3,PV_C,11,0.0
High RES,IDA3,PV_C,12,0.0
High RES,IDA3,PV_C,13,7.787e-05
High RES,IDA3,PV_C,14,7.787e-05
High RES,IDA3,PV_C,15,5.344822535
High RES,IDA3,PV_C,16,5.344822535
High RES,IDA3,PV_C,17,27.415132355
High RES,IDA3,PV_C,18,27.415132355
High RES,IDA3,PV_C,19,52.1462708
High RES,IDA3,PV_C,20,52.1462708
High RES,IDA3,PV_C,21,64.64391986
High RES,IDA3,PV_C,22,64.64391986
High RES,IDA3,PV_C,23,68.89465063000002
High RES,IDA3,PV_C,24,68.89465063000002
High RES,IDA3,PV_C,25,67.284737065
High RES,IDA3,PV_C,26,67.284737065
High RES,IDA3,PV_C,27,59.272856565
High RES,IDA3,PV_C,28,59.272856565
High RES,IDA3,PV_C,29,44.28393151000001
High RES,IDA3,PV_C,30,44.28393151000001
High RES,IDA3,PV_C,31,23.8381351
High RES,IDA3,PV_C,32,23.8381351
High RES,IDA3,PV_C,33,6.009406780000001
High RES,IDA3,PV_C,34,6.009406780000001
High RES,IDA3,PV_C,35,0.0
High RES,IDA3,PV_C,36,0.0
High RES,IDA3,PV_C,37,0.0
High RES,IDA3,PV_C,38,0.0
High RES,IDA3,PV_C,39,0.0
High RES,IDA3,PV_C,40,0.0
High RES,IDA3,PV_C,41,0.0
High RES,IDA3,PV_C,42,0.0
High RES,IDA3,PV_C,43,0.0
High RES,IDA3,PV_C,44,0.0
High RES,IDA3,PV_C,45,0.0
High RES,IDA3,PV_C,46,0.0
High RES,IDA3,PV_C,47,0.0
High RES,IDA3,PV_C,48,0.0
High RES,IDA3,PV_A,1,0.0
High RES,IDA3,PV_A,2,0.0
High RES,IDA3,PV_A,3,0.0
High RES,IDA3,PV_A,4,0.0
High RES,IDA3,PV_A,5,0.0
High RES,IDA3,PV_A,6,0.0
High RES,IDA3,PV_A,7,0.0
High RES,IDA3,PV_A,8,0.0
High RES,IDA3,PV_A,9,0.0
High RES,IDA3,PV_A,10,0.0
High RES,IDA3,PV_A,11,0.0
High RES,IDA3,PV_A,12,0.0
High RES,IDA3,PV_A,13,7.787e-05
High RES,IDA3,PV_A,14,7.787e-05
High RES,IDA3,PV_A,15,5.344822535
High RES,IDA3,PV_A,16,5.344822535
High RES,IDA3,PV_A,17,27.415132355
High RES,IDA3,PV_A,18,27.415132355
High RES,IDA3,PV_A,19,52.1462708
High RES,IDA3,PV_A,20,52.1462708
High RES,IDA3,PV_A,21,64.64391986
High RES,IDA3,PV_A,22,64.64391986
High RES,IDA3,PV_A,23,68.89465063000002
High RES,IDA3,PV_A,24,68.89465063000002
High RES,IDA3,PV_A,25,67.284737065
High RES,IDA3,PV_A,26,67.284737065
High RES,IDA3,PV_A,27,59.272856565
High RES,IDA3,PV_A,28,59.272856565
High RES,IDA3,PV_A,29,44.28393151000001
High RES,IDA3,PV_A,30,44.28393151000001
High RES,IDA3,PV_A,31,23.8381351
High RES,IDA3,PV_A,32,23.8381351
High RES,IDA3,PV_A,33,6.009406780000001
High RES,IDA3,PV_A,34,6.009406780000001
High RES,IDA3,PV_A,35,0.0
High RES,IDA3,PV_A,36,0.0
High RES,IDA3,PV_A,37,0.0
High RES,IDA3,PV_A,38,0.0
High RES,IDA3,PV_A,39,0.0
High RES,IDA3,PV_A,40,0.0
High RES,IDA3,PV_A,41,0.0
High RES,IDA3,PV_A,42,0.0
High RES,IDA3,PV_A,43,0.0
High RES,IDA3,PV_A,44,0.0
High RES,IDA3,PV_A,45,0.0
High RES,IDA3,PV_A,46,0.0
High RES,IDA3,PV_A,47,0.0
High RES,IDA3,PV_A,48,0.0
High RES,IDA3,W_C,1,6.903426635300002
High RES,IDA3,W_C,2,6.903426635300002
High RES,IDA3,W_C,3,8.1195977130125
High RES,IDA3,W_C,4,8.1195977130125
High RES,IDA3,W_C,5,8.6682293555
High RES,IDA3,W_C,6,8.6682293555
High RES,IDA3,W_C,7,8.398052721500001
High RES,IDA3,W_C,8,8.398052721500001
High RES,IDA3,W_C,9,7.62966739925
High RES,IDA3,W_C,10,7.62966739925
High RES,IDA3,W_C,11,6.829673671275001
High RES,IDA3,W_C,12,6.829673671275001
High RES,IDA3,W_C,13,6.270505901725
High RES,IDA3,W_C,14,6.270505901725
High RES,IDA3,W_C,15,5.0611080349375
High RES,IDA3,W_C,16,5.0611080349375
High RES,IDA3,W_C,17,4.0842577283625
High RES,IDA3,W_C,18,4.0842577283625
High RES,IDA3,W_C,19,3.3083466021125
High RES,IDA3,W_C,20,3.3083466021125
High RES,IDA3,W_C,21,2.0658351688
High RES,IDA3,W_C,22,2.0658351688
High RES,IDA3,W_C,23,1.08145905725
High RES,IDA3,W_C,24,1.08145905725
High RES,IDA3,W_C,25,0.803004049575
High RES,IDA3,W_C,26,0.803004049575
High RES,IDA3,W_C,27,0.6931272227749999
High RES,IDA3,W_C,28,0.6931272227749999
High RES,IDA3,W_C,29,0.7202201456125
High RES,IDA3,W_C,30,0.7202201456125
High RES,IDA3,W_C,31,0.8955715380625001
High RES,IDA3,W_C,32,0.8955715380625001
High RES,IDA3,W_C,33,1.4803270694875001
High RES,IDA3,W_C,34,1.4803270694875001
High RES,IDA3,W_C,35,1.7038436637625003
High RES,IDA3,W_C,36,1.7038436637625003
High RES,IDA3,W_C,37,1.3651821665625001
High RES,IDA3,W_C,38,1.3651821665625001
High RES,IDA3,W_C,39,0.8842828180875001
High RES,IDA3,W_C,40,0.8842828180875001
High RES,IDA3,W_C,41,0.6223846065124999
High RES,IDA3,W_C,42,0.6223846065124999
High RES,IDA3,W_C,43,0.9377160705250002
High RES,IDA3,W_C,44,0.9377160705250002
High RES,IDA3,W_C,45,1.1017787685125
High RES,IDA3,W_C,46,1.1017787685125
High RES,IDA3,W_C,47,1.2033771972625
High RES,IDA3,W_C,48,1.2033771972625
High RES,IDA3,W_A,1,6.903426635300002
High RES,IDA3,W_A,2,6.903426635300002
High RES,IDA3,W_A,3,8.1195977130125
High RES,IDA3,W_A,4,8.1195977130125
High RES,IDA3,W_A,5,8.6682293555
High RES,IDA3,W_A,6,8.6682293555
High RES,IDA3,W_A,7,8.398052721500001
High RES,IDA3,W_A,8,8.398052721500001
High RES,IDA3,W_A,9,7.62966739925
High RES,IDA3,W_A,10,7.62966739925
High RES,IDA3,W_A,11,6.829673671275001
High RES,IDA3,W_A,12,6.829673671275001
High RES,IDA3,W_A,13,6.270505901725
High RES,IDA3,W_A,14,6.270505901725
High RES,IDA3,W_A,15,5.0611080349375
High RES,IDA3,W_A,16,5.0611080349375
High RES,IDA3,W_A,17,4.0842577283625
High RES,IDA3,W_A,18,4.0842577283625
High RES,IDA3,W_A,19,3.3083466021125
High RES,IDA3,W_A,20,3.3083466021125
High RES,IDA3,W_A,21,2.0658351688
High RES,IDA3,W_A,22,2.0658351688
High RES,IDA3,W_A,23,1.08145905725
High RES,IDA3,W_A,24,1.08145905725
High RES,IDA3,W_A,25,0.803004049575
High RES,IDA3,W_A,26,0.803004049575
High RES,IDA3,W_A,27,0.6931272227749999
High RES,IDA3,W_A,28,0.6931272227749999
High RES,IDA3,W_A,29,0.7202201456125
High RES,IDA3,W_A,30,0.7202201456125
High RES,IDA3,W_A,31,0.8955715380625001
High RES,IDA3,W_A,32,0.8955715380625001
High RES,IDA3,W_A,33,1.4803270694875001
High RES,IDA3,W_A,34,1.4803270694875001
High RES,IDA3,W_A,35,1.7038436637625003
High RES,IDA3,W_A,36,1.7038436637625003
High RES,IDA3,W_A,37,1.3651821665625001
High RES,IDA3,W_A,38,1.3651821665625001
High RES,IDA3,W_A,39,0.8842828180875001
High RES,IDA3,W_A,40,0.8842828180875001
High RES,IDA3,W_A,41,0.6223846065124999
High RES,IDA3,W_A,42,0.6223846065124999
High RES,IDA3,W_A,43,0.9377160705250002
High RES,IDA3,W_A,44,0.9377160705250002
High RES,IDA3,W_A,45,1.1017787685125
High RES,IDA3,W_A,46,1.1017787685125
High RES,IDA3,W_A,47,1.2033771972625
High RES,IDA3,W_A,48,1.2033771972625
High demand,DAM,IND,1,-85.59133647937497
High demand,DAM,IND,2,-85.59133647937497
High demand,DAM,IND,3,-85.59133647937497
High demand,DAM,IND,4,-85.59133647937497
High demand,DAM,IND,5,-85.59133647937499
High demand,DAM,IND,6,-85.59133647937499
High demand,DAM,IND,7,-85.59133647937499
High demand,DAM,IND,8,-85.59133647937499
High demand,DAM,IND,9,-85.59133647937497
High demand,DAM,IND,10,-85.59133647937497
High demand,DAM,IND,11,-85.59133647937499
High demand,DAM,IND,12,-85.59133647937499
High demand,DAM,IND,13,-85.59133647937499
High demand,DAM,IND,14,-85.59133647937499
High demand,DAM,IND,15,-85.59133647937499
High demand,DAM,IND,16,-85.59133647937499
High demand,DAM,IND,17,-85.59133647937499
High demand,DAM,IND,18,-85.59133647937499
High demand,DAM,IND,19,-85.59133647937499
High demand,DAM,IND,20,-85.59133647937499
High demand,DAM,IND,21,-85.59133647937499
High demand,DAM,IND,22,-85.59133647937499
High demand,DAM,IND,23,-85.59133647937499
High demand,DAM,IND,24,-85.59133647937499
High demand,DAM,IND,25,-85.59133647937499
High demand,DAM,IND,26,-85.59133647937499
High demand,DAM,IND,27,-85.59133647937499
High demand,DAM,IND,28,-85.59133647937499
High demand,DAM,IND,29,-85.59133647937497
High demand,DAM,IND,30,-85.59133647937497
High demand,DAM,IND,31,-85.59133647937497
High demand,DAM,IND,32,-85.59133647937497
High demand,DAM,IND,33,-85.59133647937499
High demand,DAM,IND,34,-85.59133647937499
High demand,DAM,IND,35,-85.59133647937499
High demand,DAM,IND,36,-85.59133647937499
High demand,DAM,IND,37,-85.59133647937499
High demand,DAM,IND,38,-85.59133647937499
High demand,DAM,IND,39,-85.59133647937499
High demand,DAM,IND,40,-85.59133647937499
High demand,DAM,IND,41,-85.59133647937499
High demand,DAM,IND,42,-85.59133647937499
High demand,DAM,IND,43,-85.59133647937499
High demand,DAM,IND,44,-85.59133647937499
High demand,DAM,IND,45,-85.59133647937499
High demand,DAM,IND,46,-85.59133647937499
High demand,DAM,IND,47,-85.591336479375
High demand,DAM,IND,48,-85.591336479375
High demand,DAM,COM,1,-69.65150064740133
High demand,DAM,COM,2,-69.89035051920614
High demand,DAM,COM,3,-68.00926915410902
High demand,DAM,COM,4,-68.56928567397883
High demand,DAM,COM,5,-63.56101740666068
High demand,DAM,COM,6,-64.68312457568162
High demand,DAM,COM,7,-59.328575007753926
High demand,DAM,COM,8,-61.287835724333625
High demand,DAM,COM,9,-59.56397291887197
High demand,DAM,COM,10,-62.68150412852271
High demand,DAM,COM,11,-65.99008389098049
High demand,DAM,COM,12,-70.51656899697004
High demand,DAM,COM,13,-78.8733241270584
High demand,DAM,COM,14,-84.7167559604145
High demand,DAM,COM,15,-86.18863073321386
High demand,DAM,COM,16,-92.00288786931968
High demand,DAM,COM,17,-87.56172329451228
High demand,DAM,COM,18,-92.25882642486997
High demand,DAM,COM,19,-71.67256342594824
High demand,DAM,COM,20,-74.40642006985901
High demand,DAM,COM,21,-70.96460976238475
High demand,DAM,COM,22,-72.64271786629335
High demand,DAM,COM,23,-72.50267497103654
High demand,DAM,COM,24,-73.23887153202914
High demand,DAM,COM,25,-77.66161535513132
High demand,DAM,COM,26,-77.35677071919886
High demand,DAM,COM,27,-77.11601257562344
High demand,DAM,COM,28,-75.50296867757558
High demand,DAM,COM,29,-83.66832041965709
High demand,DAM,COM,30,-80.07764630404589
High demand,DAM,COM,31,-100.25390633385011
High demand,DAM,COM,32,-93.23437463740656
High demand,DAM,COM,33,-111.2747339148206
High demand,DAM,COM,34,-100.34279552135132
High demand,DAM,COM,35,-113.96284256442983
High demand,DAM,COM,36,-100.3403030544942
High demand,DAM,COM,37,-100.26309827042911
High demand,DAM,COM,38,-87.7212999396542
High demand,DAM,COM,39,-80.21010594612632
High demand,DAM,COM,40,-71.44278070377109
High demand,DAM,COM,41,-64.85380645843081
High demand,DAM,COM,42,-60.15587104780922
High demand,DAM,COM,43,-55.08165089587658
High demand,DAM,COM,44,-53.834353874487654
High demand,DAM,COM,45,-49.39914241699119
High demand,DAM,COM,46,-50.64829263470463
High demand,DAM,COM,47,-46.62170692045538
High demand,DAM,COM,48,-49.283650433228495
High demand,DAM,RES,1,-161.31961258322363
High demand,DAM,RES,2,-161.08076271141883
High demand,DAM,RES,3,-155.5417317365159
High demand,DAM,RES,4,-154.98171521664614
High demand,DAM,RES,5,-141.15537709396432
High demand,DAM,RES,6,-140.03326992494337
High demand,DAM,RES,7,-123.93215771287109
High demand,DAM,RES,8,-121.97289699629141
High demand,DAM,RES,9,-111.27745877175302
High demand,DAM,RES,10,-108.15992756210225
High demand,DAM,RES,11,-103.4628366496445
High demand,DAM,RES,12,-98.93635154365501
High demand,DAM,RES,13,-97.77181762356663
High demand,DAM,RES,14,-91.92838579021051
High demand,DAM,RES,15,-81.44517104741115
High demand,DAM,RES,16,-75.63091391130531
High demand,DAM,RES,17,-62.79946373611272
High demand,DAM,RES,18,-58.10236060575504
High demand,DAM,RES,19,-40.01552706467678
High demand,DAM,RES,20,-37.281670420766005
High demand,DAM,RES,21,-32.38227565824023
High demand,DAM,RES,22,-30.70416755433163
High demand,DAM,RES,23,-28.93588020958845
High demand,DAM,RES,24,-28.199683648595855
High demand,DAM,RES,25,-29.546182315493677
High demand,DAM,RES,26,-29.851026951426146
High demand,DAM,RES,27,-31.04579013500156
High demand,DAM,RES,28,-32.65883403304943
High demand,DAM,RES,29,-40.05214739096792
High demand,DAM,RES,30,-43.64282150657911
High demand,DAM,RES,31,-63.821388116774905
High demand,DAM,RES,32,-70.84091981321845
High demand,DAM,RES,33,-102.60475018580442
High demand,DAM,RES,34,-113.53668857927367
High demand,DAM,RES,35,-159.07489346619516
High demand,DAM,RES,36,-172.69743297613084
High demand,DAM,RES,37,-211.44727752019585
High demand,DAM,RES,38,-223.98907585097078
High demand,DAM,RES,39,-243.68079154449867
High demand,DAM,RES,40,-252.4481167868539
High demand,DAM,RES,41,-259.3835283021942
High demand,DAM,RES,42,-264.0814637128157
High demand,DAM,RES,43,-256.88268698474843
High demand,DAM,RES,44,-258.1299840061373
High demand,DAM,RES,45,-236.13104706363387
High demand,DAM,RES,46,-234.8818968459204
High demand,DAM,RES,47,-205.1701625201696
High demand,DAM,RES,48,-202.50821900739646
High demand,DAM,PV_C,1,0.0
High demand,DAM,PV_C,2,0.0
High demand,DAM,PV_C,3,0.0
High demand,DAM,PV_C,4,0.0
High demand,DAM,PV_C,5,0.0
High demand,DAM,PV_C,6,0.0
High demand,DAM,PV_C,7,0.0
High demand,DAM,PV_C,8,0.0
High demand,DAM,PV_C,9,0.0
High demand,DAM,PV_C,10,0.0
High demand,DAM,PV_C,11,0.0
High demand,DAM,PV_C,12,0.0
High demand,DAM,PV_C,13,5.99e-05
High demand,DAM,PV_C,14,5.99e-05
High demand,DAM,PV_C,15,4.555686
High demand,DAM,PV_C,16,4.555686
High demand,DAM,PV_C,17,22.0958468
High demand,DAM,PV_C,18,22.0958468
High demand,DAM,PV_C,19,41.317848
High demand,DAM,PV_C,20,41.317848
High demand,DAM,PV_C,21,51.3895444
High demand,DAM,PV_C,22,51.3895444
High demand,DAM,PV_C,23,55.3400937
High demand,DAM,PV_C,24,55.3400937
High demand,DAM,PV_C,25,54.6708674
High demand,DAM,PV_C,26,54.6708674
High demand,DAM,PV_C,27,49.9864034
High demand,DAM,PV_C,28,49.9864034
High demand,DAM,PV_C,29,39.5053727
High demand,DAM,PV_C,30,39.5053727
High demand,DAM,PV_C,31,22.5380045
High demand,DAM,PV_C,32,22.5380045
High demand,DAM,PV_C,33,6.0143513
High demand,DAM,PV_C,34,6.0143513
High demand,DAM,PV_C,35,0.0
High demand,DAM,PV_C,36,0.0
High demand,DAM,PV_C,37,0.0
High demand,DAM,PV_C,38,0.0
High demand,DAM,PV_C,39,0.0
High demand,DAM,PV_C,40,0.0
High demand,DAM,PV_C,41,0.0
High demand,DAM,PV_C,42,0.0
High demand,DAM,PV_C,43,0.0
High demand,DAM,PV_C,44,0.0
High demand,DAM,PV_C,45,0.0
High demand,DAM,PV_C,46,0.0
High demand,DAM,PV_C,47,0.0
High demand,DAM,PV_C,48,0.0
High demand,DAM,PV_A,1,0.0
High demand,DAM,PV_A,2,0.0
High demand,DAM,PV_A,3,0.0
High demand,DAM,PV_A,4,0.0
High demand,DAM,PV_A,5,0.0
High demand,DAM,PV_A,6,0.0
High demand,DAM,PV_A,7,0.0
High demand,DAM,PV_A,8,0.0
High demand,DAM,PV_A,9,0.0
High demand,DAM,PV_A,10,0.0
High demand,DAM,PV_A,11,0.0
High demand,DAM,PV_A,12,0.0
High demand,DAM,PV_A,13,5.99e-05
High demand,DAM,PV_A,14,5.99e-05
High demand,DAM,PV_A,15,4.555686
High demand,DAM,PV_A,16,4.555686
High demand,DAM,PV_A,17,22.0958468
High demand,DAM,PV_A,18,22.0958468
High demand,DAM,PV_A,19,41.317848
High demand,DAM,PV_A,20,41.317848
High demand,DAM,PV_A,21,51.3895444
High demand,DAM,PV_A,22,51.3895444
High demand,DAM,PV_A,23,55.3400937
High demand,DAM,PV_A,24,55.3400937
High demand,DAM,PV_A,25,54.6708674
High demand,DAM,PV_A,26,54.6708674
High demand,DAM,PV_A,27,49.9864034
High demand,DAM,PV_A,28,49.9864034
High demand,DAM,PV_A,29,39.5053727
High demand,DAM,PV_A,30,39.5053727
High demand,DAM,PV_A,31,22.5380045
High demand,DAM,PV_A,32,22.5380045
High demand,DAM,PV_A,33,6.0143513
High demand,DAM,PV_A,34,6.0143513
High demand,DAM,PV_A,35,0.0
High demand,DAM,PV_A,36,0.0
High demand,DAM,PV_A,37,0.0
High demand,DAM,PV_A,38,0.0
High demand,DAM,PV_A,39,0.0
High demand,DAM,PV_A,40,0.0
High demand,DAM,PV_A,41,0.0
High demand,DAM,PV_A,42,0.0
High demand,DAM,PV_A,43,0.0
High demand,DAM,PV_A,44,0.0
High demand,DAM,PV_A,45,0.0
High demand,DAM,PV_A,46,0.0
High demand,DAM,PV_A,47,0.0
High demand,DAM,PV_A,48,0.0
High demand,DAM,W_C,1,1.472743367
High demand,DAM,W_C,2,1.472743367
High demand,DAM,W_C,3,1.53758110925
High demand,DAM,W_C,4,1.53758110925
High demand,DAM,W_C,5,2.13501474
High demand,DAM,W_C,6,2.13501474
High demand,DAM,W_C,7,2.8852802175000005
High demand,DAM,W_C,8,2.8852802175000005
High demand,DAM,W_C,9,2.0956489525
High demand,DAM,W_C,10,2.0956489525
High demand,DAM,W_C,11,1.4588495735
High demand,DAM,W_C,12,1.4588495735
High demand,DAM,W_C,13,1.5398967415
High demand,DAM,W_C,14,1.5398967415
High demand,DAM,W_C,15,1.12655605125
High demand,DAM,W_C,16,1.12655605125
High demand,DAM,W_C,17,0.76994837075
High demand,DAM,W_C,18,0.76994837075
High demand,DAM,W_C,19,0.70742626075
High demand,DAM,W_C,20,0.70742626075
High demand,DAM,W_C,21,0.389026532
High demand,DAM,W_C,22,0.389026532
High demand,DAM,W_C,23,0.20609142725
High demand,DAM,W_C,24,0.20609142725
High demand,DAM,W_C,25,0.23156342125
High demand,DAM,W_C,26,0.23156342125
High demand,DAM,W_C,27,0.1586209465
High demand,DAM,W_C,28,0.1586209465
High demand,DAM,W_C,29,0.188724205
High demand,DAM,W_C,30,0.188724205
High demand,DAM,W_C,31,0.39018436775
High demand,DAM,W_C,32,0.39018436775
High demand,DAM,W_C,33,1.06056047325
High demand,DAM,W_C,34,1.06056047325
High demand,DAM,W_C,35,1.2955973625
High demand,DAM,W_C,36,1.2955973625
High demand,DAM,W_C,37,0.885730101
High demand,DAM,W_C,38,0.885730101
High demand,DAM,W_C,39,0.57890857275
High demand,DAM,W_C,40,0.57890857275
High demand,DAM,W_C,41,0.42028762625
High demand,DAM,W_C,42,0.42028762625
High demand,DAM,W_C,43,0.552278743
High demand,DAM,W_C,44,0.552278743
High demand,DAM,W_C,45,0.61248526
High demand,DAM,W_C,46,0.61248526
High demand,DAM,W_C,47,0.596275795
High demand,DAM,W_C,48,0.596275795
High demand,DAM,W_A,1,1.472743367
High demand,DAM,W_A,2,1.472743367
High demand,DAM,W_A,3,1.53758110925
High demand,DAM,W_A,4,1.53758110925
High demand,DAM,W_A,5,2.13501474
High demand,DAM,W_A,6,2.13501474
High demand,DAM,W_A,7,2.8852802175000005
High demand,DAM,W_A,8,2.8852802175000005
High demand,DAM,W_A,9,2.0956489525
High demand,DAM,W_A,10,2.0956489525
High demand,DAM,W_A,11,1.4588495735
High demand,DAM,W_A,12,1.4588495735
High demand,DAM,W_A,13,1.5398967415
High demand,DAM,W_A,14,1.5398967415
High demand,DAM,W_A,15,1.12655605125
High demand,DAM,W_A,16,1.12655605125
High demand,DAM,W_A,17,0.76994837075
High demand,DAM,W_A,18,0.76994837075
High demand,DAM,W_A,19,0.70742626075
High demand,DAM,W_A,20,0.70742626075
High demand,DAM,W_A,21,0.389026532
High demand,DAM,W_A,22,0.389026532
High demand,DAM,W_A,23,0.20609142725
High demand,DAM,W_A,24,0.20609142725
High demand,DAM,W_A,25,0.23156342125
High demand,DAM,W_A,26,0.23156342125
High demand,DAM,W_A,27,0.1586209465
High demand,DAM,W_A,28,0.1586209465
High demand,DAM,W_A,29,0.188724205
High demand,DAM,W_A,30,0.188724205
High demand,DAM,W_A,31,0.39018436775
High demand,DAM,W_A,32,0.39018436775
High demand,DAM,W_A,33,1.06056047325
High demand,DAM,W_A,34,1.06056047325
High demand,DAM,W_A,35,1.2955973625
High demand,DAM,W_A,36,1.2955973625
High demand,DAM,W_A,37,0.885730101
High demand,DAM,W_A,38,0.885730101
High demand,DAM,W_A,39,0.57890857275
High demand,DAM,W_A,40,0.57890857275
High demand,DAM,W_A,41,0.42028762625
High demand,DAM,W_A,42,0.42028762625
High demand,DAM,W_A,43,0.552278743
High demand,DAM,W_A,44,0.552278743
High demand,DAM,W_A,45,0.61248526
High demand,DAM,W_A,46,0.61248526
High demand,DAM,W_A,47,0.596275795
High demand,DAM,W_A,48,0.596275795
High demand,IDA1,IND,1,-81.87667495753557
High demand,IDA1,IND,2,-81.87667495753557
High demand,IDA1,IND,3,-75.05726513832104
High demand,IDA1,IND,4,-75.05726513832104
High demand,IDA1,IND,5,-74.0877612081566
High demand,IDA1,IND,6,-74.0877612081566
High demand,IDA1,IND,7,-76.60720779214971
High demand,IDA1,IND,8,-76.60720779214971
High demand,IDA1,IND,9,-79.75717575857867
High demand,IDA1,IND,10,-79.75717575857867
High demand,IDA1,IND,11,-83.44719903504833
High demand,IDA1,IND,12,-83.44719903504833
High demand,IDA1,IND,13,-90.46116392364661
High demand,IDA1,IND,14,-90.46116392364661
High demand,IDA1,IND,15,-100.01887329043514
High demand,IDA1,IND,16,-100.01887329043514
High demand,IDA1,IND,17,-106.64511424360222
High demand,IDA1,IND,18,-106.64511424360222
High demand,IDA1,IND,19,-113.52832495986769
High demand,IDA1,IND,20,-113.52832495986769
High demand,IDA1,IND,21,-102.50027340571549
High demand,IDA1,IND,22,-102.50027340571549
High demand,IDA1,IND,23,-93.64517990566941
High demand,IDA1,IND,24,-93.64517990566941
High demand,IDA1,IND,25,-89.63979770270443
High demand,IDA1,IND,26,-89.63979770270443
High demand,IDA1,IND,27,-94.80142618012042
High demand,IDA1,IND,28,-94.80142618012042
High demand,IDA1,IND,29,-99.71352502917176
High demand,IDA1,IND,30,-99.71352502917176
High demand,IDA1,IND,31,-99.78500513894167
High demand,IDA1,IND,32,-99.78500513894167
High demand,IDA1,IND,33,-96.94393271647057
High demand,IDA1,IND,34,-96.94393271647057
High demand,IDA1,IND,35,-96.75369086242956
High demand,IDA1,IND,36,-96.75369086242956
High demand,IDA1,IND,37,-94.1441663758152
High demand,IDA1,IND,38,-94.1441663758152
High demand,IDA1,IND,39,-91.86967506638459
High demand,IDA1,IND,40,-91.86967506638459
High demand,IDA1,IND,41,-89.81573117577553
High demand,IDA1,IND,42,-89.81573117577553
High demand,IDA1,IND,43,-88.60300230850332
High demand,IDA1,IND,44,-88.60300230850332
High demand,IDA1,IND,45,-87.84504687028978
High demand,IDA1,IND,46,-87.84504687028978
High demand,IDA1,IND,47,-86.91386335803531
High demand,IDA1,IND,48,-86.91386335803531
High demand,IDA1,COM,1,-66.62862753856022
High demand,IDA1,COM,2,-66.85711133285315
High demand,IDA1,COM,3,-59.63909382339715
High demand,IDA1,COM,4,-60.13018684919464
High demand,IDA1,COM,5,-55.01834266727354
High demand,IDA1,COM,6,-55.989637326382145
High demand,IDA1,COM,7,-53.10112752739124
High demand,IDA1,COM,8,-54.85473366333685
High demand,IDA1,COM,9,-55.50391490982807
High demand,IDA1,COM,10,-58.40894589600603
High demand,IDA1,COM,11,-64.33697487732461
High demand,IDA1,COM,12,-68.75006759331121
High demand,IDA1,COM,13,-83.36092175380462
High demand,IDA1,COM,14,-89.5368230388752
High demand,IDA1,COM,15,-100.71684928601046
High demand,IDA1,COM,16,-107.51117534393235
High demand,IDA1,COM,17,-109.10017728675308
High demand,IDA1,COM,18,-114.95267498751845
High demand,IDA1,COM,19,-95.06646824341301
High demand,IDA1,COM,20,-98.6926549374178
High demand,IDA1,COM,21,-84.98397386898077
High demand,IDA1,COM,22,-86.99359945178057
High demand,IDA1,COM,23,-79.32492142988174
High demand,IDA1,COM,24,-80.13039149537954
High demand,IDA1,COM,25,-81.33500160237305
High demand,IDA1,COM,26,-81.01573784718768
High demand,IDA1,COM,27,-85.4141116870499
High demand,IDA1,COM,28,-83.62749556074456
High demand,IDA1,COM,29,-97.47321990146314
High demand,IDA1,COM,30,-93.29010058091282
High demand,IDA1,COM,31,-116.87907877373598
High demand,IDA1,COM,32,-108.69549343421544
High demand,IDA1,COM,33,-126.03390438097652
High demand,IDA1,COM,34,-113.65198415786533
High demand,IDA1,COM,35,-128.82525373277232
High demand,IDA1,COM,36,-113.42613706138874
High demand,IDA1,COM,37,-110.28202377936412
High demand,IDA1,COM,38,-96.48696931156856
High demand,IDA1,COM,39,-86.09371781554773
High demand,IDA1,COM,40,-76.68328734037253
High demand,IDA1,COM,41,-68.05469205402379
High demand,IDA1,COM,42,-63.12488815940622
High demand,IDA1,COM,43,-57.01978543891016
High demand,IDA1,COM,44,-55.72860030953504
High demand,IDA1,COM,45,-50.69987406982945
High demand,IDA1,COM,46,-51.98191573358489
High demand,IDA1,COM,47,-47.342088948211
High demand,IDA1,COM,48,-50.045163865048195
High demand,IDA1,RES,1,-154.3183460739042
High demand,IDA1,RES,2,-154.08986227961128
High demand,IDA1,RES,3,-136.39858283828178
High demand,IDA1,RES,4,-135.90748981248433
High demand,IDA1,RES,5,-122.18393007456982
High demand,IDA1,RES,6,-121.21263541546121
High demand,IDA1,RES,7,-110.92356947045904
High demand,IDA1,RES,8,-109.16996333451343
High demand,IDA1,RES,9,-103.69245536159323
High demand,IDA1,RES,10,-100.78742437541526
High demand,IDA1,RES,11,-100.87100257762704
High demand,IDA1,RES,12,-96.45790986164045
High demand,IDA1,RES,13,-103.3346689625488
High demand,IDA1,RES,14,-97.15876767747818
High demand,IDA1,RES,15,-95.1738175635544
High demand,IDA1,RES,16,-88.3794915056325
High demand,IDA1,RES,17,-78.24689109964464
High demand,IDA1,RES,18,-72.39439339887927
High demand,IDA1,RES,19,-53.07658399671924
High demand,IDA1,RES,20,-49.45039730271445
High demand,IDA1,RES,21,-38.77953359530375
High demand,IDA1,RES,22,-36.76990801250394
High demand,IDA1,RES,23,-31.658644664448833
High demand,IDA1,RES,24,-30.853174598951032
High demand,IDA1,RES,25,-30.943713634922513
High demand,IDA1,RES,26,-31.2629773901079
High demand,IDA1,RES,27,-34.38648469282966
High demand,IDA1,RES,28,-36.173100819135016
High demand,IDA1,RES,29,-46.660572969365084
High demand,IDA1,RES,30,-50.84369228991539
High demand,IDA1,RES,31,-74.40493165732232
High demand,IDA1,RES,32,-82.58851699684287
High demand,IDA1,RES,33,-116.21395818255286
High demand,IDA1,RES,34,-128.59587840566402
High demand,IDA1,RES,35,-179.820571794798
High demand,IDA1,RES,36,-195.21968846618165
High demand,IDA1,RES,37,-232.57643230482068
High demand,IDA1,RES,38,-246.37148677261627
High demand,IDA1,RES,39,-261.5553870280677
High demand,IDA1,RES,40,-270.9658175032429
High demand,IDA1,RES,41,-272.1855062402007
High demand,IDA1,RES,42,-277.11531013481823
High demand,IDA1,RES,43,-265.9215084625865
High demand,IDA1,RES,44,-267.21269359196157
High demand,IDA1,RES,45,-242.3486272098808
High demand,IDA1,RES,46,-241.0665855461253
High demand,IDA1,RES,47,-208.34037887375365
High demand,IDA1,RES,48,-205.63730395691644
High demand,IDA1,PV_C,1,0.0
High demand,IDA1,PV_C,2,0.0
High demand,IDA1,PV_C,3,0.0
High demand,IDA1,PV_C,4,0.0
High demand,IDA1,PV_C,5,0.0
High demand,IDA1,PV_C,6,0.0
High demand,IDA1,PV_C,7,0.0
High demand,IDA1,PV_C,8,0.0
High demand,IDA1,PV_C,9,0.0
High demand,IDA1,PV_C,10,0.0
High demand,IDA1,PV_C,11,0.0
High demand,IDA1,PV_C,12,0.0
High demand,IDA1,PV_C,13,5.99e-05
High demand,IDA1,PV_C,14,5.99e-05
High demand,IDA1,PV_C,15,3.6671179
High demand,IDA1,PV_C,16,3.6671179
High demand,IDA1,PV_C,17,20.081279899999995
High demand,IDA1,PV_C,18,20.081279899999995
High demand,IDA1,PV_C,19,38.907184
High demand,IDA1,PV_C,20,38.907184
High demand,IDA1,PV_C,21,48.06264
High demand,IDA1,PV_C,22,48.06264
High demand,IDA1,PV_C,23,50.6516765
High demand,IDA1,PV_C,24,50.6516765
High demand,IDA1,PV_C,25,48.8441127
High demand,IDA1,PV_C,26,48.8441127
High demand,IDA1,PV_C,27,41.2026067
High demand,IDA1,PV_C,28,41.2026067
High demand,IDA1,PV_C,29,28.6237527
High demand,IDA1,PV_C,30,28.6237527
High demand,IDA1,PV_C,31,14.1360495
High demand,IDA1,PV_C,32,14.1360495
High demand,IDA1,PV_C,33,3.2308899
High demand,IDA1,PV_C,34,3.2308899
High demand,IDA1,PV_C,35,0.0
High demand,IDA1,PV_C,36,0.0
High demand,IDA1,PV_C,37,0.0
High demand,IDA1,PV_C,38,0.0
High demand,IDA1,PV_C,39,0.0
High demand,IDA1,PV_C,40,0.0
High demand,IDA1,PV_C,41,0.0
High demand,IDA1,PV_C,42,0.0
High demand,IDA1,PV_C,43,0.0
High demand,IDA1,PV_C,44,0.0
High demand,IDA1,PV_C,45,0.0
High demand,IDA1,PV_C,46,0.0
High demand,IDA1,PV_C,47,0.0
High demand,IDA1,PV_C,48,0.0
High demand,IDA1,PV_A,1,0.0
High demand,IDA1,PV_A,2,0.0
High demand,IDA1,PV_A,3,0.0
High demand,IDA1,PV_A,4,0.0
High demand,IDA1,PV_A,5,0.0
High demand,IDA1,PV_A,6,0.0
High demand,IDA1,PV_A,7,0.0
High demand,IDA1,PV_A,8,0.0
High demand,IDA1,PV_A,9,0.0
High demand,IDA1,PV_A,10,0.0
High demand,IDA1,PV_A,11,0.0
High demand,IDA1,PV_A,12,0.0
High demand,IDA1,PV_A,13,5.99e-05
High demand,IDA1,PV_A,14,5.99e-05
High demand,IDA1,PV_A,15,3.6671179
High demand,IDA1,PV_A,16,3.6671179
High demand,IDA1,PV_A,17,20.081279899999995
High demand,IDA1,PV_A,18,20.081279899999995
High demand,IDA1,PV_A,19,38.907184
High demand,IDA1,PV_A,20,38.907184
High demand,IDA1,PV_A,21,48.06264
High demand,IDA1,PV_A,22,48.06264
High demand,IDA1,PV_A,23,50.6516765
High demand,IDA1,PV_A,24,50.6516765
High demand,IDA1,PV_A,25,48.8441127
High demand,IDA1,PV_A,26,48.8441127
High demand,IDA1,PV_A,27,41.2026067
High demand,IDA1,PV_A,28,41.2026067
High demand,IDA1,PV_A,29,28.6237527
High demand,IDA1,PV_A,30,28.6237527
High demand,IDA1,PV_A,31,14.1360495
High demand,IDA1,PV_A,32,14.1360495
High demand,IDA1,PV_A,33,3.2308899
High demand,IDA1,PV_A,34,3.2308899
High demand,IDA1,PV_A,35,0.0
High demand,IDA1,PV_A,36,0.0
High demand,IDA1,PV_A,37,0.0
High demand,IDA1,PV_A,38,0.0
High demand,IDA1,PV_A,39,0.0
High demand,IDA1,PV_A,40,0.0
High demand,IDA1,PV_A,41,0.0
High demand,IDA1,PV_A,42,0.0
High demand,IDA1,PV_A,43,0.0
High demand,IDA1,PV_A,44,0.0
High demand,IDA1,PV_A,45,0.0
High demand,IDA1,PV_A,46,0.0
High demand,IDA1,PV_A,47,0.0
High demand,IDA1,PV_A,48,0.0
High demand,IDA1,W_C,1,9.147912995
High demand,IDA1,W_C,2,9.147912995
High demand,IDA1,W_C,3,10.95410768
High demand,IDA1,W_C,4,10.95410768
High demand,IDA1,W_C,5,11.200722729999999
High demand,IDA1,W_C,6,11.200722729999999
High demand,IDA1,W_C,7,10.0348008925
High demand,IDA1,W_C,8,10.0348008925
High demand,IDA1,W_C,9,9.6423008925
High demand,IDA1,W_C,10,9.6423008925
High demand,IDA1,W_C,11,9.04834069
High demand,IDA1,W_C,12,9.04834069
High demand,IDA1,W_C,13,8.107035415
High demand,IDA1,W_C,14,8.107035415
High demand,IDA1,W_C,15,6.6597640025
High demand,IDA1,W_C,16,6.6597640025
High demand,IDA1,W_C,17,5.5135250575
High demand,IDA1,W_C,18,5.5135250575
High demand,IDA1,W_C,19,4.3823377425
High demand,IDA1,W_C,20,4.3823377425
High demand,IDA1,W_C,21,2.78918142
High demand,IDA1,W_C,22,2.78918142
High demand,IDA1,W_C,23,1.45769173775
High demand,IDA1,W_C,24,1.45769173775
High demand,IDA1,W_C,25,1.00382742425
High demand,IDA1,W_C,26,1.00382742425
High demand,IDA1,W_C,27,0.9077286269999999
High demand,IDA1,W_C,28,0.9077286269999999
High demand,IDA1,W_C,29,0.91930678825
High demand,IDA1,W_C,30,0.91930678825
High demand,IDA1,W_C,31,0.9876179985
High demand,IDA1,W_C,32,0.9876179985
High demand,IDA1,W_C,33,1.2168657875
High demand,IDA1,W_C,34,1.2168657875
High demand,IDA1,W_C,35,1.32570058175
High demand,IDA1,W_C,36,1.32570058175
High demand,IDA1,W_C,37,1.21455015525
High demand,IDA1,W_C,38,1.21455015525
High demand,IDA1,W_C,39,0.7815265319999999
High demand,IDA1,W_C,40,0.7815265319999999
High demand,IDA1,W_C,41,0.537227153
High demand,IDA1,W_C,42,0.537227153
High demand,IDA1,W_C,43,0.8903613655
High demand,IDA1,W_C,44,0.8903613655
High demand,IDA1,W_C,45,1.08255899925
High demand,IDA1,W_C,46,1.08255899925
High demand,IDA1,W_C,47,1.25507373925
High demand,IDA1,W_C,48,1.25507373925
High demand,IDA1,W_A,1,9.147912995
High demand,IDA1,W_A,2,9.147912995
High demand,IDA1,W_A,3,10.95410768
High demand,IDA1,W_A,4,10.95410768
High demand,IDA1,W_A,5,11.200722729999999
High demand,IDA1,W_A,6,11.200722729999999
High demand,IDA1,W_A,7,10.0348008925
High demand,IDA1,W_A,8,10.0348008925
High demand,IDA1,W_A,9,9.6423008925
High demand,IDA1,W_A,10,9.6423008925
High demand,IDA1,W_A,11,9.04834069
High demand,IDA1,W_A,12,9.04834069
High demand,IDA1,W_A,13,8.107035415
High demand,IDA1,W_A,14,8.107035415
High demand,IDA1,W_A,15,6.6597640025
High demand,IDA1,W_A,16,6.6597640025
High demand,IDA1,W_A,17,5.5135250575
High demand,IDA1,W_A,18,5.5135250575
High demand,IDA1,W_A,19,4.3823377425
High demand,IDA1,W_A,20,4.3823377425
High demand,IDA1,W_A,21,2.78918142
High demand,IDA1,W_A,22,2.78918142
High demand,IDA1,W_A,23,1.45769173775
High demand,IDA1,W_A,24,1.45769173775
High demand,IDA1,W_A,25,1.00382742425
High demand,IDA1,W_A,26,1.00382742425
High demand,IDA1,W_A,27,0.9077286269999999
High demand,IDA1,W_A,28,0.9077286269999999
High demand,IDA1,W_A,29,0.91930678825
High demand,IDA1,W_A,30,0.91930678825
High demand,IDA1,W_A,31,0.9876179985
High demand,IDA1,W_A,32,0.9876179985
High demand,IDA1,W_A,33,1.2168657875
High demand,IDA1,W_A,34,1.2168657875
High demand,IDA1,W_A,35,1.32570058175
High demand,IDA1,W_A,36,1.32570058175
High demand,IDA1,W_A,37,1.21455015525
High demand,IDA1,W_A,38,1.21455015525
High demand,IDA1,W_A,39,0.7815265319999999
High demand,IDA1,W_A,40,0.7815265319999999
High demand,IDA1,W_A,41,0.537227153
High demand,IDA1,W_A,42,0.537227153
High demand,IDA1,W_A,43,0.8903613655
High demand,IDA1,W_A,44,0.8903613655
High demand,IDA1,W_A,45,1.08255899925
High demand,IDA1,W_A,46,1.08255899925
High demand,IDA1,W_A,47,1.25507373925
High demand,IDA1,W_A,48,1.25507373925
High demand,IDA2,IND,1,-82.80534033799542
High demand,IDA2,IND,2,-82.80534033799542
High demand,IDA2,IND,3,-77.69078297358452
High demand,IDA2,IND,4,-77.69078297358452
High demand,IDA2,IND,5,-76.96365502596122
High demand,IDA2,IND,6,-76.96365502596122
High demand,IDA2,IND,7,-78.85323996395603
High demand,IDA2,IND,8,-78.85323996395603
High demand,IDA2,IND,9,-81.21571593877775
High demand,IDA2,IND,10,-81.21571593877775
High demand,IDA2,IND,11,-83.98323339612999
High demand,IDA2,IND,12,-83.98323339612999
High demand,IDA2,IND,13,-89.2437070625787
High demand,IDA2,IND,14,-89.2437070625787
High demand,IDA2,IND,15,-96.41198908767011
High demand,IDA2,IND,16,-96.41198908767011
High demand,IDA2,IND,17,-101.38166980254542
High demand,IDA2,IND,18,-101.38166980254542
High demand,IDA2,IND,19,-106.54407783974452
High demand,IDA2,IND,20,-106.54407783974452
High demand,IDA2,IND,21,-98.27303917413036
High demand,IDA2,IND,22,-98.27303917413036
High demand,IDA2,IND,23,-91.6317190490958
High demand,IDA2,IND,24,-91.6317190490958
High demand,IDA2,IND,25,-88.62768239687207
High demand,IDA2,IND,26,-88.62768239687207
High demand,IDA2,IND,27,-92.49890375493405
High demand,IDA2,IND,28,-92.49890375493405
High demand,IDA2,IND,29,-96.18297789172257
High demand,IDA2,IND,30,-96.18297789172257
High demand,IDA2,IND,31,-96.23658797405
High demand,IDA2,IND,32,-96.23658797405
High demand,IDA2,IND,33,-94.10578365719668
High demand,IDA2,IND,34,-94.10578365719668
High demand,IDA2,IND,35,-93.96310226666591
High demand,IDA2,IND,36,-93.96310226666591
High demand,IDA2,IND,37,-92.00595890170514
High demand,IDA2,IND,38,-92.00595890170514
High demand,IDA2,IND,39,-90.30009041963217
High demand,IDA2,IND,40,-90.30009041963217
High demand,IDA2,IND,41,-88.7596325016754
High demand,IDA2,IND,42,-88.7596325016754
High demand,IDA2,IND,43,-87.85008585122124
High demand,IDA2,IND,44,-87.85008585122124
High demand,IDA2,IND,45,-87.28161927256107
High demand,IDA2,IND,46,-87.28161927256107
High demand,IDA2,IND,47,-86.58323163837024
High demand,IDA2,IND,48,-86.58323163837024
High demand,IDA2,COM,1,-67.3843458157705
High demand,IDA2,COM,2,-67.61542112944139
High demand,IDA2,COM,3,-61.731637656075115
High demand,IDA2,COM,4,-62.239961555390686
High demand,IDA2,COM,5,-57.15401135212033
High demand,IDA2,COM,6,-58.16300913870701
High demand,IDA2,COM,7,-54.657989397481906
High demand,IDA2,COM,8,-56.46300917858605
High demand,IDA2,COM,9,-56.518929412089044
High demand,IDA2,COM,10,-59.477085454135185
High demand,IDA2,COM,11,-64.75025213073857
High demand,IDA2,COM,12,-69.19169294422592
High demand,IDA2,COM,13,-82.23902234711805
High demand,IDA2,COM,14,-88.33180626926001
High demand,IDA2,COM,15,-97.08479464781131
High demand,IDA2,COM,16,-103.63410347527919
High demand,IDA2,COM,17,-103.71556378869288
High demand,IDA2,COM,18,-109.27921284685634
High demand,IDA2,COM,19,-89.21799203904682
High demand,IDA2,COM,20,-92.62109622052809
High demand,IDA2,COM,21,-81.47913284233177
High demand,IDA2,COM,22,-83.40587905540876
High demand,IDA2,COM,23,-77.61935981517044
High demand,IDA2,COM,24,-78.40751150454194
High demand,IDA2,COM,25,-80.41665504056262
High demand,IDA2,COM,26,-80.10099606519047
High demand,IDA2,COM,27,-83.33958690919327
High demand,IDA2,COM,28,-81.5963638399523
High demand,IDA2,COM,29,-94.02199503101163
High demand,IDA2,COM,30,-89.98698701169609
High demand,IDA2,COM,31,-112.7227856637645
High demand,IDA2,COM,32,-104.8302137350132
High demand,IDA2,COM,33,-122.34411176443754
High demand,IDA2,COM,34,-110.32468699873682
High demand,IDA2,COM,35,-125.1096509406867
High demand,IDA2,COM,36,-110.1546785596651
High demand,IDA2,COM,37,-107.77729240213037
High demand,IDA2,COM,38,-94.29555196858998
High demand,IDA2,COM,39,-84.62281484819236
High demand,IDA2,COM,40,-75.37316068122216
High demand,IDA2,COM,41,-67.25447065512554
High demand,IDA2,COM,42,-62.38263388150697
High demand,IDA2,COM,43,-56.53525180315176
High demand,IDA2,COM,44,-55.255038700773184
High demand,IDA2,COM,45,-50.37469115661988
High demand,IDA2,COM,46,-51.64850995886482
High demand,IDA2,COM,47,-47.161993441272095
High demand,IDA2,COM,48,-49.85478550709327
High demand,IDA2,RES,1,-156.06866270123405
High demand,IDA2,RES,2,-155.83758738756316
High demand,IDA2,RES,3,-141.18437006284032
High demand,IDA2,RES,4,-140.67604616352477
High demand,IDA2,RES,5,-126.92679182941843
High demand,IDA2,RES,6,-125.91779404283174
High demand,IDA2,RES,7,-114.17571653106205
High demand,IDA2,RES,8,-112.37069674995793
High demand,IDA2,RES,9,-105.58870621413318
High demand,IDA2,RES,10,-102.630550172087
High demand,IDA2,RES,11,-101.5189610956314
High demand,IDA2,RES,12,-97.07752028214408
High demand,IDA2,RES,13,-101.94395612780325
High demand,IDA2,RES,14,-95.85117220566126
High demand,IDA2,RES,15,-91.74165593451858
High demand,IDA2,RES,16,-85.19234710705071
High demand,IDA2,RES,17,-74.38503425876166
High demand,IDA2,RES,18,-68.82138520059821
High demand,IDA2,RES,19,-49.81131976370863
High demand,IDA2,RES,20,-46.40821558222735
High demand,IDA2,RES,21,-37.180219111037864
High demand,IDA2,RES,22,-35.25347289796086
High demand,IDA2,RES,23,-30.977953550733737
High demand,IDA2,RES,24,-30.189801861362234
High demand,IDA2,RES,25,-30.594330805065304
High demand,IDA2,RES,26,-30.90998978043746
High demand,IDA2,RES,27,-33.551311053372636
High demand,IDA2,RES,28,-35.29453412261361
High demand,IDA2,RES,29,-45.0084665747658
High demand,IDA2,RES,30,-49.04347459408133
High demand,IDA2,RES,31,-71.75904577218547
High demand,IDA2,RES,32,-79.65161770093677
High demand,IDA2,RES,33,-112.81165618336576
High demand,IDA2,RES,34,-124.83108094906643
High demand,IDA2,RES,35,-174.6341522126473
High demand,IDA2,RES,36,-189.58912459366894
High demand,IDA2,RES,37,-227.29414360866448
High demand,IDA2,RES,38,-240.7758840422049
High demand,IDA2,RES,39,-257.0867381571754
High demand,IDA2,RES,40,-266.3363923241456
High demand,IDA2,RES,41,-268.9850117556991
High demand,IDA2,RES,42,-273.8568485293176
High demand,IDA2,RES,43,-263.66180309312693
High demand,IDA2,RES,44,-264.9420161955055
High demand,IDA2,RES,45,-240.79423217331905
High demand,IDA2,RES,46,-239.52041337107406
High demand,IDA2,RES,47,-207.54782478535765
High demand,IDA2,RES,48,-204.85503271953647
High demand,IDA2,PV_C,1,0.0
High demand,IDA2,PV_C,2,0.0
High demand,IDA2,PV_C,3,0.0
High demand,IDA2,PV_C,4,0.0
High demand,IDA2,PV_C,5,0.0
High demand,IDA2,PV_C,6,0.0
High demand,IDA2,PV_C,7,0.0
High demand,IDA2,PV_C,8,0.0
High demand,IDA2,PV_C,9,0.0
High demand,IDA2,PV_C,10,0.0
High demand,IDA2,PV_C,11,0.0
High demand,IDA2,PV_C,12,0.0
High demand,IDA2,PV_C,13,5.99e-05
High demand,IDA2,PV_C,14,5.99e-05
High demand,IDA2,PV_C,15,3.889259925
High demand,IDA2,PV_C,16,3.889259925
High demand,IDA2,PV_C,17,20.584921625
High demand,IDA2,PV_C,18,20.584921625
High demand,IDA2,PV_C,19,39.50985
High demand,IDA2,PV_C,20,39.50985
High demand,IDA2,PV_C,21,48.8943661
High demand,IDA2,PV_C,22,48.8943661
High demand,IDA2,PV_C,23,51.8237808
High demand,IDA2,PV_C,24,51.8237808
High demand,IDA2,PV_C,25,50.300801375
High demand,IDA2,PV_C,26,50.300801375
High demand,IDA2,PV_C,27,43.39855587499999
High demand,IDA2,PV_C,28,43.39855587499999
High demand,IDA2,PV_C,29,31.3441577
High demand,IDA2,PV_C,30,31.3441577
High demand,IDA2,PV_C,31,16.236538250000002
High demand,IDA2,PV_C,32,16.236538250000002
High demand,IDA2,PV_C,33,3.9267552500000003
High demand,IDA2,PV_C,34,3.9267552500000003
High demand,IDA2,PV_C,35,0.0
High demand,IDA2,PV_C,36,0.0
High demand,IDA2,PV_C,37,0.0
High demand,IDA2,PV_C,38,0.0
High demand,IDA2,PV_C,39,0.0
High demand,IDA2,PV_C,40,0.0
High demand,IDA2,PV_C,41,0.0
High demand,IDA2,PV_C,42,0.0
High demand,IDA2,PV_C,43,0.0
High demand,IDA2,PV_C,44,0.0
High demand,IDA2,PV_C,45,0.0
High demand,IDA2,PV_C,46,0.0
High demand,IDA2,PV_C,47,0.0
High demand,IDA2,PV_C,48,0.0
High demand,IDA2,PV_A,1,0.0
High demand,IDA2,PV_A,2,0.0
High demand,IDA2,PV_A,3,0.0
High demand,IDA2,PV_A,4,0.0
High demand,IDA2,PV_A,5,0.0
High demand,IDA2,PV_A,6,0.0
High demand,IDA2,PV_A,7,0.0
High demand,IDA2,PV_A,8,0.0
High demand,IDA2,PV_A,9,0.0
High demand,IDA2,PV_A,10,0.0
High demand,IDA2,PV_A,11,0.0
High demand,IDA2,PV_A,12,0.0
High demand,IDA2,PV_A,13,5.99e-05
High demand,IDA2,PV_A,14,5.99e-05
High demand,IDA2,PV_A,15,3.889259925
High demand,IDA2,PV_A,16,3.889259925
High demand,IDA2,PV_A,17,20.584921625
High demand,IDA2,PV_A,18,20.584921625
High demand,IDA2,PV_A,19,39.50985
High demand,IDA2,PV_A,20,39.50985
High demand,IDA2,PV_A,21,48.8943661
High demand,IDA2,PV_A,22,48.8943661
High demand,IDA2,PV_A,23,51.8237808
High demand,IDA2,PV_A,24,51.8237808
High demand,IDA2,PV_A,25,50.300801375
High demand,IDA2,PV_A,26,50.300801375
High demand,IDA2,PV_A,27,43.39855587499999
High demand,IDA2,PV_A,28,43.39855587499999
High demand,IDA2,PV_A,29,31.3441577
High demand,IDA2,PV_A,30,31.3441577
High demand,IDA2,PV_A,31,16.236538250000002
High demand,IDA2,PV_A,32,16.236538250000002
High demand,IDA2,PV_A,33,3.9267552500000003
High demand,IDA2,PV_A,34,3.9267552500000003
High demand,IDA2,PV_A,35,0.0
High demand,IDA2,PV_A,36,0.0
High demand,IDA2,PV_A,37,0.0
High demand,IDA2,PV_A,38,0.0
High demand,IDA2,PV_A,39,0.0
High demand,IDA2,PV_A,40,0.0
High demand,IDA2,PV_A,41,0.0
High demand,IDA2,PV_A,42,0.0
High demand,IDA2,PV_A,43,0.0
High demand,IDA2,PV_A,44,0.0
High demand,IDA2,PV_A,45,0.0
High demand,IDA2,PV_A,46,0.0
High demand,IDA2,PV_A,47,0.0
High demand,IDA2,PV_A,48,0.0
High demand,IDA2,W_C,1,7.229120588000001
High demand,IDA2,W_C,2,7.229120588000001
High demand,IDA2,W_C,3,8.5999760373125
High demand,IDA2,W_C,4,8.5999760373125
High demand,IDA2,W_C,5,8.9342957325
High demand,IDA2,W_C,6,8.9342957325
High demand,IDA2,W_C,7,8.24742072375
High demand,IDA2,W_C,8,8.24742072375
High demand,IDA2,W_C,9,7.755637907500001
High demand,IDA2,W_C,10,7.755637907500001
High demand,IDA2,W_C,11,7.150967910875
High demand,IDA2,W_C,12,7.150967910875
High demand,IDA2,W_C,13,6.465250746625
High demand,IDA2,W_C,14,6.465250746625
High demand,IDA2,W_C,15,5.2764620146875005
High demand,IDA2,W_C,16,5.2764620146875005
High demand,IDA2,W_C,17,4.3276308858125
High demand,IDA2,W_C,18,4.3276308858125
High demand,IDA2,W_C,19,3.4636098720625
High demand,IDA2,W_C,20,3.4636098720625
High demand,IDA2,W_C,21,2.189142698
High demand,IDA2,W_C,22,2.189142698
High demand,IDA2,W_C,23,1.144791660125
High demand,IDA2,W_C,24,1.144791660125
High demand,IDA2,W_C,25,0.8107614235
High demand,IDA2,W_C,26,0.8107614235
High demand,IDA2,W_C,27,0.720451706875
High demand,IDA2,W_C,28,0.720451706875
High demand,IDA2,W_C,29,0.7366611424375
High demand,IDA2,W_C,30,0.7366611424375
High demand,IDA2,W_C,31,0.8382595908125
High demand,IDA2,W_C,32,0.8382595908125
High demand,IDA2,W_C,33,1.1777894589375
High demand,IDA2,W_C,34,1.1777894589375
High demand,IDA2,W_C,35,1.3181747769375
High demand,IDA2,W_C,36,1.3181747769375
High demand,IDA2,W_C,37,1.1323451416874997
High demand,IDA2,W_C,38,1.1323451416874997
High demand,IDA2,W_C,39,0.7308720421875
High demand,IDA2,W_C,40,0.7308720421875
High demand,IDA2,W_C,41,0.5079922713125
High demand,IDA2,W_C,42,0.5079922713125
High demand,IDA2,W_C,43,0.805840709875
High demand,IDA2,W_C,44,0.805840709875
High demand,IDA2,W_C,45,0.9650405644375
High demand,IDA2,W_C,46,0.9650405644375
High demand,IDA2,W_C,47,1.0903742531875003
High demand,IDA2,W_C,48,1.0903742531875003
High demand,IDA2,W_A,1,7.229120588000001
High demand,IDA2,W_A,2,7.229120588000001
High demand,IDA2,W_A,3,8.5999760373125
High demand,IDA2,W_A,4,8.5999760373125
High demand,IDA2,W_A,5,8.9342957325
High demand,IDA2,W_A,6,8.9342957325
High demand,IDA2,W_A,7,8.24742072375
High demand,IDA2,W_A,8,8.24742072375
High demand,IDA2,W_A,9,7.755637907500001
High demand,IDA2,W_A,10,7.755637907500001
High demand,IDA2,W_A,11,7.150967910875
High demand,IDA2,W_A,12,7.150967910875
High demand,IDA2,W_A,13,6.465250746625
High demand,IDA2,W_A,14,6.465250746625
High demand,IDA2,W_A,15,5.2764620146875005
High demand,IDA2,W_A,16,5.2764620146875005
High demand,IDA2,W_A,17,4.3276308858125
High demand,IDA2,W_A,18,4.3276308858125
High demand,IDA2,W_A,19,3.4636098720625
High demand,IDA2,W_A,20,3.4636098720625
High demand,IDA2,W_A,21,2.189142698
High demand,IDA2,W_A,22,2.189142698
High demand,IDA2,W_A,23,1.144791660125
High demand,IDA2,W_A,24,1.144791660125
High demand,IDA2,W_A,25,0.8107614235
High demand,IDA2,W_A,26,0.8107614235
High demand,IDA2,W_A,27,0.720451706875
High demand,IDA2,W_A,28,0.720451706875
High demand,IDA2,W_A,29,0.7366611424375
High demand,IDA2,W_A,30,0.7366611424375
High demand,IDA2,W_A,31,0.8382595908125
High demand,IDA2,W_A,32,0.8382595908125
High demand,IDA2,W_A,33,1.1777894589375
High demand,IDA2,W_A,34,1.1777894589375
High demand,IDA2,W_A,35,1.3181747769375
High demand,IDA2,W_A,36,1.3181747769375
High demand,IDA2,W_A,37,1.1323451416874997
High demand,IDA2,W_A,38,1.1323451416874997
High demand,IDA2,W_A,39,0.7308720421875
High demand,IDA2,W_A,40,0.7308720421875
High demand,IDA2,W_A,41,0.5079922713125
High demand,IDA2,W_A,42,0.5079922713125
High demand,IDA2,W_A,43,0.805840709875
High demand,IDA2,W_A,44,0.805840709875
High demand,IDA2,W_A,45,0.9650405644375
High demand,IDA2,W_A,46,0.9650405644375
High demand,IDA2,W_A,47,1.0903742531875003
High demand,IDA2,W_A,48,1.0903742531875003
High demand,IDA3,IND,1,-83.73400571845528
High demand,IDA3,IND,2,-83.73400571845528
High demand,IDA3,IND,3,-80.32430080884801
High demand,IDA3,IND,4,-80.32430080884801
High demand,IDA3,IND,5,-79.8395488437658
High demand,IDA3,IND,6,-79.8395488437658
High demand,IDA3,IND,7,-81.09927213576235
High demand,IDA3,IND,8,-81.09927213576235
High demand,IDA3,IND,9,-82.67425611897683
High demand,IDA3,IND,10,-82.67425611897683
High demand,IDA3,IND,11,-84.51926775721164
High demand,IDA3,IND,12,-84.51926775721164
High demand,IDA3,IND,13,-88.02625020151079
High demand,IDA3,IND,14,-88.02625020151079
High demand,IDA3,IND,15,-92.80510488490505
High demand,IDA3,IND,16,-92.80510488490505
High demand,IDA3,IND,17,-96.1182253614886
High demand,IDA3,IND,18,-96.1182253614886
High demand,IDA3,IND,19,-99.55983071962133
High demand,IDA3,IND,20,-99.55983071962133
High demand,IDA3,IND,21,-94.04580494254525
High demand,IDA3,IND,22,-94.04580494254525
High demand,IDA3,IND,23,-89.61825819252218
High demand,IDA3,IND,24,-89.61825819252218
High demand,IDA3,IND,25,-87.61556709103971
High demand,IDA3,IND,26,-87.61556709103971
High demand,IDA3,IND,27,-90.1963813297477
High demand,IDA3,IND,28,-90.1963813297477
High demand,IDA3,IND,29,-92.65243075427337
High demand,IDA3,IND,30,-92.65243075427337
High demand,IDA3,IND,31,-92.68817080915834
High demand,IDA3,IND,32,-92.68817080915834
High demand,IDA3,IND,33,-91.2676345979228
High demand,IDA3,IND,34,-91.2676345979228
High demand,IDA3,IND,35,-91.17251367090226
High demand,IDA3,IND,36,-91.17251367090226
High demand,IDA3,IND,37,-89.86775142759511
High demand,IDA3,IND,38,-89.86775142759511
High demand,IDA3,IND,39,-88.73050577287978
High demand,IDA3,IND,40,-88.73050577287978
High demand,IDA3,IND,41,-87.70353382757527
High demand,IDA3,IND,42,-87.70353382757527
High demand,IDA3,IND,43,-87.09716939393917
High demand,IDA3,IND,44,-87.09716939393917
High demand,IDA3,IND,45,-86.7181916748324
High demand,IDA3,IND,46,-86.7181916748324
High demand,IDA3,IND,47,-86.25259991870517
High demand,IDA3,IND,48,-86.25259991870517
High demand,IDA3,COM,1,-68.14006409298078
High demand,IDA3,COM,2,-68.37373092602964
High demand,IDA3,COM,3,-63.824181488753084
High demand,IDA3,COM,4,-64.34973626158673
High demand,IDA3,COM,5,-59.289680036967106
High demand,IDA3,COM,6,-60.33638095103188
High demand,IDA3,COM,7,-56.21485126757258
High demand,IDA3,COM,8,-58.07128469383523
High demand,IDA3,COM,9,-57.53394391435002
High demand,IDA3,COM,10,-60.54522501226437
High demand,IDA3,COM,11,-65.16352938415254
High demand,IDA3,COM,12,-69.6333182951406
High demand,IDA3,COM,13,-81.1171229404315
High demand,IDA3,COM,14,-87.12678949964484
High demand,IDA3,COM,15,-93.45274000961216
High demand,IDA3,COM,16,-99.75703160662601
High demand,IDA3,COM,17,-98.33095029063266
High demand,IDA3,COM,18,-103.6057507061942
High demand,IDA3,COM,19,-83.36951583468063
High demand,IDA3,COM,20,-86.5495375036384
High demand,IDA3,COM,21,-77.97429181568278
High demand,IDA3,COM,22,-79.81815865903697
High demand,IDA3,COM,23,-75.91379820045913
High demand,IDA3,COM,24,-76.68463151370432
High demand,IDA3,COM,25,-79.49830847875218
High demand,IDA3,COM,26,-79.18625428319326
High demand,IDA3,COM,27,-81.26506213133666
High demand,IDA3,COM,28,-79.56523211916007
High demand,IDA3,COM,29,-90.57077016056012
High demand,IDA3,COM,30,-86.68387344247935
High demand,IDA3,COM,31,-108.56649255379305
High demand,IDA3,COM,32,-100.96493403581101
High demand,IDA3,COM,33,-118.65431914789858
High demand,IDA3,COM,34,-106.99738983960835
High demand,IDA3,COM,35,-121.39404814860106
High demand,IDA3,COM,36,-106.88322005794147
High demand,IDA3,COM,37,-105.27256102489663
High demand,IDA3,COM,38,-92.1041346256114
High demand,IDA3,COM,39,-83.151911880837
High demand,IDA3,COM,40,-74.0630340220718
High demand,IDA3,COM,41,-66.4542492562273
High demand,IDA3,COM,42,-61.64037960360772
High demand,IDA3,COM,43,-56.05071816739338
High demand,IDA3,COM,44,-54.78147709201135
High demand,IDA3,COM,45,-50.049508243410315
High demand,IDA3,COM,46,-51.31510418414476
High demand,IDA3,COM,47,-46.9818979343332
High demand,IDA3,COM,48,-49.664407149138356
High demand,IDA3,RES,1,-157.81897932856393
High demand,IDA3,RES,2,-157.58531249551507
High demand,IDA3,RES,3,-145.97015728739885
High demand,IDA3,RES,4,-145.44460251456522
High demand,IDA3,RES,5,-131.66965358426705
High demand,IDA3,RES,6,-130.62295267020227
High demand,IDA3,RES,7,-117.42786359166506
High demand,IDA3,RES,8,-115.5714301654024
High demand,IDA3,RES,9,-107.48495706667313
High demand,IDA3,RES,10,-104.47367596875876
High demand,IDA3,RES,11,-102.16691961363577
High demand,IDA3,RES,12,-97.69713070264773
High demand,IDA3,RES,13,-100.5532432930577
High demand,IDA3,RES,14,-94.54357673384435
High demand,IDA3,RES,15,-88.30949430548277
High demand,IDA3,RES,16,-82.00520270846891
High demand,IDA3,RES,17,-70.52317741787868
High demand,IDA3,RES,18,-65.24837700231714
High demand,IDA3,RES,19,-46.54605553069801
High demand,IDA3,RES,20,-43.36603386174023
High demand,IDA3,RES,21,-35.58090462677199
High demand,IDA3,RES,22,-33.73703778341779
High demand,IDA3,RES,23,-30.297262437018638
High demand,IDA3,RES,24,-29.526429123773436
High demand,IDA3,RES,25,-30.244947975208095
High demand,IDA3,RES,26,-30.55700217076702
High demand,IDA3,RES,27,-32.71613741391561
High demand,IDA3,RES,28,-34.41596742609222
High demand,IDA3,RES,29,-43.356360180166504
High demand,IDA3,RES,30,-47.24325689824725
High demand,IDA3,RES,31,-69.11315988704862
High demand,IDA3,RES,32,-76.71471840503067
High demand,IDA3,RES,33,-109.40935418417867
High demand,IDA3,RES,34,-121.06628349246888
High demand,IDA3,RES,35,-169.44773263049657
High demand,IDA3,RES,36,-183.9585607211562
High demand,IDA3,RES,37,-222.0118549125083
High demand,IDA3,RES,38,-235.18028131179355
High demand,IDA3,RES,39,-252.61808928628312
High demand,IDA3,RES,40,-261.70696714504834
High demand,IDA3,RES,41,-265.78451727119744
High demand,IDA3,RES,42,-270.598386923817
High demand,IDA3,RES,43,-261.4020977236675
High demand,IDA3,RES,44,-262.67133879904947
High demand,IDA3,RES,45,-239.23983713675733
High demand,IDA3,RES,46,-237.97424119602283
High demand,IDA3,RES,47,-206.75527069696167
High demand,IDA3,RES,48,-204.0727614821565
High demand,IDA3,PV_C,1,0.0
High demand,IDA3,PV_C,2,0.0
High demand,IDA3,PV_C,3,0.0
High demand,IDA3,PV_C,4,0.0
High demand,IDA3,PV_C,5,0.0
High demand,IDA3,PV_C,6,0.0
High demand,IDA3,PV_C,7,0.0
High demand,IDA3,PV_C,8,0.0
High demand,IDA3,PV_C,9,0.0
High demand,IDA3,PV_C,10,0.0
High demand,IDA3,PV_C,11,0.0
High demand,IDA3,PV_C,12,0.0
High demand,IDA3,PV_C,13,5.99e-05
High demand,IDA3,PV_C,14,5.99e-05
High demand,IDA3,PV_C,15,4.111401949999999
High demand,IDA3,PV_C,16,4.111401949999999
High demand,IDA3,PV_C,17,21.08856335
High demand,IDA3,PV_C,18,21.08856335
High demand,IDA3,PV_C,19,40.112516
High demand,IDA3,PV_C,20,40.112516
High demand,IDA3,PV_C,21,49.7260922
High demand,IDA3,PV_C,22,49.7260922
High demand,IDA3,PV_C,23,52.995885099999995
High demand,IDA3,PV_C,24,52.995885099999995
High demand,IDA3,PV_C,25,51.75749005
High demand,IDA3,PV_C,26,51.75749005
High demand,IDA3,PV_C,27,45.594505049999995
High demand,IDA3,PV_C,28,45.594505049999995
High demand,IDA3,PV_C,29,34.0645627
High demand,IDA3,PV_C,30,34.0645627
High demand,IDA3,PV_C,31,18.337027
High demand,IDA3,PV_C,32,18.337027
High demand,IDA3,PV_C,33,4.6226206
High demand,IDA3,PV_C,34,4.6226206
High demand,IDA3,PV_C,35,0.0
High demand,IDA3,PV_C,36,0.0
High demand,IDA3,PV_C,37,0.0
High demand,IDA3,PV_C,38,0.0
High demand,IDA3,PV_C,39,0.0
High demand,IDA3,PV_C,40,0.0
High demand,IDA3,PV_C,41,0.0
High demand,IDA3,PV_C,42,0.0
High demand,IDA3,PV_C,43,0.0
High demand,IDA3,PV_C,44,0.0
High demand,IDA3,PV_C,45,0.0
High demand,IDA3,PV_C,46,0.0
High demand,IDA3,PV_C,47,0.0
High demand,IDA3,PV_C,48,0.0
High demand,IDA3,PV_A,1,0.0
High demand,IDA3,PV_A,2,0.0
High demand,IDA3,PV_A,3,0.0
High demand,IDA3,PV_A,4,0.0
High demand,IDA3,PV_A,5,0.0
High demand,IDA3,PV_A,6,0.0
High demand,IDA3,PV_A,7,0.0
High demand,IDA3,PV_A,8,0.0
High demand,IDA3,PV_A,9,0.0
High demand,IDA3,PV_A,10,0.0
High demand,IDA3,PV_A,11,0.0
High demand,IDA3,PV_A,12,0.0
High demand,IDA3,PV_A,13,5.99e-05
High demand,IDA3,PV_A,14,5.99e-05
High demand,IDA3,PV_A,15,4.111401949999999
High demand,IDA3,PV_A,16,4.111401949999999
High demand,IDA3,PV_A,17,21.08856335
High demand,IDA3,PV_A,18,21.08856335
High demand,IDA3,PV_A,19,40.112516
High demand,IDA3,PV_A,20,40.112516
High demand,IDA3,PV_A,21,49.7260922
High demand,IDA3,PV_A,22,49.7260922
High demand,IDA3,PV_A,23,52.995885099999995
High demand,IDA3,PV_A,24,52.995885099999995
High demand,IDA3,PV_A,25,51.75749005
High demand,IDA3,PV_A,26,51.75749005
High demand,IDA3,PV_A,27,45.594505049999995
High demand,IDA3,PV_A,28,45.594505049999995
High demand,IDA3,PV_A,29,34.0645627
High demand,IDA3,PV_A,30,34.0645627
High demand,IDA3,PV_A,31,18.337027
High demand,IDA3,PV_A,32,18.337027
High demand,IDA3,PV_A,33,4.6226206
High demand,IDA3,PV_A,34,4.6226206
High demand,IDA3,PV_A,35,0.0
High demand,IDA3,PV_A,36,0.0
High demand,IDA3,PV_A,37,0.0
High demand,IDA3,PV_A,38,0.0
High demand,IDA3,PV_A,39,0.0
High demand,IDA3,PV_A,40,0.0
High demand,IDA3,PV_A,41,0.0
High demand,IDA3,PV_A,42,0.0
High demand,IDA3,PV_A,43,0.0
High demand,IDA3,PV_A,44,0.0
High demand,IDA3,PV_A,45,0.0
High demand,IDA3,PV_A,46,0.0
High demand,IDA3,PV_A,47,0.0
High demand,IDA3,PV_A,48,0.0
High demand,IDA3,W_C,1,5.310328181000001
High demand,IDA3,W_C,2,5.310328181000001
High demand,IDA3,W_C,3,6.245844394624999
High demand,IDA3,W_C,4,6.245844394624999
High demand,IDA3,W_C,5,6.667868735
High demand,IDA3,W_C,6,6.667868735
High demand,IDA3,W_C,7,6.460040555
High demand,IDA3,W_C,8,6.460040555
High demand,IDA3,W_C,9,5.8689749225
High demand,IDA3,W_C,10,5.8689749225
High demand,IDA3,W_C,11,5.25359513175
High demand,IDA3,W_C,12,5.25359513175
High demand,IDA3,W_C,13,4.823466078250001
High demand,IDA3,W_C,14,4.823466078250001
High demand,IDA3,W_C,15,3.893160026875
High demand,IDA3,W_C,16,3.893160026875
High demand,IDA3,W_C,17,3.141736714125
High demand,IDA3,W_C,18,3.141736714125
High demand,IDA3,W_C,19,2.544882001625
High demand,IDA3,W_C,20,2.544882001625
High demand,IDA3,W_C,21,1.5891039759999999
High demand,IDA3,W_C,22,1.5891039759999999
High demand,IDA3,W_C,23,0.8318915825000001
High demand,IDA3,W_C,24,0.8318915825000001
High demand,IDA3,W_C,25,0.61769542275
High demand,IDA3,W_C,26,0.61769542275
High demand,IDA3,W_C,27,0.53317478675
High demand,IDA3,W_C,28,0.53317478675
High demand,IDA3,W_C,29,0.554015496625
High demand,IDA3,W_C,30,0.554015496625
High demand,IDA3,W_C,31,0.6889011831249999
High demand,IDA3,W_C,32,0.6889011831249999
High demand,IDA3,W_C,33,1.138713130375
High demand,IDA3,W_C,34,1.138713130375
High demand,IDA3,W_C,35,1.310648972125
High demand,IDA3,W_C,36,1.310648972125
High demand,IDA3,W_C,37,1.050140128125
High demand,IDA3,W_C,38,1.050140128125
High demand,IDA3,W_C,39,0.680217552375
High demand,IDA3,W_C,40,0.680217552375
High demand,IDA3,W_C,41,0.47875738962500003
High demand,IDA3,W_C,42,0.47875738962500003
High demand,IDA3,W_C,43,0.72132005425
High demand,IDA3,W_C,44,0.72132005425
High demand,IDA3,W_C,45,0.847522129625
High demand,IDA3,W_C,46,0.847522129625
High demand,IDA3,W_C,47,0.9256747671250001
High demand,IDA3,W_C,48,0.9256747671250001
High demand,IDA3,W_A,1,5.310328181000001
High demand,IDA3,W_A,2,5.310328181000001
High demand,IDA3,W_A,3,6.245844394624999
High demand,IDA3,W_A,4,6.245844394624999
High demand,IDA3,W_A,5,6.667868735
High demand,IDA3,W_A,6,6.667868735
High demand,IDA3,W_A,7,6.460040555
High demand,IDA3,W_A,8,6.460040555
High demand,IDA3,W_A,9,5.8689749225
High demand,IDA3,W_A,10,5.8689749225
High demand,IDA3,W_A,11,5.25359513175
High demand,IDA3,W_A,12,5.25359513175
High demand,IDA3,W_A,13,4.823466078250001
High demand,IDA3,W_A,14,4.823466078250001
High demand,IDA3,W_A,15,3.893160026875
High demand,IDA3,W_A,16,3.893160026875
High demand,IDA3,W_A,17,3.141736714125
High demand,IDA3,W_A,18,3.141736714125
High demand,IDA3,W_A,19,2.544882001625
High demand,IDA3,W_A,20,2.544882001625
High demand,IDA3,W_A,21,1.5891039759999999
High demand,IDA3,W_A,22,1.5891039759999999
High demand,IDA3,W_A,23,0.8318915825000001
High demand,IDA3,W_A,24,0.8318915825000001
High demand,IDA3,W_A,25,0.61769542275
High demand,IDA3,W_A,26,0.61769542275
High demand,IDA3,W_A,27,0.53317478675
High demand,IDA3,W_A,28,0.53317478675
High demand,IDA3,W_A,29,0.554015496625
High demand,IDA3,W_A,30,0.554015496625
High demand,IDA3,W_A,31,0.6889011831249999
High demand,IDA3,W_A,32,0.6889011831249999
High demand,IDA3,W_A,33,1.138713130375
High demand,IDA3,W_A,34,1.138713130375
High demand,IDA3,W_A,35,1.310648972125
High demand,IDA3,W_A,36,1.310648972125
High demand,IDA3,W_A,37,1.050140128125
High demand,IDA3,W_A,38,1.050140128125
High demand,IDA3,W_A,39,0.680217552375
High demand,IDA3,W_A,40,0.680217552375
High demand,IDA3,W_A,41,0.47875738962500003
High demand,IDA3,W_A,42,0.47875738962500003
High demand,IDA3,W_A,43,0.72132005425
High demand,IDA3,W_A,44,0.72132005425
High demand,IDA3,W_A,45,0.847522129625
High demand,IDA3,W_A,46,0.847522129625
High demand,IDA3,W_A,47,0.9256747671250001
High demand,IDA3,W_A,48,0.9256747671250001
No revision,DAM,IND,1,-74.4272491125
No revision,DAM,IND,2,-74.4272491125
No revision,DAM,IND,3,-74.4272491125
No revision,DAM,IND,4,-74.4272491125
No revision,DAM,IND,5,-74.4272491125
No revision,DAM,IND,6,-74.4272491125
No revision,DAM,IND,7,-74.4272491125
No revision,DAM,IND,8,-74.4272491125
No revision,DAM,IND,9,-74.4272491125
No revision,DAM,IND,10,-74.4272491125
No revision,DAM,IND,11,-74.4272491125
No revision,DAM,IND,12,-74.4272491125
No revision,DAM,IND,13,-74.4272491125
No revision,DAM,IND,14,-74.4272491125
No revision,DAM,IND,15,-74.4272491125
No revision,DAM,IND,16,-74.4272491125
No revision,DAM,IND,17,-74.4272491125
No revision,DAM,IND,18,-74.4272491125
No revision,DAM,IND,19,-74.4272491125
No revision,DAM,IND,20,-74.4272491125
No revision,DAM,IND,21,-74.4272491125
No revision,DAM,IND,22,-74.4272491125
No revision,DAM,IND,23,-74.4272491125
No revision,DAM,IND,24,-74.4272491125
No revision,DAM,IND,25,-74.4272491125
No revision,DAM,IND,26,-74.4272491125
No revision,DAM,IND,27,-74.4272491125
No revision,DAM,IND,28,-74.4272491125
No revision,DAM,IND,29,-74.4272491125
No revision,DAM,IND,30,-74.4272491125
No revision,DAM,IND,31,-74.4272491125
No revision,DAM,IND,32,-74.4272491125
No revision,DAM,IND,33,-74.4272491125
No revision,DAM,IND,34,-74.4272491125
No revision,DAM,IND,35,-74.4272491125
No revision,DAM,IND,36,-74.4272491125
No revision,DAM,IND,37,-74.4272491125
No revision,DAM,IND,38,-74.4272491125
No revision,DAM,IND,39,-74.4272491125
No revision,DAM,IND,40,-74.4272491125
No revision,DAM,IND,41,-74.4272491125
No revision,DAM,IND,42,-74.4272491125
No revision,DAM,IND,43,-74.4272491125
No revision,DAM,IND,44,-74.4272491125
No revision,DAM,IND,45,-74.4272491125
No revision,DAM,IND,46,-74.4272491125
No revision,DAM,IND,47,-74.4272491125
No revision,DAM,IND,48,-74.4272491125
No revision,DAM,COM,1,-60.56652230208813
No revision,DAM,COM,2,-60.77421784278795
No revision,DAM,COM,3,-59.138494916616544
No revision,DAM,COM,4,-59.625465803459846
No revision,DAM,COM,5,-55.270449918835375
No revision,DAM,COM,6,-56.24619528320141
No revision,DAM,COM,7,-51.590065224133845
No revision,DAM,COM,8,-53.29377019507272
No revision,DAM,COM,9,-51.794759059888676
No revision,DAM,COM,10,-54.5056557639328
No revision,DAM,COM,11,-57.382681644330866
No revision,DAM,COM,12,-61.31875564953915
No revision,DAM,COM,13,-68.58549924092036
No revision,DAM,COM,14,-73.66674431340392
No revision,DAM,COM,15,-74.94663542018596
No revision,DAM,COM,16,-80.00251119071278
No revision,DAM,COM,17,-76.1406289517498
No revision,DAM,COM,18,-80.22506645640867
No revision,DAM,COM,19,-62.323968196476734
No revision,DAM,COM,20,-64.70123484335566
No revision,DAM,COM,21,-61.708356315117186
No revision,DAM,COM,22,-63.16758075329857
No revision,DAM,COM,23,-63.04580432264047
No revision,DAM,COM,24,-63.68597524524273
No revision,DAM,COM,25,-67.53183943924464
No revision,DAM,COM,26,-67.26675714712944
No revision,DAM,COM,27,-67.05740223967256
No revision,DAM,COM,28,-65.65475537180485
No revision,DAM,COM,29,-72.75506123448443
No revision,DAM,COM,30,-69.63273591656166
No revision,DAM,COM,31,-87.17730985552184
No revision,DAM,COM,32,-81.07336924991874
No revision,DAM,COM,33,-96.76063818680053
No revision,DAM,COM,34,-87.25460480117506
No revision,DAM,COM,35,-99.09812396906942
No revision,DAM,COM,36,-87.2524374386906
No revision,DAM,COM,37,-87.18530284385142
No revision,DAM,COM,38,-76.27939125187322
No revision,DAM,COM,39,-69.7479182140229
No revision,DAM,COM,40,-62.124157133714
No revision,DAM,COM,41,-56.39461431167897
No revision,DAM,COM,42,-52.3094530850515
No revision,DAM,COM,43,-47.89708773554485
No revision,DAM,COM,44,-46.812481629989264
No revision,DAM,COM,45,-42.955776014774955
No revision,DAM,COM,46,-44.04199359539533
No revision,DAM,COM,47,-40.54061471343947
No revision,DAM,COM,48,-42.85534820280739
No revision,DAM,RES,1,-140.2779239854119
No revision,DAM,RES,2,-140.0702284447121
No revision,DAM,RES,3,-135.2536797708834
No revision,DAM,RES,4,-134.76670888404013
No revision,DAM,RES,5,-122.74380616866463
No revision,DAM,RES,6,-121.76806080429859
No revision,DAM,RES,7,-107.76709366336617
No revision,DAM,RES,8,-106.06338869242731
No revision,DAM,RES,9,-96.76300762761133
No revision,DAM,RES,10,-94.0521109235672
No revision,DAM,RES,11,-89.96768404316914
No revision,DAM,RES,12,-86.03161003796089
No revision,DAM,RES,13,-85.01897184657967
No revision,DAM,RES,14,-79.9377267740961
No revision,DAM,RES,15,-70.82188786731405
No revision,DAM,RES,16,-65.76601209678724
No revision,DAM,RES,17,-54.6082293357502
No revision,DAM,RES,18,-50.523791831091344
No revision,DAM,RES,19,-34.79611049102329
No revision,DAM,RES,20,-32.41884384414435
No revision,DAM,RES,21,-28.158500572382813
No revision,DAM,RES,22,-26.699276134201423
No revision,DAM,RES,23,-25.161634964859523
No revision,DAM,RES,24,-24.521464042257268
No revision,DAM,RES,25,-25.692332448255375
No revision,DAM,RES,26,-25.957414740370563
No revision,DAM,RES,27,-26.996339247827446
No revision,DAM,RES,28,-28.39898611569516
No revision,DAM,RES,29,-34.827954253015584
No revision,DAM,RES,30,-37.95027957093836
No revision,DAM,RES,31,-55.49685923197818
No revision,DAM,RES,32,-61.60079983758127
No revision,DAM,RES,33,-89.2215219006995
No revision,DAM,RES,34,-98.72755528632494
No revision,DAM,RES,35,-138.3259943184306
No revision,DAM,RES,36,-150.17168084880944
No revision,DAM,RES,37,-183.86719784364857
No revision,DAM,RES,38,-194.77310943562676
No revision,DAM,RES,39,-211.89634047347712
No revision,DAM,RES,40,-219.52010155378602
No revision,DAM,RES,41,-225.55089417582107
No revision,DAM,RES,42,-229.63605540244848
No revision,DAM,RES,43,-223.37624955195523
No revision,DAM,RES,44,-224.46085565751073
No revision,DAM,RES,45,-205.33134527272512
No revision,DAM,RES,46,-204.24512769210472
No revision,DAM,RES,47,-178.40883697406053
No revision,DAM,RES,48,-176.09410348469257
No revision,DAM,PV_C,1,0.0
No revision,DAM,PV_C,2,0.0
No revision,DAM,PV_C,3,0.0
No revision,DAM,PV_C,4,0.0
No revision,DAM,PV_C,5,0.0
No revision,DAM,PV_C,6,0.0
No revision,DAM,PV_C,7,0.0
No revision,DAM,PV_C,8,0.0
No revision,DAM,PV_C,9,0.0
No revision,DAM,PV_C,10,0.0
No revision,DAM,PV_C,11,0.0
No revision,DAM,PV_C,12,0.0
No revision,DAM,PV_C,13,5.99e-05
No revision,DAM,PV_C,14,5.99e-05
No revision,DAM,PV_C,15,4.555686
No revision,DAM,PV_C,16,4.555686
No revision,DAM,PV_C,17,22.0958468
No revision,DAM,PV_C,18,22.0958468
No revision,DAM,PV_C,19,41.317848
No revision,DAM,PV_C,20,41.317848
No revision,DAM,PV_C,21,51.3895444
No revision,DAM,PV_C,22,51.3895444
No revision,DAM,PV_C,23,55.3400937
No revision,DAM,PV_C,24,55.3400937
No revision,DAM,PV_C,25,54.6708674
No revision,DAM,PV_C,26,54.6708674
No revision,DAM,PV_C,27,49.9864034
No revision,DAM,PV_C,28,49.9864034
No revision,DAM,PV_C,29,39.5053727
No revision,DAM,PV_C,30,39.5053727
No revision,DAM,PV_C,31,22.5380045
No revision,DAM,PV_C,32,22.5380045
No revision,DAM,PV_C,33,6.0143513
No revision,DAM,PV_C,34,6.0143513
No revision,DAM,PV_C,35,0.0
No revision,DAM,PV_C,36,0.0
No revision,DAM,PV_C,37,0.0
No revision,DAM,PV_C,38,0.0
No revision,DAM,PV_C,39,0.0
No revision,DAM,PV_C,40,0.0
No revision,DAM,PV_C,41,0.0
No revision,DAM,PV_C,42,0.0
No revision,DAM,PV_C,43,0.0
No revision,DAM,PV_C,44,0.0
No revision,DAM,PV_C,45,0.0
No revision,DAM,PV_C,46,0.0
No revision,DAM,PV_C,47,0.0
No revision,DAM,PV_C,48,0.0
No revision,DAM,PV_A,1,0.0
No revision,DAM,PV_A,2,0.0
No revision,DAM,PV_A,3,0.0
No revision,DAM,PV_A,4,0.0
No revision,DAM,PV_A,5,0.0
No revision,DAM,PV_A,6,0.0
No revision,DAM,PV_A,7,0.0
No revision,DAM,PV_A,8,0.0
No revision,DAM,PV_A,9,0.0
No revision,DAM,PV_A,10,0.0
No revision,DAM,PV_A,11,0.0
No revision,DAM,PV_A,12,0.0
No revision,DAM,PV_A,13,5.99e-05
No revision,DAM,PV_A,14,5.99e-05
No revision,DAM,PV_A,15,4.555686
No revision,DAM,PV_A,16,4.555686
No revision,DAM,PV_A,17,22.0958468
No revision,DAM,PV_A,18,22.0958468
No revision,DAM,PV_A,19,41.317848
No revision,DAM,PV_A,20,41.317848
No revision,DAM,PV_A,21,51.3895444
No revision,DAM,PV_A,22,51.3895444
No revision,DAM,PV_A,23,55.3400937
No revision,DAM,PV_A,24,55.3400937
No revision,DAM,PV_A,25,54.6708674
No revision,DAM,PV_A,26,54.6708674
No revision,DAM,PV_A,27,49.9864034
No revision,DAM,PV_A,28,49.9864034
No revision,DAM,PV_A,29,39.5053727
No revision,DAM,PV_A,30,39.5053727
No revision,DAM,PV_A,31,22.5380045
No revision,DAM,PV_A,32,22.5380045
No revision,DAM,PV_A,33,6.0143513
No revision,DAM,PV_A,34,6.0143513
No revision,DAM,PV_A,35,0.0
No revision,DAM,PV_A,36,0.0
No revision,DAM,PV_A,37,0.0
No revision,DAM,PV_A,38,0.0
No revision,DAM,PV_A,39,0.0
No revision,DAM,PV_A,40,0.0
No revision,DAM,PV_A,41,0.0
No revision,DAM,PV_A,42,0.0
No revision,DAM,PV_A,43,0.0
No revision,DAM,PV_A,44,0.0
No revision,DAM,PV_A,45,0.0
No revision,DAM,PV_A,46,0.0
No revision,DAM,PV_A,47,0.0
No revision,DAM,PV_A,48,0.0
No revision,DAM,W_C,1,1.472743367
No revision,DAM,W_C,2,1.472743367
No revision,DAM,W_C,3,1.53758110925
No revision,DAM,W_C,4,1.53758110925
No revision,DAM,W_C,5,2.13501474
No revision,DAM,W_C,6,2.13501474
No revision,DAM,W_C,7,2.8852802175000005
No revision,DAM,W_C,8,2.8852802175000005
No revision,DAM,W_C,9,2.0956489525
No revision,DAM,W_C,10,2.0956489525
No revision,DAM,W_C,11,1.4588495735
No revision,DAM,W_C,12,1.4588495735
No revision,DAM,W_C,13,1.5398967415
No revision,DAM,W_C,14,1.5398967415
No revision,DAM,W_C,15,1.12655605125
No revision,DAM,W_C,16,1.12655605125
No revision,DAM,W_C,17,0.76994837075
No revision,DAM,W_C,18,0.76994837075
No revision,DAM,W_C,19,0.70742626075
No revision,DAM,W_C,20,0.70742626075
No revision,DAM,W_C,21,0.389026532
No revision,DAM,W_C,22,0.389026532
No revision,DAM,W_C,23,0.20609142725
No revision,DAM,W_C,24,0.20609142725
No revision,DAM,W_C,25,0.23156342125
No revision,DAM,W_C,26,0.23156342125
No revision,DAM,W_C,27,0.1586209465
No revision,DAM,W_C,28,0.1586209465
No revision,DAM,W_C,29,0.188724205
No revision,DAM,W_C,30,0.188724205
No revision,DAM,W_C,31,0.39018436775
No revision,DAM,W_C,32,0.39018436775
No revision,DAM,W_C,33,1.06056047325
No revision,DAM,W_C,34,1.06056047325
No revision,DAM,W_C,35,1.2955973625
No revision,DAM,W_C,36,1.2955973625
No revision,DAM,W_C,37,0.885730101
No revision,DAM,W_C,38,0.885730101
No revision,DAM,W_C,39,0.57890857275
No revision,DAM,W_C,40,0.57890857275
No revision,DAM,W_C,41,0.42028762625
No revision,DAM,W_C,42,0.42028762625
No revision,DAM,W_C,43,0.552278743
No revision,DAM,W_C,44,0.552278743
No revision,DAM,W_C,45,0.61248526
No revision,DAM,W_C,46,0.61248526
No revision,DAM,W_C,47,0.596275795
No revision,DAM,W_C,48,0.596275795
No revision,DAM,W_A,1,1.472743367
No revision,DAM,W_A,2,1.472743367
No revision,DAM,W_A,3,1.53758110925
No revision,DAM,W_A,4,1.53758110925
No revision,DAM,W_A,5,2.13501474
No revision,DAM,W_A,6,2.13501474
No revision,DAM,W_A,7,2.8852802175000005
No revision,DAM,W_A,8,2.8852802175000005
No revision,DAM,W_A,9,2.0956489525
No revision,DAM,W_A,10,2.0956489525
No revision,DAM,W_A,11,1.4588495735
No revision,DAM,W_A,12,1.4588495735
No revision,DAM,W_A,13,1.5398967415
No revision,DAM,W_A,14,1.5398967415
No revision,DAM,W_A,15,1.12655605125
No revision,DAM,W_A,16,1.12655605125
No revision,DAM,W_A,17,0.76994837075
No revision,DAM,W_A,18,0.76994837075
No revision,DAM,W_A,19,0.70742626075
No revision,DAM,W_A,20,0.70742626075
No revision,DAM,W_A,21,0.389026532
No revision,DAM,W_A,22,0.389026532
No revision,DAM,W_A,23,0.20609142725
No revision,DAM,W_A,24,0.20609142725
No revision,DAM,W_A,25,0.23156342125
No revision,DAM,W_A,26,0.23156342125
No revision,DAM,W_A,27,0.1586209465
No revision,DAM,W_A,28,0.1586209465
No revision,DAM,W_A,29,0.188724205
No revision,DAM,W_A,30,0.188724205
No revision,DAM,W_A,31,0.39018436775
No revision,DAM,W_A,32,0.39018436775
No revision,DAM,W_A,33,1.06056047325
No revision,DAM,W_A,34,1.06056047325
No revision,DAM,W_A,35,1.2955973625
No revision,DAM,W_A,36,1.2955973625
No revision,DAM,W_A,37,0.885730101
No revision,DAM,W_A,38,0.885730101
No revision,DAM,W_A,39,0.57890857275
No revision,DAM,W_A,40,0.57890857275
No revision,DAM,W_A,41,0.42028762625
No revision,DAM,W_A,42,0.42028762625
No revision,DAM,W_A,43,0.552278743
No revision,DAM,W_A,44,0.552278743
No revision,DAM,W_A,45,0.61248526
No revision,DAM,W_A,46,0.61248526
No revision,DAM,W_A,47,0.596275795
No revision,DAM,W_A,48,0.596275795
No revision,IDA1,IND,1,-74.4272491125
No revision,IDA1,IND,2,-74.4272491125
No revision,IDA1,IND,3,-74.4272491125
No revision,IDA1,IND,4,-74.4272491125
No revision,IDA1,IND,5,-74.4272491125
No revision,IDA1,IND,6,-74.4272491125
No revision,IDA1,IND,7,-74.4272491125
No revision,IDA1,IND,8,-74.4272491125
No revision,IDA1,IND,9,-74.4272491125
No revision,IDA1,IND,10,-74.4272491125
No revision,IDA1,IND,11,-74.4272491125
No revision,IDA1,IND,12,-74.4272491125
No revision,IDA1,IND,13,-74.4272491125
No revision,IDA1,IND,14,-74.4272491125
No revision,IDA1,IND,15,-74.4272491125
No revision,IDA1,IND,16,-74.4272491125
No revision,IDA1,IND,17,-74.4272491125
No revision,IDA1,IND,18,-74.4272491125
No revision,IDA1,IND,19,-74.4272491125
No revision,IDA1,IND,20,-74.4272491125
No revision,IDA1,IND,21,-74.4272491125
No revision,IDA1,IND,22,-74.4272491125
No revision,IDA1,IND,23,-74.4272491125
No revision,IDA1,IND,24,-74.4272491125
No revision,IDA1,IND,25,-74.4272491125
No revision,IDA1,IND,26,-74.4272491125
No revision,IDA1,IND,27,-74.4272491125
No revision,IDA1,IND,28,-74.4272491125
No revision,IDA1,IND,29,-74.4272491125
No revision,IDA1,IND,30,-74.4272491125
No revision,IDA1,IND,31,-74.4272491125
No revision,IDA1,IND,32,-74.4272491125
No revision,IDA1,IND,33,-74.4272491125
No revision,IDA1,IND,34,-74.4272491125
No revision,IDA1,IND,35,-74.4272491125
No revision,IDA1,IND,36,-74.4272491125
No revision,IDA1,IND,37,-74.4272491125
No revision,IDA1,IND,38,-74.4272491125
No revision,IDA1,IND,39,-74.4272491125
No revision,IDA1,IND,40,-74.4272491125
No revision,IDA1,IND,41,-74.4272491125
No revision,IDA1,IND,42,-74.4272491125
No revision,IDA1,IND,43,-74.4272491125
No revision,IDA1,IND,44,-74.4272491125
No revision,IDA1,IND,45,-74.4272491125
No revision,IDA1,IND,46,-74.4272491125
No revision,IDA1,IND,47,-74.4272491125
No revision,IDA1,IND,48,-74.4272491125
No revision,IDA1,COM,1,-60.56652230208813
No revision,IDA1,COM,2,-60.77421784278795
No revision,IDA1,COM,3,-59.138494916616544
No revision,IDA1,COM,4,-59.625465803459846
No revision,IDA1,COM,5,-55.270449918835375
No revision,IDA1,COM,6,-56.24619528320141
No revision,IDA1,COM,7,-51.590065224133845
No revision,IDA1,COM,8,-53.29377019507272
No revision,IDA1,COM,9,-51.794759059888676
No revision,IDA1,COM,10,-54.5056557639328
No revision,IDA1,COM,11,-57.382681644330866
No revision,IDA1,COM,12,-61.31875564953915
No revision,IDA1,COM,13,-68.58549924092036
No revision,IDA1,COM,14,-73.66674431340392
No revision,IDA1,COM,15,-74.94663542018596
No revision,IDA1,COM,16,-80.00251119071278
No revision,IDA1,COM,17,-76.1406289517498
No revision,IDA1,COM,18,-80.22506645640867
No revision,IDA1,COM,19,-62.323968196476734
No revision,IDA1,COM,20,-64.70123484335566
No revision,IDA1,COM,21,-61.708356315117186
No revision,IDA1,COM,22,-63.16758075329857
No revision,IDA1,COM,23,-63.04580432264047
No revision,IDA1,COM,24,-63.68597524524273
No revision,IDA1,COM,25,-67.53183943924464
No revision,IDA1,COM,26,-67.26675714712944
No revision,IDA1,COM,27,-67.05740223967256
No revision,IDA1,COM,28,-65.65475537180485
No revision,IDA1,COM,29,-72.75506123448443
No revision,IDA1,COM,30,-69.63273591656166
No revision,IDA1,COM,31,-87.17730985552184
No revision,IDA1,COM,32,-81.07336924991874
No revision,IDA1,COM,33,-96.76063818680053
No revision,IDA1,COM,34,-87.25460480117506
No revision,IDA1,COM,35,-99.09812396906942
No revision,IDA1,COM,36,-87.2524374386906
No revision,IDA1,COM,37,-87.18530284385142
No revision,IDA1,COM,38,-76.27939125187322
No revision,IDA1,COM,39,-69.7479182140229
No revision,IDA1,COM,40,-62.124157133714
No revision,IDA1,COM,41,-56.39461431167897
No revision,IDA1,COM,42,-52.3094530850515
No revision,IDA1,COM,43,-47.89708773554485
No revision,IDA1,COM,44,-46.812481629989264
No revision,IDA1,COM,45,-42.955776014774955
No revision,IDA1,COM,46,-44.04199359539533
No revision,IDA1,COM,47,-40.54061471343947
No revision,IDA1,COM,48,-42.85534820280739
No revision,IDA1,RES,1,-140.2779239854119
No revision,IDA1,RES,2,-140.0702284447121
No revision,IDA1,RES,3,-135.2536797708834
No revision,IDA1,RES,4,-134.76670888404013
No revision,IDA1,RES,5,-122.74380616866463
No revision,IDA1,RES,6,-121.76806080429859
No revision,IDA1,RES,7,-107.76709366336617
No revision,IDA1,RES,8,-106.06338869242731
No revision,IDA1,RES,9,-96.76300762761133
No revision,IDA1,RES,10,-94.0521109235672
No revision,IDA1,RES,11,-89.96768404316914
No revision,IDA1,RES,12,-86.03161003796089
No revision,IDA1,RES,13,-85.01897184657967
No revision,IDA1,RES,14,-79.9377267740961
No revision,IDA1,RES,15,-70.82188786731405
No revision,IDA1,RES,16,-65.76601209678724
No revision,IDA1,RES,17,-54.6082293357502
No revision,IDA1,RES,18,-50.523791831091344
No revision,IDA1,RES,19,-34.79611049102329
No revision,IDA1,RES,20,-32.41884384414435
No revision,IDA1,RES,21,-28.158500572382813
No revision,IDA1,RES,22,-26.699276134201423
No revision,IDA1,RES,23,-25.161634964859523
No revision,IDA1,RES,24,-24.521464042257268
No revision,IDA1,RES,25,-25.692332448255375
No revision,IDA1,RES,26,-25.957414740370563
No revision,IDA1,RES,27,-26.996339247827446
No revision,IDA1,RES,28,-28.39898611569516
No revision,IDA1,RES,29,-34.827954253015584
No revision,IDA1,RES,30,-37.95027957093836
No revision,IDA1,RES,31,-55.49685923197818
No revision,IDA1,RES,32,-61.60079983758127
No revision,IDA1,RES,33,-89.2215219006995
No revision,IDA1,RES,34,-98.72755528632494
No revision,IDA1,RES,35,-138.3259943184306
No revision,IDA1,RES,36,-150.17168084880944
No revision,IDA1,RES,37,-183.86719784364857
No revision,IDA1,RES,38,-194.77310943562676
No revision,IDA1,RES,39,-211.89634047347712
No revision,IDA1,RES,40,-219.52010155378602
No revision,IDA1,RES,41,-225.55089417582107
No revision,IDA1,RES,42,-229.63605540244848
No revision,IDA1,RES,43,-223.37624955195523
No revision,IDA1,RES,44,-224.46085565751073
No revision,IDA1,RES,45,-205.33134527272512
No revision,IDA1,RES,46,-204.24512769210472
No revision,IDA1,RES,47,-178.40883697406053
No revision,IDA1,RES,48,-176.09410348469257
No revision,IDA1,PV_C,1,0.0
No revision,IDA1,PV_C,2,0.0
No revision,IDA1,PV_C,3,0.0
No revision,IDA1,PV_C,4,0.0
No revision,IDA1,PV_C,5,0.0
No revision,IDA1,PV_C,6,0.0
No revision,IDA1,PV_C,7,0.0
No revision,IDA1,PV_C,8,0.0
No revision,IDA1,PV_C,9,0.0
No revision,IDA1,PV_C,10,0.0
No revision,IDA1,PV_C,11,0.0
No revision,IDA1,PV_C,12,0.0
No revision,IDA1,PV_C,13,5.99e-05
No revision,IDA1,PV_C,14,5.99e-05
No revision,IDA1,PV_C,15,4.555686
No revision,IDA1,PV_C,16,4.555686
No revision,IDA1,PV_C,17,22.0958468
No revision,IDA1,PV_C,18,22.0958468
No revision,IDA1,PV_C,19,41.317848
No revision,IDA1,PV_C,20,41.317848
No revision,IDA1,PV_C,21,51.3895444
No revision,IDA1,PV_C,22,51.3895444
No revision,IDA1,PV_C,23,55.3400937
No revision,IDA1,PV_C,24,55.3400937
No revision,IDA1,PV_C,25,54.6708674
No revision,IDA1,PV_C,26,54.6708674
No revision,IDA1,PV_C,27,49.9864034
No revision,IDA1,PV_C,28,49.9864034
No revision,IDA1,PV_C,29,39.5053727
No revision,IDA1,PV_C,30,39.5053727
No revision,IDA1,PV_C,31,22.5380045
No revision,IDA1,PV_C,32,22.5380045
No revision,IDA1,PV_C,33,6.0143513
No revision,IDA1,PV_C,34,6.0143513
No revision,IDA1,PV_C,35,0.0
No revision,IDA1,PV_C,36,0.0
No revision,IDA1,PV_C,37,0.0
No revision,IDA1,PV_C,38,0.0
No revision,IDA1,PV_C,39,0.0
No revision,IDA1,PV_C,40,0.0
No revision,IDA1,PV_C,41,0.0
No revision,IDA1,PV_C,42,0.0
No revision,IDA1,PV_C,43,0.0
No revision,IDA1,PV_C,44,0.0
No revision,IDA1,PV_C,45,0.0
No revision,IDA1,PV_C,46,0.0
No revision,IDA1,PV_C,47,0.0
No revision,IDA1,PV_C,48,0.0
No revision,IDA1,PV_A,1,0.0
No revision,IDA1,PV_A,2,0.0
No revision,IDA1,PV_A,3,0.0
No revision,IDA1,PV_A,4,0.0
No revision,IDA1,PV_A,5,0.0
No revision,IDA1,PV_A,6,0.0
No revision,IDA1,PV_A,7,0.0
No revision,IDA1,PV_A,8,0.0
No revision,IDA1,PV_A,9,0.0
No revision,IDA1,PV_A,10,0.0
No revision,IDA1,PV_A,11,0.0
No revision,IDA1,PV_A,12,0.0
No revision,IDA1,PV_A,13,5.99e-05
No revision,IDA1,PV_A,14,5.99e-05
No revision,IDA1,PV_A,15,4.555686
No revision,IDA1,PV_A,16,4.555686
No revision,IDA1,PV_A,17,22.0958468
No revision,IDA1,PV_A,18,22.0958468
No revision,IDA1,PV_A,19,41.317848
No revision,IDA1,PV_A,20,41.317848
No revision,IDA1,PV_A,21,51.3895444
No revision,IDA1,PV_A,22,51.3895444
No revision,IDA1,PV_A,23,55.3400937
No revision,IDA1,PV_A,24,55.3400937
No revision,IDA1,PV_A,25,54.6708674
No revision,IDA1,PV_A,26,54.6708674
No revision,IDA1,PV_A,27,49.9864034
No revision,IDA1,PV_A,28,49.9864034
No revision,IDA1,PV_A,29,39.5053727
No revision,IDA1,PV_A,30,39.5053727
No revision,IDA1,PV_A,31,22.5380045
No revision,IDA1,PV_A,32,22.5380045
No revision,IDA1,PV_A,33,6.0143513
No revision,IDA1,PV_A,34,6.0143513
No revision,IDA1,PV_A,35,0.0
No revision,IDA1,PV_A,36,0.0
No revision,IDA1,PV_A,37,0.0
No revision,IDA1,PV_A,38,0.0
No revision,IDA1,PV_A,39,0.0
No revision,IDA1,PV_A,40,0.0
No revision,IDA1,PV_A,41,0.0
No revision,IDA1,PV_A,42,0.0
No revision,IDA1,PV_A,43,0.0
No revision,IDA1,PV_A,44,0.0
No revision,IDA1,PV_A,45,0.0
No revision,IDA1,PV_A,46,0.0
No revision,IDA1,PV_A,47,0.0
No revision,IDA1,PV_A,48,0.0
No revision,IDA1,W_C,1,1.472743367
No revision,IDA1,W_C,2,1.472743367
No revision,IDA1,W_C,3,1.53758110925
No revision,IDA1,W_C,4,1.53758110925
No revision,IDA1,W_C,5,2.13501474
No revision,IDA1,W_C,6,2.13501474
No revision,IDA1,W_C,7,2.8852802175000005
No revision,IDA1,W_C,8,2.8852802175000005
No revision,IDA1,W_C,9,2.0956489525
No revision,IDA1,W_C,10,2.0956489525
No revision,IDA1,W_C,11,1.4588495735
No revision,IDA1,W_C,12,1.4588495735
No revision,IDA1,W_C,13,1.5398967415
No revision,IDA1,W_C,14,1.5398967415
No revision,IDA1,W_C,15,1.12655605125
No revision,IDA1,W_C,16,1.12655605125
No revision,IDA1,W_C,17,0.76994837075
No revision,IDA1,W_C,18,0.76994837075
No revision,IDA1,W_C,19,0.70742626075
No revision,IDA1,W_C,20,0.70742626075
No revision,IDA1,W_C,21,0.389026532
No revision,IDA1,W_C,22,0.389026532
No revision,IDA1,W_C,23,0.20609142725
No revision,IDA1,W_C,24,0.20609142725
No revision,IDA1,W_C,25,0.23156342125
No revision,IDA1,W_C,26,0.23156342125
No revision,IDA1,W_C,27,0.1586209465
No revision,IDA1,W_C,28,0.1586209465
No revision,IDA1,W_C,29,0.188724205
No revision,IDA1,W_C,30,0.188724205
No revision,IDA1,W_C,31,0.39018436775
No revision,IDA1,W_C,32,0.39018436775
No revision,IDA1,W_C,33,1.06056047325
No revision,IDA1,W_C,34,1.06056047325
No revision,IDA1,W_C,35,1.2955973625
No revision,IDA1,W_C,36,1.2955973625
No revision,IDA1,W_C,37,0.885730101
No revision,IDA1,W_C,38,0.885730101
No revision,IDA1,W_C,39,0.57890857275
No revision,IDA1,W_C,40,0.57890857275
No revision,IDA1,W_C,41,0.42028762625
No revision,IDA1,W_C,42,0.42028762625
No revision,IDA1,W_C,43,0.552278743
No revision,IDA1,W_C,44,0.552278743
No revision,IDA1,W_C,45,0.61248526
No revision,IDA1,W_C,46,0.61248526
No revision,IDA1,W_C,47,0.596275795
No revision,IDA1,W_C,48,0.596275795
No revision,IDA1,W_A,1,1.472743367
No revision,IDA1,W_A,2,1.472743367
No revision,IDA1,W_A,3,1.53758110925
No revision,IDA1,W_A,4,1.53758110925
No revision,IDA1,W_A,5,2.13501474
No revision,IDA1,W_A,6,2.13501474
No revision,IDA1,W_A,7,2.8852802175000005
No revision,IDA1,W_A,8,2.8852802175000005
No revision,IDA1,W_A,9,2.0956489525
No revision,IDA1,W_A,10,2.0956489525
No revision,IDA1,W_A,11,1.4588495735
No revision,IDA1,W_A,12,1.4588495735
No revision,IDA1,W_A,13,1.5398967415
No revision,IDA1,W_A,14,1.5398967415
No revision,IDA1,W_A,15,1.12655605125
No revision,IDA1,W_A,16,1.12655605125
No revision,IDA1,W_A,17,0.76994837075
No revision,IDA1,W_A,18,0.76994837075
No revision,IDA1,W_A,19,0.70742626075
No revision,IDA1,W_A,20,0.70742626075
No revision,IDA1,W_A,21,0.389026532
No revision,IDA1,W_A,22,0.389026532
No revision,IDA1,W_A,23,0.20609142725
No revision,IDA1,W_A,24,0.20609142725
No revision,IDA1,W_A,25,0.23156342125
No revision,IDA1,W_A,26,0.23156342125
No revision,IDA1,W_A,27,0.1586209465
No revision,IDA1,W_A,28,0.1586209465
No revision,IDA1,W_A,29,0.188724205
No revision,IDA1,W_A,30,0.188724205
No revision,IDA1,W_A,31,0.39018436775
No revision,IDA1,W_A,32,0.39018436775
No revision,IDA1,W_A,33,1.06056047325
No revision,IDA1,W_A,34,1.06056047325
No revision,IDA1,W_A,35,1.2955973625
No revision,IDA1,W_A,36,1.2955973625
No revision,IDA1,W_A,37,0.885730101
No revision,IDA1,W_A,38,0.885730101
No revision,IDA1,W_A,39,0.57890857275
No revision,IDA1,W_A,40,0.57890857275
No revision,IDA1,W_A,41,0.42028762625
No revision,IDA1,W_A,42,0.42028762625
No revision,IDA1,W_A,43,0.552278743
No revision,IDA1,W_A,44,0.552278743
No revision,IDA1,W_A,45,0.61248526
No revision,IDA1,W_A,46,0.61248526
No revision,IDA1,W_A,47,0.596275795
No revision,IDA1,W_A,48,0.596275795
No revision,IDA2,IND,1,-74.4272491125
No revision,IDA2,IND,2,-74.4272491125
No revision,IDA2,IND,3,-74.4272491125
No revision,IDA2,IND,4,-74.4272491125
No revision,IDA2,IND,5,-74.4272491125
No revision,IDA2,IND,6,-74.4272491125
No revision,IDA2,IND,7,-74.4272491125
No revision,IDA2,IND,8,-74.4272491125
No revision,IDA2,IND,9,-74.4272491125
No revision,IDA2,IND,10,-74.4272491125
No revision,IDA2,IND,11,-74.4272491125
No revision,IDA2,IND,12,-74.4272491125
No revision,IDA2,IND,13,-74.4272491125
No revision,IDA2,IND,14,-74.4272491125
No revision,IDA2,IND,15,-74.4272491125
No revision,IDA2,IND,16,-74.4272491125
No revision,IDA2,IND,17,-74.4272491125
No revision,IDA2,IND,18,-74.4272491125
No revision,IDA2,IND,19,-74.4272491125
No revision,IDA2,IND,20,-74.4272491125
No revision,IDA2,IND,21,-74.4272491125
No revision,IDA2,IND,22,-74.4272491125
No revision,IDA2,IND,23,-74.4272491125
No revision,IDA2,IND,24,-74.4272491125
No revision,IDA2,IND,25,-74.4272491125
No revision,IDA2,IND,26,-74.4272491125
No revision,IDA2,IND,27,-74.4272491125
No revision,IDA2,IND,28,-74.4272491125
No revision,IDA2,IND,29,-74.4272491125
No revision,IDA2,IND,30,-74.4272491125
No revision,IDA2,IND,31,-74.4272491125
No revision,IDA2,IND,32,-74.4272491125
No revision,IDA2,IND,33,-74.4272491125
No revision,IDA2,IND,34,-74.4272491125
No revision,IDA2,IND,35,-74.4272491125
No revision,IDA2,IND,36,-74.4272491125
No revision,IDA2,IND,37,-74.4272491125
No revision,IDA2,IND,38,-74.4272491125
No revision,IDA2,IND,39,-74.4272491125
No revision,IDA2,IND,40,-74.4272491125
No revision,IDA2,IND,41,-74.4272491125
No revision,IDA2,IND,42,-74.4272491125
No revision,IDA2,IND,43,-74.4272491125
No revision,IDA2,IND,44,-74.4272491125
No revision,IDA2,IND,45,-74.4272491125
No revision,IDA2,IND,46,-74.4272491125
No revision,IDA2,IND,47,-74.4272491125
No revision,IDA2,IND,48,-74.4272491125
No revision,IDA2,COM,1,-60.56652230208813
No revision,IDA2,COM,2,-60.77421784278795
No revision,IDA2,COM,3,-59.138494916616544
No revision,IDA2,COM,4,-59.625465803459846
No revision,IDA2,COM,5,-55.270449918835375
No revision,IDA2,COM,6,-56.24619528320141
No revision,IDA2,COM,7,-51.590065224133845
No revision,IDA2,COM,8,-53.29377019507272
No revision,IDA2,COM,9,-51.794759059888676
No revision,IDA2,COM,10,-54.5056557639328
No revision,IDA2,COM,11,-57.382681644330866
No revision,IDA2,COM,12,-61.31875564953915
No revision,IDA2,COM,13,-68.58549924092036
No revision,IDA2,COM,14,-73.66674431340392
No revision,IDA2,COM,15,-74.94663542018596
No revision,IDA2,COM,16,-80.00251119071278
No revision,IDA2,COM,17,-76.1406289517498
No revision,IDA2,COM,18,-80.22506645640867
No revision,IDA2,COM,19,-62.323968196476734
No revision,IDA2,COM,20,-64.70123484335566
No revision,IDA2,COM,21,-61.708356315117186
No revision,IDA2,COM,22,-63.16758075329857
No revision,IDA2,COM,23,-63.04580432264047
No revision,IDA2,COM,24,-63.68597524524273
No revision,IDA2,COM,25,-67.53183943924464
No revision,IDA2,COM,26,-67.26675714712944
No revision,IDA2,COM,27,-67.05740223967256
No revision,IDA2,COM,28,-65.65475537180485
No revision,IDA2,COM,29,-72.75506123448443
No revision,IDA2,COM,30,-69.63273591656166
No revision,IDA2,COM,31,-87.17730985552184
No revision,IDA2,COM,32,-81.07336924991874
No revision,IDA2,COM,33,-96.76063818680053
No revision,IDA2,COM,34,-87.25460480117506
No revision,IDA2,COM,35,-99.09812396906942
No revision,IDA2,COM,36,-87.2524374386906
No revision,IDA2,COM,37,-87.18530284385142
No revision,IDA2,COM,38,-76.27939125187322
No revision,IDA2,COM,39,-69.7479182140229
No revision,IDA2,COM,40,-62.124157133714
No revision,IDA2,COM,41,-56.39461431167897
No revision,IDA2,COM,42,-52.3094530850515
No revision,IDA2,COM,43,-47.89708773554485
No revision,IDA2,COM,44,-46.812481629989264
No revision,IDA2,COM,45,-42.955776014774955
No revision,IDA2,COM,46,-44.04199359539533
No revision,IDA2,COM,47,-40.54061471343947
No revision,IDA2,COM,48,-42.85534820280739
No revision,IDA2,RES,1,-140.2779239854119
No revision,IDA2,RES,2,-140.0702284447121
No revision,IDA2,RES,3,-135.2536797708834
No revision,IDA2,RES,4,-134.76670888404013
No revision,IDA2,RES,5,-122.74380616866463
No revision,IDA2,RES,6,-121.76806080429859
No revision,IDA2,RES,7,-107.76709366336617
No revision,IDA2,RES,8,-106.06338869242731
No revision,IDA2,RES,9,-96.76300762761133
No revision,IDA2,RES,10,-94.0521109235672
No revision,IDA2,RES,11,-89.96768404316914
No revision,IDA2,RES,12,-86.03161003796089
No revision,IDA2,RES,13,-85.01897184657967
No revision,IDA2,RES,14,-79.9377267740961
No revision,IDA2,RES,15,-70.82188786731405
No revision,IDA2,RES,16,-65.76601209678724
No revision,IDA2,RES,17,-54.6082293357502
No revision,IDA2,RES,18,-50.523791831091344
No revision,IDA2,RES,19,-34.79611049102329
No revision,IDA2,RES,20,-32.41884384414435
No revision,IDA2,RES,21,-28.158500572382813
No revision,IDA2,RES,22,-26.699276134201423
No revision,IDA2,RES,23,-25.161634964859523
No revision,IDA2,RES,24,-24.521464042257268
No revision,IDA2,RES,25,-25.692332448255375
No revision,IDA2,RES,26,-25.957414740370563
No revision,IDA2,RES,27,-26.996339247827446
No revision,IDA2,RES,28,-28.39898611569516
No revision,IDA2,RES,29,-34.827954253015584
No revision,IDA2,RES,30,-37.95027957093836
No revision,IDA2,RES,31,-55.49685923197818
No revision,IDA2,RES,32,-61.60079983758127
No revision,IDA2,RES,33,-89.2215219006995
No revision,IDA2,RES,34,-98.72755528632494
No revision,IDA2,RES,35,-138.3259943184306
No revision,IDA2,RES,36,-150.17168084880944
No revision,IDA2,RES,37,-183.86719784364857
No revision,IDA2,RES,38,-194.77310943562676
No revision,IDA2,RES,39,-211.89634047347712
No revision,IDA2,RES,40,-219.52010155378602
No revision,IDA2,RES,41,-225.55089417582107
No revision,IDA2,RES,42,-229.63605540244848
No revision,IDA2,RES,43,-223.37624955195523
No revision,IDA2,RES,44,-224.46085565751073
No revision,IDA2,RES,45,-205.33134527272512
No revision,IDA2,RES,46,-204.24512769210472
No revision,IDA2,RES,47,-178.40883697406053
No revision,IDA2,RES,48,-176.09410348469257
No revision,IDA2,PV_C,1,0.0
No revision,IDA2,PV_C,2,0.0
No revision,IDA2,PV_C,3,0.0
No revision,IDA2,PV_C,4,0.0
No revision,IDA2,PV_C,5,0.0
No revision,IDA2,PV_C,6,0.0
No revision,IDA2,PV_C,7,0.0
No revision,IDA2,PV_C,8,0.0
No revision,IDA2,PV_C,9,0.0
No revision,IDA2,PV_C,10,0.0
No revision,IDA2,PV_C,11,0.0
No revision,IDA2,PV_C,12,0.0
No revision,IDA2,PV_C,13,5.99e-05
No revision,IDA2,PV_C,14,5.99e-05
No revision,IDA2,PV_C,15,4.555686
No revision,IDA2,PV_C,16,4.555686
No revision,IDA2,PV_C,17,22.0958468
No revision,IDA2,PV_C,18,22.0958468
No revision,IDA2,PV_C,19,41.317848
No revision,IDA2,PV_C,20,41.317848
No revision,IDA2,PV_C,21,51.3895444
No revision,IDA2,PV_C,22,51.3895444
No revision,IDA2,PV_C,23,55.3400937
No revision,IDA2,PV_C,24,55.3400937
No revision,IDA2,PV_C,25,54.6708674
No revision,IDA2,PV_C,26,54.6708674
No revision,IDA2,PV_C,27,49.9864034
No revision,IDA2,PV_C,28,49.9864034
No revision,IDA2,PV_C,29,39.5053727
No revision,IDA2,PV_C,30,39.5053727
No revision,IDA2,PV_C,31,22.5380045
No revision,IDA2,PV_C,32,22.5380045
No revision,IDA2,PV_C,33,6.0143513
No revision,IDA2,PV_C,34,6.0143513
No revision,IDA2,PV_C,35,0.0
No revision,IDA2,PV_C,36,0.0
No revision,IDA2,PV_C,37,0.0
No revision,IDA2,PV_C,38,0.0
No revision,IDA2,PV_C,39,0.0
No revision,IDA2,PV_C,40,0.0
No revision,IDA2,PV_C,41,0.0
No revision,IDA2,PV_C,42,0.0
No revision,IDA2,PV_C,43,0.0
No revision,IDA2,PV_C,44,0.0
No revision,IDA2,PV_C,45,0.0
No revision,IDA2,PV_C,46,0.0
No revision,IDA2,PV_C,47,0.0
No revision,IDA2,PV_C,48,0.0
No revision,IDA2,PV_A,1,0.0
No revision,IDA2,PV_A,2,0.0
No revision,IDA2,PV_A,3,0.0
No revision,IDA2,PV_A,4,0.0
No revision,IDA2,PV_A,5,0.0
No revision,IDA2,PV_A,6,0.0
No revision,IDA2,PV_A,7,0.0
No revision,IDA2,PV_A,8,0.0
No revision,IDA2,PV_A,9,0.0
No revision,IDA2,PV_A,10,0.0
No revision,IDA2,PV_A,11,0.0
No revision,IDA2,PV_A,12,0.0
No revision,IDA2,PV_A,13,5.99e-05
No revision,IDA2,PV_A,14,5.99e-05
No revision,IDA2,PV_A,15,4.555686
No revision,IDA2,PV_A,16,4.555686
No revision,IDA2,PV_A,17,22.0958468
No revision,IDA2,PV_A,18,22.0958468
No revision,IDA2,PV_A,19,41.317848
No revision,IDA2,PV_A,20,41.317848
No revision,IDA2,PV_A,21,51.3895444
No revision,IDA2,PV_A,22,51.3895444
No revision,IDA2,PV_A,23,55.3400937
No revision,IDA2,PV_A,24,55.3400937
No revision,IDA2,PV_A,25,54.6708674
No revision,IDA2,PV_A,26,54.6708674
No revision,IDA2,PV_A,27,49.9864034
No revision,IDA2,PV_A,28,49.9864034
No revision,IDA2,PV_A,29,39.5053727
No revision,IDA2,PV_A,30,39.5053727
No revision,IDA2,PV_A,31,22.5380045
No revision,IDA2,PV_A,32,22.5380045
No revision,IDA2,PV_A,33,6.0143513
No revision,IDA2,PV_A,34,6.0143513
No revision,IDA2,PV_A,35,0.0
No revision,IDA2,PV_A,36,0.0
No revision,IDA2,PV_A,37,0.0
No revision,IDA2,PV_A,38,0.0
No revision,IDA2,PV_A,39,0.0
No revision,IDA2,PV_A,40,0.0
No revision,IDA2,PV_A,41,0.0
No revision,IDA2,PV_A,42,0.0
No revision,IDA2,PV_A,43,0.0
No revision,IDA2,PV_A,44,0.0
No revision,IDA2,PV_A,45,0.0
No revision,IDA2,PV_A,46,0.0
No revision,IDA2,PV_A,47,0.0
No revision,IDA2,PV_A,48,0.0
No revision,IDA2,W_C,1,1.472743367
No revision,IDA2,W_C,2,1.472743367
No revision,IDA2,W_C,3,1.53758110925
No revision,IDA2,W_C,4,1.53758110925
No revision,IDA2,W_C,5,2.13501474
No revision,IDA2,W_C,6,2.13501474
No revision,IDA2,W_C,7,2.8852802175000005
No revision,IDA2,W_C,8,2.8852802175000005
No revision,IDA2,W_C,9,2.0956489525
No revision,IDA2,W_C,10,2.0956489525
No revision,IDA2,W_C,11,1.4588495735
No revision,IDA2,W_C,12,1.4588495735
No revision,IDA2,W_C,13,1.5398967415
No revision,IDA2,W_C,14,1.5398967415
No revision,IDA2,W_C,15,1.12655605125
No revision,IDA2,W_C,16,1.12655605125
No revision,IDA2,W_C,17,0.76994837075
No revision,IDA2,W_C,18,0.76994837075
No revision,IDA2,W_C,19,0.70742626075
No revision,IDA2,W_C,20,0.70742626075
No revision,IDA2,W_C,21,0.389026532
No revision,IDA2,W_C,22,0.389026532
No revision,IDA2,W_C,23,0.20609142725
No revision,IDA2,W_C,24,0.20609142725
No revision,IDA2,W_C,25,0.23156342125
No revision,IDA2,W_C,26,0.23156342125
No revision,IDA2,W_C,27,0.1586209465
No revision,IDA2,W_C,28,0.1586209465
No revision,IDA2,W_C,29,0.188724205
No revision,IDA2,W_C,30,0.188724205
No revision,IDA2,W_C,31,0.39018436775
No revision,IDA2,W_C,32,0.39018436775
No revision,IDA2,W_C,33,1.06056047325
No revision,IDA2,W_C,34,1.06056047325
No revision,IDA2,W_C,35,1.2955973625
No revision,IDA2,W_C,36,1.2955973625
No revision,IDA2,W_C,37,0.885730101
No revision,IDA2,W_C,38,0.885730101
No revision,IDA2,W_C,39,0.57890857275
No revision,IDA2,W_C,40,0.57890857275
No revision,IDA2,W_C,41,0.42028762625
No revision,IDA2,W_C,42,0.42028762625
No revision,IDA2,W_C,43,0.552278743
No revision,IDA2,W_C,44,0.552278743
No revision,IDA2,W_C,45,0.61248526
No revision,IDA2,W_C,46,0.61248526
No revision,IDA2,W_C,47,0.596275795
No revision,IDA2,W_C,48,0.596275795
No revision,IDA2,W_A,1,1.472743367
No revision,IDA2,W_A,2,1.472743367
No revision,IDA2,W_A,3,1.53758110925
No revision,IDA2,W_A,4,1.53758110925
No revision,IDA2,W_A,5,2.13501474
No revision,IDA2,W_A,6,2.13501474
No revision,IDA2,W_A,7,2.8852802175000005
No revision,IDA2,W_A,8,2.8852802175000005
No revision,IDA2,W_A,9,2.0956489525
No revision,IDA2,W_A,10,2.0956489525
No revision,IDA2,W_A,11,1.4588495735
No revision,IDA2,W_A,12,1.4588495735
No revision,IDA2,W_A,13,1.5398967415
No revision,IDA2,W_A,14,1.5398967415
No revision,IDA2,W_A,15,1.12655605125
No revision,IDA2,W_A,16,1.12655605125
No revision,IDA2,W_A,17,0.76994837075
No revision,IDA2,W_A,18,0.76994837075
No revision,IDA2,W_A,19,0.70742626075
No revision,IDA2,W_A,20,0.70742626075
No revision,IDA2,W_A,21,0.389026532
No revision,IDA2,W_A,22,0.389026532
No revision,IDA2,W_A,23,0.20609142725
No revision,IDA2,W_A,24,0.20609142725
No revision,IDA2,W_A,25,0.23156342125
No revision,IDA2,W_A,26,0.23156342125
No revision,IDA2,W_A,27,0.1586209465
No revision,IDA2,W_A,28,0.1586209465
No revision,IDA2,W_A,29,0.188724205
No revision,IDA2,W_A,30,0.188724205
No revision,IDA2,W_A,31,0.39018436775
No revision,IDA2,W_A,32,0.39018436775
No revision,IDA2,W_A,33,1.06056047325
No revision,IDA2,W_A,34,1.06056047325
No revision,IDA2,W_A,35,1.2955973625
No revision,IDA2,W_A,36,1.2955973625
No revision,IDA2,W_A,37,0.885730101
No revision,IDA2,W_A,38,0.885730101
No revision,IDA2,W_A,39,0.57890857275
No revision,IDA2,W_A,40,0.57890857275
No revision,IDA2,W_A,41,0.42028762625
No revision,IDA2,W_A,42,0.42028762625
No revision,IDA2,W_A,43,0.552278743
No revision,IDA2,W_A,44,0.552278743
No revision,IDA2,W_A,45,0.61248526
No revision,IDA2,W_A,46,0.61248526
No revision,IDA2,W_A,47,0.596275795
No revision,IDA2,W_A,48,0.596275795
No revision,IDA3,IND,1,-74.4272491125
No revision,IDA3,IND,2,-74.4272491125
No revision,IDA3,IND,3,-74.4272491125
No revision,IDA3,IND,4,-74.4272491125
No revision,IDA3,IND,5,-74.4272491125
No revision,IDA3,IND,6,-74.4272491125
No revision,IDA3,IND,7,-74.4272491125
No revision,IDA3,IND,8,-74.4272491125
No revision,IDA3,IND,9,-74.4272491125
No revision,IDA3,IND,10,-74.4272491125
No revision,IDA3,IND,11,-74.4272491125
No revision,IDA3,IND,12,-74.4272491125
No revision,IDA3,IND,13,-74.4272491125
No revision,IDA3,IND,14,-74.4272491125
No revision,IDA3,IND,15,-74.4272491125
No revision,IDA3,IND,16,-74.4272491125
No revision,IDA3,IND,17,-74.4272491125
No revision,IDA3,IND,18,-74.4272491125
No revision,IDA3,IND,19,-74.4272491125
No revision,IDA3,IND,20,-74.4272491125
No revision,IDA3,IND,21,-74.4272491125
No revision,IDA3,IND,22,-74.4272491125
No revision,IDA3,IND,23,-74.4272491125
No revision,IDA3,IND,24,-74.4272491125
No revision,IDA3,IND,25,-74.4272491125
No revision,IDA3,IND,26,-74.4272491125
No revision,IDA3,IND,27,-74.4272491125
No revision,IDA3,IND,28,-74.4272491125
No revision,IDA3,IND,29,-74.4272491125
No revision,IDA3,IND,30,-74.4272491125
No revision,IDA3,IND,31,-74.4272491125
No revision,IDA3,IND,32,-74.4272491125
No revision,IDA3,IND,33,-74.4272491125
No revision,IDA3,IND,34,-74.4272491125
No revision,IDA3,IND,35,-74.4272491125
No revision,IDA3,IND,36,-74.4272491125
No revision,IDA3,IND,37,-74.4272491125
No revision,IDA3,IND,38,-74.4272491125
No revision,IDA3,IND,39,-74.4272491125
No revision,IDA3,IND,40,-74.4272491125
No revision,IDA3,IND,41,-74.4272491125
No revision,IDA3,IND,42,-74.4272491125
No revision,IDA3,IND,43,-74.4272491125
No revision,IDA3,IND,44,-74.4272491125
No revision,IDA3,IND,45,-74.4272491125
No revision,IDA3,IND,46,-74.4272491125
No revision,IDA3,IND,47,-74.4272491125
No revision,IDA3,IND,48,-74.4272491125
No revision,IDA3,COM,1,-60.56652230208813
No revision,IDA3,COM,2,-60.77421784278795
No revision,IDA3,COM,3,-59.138494916616544
No revision,IDA3,COM,4,-59.625465803459846
No revision,IDA3,COM,5,-55.270449918835375
No revision,IDA3,COM,6,-56.24619528320141
No revision,IDA3,COM,7,-51.590065224133845
No revision,IDA3,COM,8,-53.29377019507272
No revision,IDA3,COM,9,-51.794759059888676
No revision,IDA3,COM,10,-54.5056557639328
No revision,IDA3,COM,11,-57.382681644330866
No revision,IDA3,COM,12,-61.31875564953915
No revision,IDA3,COM,13,-68.58549924092036
No revision,IDA3,COM,14,-73.66674431340392
No revision,IDA3,COM,15,-74.94663542018596
No revision,IDA3,COM,16,-80.00251119071278
No revision,IDA3,COM,17,-76.1406289517498
No revision,IDA3,COM,18,-80.22506645640867
No revision,IDA3,COM,19,-62.323968196476734
No revision,IDA3,COM,20,-64.70123484335566
No revision,IDA3,COM,21,-61.708356315117186
No revision,IDA3,COM,22,-63.16758075329857
No revision,IDA3,COM,23,-63.04580432264047
No revision,IDA3,COM,24,-63.68597524524273
No revision,IDA3,COM,25,-67.53183943924464
No revision,IDA3,COM,26,-67.26675714712944
No revision,IDA3,COM,27,-67.05740223967256
No revision,IDA3,COM,28,-65.65475537180485
No revision,IDA3,COM,29,-72.75506123448443
No revision,IDA3,COM,30,-69.63273591656166
No revision,IDA3,COM,31,-87.17730985552184
No revision,IDA3,COM,32,-81.07336924991874
No revision,IDA3,COM,33,-96.76063818680053
No revision,IDA3,COM,34,-87.25460480117506
No revision,IDA3,COM,35,-99.09812396906942
No revision,IDA3,COM,36,-87.2524374386906
No revision,IDA3,COM,37,-87.18530284385142
No revision,IDA3,COM,38,-76.27939125187322
No revision,IDA3,COM,39,-69.7479182140229
No revision,IDA3,COM,40,-62.124157133714
No revision,IDA3,COM,41,-56.39461431167897
No revision,IDA3,COM,42,-52.3094530850515
No revision,IDA3,COM,43,-47.89708773554485
No revision,IDA3,COM,44,-46.812481629989264
No revision,IDA3,COM,45,-42.955776014774955
No revision,IDA3,COM,46,-44.04199359539533
No revision,IDA3,COM,47,-40.54061471343947
No revision,IDA3,COM,48,-42.85534820280739
No revision,IDA3,RES,1,-140.2779239854119
No revision,IDA3,RES,2,-140.0702284447121
No revision,IDA3,RES,3,-135.2536797708834
No revision,IDA3,RES,4,-134.76670888404013
No revision,IDA3,RES,5,-122.74380616866463
No revision,IDA3,RES,6,-121.76806080429859
No revision,IDA3,RES,7,-107.76709366336617
No revision,IDA3,RES,8,-106.06338869242731
No revision,IDA3,RES,9,-96.76300762761133
No revision,IDA3,RES,10,-94.0521109235672
No revision,IDA3,RES,11,-89.96768404316914
No revision,IDA3,RES,12,-86.03161003796089
No revision,IDA3,RES,13,-85.01897184657967
No revision,IDA3,RES,14,-79.9377267740961
No revision,IDA3,RES,15,-70.82188786731405
No revision,IDA3,RES,16,-65.76601209678724
No revision,IDA3,RES,17,-54.6082293357502
No revision,IDA3,RES,18,-50.523791831091344
No revision,IDA3,RES,19,-34.79611049102329
No revision,IDA3,RES,20,-32.41884384414435
No revision,IDA3,RES,21,-28.158500572382813
No revision,IDA3,RES,22,-26.699276134201423
No revision,IDA3,RES,23,-25.161634964859523
No revision,IDA3,RES,24,-24.521464042257268
No revision,IDA3,RES,25,-25.692332448255375
No revision,IDA3,RES,26,-25.957414740370563
No revision,IDA3,RES,27,-26.996339247827446
No revision,IDA3,RES,28,-28.39898611569516
No revision,IDA3,RES,29,-34.827954253015584
No revision,IDA3,RES,30,-37.95027957093836
No revision,IDA3,RES,31,-55.49685923197818
No revision,IDA3,RES,32,-61.60079983758127
No revision,IDA3,RES,33,-89.2215219006995
No revision,IDA3,RES,34,-98.72755528632494
No revision,IDA3,RES,35,-138.3259943184306
No revision,IDA3,RES,36,-150.17168084880944
No revision,IDA3,RES,37,-183.86719784364857
No revision,IDA3,RES,38,-194.77310943562676
No revision,IDA3,RES,39,-211.89634047347712
No revision,IDA3,RES,40,-219.52010155378602
No revision,IDA3,RES,41,-225.55089417582107
No revision,IDA3,RES,42,-229.63605540244848
No revision,IDA3,RES,43,-223.37624955195523
No revision,IDA3,RES,44,-224.46085565751073
No revision,IDA3,RES,45,-205.33134527272512
No revision,IDA3,RES,46,-204.24512769210472
No revision,IDA3,RES,47,-178.40883697406053
No revision,IDA3,RES,48,-176.09410348469257
No revision,IDA3,PV_C,1,0.0
No revision,IDA3,PV_C,2,0.0
No revision,IDA3,PV_C,3,0.0
No revision,IDA3,PV_C,4,0.0
No revision,IDA3,PV_C,5,0.0
No revision,IDA3,PV_C,6,0.0
No revision,IDA3,PV_C,7,0.0
No revision,IDA3,PV_C,8,0.0
No revision,IDA3,PV_C,9,0.0
No revision,IDA3,PV_C,10,0.0
No revision,IDA3,PV_C,11,0.0
No revision,IDA3,PV_C,12,0.0
No revision,IDA3,PV_C,13,5.99e-05
No revision,IDA3,PV_C,14,5.99e-05
No revision,IDA3,PV_C,15,4.555686
No revision,IDA3,PV_C,16,4.555686
No revision,IDA3,PV_C,17,22.0958468
No revision,IDA3,PV_C,18,22.0958468
No revision,IDA3,PV_C,19,41.317848
No revision,IDA3,PV_C,20,41.317848
No revision,IDA3,PV_C,21,51.3895444
No revision,IDA3,PV_C,22,51.3895444
No revision,IDA3,PV_C,23,55.3400937
No revision,IDA3,PV_C,24,55.3400937
No revision,IDA3,PV_C,25,54.6708674
No revision,IDA3,PV_C,26,54.6708674
No revision,IDA3,PV_C,27,49.9864034
No revision,IDA3,PV_C,28,49.9864034
No revision,IDA3,PV_C,29,39.5053727
No revision,IDA3,PV_C,30,39.5053727
No revision,IDA3,PV_C,31,22.5380045
No revision,IDA3,PV_C,32,22.5380045
No revision,IDA3,PV_C,33,6.0143513
No revision,IDA3,PV_C,34,6.0143513
No revision,IDA3,PV_C,35,0.0
No revision,IDA3,PV_C,36,0.0
No revision,IDA3,PV_C,37,0.0
No revision,IDA3,PV_C,38,0.0
No revision,IDA3,PV_C,39,0.0
No revision,IDA3,PV_C,40,0.0
No revision,IDA3,PV_C,41,0.0
No revision,IDA3,PV_C,42,0.0
No revision,IDA3,PV_C,43,0.0
No revision,IDA3,PV_C,44,0.0
No revision,IDA3,PV_C,45,0.0
No revision,IDA3,PV_C,46,0.0
No revision,IDA3,PV_C,47,0.0
No revision,IDA3,PV_C,48,0.0
No revision,IDA3,PV_A,1,0.0
No revision,IDA3,PV_A,2,0.0
No revision,IDA3,PV_A,3,0.0
No revision,IDA3,PV_A,4,0.0
No revision,IDA3,PV_A,5,0.0
No revision,IDA3,PV_A,6,0.0
No revision,IDA3,PV_A,7,0.0
No revision,IDA3,PV_A,8,0.0
No revision,IDA3,PV_A,9,0.0
No revision,IDA3,PV_A,10,0.0
No revision,IDA3,PV_A,11,0.0
No revision,IDA3,PV_A,12,0.0
No revision,IDA3,PV_A,13,5.99e-05
No revision,IDA3,PV_A,14,5.99e-05
No revision,IDA3,PV_A,15,4.555686
No revision,IDA3,PV_A,16,4.555686
No revision,IDA3,PV_A,17,22.0958468
No revision,IDA3,PV_A,18,22.0958468
No revision,IDA3,PV_A,19,41.317848
No revision,IDA3,PV_A,20,41.317848
No revision,IDA3,PV_A,21,51.3895444
No revision,IDA3,PV_A,22,51.3895444
No revision,IDA3,PV_A,23,55.3400937
No revision,IDA3,PV_A,24,55.3400937
No revision,IDA3,PV_A,25,54.6708674
No revision,IDA3,PV_A,26,54.6708674
No revision,IDA3,PV_A,27,49.9864034
No revision,IDA3,PV_A,28,49.9864034
No revision,IDA3,PV_A,29,39.5053727
No revision,IDA3,PV_A,30,39.5053727
No revision,IDA3,PV_A,31,22.5380045
No revision,IDA3,PV_A,32,22.5380045
No revision,IDA3,PV_A,33,6.0143513
No revision,IDA3,PV_A,34,6.0143513
No revision,IDA3,PV_A,35,0.0
No revision,IDA3,PV_A,36,0.0
No revision,IDA3,PV_A,37,0.0
No revision,IDA3,PV_A,38,0.0
No revision,IDA3,PV_A,39,0.0
No revision,IDA3,PV_A,40,0.0
No revision,IDA3,PV_A,41,0.0
No revision,IDA3,PV_A,42,0.0
No revision,IDA3,PV_A,43,0.0
No revision,IDA3,PV_A,44,0.0
No revision,IDA3,PV_A,45,0.0
No revision,IDA3,PV_A,46,0.0
No revision,IDA3,PV_A,47,0.0
No revision,IDA3,PV_A,48,0.0
No revision,IDA3,W_C,1,1.472743367
No revision,IDA3,W_C,2,1.472743367
No revision,IDA3,W_C,3,1.53758110925
No revision,IDA3,W_C,4,1.53758110925
No revision,IDA3,W_C,5,2.13501474
No revision,IDA3,W_C,6,2.13501474
No revision,IDA3,W_C,7,2.8852802175000005
No revision,IDA3,W_C,8,2.8852802175000005
No revision,IDA3,W_C,9,2.0956489525
No revision,IDA3,W_C,10,2.0956489525
No revision,IDA3,W_C,11,1.4588495735
No revision,IDA3,W_C,12,1.4588495735
No revision,IDA3,W_C,13,1.5398967415
No revision,IDA3,W_C,14,1.5398967415
No revision,IDA3,W_C,15,1.12655605125
No revision,IDA3,W_C,16,1.12655605125
No revision,IDA3,W_C,17,0.76994837075
No revision,IDA3,W_C,18,0.76994837075
No revision,IDA3,W_C,19,0.70742626075
No revision,IDA3,W_C,20,0.70742626075
No revision,IDA3,W_C,21,0.389026532
No revision,IDA3,W_C,22,0.389026532
No revision,IDA3,W_C,23,0.20609142725
No revision,IDA3,W_C,24,0.20609142725
No revision,IDA3,W_C,25,0.23156342125
No revision,IDA3,W_C,26,0.23156342125
No revision,IDA3,W_C,27,0.1586209465
No revision,IDA3,W_C,28,0.1586209465
No revision,IDA3,W_C,29,0.188724205
No revision,IDA3,W_C,30,0.188724205
No revision,IDA3,W_C,31,0.39018436775
No revision,IDA3,W_C,32,0.39018436775
No revision,IDA3,W_C,33,1.06056047325
No revision,IDA3,W_C,34,1.06056047325
No revision,IDA3,W_C,35,1.2955973625
No revision,IDA3,W_C,36,1.2955973625
No revision,IDA3,W_C,37,0.885730101
No revision,IDA3,W_C,38,0.885730101
No revision,IDA3,W_C,39,0.57890857275
No revision,IDA3,W_C,40,0.57890857275
No revision,IDA3,W_C,41,0.42028762625
No revision,IDA3,W_C,42,0.42028762625
No revision,IDA3,W_C,43,0.552278743
No revision,IDA3,W_C,44,0.552278743
No revision,IDA3,W_C,45,0.61248526
No revision,IDA3,W_C,46,0.61248526
No revision,IDA3,W_C,47,0.596275795
No revision,IDA3,W_C,48,0.596275795
No revision,IDA3,W_A,1,1.472743367
No revision,IDA3,W_A,2,1.472743367
No revision,IDA3,W_A,3,1.53758110925
No revision,IDA3,W_A,4,1.53758110925
No revision,IDA3,W_A,5,2.13501474
No revision,IDA3,W_A,6,2.13501474
No revision,IDA3,W_A,7,2.8852802175000005
No revision,IDA3,W_A,8,2.8852802175000005
No revision,IDA3,W_A,9,2.0956489525
No revision,IDA3,W_A,10,2.0956489525
No revision,IDA3,W_A,11,1.4588495735
No revision,IDA3,W_A,12,1.4588495735
No revision,IDA3,W_A,13,1.5398967415
No revision,IDA3,W_A,14,1.5398967415
No revision,IDA3,W_A,15,1.12655605125
No revision,IDA3,W_A,16,1.12655605125
No revision,IDA3,W_A,17,0.76994837075
No revision,IDA3,W_A,18,0.76994837075
No revision,IDA3,W_A,19,0.70742626075
No revision,IDA3,W_A,20,0.70742626075
No revision,IDA3,W_A,21,0.389026532
No revision,IDA3,W_A,22,0.389026532
No revision,IDA3,W_A,23,0.20609142725
No revision,IDA3,W_A,24,0.20609142725
No revision,IDA3,W_A,25,0.23156342125
No revision,IDA3,W_A,26,0.23156342125
No revision,IDA3,W_A,27,0.1586209465
No revision,IDA3,W_A,28,0.1586209465
No revision,IDA3,W_A,29,0.188724205
No revision,IDA3,W_A,30,0.188724205
No revision,IDA3,W_A,31,0.39018436775
No revision,IDA3,W_A,32,0.39018436775
No revision,IDA3,W_A,33,1.06056047325
No revision,IDA3,W_A,34,1.06056047325
No revision,IDA3,W_A,35,1.2955973625
No revision,IDA3,W_A,36,1.2955973625
No revision,IDA3,W_A,37,0.885730101
No revision,IDA3,W_A,38,0.885730101
No revision,IDA3,W_A,39,0.57890857275
No revision,IDA3,W_A,40,0.57890857275
No revision,IDA3,W_A,41,0.42028762625
No revision,IDA3,W_A,42,0.42028762625
No revision,IDA3,W_A,43,0.552278743
No revision,IDA3,W_A,44,0.552278743
No revision,IDA3,W_A,45,0.61248526
No revision,IDA3,W_A,46,0.61248526
No revision,IDA3,W_A,47,0.596275795
No revision,IDA3,W_A,48,0.596275795
Double revision,DAM,IND,1,-74.4272491125
Double revision,DAM,IND,2,-74.4272491125
Double revision,DAM,IND,3,-74.4272491125
Double revision,DAM,IND,4,-74.4272491125
Double revision,DAM,IND,5,-74.4272491125
Double revision,DAM,IND,6,-74.4272491125
Double revision,DAM,IND,7,-74.4272491125
Double revision,DAM,IND,8,-74.4272491125
Double revision,DAM,IND,9,-74.4272491125
Double revision,DAM,IND,10,-74.4272491125
Double revision,DAM,IND,11,-74.4272491125
Double revision,DAM,IND,12,-74.4272491125
Double revision,DAM,IND,13,-74.4272491125
Double revision,DAM,IND,14,-74.4272491125
Double revision,DAM,IND,15,-74.4272491125
Double revision,DAM,IND,16,-74.4272491125
Double revision,DAM,IND,17,-74.4272491125
Double revision,DAM,IND,18,-74.4272491125
Double revision,DAM,IND,19,-74.4272491125
Double revision,DAM,IND,20,-74.4272491125
Double revision,DAM,IND,21,-74.4272491125
Double revision,DAM,IND,22,-74.4272491125
Double revision,DAM,IND,23,-74.4272491125
Double revision,DAM,IND,24,-74.4272491125
Double revision,DAM,IND,25,-74.4272491125
Double revision,DAM,IND,26,-74.4272491125
Double revision,DAM,IND,27,-74.4272491125
Double revision,DAM,IND,28,-74.4272491125
Double revision,DAM,IND,29,-74.4272491125
Double revision,DAM,IND,30,-74.4272491125
Double revision,DAM,IND,31,-74.4272491125
Double revision,DAM,IND,32,-74.4272491125
Double revision,DAM,IND,33,-74.4272491125
Double revision,DAM,IND,34,-74.4272491125
Double revision,DAM,IND,35,-74.4272491125
Double revision,DAM,IND,36,-74.4272491125
Double revision,DAM,IND,37,-74.4272491125
Double revision,DAM,IND,38,-74.4272491125
Double revision,DAM,IND,39,-74.4272491125
Double revision,DAM,IND,40,-74.4272491125
Double revision,DAM,IND,41,-74.4272491125
Double revision,DAM,IND,42,-74.4272491125
Double revision,DAM,IND,43,-74.4272491125
Double revision,DAM,IND,44,-74.4272491125
Double revision,DAM,IND,45,-74.4272491125
Double revision,DAM,IND,46,-74.4272491125
Double revision,DAM,IND,47,-74.4272491125
Double revision,DAM,IND,48,-74.4272491125
Double revision,DAM,COM,1,-60.56652230208813
Double revision,DAM,COM,2,-60.77421784278795
Double revision,DAM,COM,3,-59.138494916616544
Double revision,DAM,COM,4,-59.625465803459846
Double revision,DAM,COM,5,-55.270449918835375
Double revision,DAM,COM,6,-56.24619528320141
Double revision,DAM,COM,7,-51.590065224133845
Double revision,DAM,COM,8,-53.29377019507272
Double revision,DAM,COM,9,-51.794759059888676
Double revision,DAM,COM,10,-54.5056557639328
Double revision,DAM,COM,11,-57.382681644330866
Double revision,DAM,COM,12,-61.31875564953915
Double revision,DAM,COM,13,-68.58549924092036
Double revision,DAM,COM,14,-73.66674431340392
Double revision,DAM,COM,15,-74.94663542018596
Double revision,DAM,COM,16,-80.00251119071278
Double revision,DAM,COM,17,-76.1406289517498
Double revision,DAM,COM,18,-80.22506645640867
Double revision,DAM,COM,19,-62.323968196476734
Double revision,DAM,COM,20,-64.70123484335566
Double revision,DAM,COM,21,-61.708356315117186
Double revision,DAM,COM,22,-63.16758075329857
Double revision,DAM,COM,23,-63.04580432264047
Double revision,DAM,COM,24,-63.68597524524273
Double revision,DAM,COM,25,-67.53183943924464
Double revision,DAM,COM,26,-67.26675714712944
Double revision,DAM,COM,27,-67.05740223967256
Double revision,DAM,COM,28,-65.65475537180485
Double revision,DAM,COM,29,-72.75506123448443
Double revision,DAM,COM,30,-69.63273591656166
Double revision,DAM,COM,31,-87.17730985552184
Double revision,DAM,COM,32,-81.07336924991874
Double revision,DAM,COM,33,-96.76063818680053
Double revision,DAM,COM,34,-87.25460480117506
Double revision,DAM,COM,35,-99.09812396906942
Double revision,DAM,COM,36,-87.2524374386906
Double revision,DAM,COM,37,-87.18530284385142
Double revision,DAM,COM,38,-76.27939125187322
Double revision,DAM,COM,39,-69.7479182140229
Double revision,DAM,COM,40,-62.124157133714
Double revision,DAM,COM,41,-56.39461431167897
Double revision,DAM,COM,42,-52.3094530850515
Double revision,DAM,COM,43,-47.89708773554485
Double revision,DAM,COM,44,-46.812481629989264
Double revision,DAM,COM,45,-42.955776014774955
Double revision,DAM,COM,46,-44.04199359539533
Double revision,DAM,COM,47,-40.54061471343947
Double revision,DAM,COM,48,-42.85534820280739
Double revision,DAM,RES,1,-140.2779239854119
Double revision,DAM,RES,2,-140.0702284447121
Double revision,DAM,RES,3,-135.2536797708834
Double revision,DAM,RES,4,-134.76670888404013
Double revision,DAM,RES,5,-122.74380616866463
Double revision,DAM,RES,6,-121.76806080429859
Double revision,DAM,RES,7,-107.76709366336617
Double revision,DAM,RES,8,-106.06338869242731
Double revision,DAM,RES,9,-96.76300762761133
Double revision,DAM,RES,10,-94.0521109235672
Double revision,DAM,RES,11,-89.96768404316914
Double revision,DAM,RES,12,-86.03161003796089
Double revision,DAM,RES,13,-85.01897184657967
Double revision,DAM,RES,14,-79.9377267740961
Double revision,DAM,RES,15,-70.82188786731405
Double revision,DAM,RES,16,-65.76601209678724
Double revision,DAM,RES,17,-54.6082293357502
Double revision,DAM,RES,18,-50.523791831091344
Double revision,DAM,RES,19,-34.79611049102329
Double revision,DAM,RES,20,-32.41884384414435
Double revision,DAM,RES,21,-28.158500572382813
Double revision,DAM,RES,22,-26.699276134201423
Double revision,DAM,RES,23,-25.161634964859523
Double revision,DAM,RES,24,-24.521464042257268
Double revision,DAM,RES,25,-25.692332448255375
Double revision,DAM,RES,26,-25.957414740370563
Double revision,DAM,RES,27,-26.996339247827446
Double revision,DAM,RES,28,-28.39898611569516
Double revision,DAM,RES,29,-34.827954253015584
Double revision,DAM,RES,30,-37.95027957093836
Double revision,DAM,RES,31,-55.49685923197818
Double revision,DAM,RES,32,-61.60079983758127
Double revision,DAM,RES,33,-89.2215219006995
Double revision,DAM,RES,34,-98.72755528632494
Double revision,DAM,RES,35,-138.3259943184306
Double revision,DAM,RES,36,-150.17168084880944
Double revision,DAM,RES,37,-183.86719784364857
Double revision,DAM,RES,38,-194.77310943562676
Double revision,DAM,RES,39,-211.89634047347712
Double revision,DAM,RES,40,-219.52010155378602
Double revision,DAM,RES,41,-225.55089417582107
Double revision,DAM,RES,42,-229.63605540244848
Double revision,DAM,RES,43,-223.37624955195523
Double revision,DAM,RES,44,-224.46085565751073
Double revision,DAM,RES,45,-205.33134527272512
Double revision,DAM,RES,46,-204.24512769210472
Double revision,DAM,RES,47,-178.40883697406053
Double revision,DAM,RES,48,-176.09410348469257
Double revision,DAM,PV_C,1,0.0
Double revision,DAM,PV_C,2,0.0
Double revision,DAM,PV_C,3,0.0
Double revision,DAM,PV_C,4,0.0
Double revision,DAM,PV_C,5,0.0
Double revision,DAM,PV_C,6,0.0
Double revision,DAM,PV_C,7,0.0
Double revision,DAM,PV_C,8,0.0
Double revision,DAM,PV_C,9,0.0
Double revision,DAM,PV_C,10,0.0
Double revision,DAM,PV_C,11,0.0
Double revision,DAM,PV_C,12,0.0
Double revision,DAM,PV_C,13,5.99e-05
Double revision,DAM,PV_C,14,5.99e-05
Double revision,DAM,PV_C,15,4.555686
Double revision,DAM,PV_C,16,4.555686
Double revision,DAM,PV_C,17,22.0958468
Double revision,DAM,PV_C,18,22.0958468
Double revision,DAM,PV_C,19,41.317848
Double revision,DAM,PV_C,20,41.317848
Double revision,DAM,PV_C,21,51.3895444
Double revision,DAM,PV_C,22,51.3895444
Double revision,DAM,PV_C,23,55.3400937
Double revision,DAM,PV_C,24,55.3400937
Double revision,DAM,PV_C,25,54.6708674
Double revision,DAM,PV_C,26,54.6708674
Double revision,DAM,PV_C,27,49.9864034
Double revision,DAM,PV_C,28,49.9864034
Double revision,DAM,PV_C,29,39.5053727
Double revision,DAM,PV_C,30,39.5053727
Double revision,DAM,PV_C,31,22.5380045
Double revision,DAM,PV_C,32,22.5380045
Double revision,DAM,PV_C,33,6.0143513
Double revision,DAM,PV_C,34,6.0143513
Double revision,DAM,PV_C,35,0.0
Double revision,DAM,PV_C,36,0.0
Double revision,DAM,PV_C,37,0.0
Double revision,DAM,PV_C,38,0.0
Double revision,DAM,PV_C,39,0.0
Double revision,DAM,PV_C,40,0.0
Double revision,DAM,PV_C,41,0.0
Double revision,DAM,PV_C,42,0.0
Double revision,DAM,PV_C,43,0.0
Double revision,DAM,PV_C,44,0.0
Double revision,DAM,PV_C,45,0.0
Double revision,DAM,PV_C,46,0.0
Double revision,DAM,PV_C,47,0.0
Double revision,DAM,PV_C,48,0.0
Double revision,DAM,PV_A,1,0.0
Double revision,DAM,PV_A,2,0.0
Double revision,DAM,PV_A,3,0.0
Double revision,DAM,PV_A,4,0.0
Double revision,DAM,PV_A,5,0.0
Double revision,DAM,PV_A,6,0.0
Double revision,DAM,PV_A,7,0.0
Double revision,DAM,PV_A,8,0.0
Double revision,DAM,PV_A,9,0.0
Double revision,DAM,PV_A,10,0.0
Double revision,DAM,PV_A,11,0.0
Double revision,DAM,PV_A,12,0.0
Double revision,DAM,PV_A,13,5.99e-05
Double revision,DAM,PV_A,14,5.99e-05
Double revision,DAM,PV_A,15,4.555686
Double revision,DAM,PV_A,16,4.555686
Double revision,DAM,PV_A,17,22.0958468
Double revision,DAM,PV_A,18,22.0958468
Double revision,DAM,PV_A,19,41.317848
Double revision,DAM,PV_A,20,41.317848
Double revision,DAM,PV_A,21,51.3895444
Double revision,DAM,PV_A,22,51.3895444
Double revision,DAM,PV_A,23,55.3400937
Double revision,DAM,PV_A,24,55.3400937
Double revision,DAM,PV_A,25,54.6708674
Double revision,DAM,PV_A,26,54.6708674
Double revision,DAM,PV_A,27,49.9864034
Double revision,DAM,PV_A,28,49.9864034
Double revision,DAM,PV_A,29,39.5053727
Double revision,DAM,PV_A,30,39.5053727
Double revision,DAM,PV_A,31,22.5380045
Double revision,DAM,PV_A,32,22.5380045
Double revision,DAM,PV_A,33,6.0143513
Double revision,DAM,PV_A,34,6.0143513
Double revision,DAM,PV_A,35,0.0
Double revision,DAM,PV_A,36,0.0
Double revision,DAM,PV_A,37,0.0
Double revision,DAM,PV_A,38,0.0
Double revision,DAM,PV_A,39,0.0
Double revision,DAM,PV_A,40,0.0
Double revision,DAM,PV_A,41,0.0
Double revision,DAM,PV_A,42,0.0
Double revision,DAM,PV_A,43,0.0
Double revision,DAM,PV_A,44,0.0
Double revision,DAM,PV_A,45,0.0
Double revision,DAM,PV_A,46,0.0
Double revision,DAM,PV_A,47,0.0
Double revision,DAM,PV_A,48,0.0
Double revision,DAM,W_C,1,1.472743367
Double revision,DAM,W_C,2,1.472743367
Double revision,DAM,W_C,3,1.53758110925
Double revision,DAM,W_C,4,1.53758110925
Double revision,DAM,W_C,5,2.13501474
Double revision,DAM,W_C,6,2.13501474
Double revision,DAM,W_C,7,2.8852802175000005
Double revision,DAM,W_C,8,2.8852802175000005
Double revision,DAM,W_C,9,2.0956489525
Double revision,DAM,W_C,10,2.0956489525
Double revision,DAM,W_C,11,1.4588495735
Double revision,DAM,W_C,12,1.4588495735
Double revision,DAM,W_C,13,1.5398967415
Double revision,DAM,W_C,14,1.5398967415
Double revision,DAM,W_C,15,1.12655605125
Double revision,DAM,W_C,16,1.12655605125
Double revision,DAM,W_C,17,0.76994837075
Double revision,DAM,W_C,18,0.76994837075
Double revision,DAM,W_C,19,0.70742626075
Double revision,DAM,W_C,20,0.70742626075
Double revision,DAM,W_C,21,0.389026532
Double revision,DAM,W_C,22,0.389026532
Double revision,DAM,W_C,23,0.20609142725
Double revision,DAM,W_C,24,0.20609142725
Double revision,DAM,W_C,25,0.23156342125
Double revision,DAM,W_C,26,0.23156342125
Double revision,DAM,W_C,27,0.1586209465
Double revision,DAM,W_C,28,0.1586209465
Double revision,DAM,W_C,29,0.188724205
Double revision,DAM,W_C,30,0.188724205
Double revision,DAM,W_C,31,0.39018436775
Double revision,DAM,W_C,32,0.39018436775
Double revision,DAM,W_C,33,1.06056047325
Double revision,DAM,W_C,34,1.06056047325
Double revision,DAM,W_C,35,1.2955973625
Double revision,DAM,W_C,36,1.2955973625
Double revision,DAM,W_C,37,0.885730101
Double revision,DAM,W_C,38,0.885730101
Double revision,DAM,W_C,39,0.57890857275
Double revision,DAM,W_C,40,0.57890857275
Double revision,DAM,W_C,41,0.42028762625
Double revision,DAM,W_C,42,0.42028762625
Double revision,DAM,W_C,43,0.552278743
Double revision,DAM,W_C,44,0.552278743
Double revision,DAM,W_C,45,0.61248526
Double revision,DAM,W_C,46,0.61248526
Double revision,DAM,W_C,47,0.596275795
Double revision,DAM,W_C,48,0.596275795
Double revision,DAM,W_A,1,1.472743367
Double revision,DAM,W_A,2,1.472743367
Double revision,DAM,W_A,3,1.53758110925
Double revision,DAM,W_A,4,1.53758110925
Double revision,DAM,W_A,5,2.13501474
Double revision,DAM,W_A,6,2.13501474
Double revision,DAM,W_A,7,2.8852802175000005
Double revision,DAM,W_A,8,2.8852802175000005
Double revision,DAM,W_A,9,2.0956489525
Double revision,DAM,W_A,10,2.0956489525
Double revision,DAM,W_A,11,1.4588495735
Double revision,DAM,W_A,12,1.4588495735
Double revision,DAM,W_A,13,1.5398967415
Double revision,DAM,W_A,14,1.5398967415
Double revision,DAM,W_A,15,1.12655605125
Double revision,DAM,W_A,16,1.12655605125
Double revision,DAM,W_A,17,0.76994837075
Double revision,DAM,W_A,18,0.76994837075
Double revision,DAM,W_A,19,0.70742626075
Double revision,DAM,W_A,20,0.70742626075
Double revision,DAM,W_A,21,0.389026532
Double revision,DAM,W_A,22,0.389026532
Double revision,DAM,W_A,23,0.20609142725
Double revision,DAM,W_A,24,0.20609142725
Double revision,DAM,W_A,25,0.23156342125
Double revision,DAM,W_A,26,0.23156342125
Double revision,DAM,W_A,27,0.1586209465
Double revision,DAM,W_A,28,0.1586209465
Double revision,DAM,W_A,29,0.188724205
Double revision,DAM,W_A,30,0.188724205
Double revision,DAM,W_A,31,0.39018436775
Double revision,DAM,W_A,32,0.39018436775
Double revision,DAM,W_A,33,1.06056047325
Double revision,DAM,W_A,34,1.06056047325
Double revision,DAM,W_A,35,1.2955973625
Double revision,DAM,W_A,36,1.2955973625
Double revision,DAM,W_A,37,0.885730101
Double revision,DAM,W_A,38,0.885730101
Double revision,DAM,W_A,39,0.57890857275
Double revision,DAM,W_A,40,0.57890857275
Double revision,DAM,W_A,41,0.42028762625
Double revision,DAM,W_A,42,0.42028762625
Double revision,DAM,W_A,43,0.552278743
Double revision,DAM,W_A,44,0.552278743
Double revision,DAM,W_A,45,0.61248526
Double revision,DAM,W_A,46,0.61248526
Double revision,DAM,W_A,47,0.596275795
Double revision,DAM,W_A,48,0.596275795
Double revision,IDA1,IND,1,-67.96696820495319
Double revision,IDA1,IND,2,-67.96696820495319
Double revision,IDA1,IND,3,-56.10712504110181
Double revision,IDA1,IND,4,-56.10712504110181
Double revision,IDA1,IND,5,-54.421031249511536
Double revision,IDA1,IND,6,-54.421031249511536
Double revision,IDA1,IND,7,-58.802677482543
Double revision,IDA1,IND,8,-58.802677482543
Double revision,IDA1,IND,9,-64.28088264154988
Double revision,IDA1,IND,10,-64.28088264154988
Double revision,IDA1,IND,11,-70.69831442671449
Double revision,IDA1,IND,12,-70.69831442671449
Double revision,IDA1,IND,13,-82.89651423297238
Double revision,IDA1,IND,14,-82.89651423297238
Double revision,IDA1,IND,15,-99.51861747956113
Double revision,IDA1,IND,16,-99.51861747956113
Double revision,IDA1,IND,17,-111.04251478941696
Double revision,IDA1,IND,18,-111.04251478941696
Double revision,IDA1,IND,19,-123.01331603509604
Double revision,IDA1,IND,20,-123.01331603509604
Double revision,IDA1,IND,21,-103.83409594091826
Double revision,IDA1,IND,22,-103.83409594091826
Double revision,IDA1,IND,23,-88.43393333214247
Double revision,IDA1,IND,24,-88.43393333214247
Double revision,IDA1,IND,25,-81.46805124002945
Double revision,IDA1,IND,26,-81.46805124002945
Double revision,IDA1,IND,27,-90.44479641814422
Double revision,IDA1,IND,28,-90.44479641814422
Double revision,IDA1,IND,29,-98.98757702519005
Double revision,IDA1,IND,30,-98.98757702519005
Double revision,IDA1,IND,31,-99.11189025957249
Double revision,IDA1,IND,32,-99.11189025957249
Double revision,IDA1,IND,33,-94.17089474223145
Double revision,IDA1,IND,34,-94.17089474223145
Double revision,IDA1,IND,35,-93.84003934389928
Double revision,IDA1,IND,36,-93.84003934389928
Double revision,IDA1,IND,37,-89.30173588891775
Double revision,IDA1,IND,38,-89.30173588891775
Double revision,IDA1,IND,39,-85.34609882903843
Double revision,IDA1,IND,40,-85.34609882903843
Double revision,IDA1,IND,41,-81.77402249754442
Double revision,IDA1,IND,42,-81.77402249754442
Double revision,IDA1,IND,43,-79.66492881533189
Double revision,IDA1,IND,44,-79.66492881533189
Double revision,IDA1,IND,45,-78.34674544452572
Double revision,IDA1,IND,46,-78.34674544452572
Double revision,IDA1,IND,47,-76.72729585799621
Double revision,IDA1,IND,48,-76.72729585799621
Double revision,IDA1,COM,1,-55.30935167801662
Double revision,IDA1,COM,2,-55.499019257826234
Double revision,IDA1,COM,3,-44.58166825450893
Double revision,IDA1,COM,4,-44.94877219513952
Double revision,IDA1,COM,5,-40.413624285118615
Double revision,IDA1,COM,6,-41.127087023550146
Double revision,IDA1,COM,7,-40.75972178002483
Double revision,IDA1,COM,8,-42.105766610730505
Double revision,IDA1,COM,9,-44.733788609377534
Double revision,IDA1,COM,10,-47.075119707382036
Double revision,IDA1,COM,11,-54.50770944666845
Double revision,IDA1,COM,12,-58.24657929534994
Double revision,IDA1,COM,13,-76.3900168526529
Double revision,IDA1,COM,14,-82.04946966724862
Double revision,IDA1,COM,15,-100.2131024685279
Double revision,IDA1,COM,16,-106.97344592916959
Double revision,IDA1,COM,17,-113.5988098078208
Double revision,IDA1,COM,18,-119.69262917405824
Double revision,IDA1,COM,19,-103.00902005293723
Double revision,IDA1,COM,20,-106.93816504780575
Double revision,IDA1,COM,21,-86.08985910919719
Double revision,IDA1,COM,22,-88.12563568458069
Double revision,IDA1,COM,23,-74.91058077280604
Double revision,IDA1,COM,24,-75.67122735541736
Double revision,IDA1,COM,25,-73.9203372605346
Double revision,IDA1,COM,26,-73.63017823928391
Double revision,IDA1,COM,27,-81.48887895519684
Double revision,IDA1,COM,28,-79.78436734253351
Double revision,IDA1,COM,29,-96.76358207240797
Double revision,IDA1,COM,30,-92.61091726763456
Double revision,IDA1,COM,31,-116.0906532292364
Double revision,IDA1,COM,32,-107.96227150523853
Double revision,IDA1,COM,33,-122.42876073663692
Double revision,IDA1,COM,34,-110.40101982119944
Double revision,IDA1,COM,35,-124.94579556618682
Double revision,IDA1,COM,36,-110.01040962459417
Double revision,IDA1,COM,37,-104.60952112026011
Double revision,IDA1,COM,38,-91.52403363781123
Double revision,IDA1,COM,39,-79.98028668258186
Double revision,IDA1,COM,40,-71.23808171910778
Double revision,IDA1,COM,41,-61.96137186923197
Double revision,IDA1,COM,42,-57.47296110522019
Double revision,IDA1,COM,43,-51.267756506038054
Double revision,IDA1,COM,44,-50.10682325615864
Double revision,IDA1,COM,45,-45.21791801971105
Double revision,IDA1,COM,46,-46.36133811518709
Double revision,IDA1,COM,47,-41.79345302257968
Double revision,IDA1,COM,48,-44.17971938858079
Double revision,IDA1,RES,1,-128.1018083170302
Double revision,IDA1,RES,2,-127.9121407372206
Double revision,IDA1,RES,3,-101.96124690438926
Double revision,IDA1,RES,4,-101.59414296375869
Double revision,IDA1,RES,5,-89.74998526536984
Double revision,IDA1,RES,6,-89.0365225269383
Double revision,IDA1,RES,7,-85.14346193743215
Double revision,IDA1,RES,8,-83.79741710672648
Double revision,IDA1,RES,9,-83.57169734907256
Double revision,IDA1,RES,10,-81.23036625106805
Double revision,IDA1,RES,11,-85.46014652661702
Double revision,IDA1,RES,12,-81.72127667793555
Double revision,IDA1,RES,13,-94.69349591437475
Double revision,IDA1,RES,14,-89.03404309977903
Double revision,IDA1,RES,15,-94.69779485191098
Double revision,IDA1,RES,16,-87.93745139126928
Double revision,IDA1,RES,17,-81.47332040276225
Double revision,IDA1,RES,18,-75.37950103652481
Double revision,IDA1,RES,19,-57.510992111966715
Double revision,IDA1,RES,20,-53.58184711709819
Double revision,IDA1,RES,21,-39.284166549884574
Double revision,IDA1,RES,22,-37.24838997450108
Double revision,IDA1,RES,23,-29.896877495051495
Double revision,IDA1,RES,24,-29.13623091244018
Double revision,IDA1,RES,25,-28.12282169943596
Double revision,IDA1,RES,26,-28.412980720686654
Double revision,IDA1,RES,27,-32.80624282665893
Double revision,IDA1,RES,28,-34.51075443932226
Double revision,IDA1,RES,29,-46.32086830240197
Double revision,IDA1,RES,30,-50.47353310717538
Double revision,IDA1,RES,31,-73.90302191119109
Double revision,IDA1,RES,32,-82.03140363518897
Double revision,IDA1,RES,33,-112.88970972113158
Double revision,IDA1,RES,34,-124.91745063656903
Double revision,IDA1,RES,35,-174.40543488991383
Double revision,IDA1,RES,36,-189.3408208315065
Double revision,IDA1,RES,37,-220.61355399082223
Double revision,IDA1,RES,38,-233.69904147327114
Double revision,IDA1,RES,39,-242.98259348837968
Double revision,IDA1,RES,40,-251.7247984518538
Double revision,IDA1,RES,41,-247.8152036332237
Double revision,IDA1,RES,42,-252.3036143972354
Double revision,IDA1,RES,43,-239.09593907863007
Double revision,IDA1,RES,44,-240.25687232850944
Double revision,IDA1,RES,45,-216.14452813576324
Double revision,IDA1,RES,46,-215.00110804028716
Double revision,IDA1,RES,47,-183.92225671942413
Double revision,IDA1,RES,48,-181.535990353423
Double revision,IDA1,PV_C,1,0.0
Double revision,IDA1,PV_C,2,0.0
Double revision,IDA1,PV_C,3,0.0
Double revision,IDA1,PV_C,4,0.0
Double revision,IDA1,PV_C,5,0.0
Double revision,IDA1,PV_C,6,0.0
Double revision,IDA1,PV_C,7,0.0
Double revision,IDA1,PV_C,8,0.0
Double revision,IDA1,PV_C,9,0.0
Double revision,IDA1,PV_C,10,0.0
Double revision,IDA1,PV_C,11,0.0
Double revision,IDA1,PV_C,12,0.0
Double revision,IDA1,PV_C,13,5.99e-05
Double revision,IDA1,PV_C,14,5.99e-05
Double revision,IDA1,PV_C,15,2.7785498000000004
Double revision,IDA1,PV_C,16,2.7785498000000004
Double revision,IDA1,PV_C,17,18.066712999999996
Double revision,IDA1,PV_C,18,18.066712999999996
Double revision,IDA1,PV_C,19,36.496520000000004
Double revision,IDA1,PV_C,20,36.496520000000004
Double revision,IDA1,PV_C,21,44.735735600000005
Double revision,IDA1,PV_C,22,44.735735600000005
Double revision,IDA1,PV_C,23,45.963259300000004
Double revision,IDA1,PV_C,24,45.963259300000004
Double revision,IDA1,PV_C,25,43.017357999999994
Double revision,IDA1,PV_C,26,43.017357999999994
Double revision,IDA1,PV_C,27,32.41880999999999
Double revision,IDA1,PV_C,28,32.41880999999999
Double revision,IDA1,PV_C,29,17.7421327
Double revision,IDA1,PV_C,30,17.7421327
Double revision,IDA1,PV_C,31,5.734094500000001
Double revision,IDA1,PV_C,32,5.734094500000001
Double revision,IDA1,PV_C,33,0.4474285
Double revision,IDA1,PV_C,34,0.4474285
Double revision,IDA1,PV_C,35,0.0
Double revision,IDA1,PV_C,36,0.0
Double revision,IDA1,PV_C,37,0.0
Double revision,IDA1,PV_C,38,0.0
Double revision,IDA1,PV_C,39,0.0
Double revision,IDA1,PV_C,40,0.0
Double revision,IDA1,PV_C,41,0.0
Double revision,IDA1,PV_C,42,0.0
Double revision,IDA1,PV_C,43,0.0
Double revision,IDA1,PV_C,44,0.0
Double revision,IDA1,PV_C,45,0.0
Double revision,IDA1,PV_C,46,0.0
Double revision,IDA1,PV_C,47,0.0
Double revision,IDA1,PV_C,48,0.0
Double revision,IDA1,PV_A,1,0.0
Double revision,IDA1,PV_A,2,0.0
Double revision,IDA1,PV_A,3,0.0
Double revision,IDA1,PV_A,4,0.0
Double revision,IDA1,PV_A,5,0.0
Double revision,IDA1,PV_A,6,0.0
Double revision,IDA1,PV_A,7,0.0
Double revision,IDA1,PV_A,8,0.0
Double revision,IDA1,PV_A,9,0.0
Double revision,IDA1,PV_A,10,0.0
Double revision,IDA1,PV_A,11,0.0
Double revision,IDA1,PV_A,12,0.0
Double revision,IDA1,PV_A,13,5.99e-05
Double revision,IDA1,PV_A,14,5.99e-05
Double revision,IDA1,PV_A,15,2.7785498000000004
Double revision,IDA1,PV_A,16,2.7785498000000004
Double revision,IDA1,PV_A,17,18.066712999999996
Double revision,IDA1,PV_A,18,18.066712999999996
Double revision,IDA1,PV_A,19,36.496520000000004
Double revision,IDA1,PV_A,20,36.496520000000004
Double revision,IDA1,PV_A,21,44.735735600000005
Double revision,IDA1,PV_A,22,44.735735600000005
Double revision,IDA1,PV_A,23,45.963259300000004
Double revision,IDA1,PV_A,24,45.963259300000004
Double revision,IDA1,PV_A,25,43.017357999999994
Double revision,IDA1,PV_A,26,43.017357999999994
Double revision,IDA1,PV_A,27,32.41880999999999
Double revision,IDA1,PV_A,28,32.41880999999999
Double revision,IDA1,PV_A,29,17.7421327
Double revision,IDA1,PV_A,30,17.7421327
Double revision,IDA1,PV_A,31,5.734094500000001
Double revision,IDA1,PV_A,32,5.734094500000001
Double revision,IDA1,PV_A,33,0.4474285
Double revision,IDA1,PV_A,34,0.4474285
Double revision,IDA1,PV_A,35,0.0
Double revision,IDA1,PV_A,36,0.0
Double revision,IDA1,PV_A,37,0.0
Double revision,IDA1,PV_A,38,0.0
Double revision,IDA1,PV_A,39,0.0
Double revision,IDA1,PV_A,40,0.0
Double revision,IDA1,PV_A,41,0.0
Double revision,IDA1,PV_A,42,0.0
Double revision,IDA1,PV_A,43,0.0
Double revision,IDA1,PV_A,44,0.0
Double revision,IDA1,PV_A,45,0.0
Double revision,IDA1,PV_A,46,0.0
Double revision,IDA1,PV_A,47,0.0
Double revision,IDA1,PV_A,48,0.0
Double revision,IDA1,W_C,1,16.823082623
Double revision,IDA1,W_C,2,16.823082623
Double revision,IDA1,W_C,3,20.370634250749998
Double revision,IDA1,W_C,4,20.370634250749998
Double revision,IDA1,W_C,5,20.26643072
Double revision,IDA1,W_C,6,20.26643072
Double revision,IDA1,W_C,7,17.1843215675
Double revision,IDA1,W_C,8,17.1843215675
Double revision,IDA1,W_C,9,17.1889528325
Double revision,IDA1,W_C,10,17.1889528325
Double revision,IDA1,W_C,11,16.6378318065
Double revision,IDA1,W_C,12,16.6378318065
Double revision,IDA1,W_C,13,14.674174088500001
Double revision,IDA1,W_C,14,14.674174088500001
Double revision,IDA1,W_C,15,12.192971953750002
Double revision,IDA1,W_C,16,12.192971953750002
Double revision,IDA1,W_C,17,10.25710174425
Double revision,IDA1,W_C,18,10.25710174425
Double revision,IDA1,W_C,19,8.057249224249999
Double revision,IDA1,W_C,20,8.057249224249999
Double revision,IDA1,W_C,21,5.189336308
Double revision,IDA1,W_C,22,5.189336308
Double revision,IDA1,W_C,23,2.70929204825
Double revision,IDA1,W_C,24,2.70929204825
Double revision,IDA1,W_C,25,1.7760914272500001
Double revision,IDA1,W_C,26,1.7760914272500001
Double revision,IDA1,W_C,27,1.6568363074999999
Double revision,IDA1,W_C,28,1.6568363074999999
Double revision,IDA1,W_C,29,1.6498893715
Double revision,IDA1,W_C,30,1.6498893715
Double revision,IDA1,W_C,31,1.58505162925
Double revision,IDA1,W_C,32,1.58505162925
Double revision,IDA1,W_C,33,1.37317110175
Double revision,IDA1,W_C,34,1.37317110175
Double revision,IDA1,W_C,35,1.3558038010000002
Double revision,IDA1,W_C,36,1.3558038010000002
Double revision,IDA1,W_C,37,1.5433702095
Double revision,IDA1,W_C,38,1.5433702095
Double revision,IDA1,W_C,39,0.98414449125
Double revision,IDA1,W_C,40,0.98414449125
Double revision,IDA1,W_C,41,0.6541666797500001
Double revision,IDA1,W_C,42,0.6541666797500001
Double revision,IDA1,W_C,43,1.228443988
Double revision,IDA1,W_C,44,1.228443988
Double revision,IDA1,W_C,45,1.5526327384999996
Double revision,IDA1,W_C,46,1.5526327384999996
Double revision,IDA1,W_C,47,1.9138716835000003
Double revision,IDA1,W_C,48,1.9138716835000003
Double revision,IDA1,W_A,1,16.823082623
Double revision,IDA1,W_A,2,16.823082623
Double revision,IDA1,W_A,3,20.370634250749998
Double revision,IDA1,W_A,4,20.370634250749998
Double revision,IDA1,W_A,5,20.26643072
Double revision,IDA1,W_A,6,20.26643072
Double revision,IDA1,W_A,7,17.1843215675
Double revision,IDA1,W_A,8,17.1843215675
Double revision,IDA1,W_A,9,17.1889528325
Double revision,IDA1,W_A,10,17.1889528325
Double revision,IDA1,W_A,11,16.6378318065
Double revision,IDA1,W_A,12,16.6378318065
Double revision,IDA1,W_A,13,14.674174088500001
Double revision,IDA1,W_A,14,14.674174088500001
Double revision,IDA1,W_A,15,12.192971953750002
Double revision,IDA1,W_A,16,12.192971953750002
Double revision,IDA1,W_A,17,10.25710174425
Double revision,IDA1,W_A,18,10.25710174425
Double revision,IDA1,W_A,19,8.057249224249999
Double revision,IDA1,W_A,20,8.057249224249999
Double revision,IDA1,W_A,21,5.189336308
Double revision,IDA1,W_A,22,5.189336308
Double revision,IDA1,W_A,23,2.70929204825
Double revision,IDA1,W_A,24,2.70929204825
Double revision,IDA1,W_A,25,1.7760914272500001
Double revision,IDA1,W_A,26,1.7760914272500001
Double revision,IDA1,W_A,27,1.6568363074999999
Double revision,IDA1,W_A,28,1.6568363074999999
Double revision,IDA1,W_A,29,1.6498893715
Double revision,IDA1,W_A,30,1.6498893715
Double revision,IDA1,W_A,31,1.58505162925
Double revision,IDA1,W_A,32,1.58505162925
Double revision,IDA1,W_A,33,1.37317110175
Double revision,IDA1,W_A,34,1.37317110175
Double revision,IDA1,W_A,35,1.3558038010000002
Double revision,IDA1,W_A,36,1.3558038010000002
Double revision,IDA1,W_A,37,1.5433702095
Double revision,IDA1,W_A,38,1.5433702095
Double revision,IDA1,W_A,39,0.98414449125
Double revision,IDA1,W_A,40,0.98414449125
Double revision,IDA1,W_A,41,0.6541666797500001
Double revision,IDA1,W_A,42,0.6541666797500001
Double revision,IDA1,W_A,43,1.228443988
Double revision,IDA1,W_A,44,1.228443988
Double revision,IDA1,W_A,45,1.5526327384999996
Double revision,IDA1,W_A,46,1.5526327384999996
Double revision,IDA1,W_A,47,1.9138716835000003
Double revision,IDA1,W_A,48,1.9138716835000003
Double revision,IDA2,IND,1,-69.58203843183989
Double revision,IDA2,IND,2,-69.58203843183989
Double revision,IDA2,IND,3,-60.68715605895135
Double revision,IDA2,IND,4,-60.68715605895135
Double revision,IDA2,IND,5,-59.42258571525865
Double revision,IDA2,IND,6,-59.42258571525865
Double revision,IDA2,IND,7,-62.708820390032244
Double revision,IDA2,IND,8,-62.708820390032244
Double revision,IDA2,IND,9,-66.81747425928741
Double revision,IDA2,IND,10,-66.81747425928741
Double revision,IDA2,IND,11,-71.63054809816087
Double revision,IDA2,IND,12,-71.63054809816087
Double revision,IDA2,IND,13,-80.77919795285429
Double revision,IDA2,IND,14,-80.77919795285429
Double revision,IDA2,IND,15,-93.24577538779585
Double revision,IDA2,IND,16,-93.24577538779585
Double revision,IDA2,IND,17,-101.88869837018771
Double revision,IDA2,IND,18,-101.88869837018771
Double revision,IDA2,IND,19,-110.86679930444703
Double revision,IDA2,IND,20,-110.86679930444703
Double revision,IDA2,IND,21,-96.48238423381369
Double revision,IDA2,IND,22,-96.48238423381369
Double revision,IDA2,IND,23,-84.93226227723186
Double revision,IDA2,IND,24,-84.93226227723186
Double revision,IDA2,IND,25,-79.70785070814709
Double revision,IDA2,IND,26,-79.70785070814709
Double revision,IDA2,IND,27,-86.44040959173317
Double revision,IDA2,IND,28,-86.44040959173317
Double revision,IDA2,IND,29,-92.84749504701753
Double revision,IDA2,IND,30,-92.84749504701753
Double revision,IDA2,IND,31,-92.94072997280436
Double revision,IDA2,IND,32,-92.94072997280436
Double revision,IDA2,IND,33,-89.2349833347986
Double revision,IDA2,IND,34,-89.2349833347986
Double revision,IDA2,IND,35,-88.98684178604945
Double revision,IDA2,IND,36,-88.98684178604945
Double revision,IDA2,IND,37,-85.5831141948133
Double revision,IDA2,IND,38,-85.5831141948133
Double revision,IDA2,IND,39,-82.61638639990382
Double revision,IDA2,IND,40,-82.61638639990382
Double revision,IDA2,IND,41,-79.93732915128331
Double revision,IDA2,IND,42,-79.93732915128331
Double revision,IDA2,IND,43,-78.35550888962392
Double revision,IDA2,IND,44,-78.35550888962392
Double revision,IDA2,IND,45,-77.36687136151929
Double revision,IDA2,IND,46,-77.36687136151929
Double revision,IDA2,IND,47,-76.15228417162216
Double revision,IDA2,IND,48,-76.15228417162216
Double revision,IDA2,COM,1,-56.623644334034495
Double revision,IDA2,COM,2,-56.81781890406666
Double revision,IDA2,COM,3,-48.22087492003583
Double revision,IDA2,COM,4,-48.617945597219595
Double revision,IDA2,COM,5,-44.1278306935478
Double revision,IDA2,COM,6,-44.90686408846296
Double revision,IDA2,COM,7,-43.46730764105209
Double revision,IDA2,COM,8,-44.902767506816055
Double revision,IDA2,COM,9,-46.49903122200532
Double revision,IDA2,COM,10,-48.93275372151973
Double revision,IDA2,COM,11,-55.22645249608406
Double revision,IDA2,COM,12,-59.014623383897245
Double revision,IDA2,COM,13,-74.43888744971977
Double revision,IDA2,COM,14,-79.95378832878745
Double revision,IDA2,COM,15,-93.8964857064424
Double revision,IDA2,COM,16,-100.23071224455538
Double revision,IDA2,COM,17,-104.23426459380305
Double revision,IDA2,COM,18,-109.82573849464585
Double revision,IDA2,COM,19,-92.8377570888221
Double revision,IDA2,COM,20,-96.37893249669322
Double revision,IDA2,COM,21,-79.99448341067719
Double revision,IDA2,COM,22,-81.88612195176015
Double revision,IDA2,COM,23,-71.94438666026466
Double revision,IDA2,COM,24,-72.67491432787371
Double revision,IDA2,COM,25,-72.32321280521211
Double revision,IDA2,COM,26,-72.0393229662453
Double revision,IDA2,COM,27,-77.88100977631576
Double revision,IDA2,COM,28,-76.25196434985135
Double revision,IDA2,COM,29,-90.7614518629271
Double revision,IDA2,COM,30,-86.86637192986635
Double revision,IDA2,COM,31,-108.86231738580776
Double revision,IDA2,COM,32,-101.24004594140858
Double revision,IDA2,COM,33,-116.01173009917781
Double revision,IDA2,COM,34,-104.61441606619334
Double revision,IDA2,COM,35,-118.48387766690747
Double revision,IDA2,COM,36,-104.32091657811829
Double revision,IDA2,COM,37,-100.25346655115793
Double revision,IDA2,COM,38,-87.71287304132673
Double revision,IDA2,COM,39,-77.42219456544213
Double revision,IDA2,COM,40,-68.95960057275934
Double revision,IDA2,COM,41,-60.56968247984371
Double revision,IDA2,COM,42,-56.18208410017802
Double revision,IDA2,COM,43,-50.42508931341475
Double revision,IDA2,COM,44,-49.28323784961629
Double revision,IDA2,COM,45,-44.652382518477026
Double revision,IDA2,COM,46,-45.78150198523915
Double revision,IDA2,COM,47,-41.480243445294626
Double revision,IDA2,COM,48,-43.848626592137435
Double revision,IDA2,RES,1,-131.14583723412562
Double revision,IDA2,RES,2,-130.95166266409348
Double revision,IDA2,RES,3,-110.2843551210128
Double revision,IDA2,RES,4,-109.88728444382905
Double revision,IDA2,RES,5,-97.99844049119353
Double revision,IDA2,RES,6,-97.21940709627837
Double revision,IDA2,RES,7,-90.79936986891565
Double revision,IDA2,RES,8,-89.36391000315169
Double revision,IDA2,RES,9,-86.86952491870726
Double revision,IDA2,RES,10,-84.43580241919284
Double revision,IDA2,RES,11,-86.58703090575506
Double revision,IDA2,RES,12,-82.79886001794189
Double revision,IDA2,RES,13,-92.27486489742599
Double revision,IDA2,RES,14,-86.7599640183583
Double revision,IDA2,RES,15,-88.72881810576175
Double revision,IDA2,RES,16,-82.39459156764877
Double revision,IDA2,RES,17,-74.75704763600923
Double revision,IDA2,RES,18,-69.16557373516643
Double revision,IDA2,RES,19,-51.83227170673086
Double revision,IDA2,RES,20,-48.291096298859735
Double revision,IDA2,RES,21,-36.50275005550913
Double revision,IDA2,RES,22,-34.61111151442616
Double revision,IDA2,RES,23,-28.713066862503503
Double revision,IDA2,RES,24,-27.982539194894454
Double revision,IDA2,RES,25,-27.515199386640813
Double revision,IDA2,RES,26,-27.79908922560763
Double revision,IDA2,RES,27,-31.353766931951057
Double revision,IDA2,RES,28,-32.98281235841549
Double revision,IDA2,RES,29,-43.44763979005537
Double revision,IDA2,RES,30,-47.342719723116126
Double revision,IDA2,RES,31,-69.30148124138786
Double revision,IDA2,RES,32,-76.92375268578704
Double revision,IDA2,RES,33,-106.97266276602355
Double revision,IDA2,RES,34,-118.369976799008
Double revision,IDA2,RES,35,-165.38557474704302
Double revision,IDA2,RES,36,-179.54853583583224
Double revision,IDA2,RES,37,-211.4269649540288
Double revision,IDA2,RES,38,-223.96755846386
Double revision,IDA2,RES,39,-235.21103023465406
Double revision,IDA2,RES,40,-243.67362422733683
Double revision,IDA2,RES,41,-242.249126268873
Double revision,IDA2,RES,42,-246.63672464853866
Double revision,IDA2,RES,43,-235.16601669696132
Double revision,IDA2,RES,44,-236.30786816075974
Double revision,IDA2,RES,45,-213.4412324200037
Double revision,IDA2,RES,46,-212.31211295324155
Double revision,IDA2,RES,47,-182.54390178308321
Double revision,IDA2,RES,48,-180.17551863624035
Double revision,IDA2,PV_C,1,0.0
Double revision,IDA2,PV_C,2,0.0
Double revision,IDA2,PV_C,3,0.0
Double revision,IDA2,PV_C,4,0.0
Double revision,IDA2,PV_C,5,0.0
Double revision,IDA2,PV_C,6,0.0
Double revision,IDA2,PV_C,7,0.0
Double revision,IDA2,PV_C,8,0.0
Double revision,IDA2,PV_C,9,0.0
Double revision,IDA2,PV_C,10,0.0
Double revision,IDA2,PV_C,11,0.0
Double revision,IDA2,PV_C,12,0.0
Double revision,IDA2,PV_C,13,5.99e-05
Double revision,IDA2,PV_C,14,5.99e-05
Double revision,IDA2,PV_C,15,3.22283385
Double revision,IDA2,PV_C,16,3.22283385
Double revision,IDA2,PV_C,17,19.073996449999996
Double revision,IDA2,PV_C,18,19.073996449999996
Double revision,IDA2,PV_C,19,37.701852
Double revision,IDA2,PV_C,20,37.701852
Double revision,IDA2,PV_C,21,46.39918780000001
Double revision,IDA2,PV_C,22,46.39918780000001
Double revision,IDA2,PV_C,23,48.307467900000006
Double revision,IDA2,PV_C,24,48.307467900000006
Double revision,IDA2,PV_C,25,45.93073534999999
Double revision,IDA2,PV_C,26,45.93073534999999
Double revision,IDA2,PV_C,27,36.81070835
Double revision,IDA2,PV_C,28,36.81070835
Double revision,IDA2,PV_C,29,23.182942699999998
Double revision,IDA2,PV_C,30,23.182942699999998
Double revision,IDA2,PV_C,31,9.935072000000002
Double revision,IDA2,PV_C,32,9.935072000000002
Double revision,IDA2,PV_C,33,1.8391592
Double revision,IDA2,PV_C,34,1.8391592
Double revision,IDA2,PV_C,35,0.0
Double revision,IDA2,PV_C,36,0.0
Double revision,IDA2,PV_C,37,0.0
Double revision,IDA2,PV_C,38,0.0
Double revision,IDA2,PV_C,39,0.0
Double revision,IDA2,PV_C,40,0.0
Double revision,IDA2,PV_C,41,0.0
Double revision,IDA2,PV_C,42,0.0
Double revision,IDA2,PV_C,43,0.0
Double revision,IDA2,PV_C,44,0.0
Double revision,IDA2,PV_C,45,0.0
Double revision,IDA2,PV_C,46,0.0
Double revision,IDA2,PV_C,47,0.0
Double revision,IDA2,PV_C,48,0.0
Double revision,IDA2,PV_A,1,0.0
Double revision,IDA2,PV_A,2,0.0
Double revision,IDA2,PV_A,3,0.0
Double revision,IDA2,PV_A,4,0.0
Double revision,IDA2,PV_A,5,0.0
Double revision,IDA2,PV_A,6,0.0
Double revision,IDA2,PV_A,7,0.0
Double revision,IDA2,PV_A,8,0.0
Double revision,IDA2,PV_A,9,0.0
Double revision,IDA2,PV_A,10,0.0
Double revision,IDA2,PV_A,11,0.0
Double revision,IDA2,PV_A,12,0.0
Double revision,IDA2,PV_A,13,5.99e-05
Double revision,IDA2,PV_A,14,5.99e-05
Double revision,IDA2,PV_A,15,3.22283385
Double revision,IDA2,PV_A,16,3.22283385
Double revision,IDA2,PV_A,17,19.073996449999996
Double revision,IDA2,PV_A,18,19.073996449999996
Double revision,IDA2,PV_A,19,37.701852
Double revision,IDA2,PV_A,20,37.701852
Double revision,IDA2,PV_A,21,46.39918780000001
Double revision,IDA2,PV_A,22,46.39918780000001
Double revision,IDA2,PV_A,23,48.307467900000006
Double revision,IDA2,PV_A,24,48.307467900000006
Double revision,IDA2,PV_A,25,45.93073534999999
Double revision,IDA2,PV_A,26,45.93073534999999
Double revision,IDA2,PV_A,27,36.81070835
Double revision,IDA2,PV_A,28,36.81070835
Double revision,IDA2,PV_A,29,23.182942699999998
Double revision,IDA2,PV_A,30,23.182942699999998
Double revision,IDA2,PV_A,31,9.935072000000002
Double revision,IDA2,PV_A,32,9.935072000000002
Double revision,IDA2,PV_A,33,1.8391592
Double revision,IDA2,PV_A,34,1.8391592
Double revision,IDA2,PV_A,35,0.0
Double revision,IDA2,PV_A,36,0.0
Double revision,IDA2,PV_A,37,0.0
Double revision,IDA2,PV_A,38,0.0
Double revision,IDA2,PV_A,39,0.0
Double revision,IDA2,PV_A,40,0.0
Double revision,IDA2,PV_A,41,0.0
Double revision,IDA2,PV_A,42,0.0
Double revision,IDA2,PV_A,43,0.0
Double revision,IDA2,PV_A,44,0.0
Double revision,IDA2,PV_A,45,0.0
Double revision,IDA2,PV_A,46,0.0
Double revision,IDA2,PV_A,47,0.0
Double revision,IDA2,PV_A,48,0.0
Double revision,IDA2,W_C,1,12.985497809000002
Double revision,IDA2,W_C,2,12.985497809000002
Double revision,IDA2,W_C,3,15.662370965374999
Double revision,IDA2,W_C,4,15.662370965374999
Double revision,IDA2,W_C,5,15.733576724999999
Double revision,IDA2,W_C,6,15.733576724999999
Double revision,IDA2,W_C,7,13.60956123
Double revision,IDA2,W_C,8,13.60956123
Double revision,IDA2,W_C,9,13.4156268625
Double revision,IDA2,W_C,10,13.4156268625
Double revision,IDA2,W_C,11,12.84308624825
Double revision,IDA2,W_C,12,12.84308624825
Double revision,IDA2,W_C,13,11.39060475175
Double revision,IDA2,W_C,14,11.39060475175
Double revision,IDA2,W_C,15,9.426367978125002
Double revision,IDA2,W_C,16,9.426367978125002
Double revision,IDA2,W_C,17,7.885313400875
Double revision,IDA2,W_C,18,7.885313400875
Double revision,IDA2,W_C,19,6.219793483375
Double revision,IDA2,W_C,20,6.219793483375
Double revision,IDA2,W_C,21,3.989258864
Double revision,IDA2,W_C,22,3.989258864
Double revision,IDA2,W_C,23,2.083491893
Double revision,IDA2,W_C,24,2.083491893
Double revision,IDA2,W_C,25,1.38995942575
Double revision,IDA2,W_C,26,1.38995942575
Double revision,IDA2,W_C,27,1.28228246725
Double revision,IDA2,W_C,28,1.28228246725
Double revision,IDA2,W_C,29,1.284598079875
Double revision,IDA2,W_C,30,1.284598079875
Double revision,IDA2,W_C,31,1.286334813875
Double revision,IDA2,W_C,32,1.286334813875
Double revision,IDA2,W_C,33,1.295018444625
Double revision,IDA2,W_C,34,1.295018444625
Double revision,IDA2,W_C,35,1.340752191375
Double revision,IDA2,W_C,36,1.340752191375
Double revision,IDA2,W_C,37,1.378960182375
Double revision,IDA2,W_C,38,1.378960182375
Double revision,IDA2,W_C,39,0.882835511625
Double revision,IDA2,W_C,40,0.882835511625
Double revision,IDA2,W_C,41,0.595696916375
Double revision,IDA2,W_C,42,0.595696916375
Double revision,IDA2,W_C,43,1.05940267675
Double revision,IDA2,W_C,44,1.05940267675
Double revision,IDA2,W_C,45,1.3175958688749998
Double revision,IDA2,W_C,46,1.3175958688749998
Double revision,IDA2,W_C,47,1.5844727113750001
Double revision,IDA2,W_C,48,1.5844727113750001
Double revision,IDA2,W_A,1,12.985497809000002
Double revision,IDA2,W_A,2,12.985497809000002
Double revision,IDA2,W_A,3,15.662370965374999
Double revision,IDA2,W_A,4,15.662370965374999
Double revision,IDA2,W_A,5,15.733576724999999
Double revision,IDA2,W_A,6,15.733576724999999
Double revision,IDA2,W_A,7,13.60956123
Double revision,IDA2,W_A,8,13.60956123
Double revision,IDA2,W_A,9,13.4156268625
Double revision,IDA2,W_A,10,13.4156268625
Double revision,IDA2,W_A,11,12.84308624825
Double revision,IDA2,W_A,12,12.84308624825
Double revision,IDA2,W_A,13,11.39060475175
Double revision,IDA2,W_A,14,11.39060475175
Double revision,IDA2,W_A,15,9.426367978125002
Double revision,IDA2,W_A,16,9.426367978125002
Double revision,IDA2,W_A,17,7.885313400875
Double revision,IDA2,W_A,18,7.885313400875
Double revision,IDA2,W_A,19,6.219793483375
Double revision,IDA2,W_A,20,6.219793483375
Double revision,IDA2,W_A,21,3.989258864
Double revision,IDA2,W_A,22,3.989258864
Double revision,IDA2,W_A,23,2.083491893
Double revision,IDA2,W_A,24,2.083491893
Double revision,IDA2,W_A,25,1.38995942575
Double revision,IDA2,W_A,26,1.38995942575
Double revision,IDA2,W_A,27,1.28228246725
Double revision,IDA2,W_A,28,1.28228246725
Double revision,IDA2,W_A,29,1.284598079875
Double revision,IDA2,W_A,30,1.284598079875
Double revision,IDA2,W_A,31,1.286334813875
Double revision,IDA2,W_A,32,1.286334813875
Double revision,IDA2,W_A,33,1.295018444625
Double revision,IDA2,W_A,34,1.295018444625
Double revision,IDA2,W_A,35,1.340752191375
Double revision,IDA2,W_A,36,1.340752191375
Double revision,IDA2,W_A,37,1.378960182375
Double revision,IDA2,W_A,38,1.378960182375
Double revision,IDA2,W_A,39,0.882835511625
Double revision,IDA2,W_A,40,0.882835511625
Double revision,IDA2,W_A,41,0.595696916375
Double revision,IDA2,W_A,42,0.595696916375
Double revision,IDA2,W_A,43,1.05940267675
Double revision,IDA2,W_A,44,1.05940267675
Double revision,IDA2,W_A,45,1.3175958688749998
Double revision,IDA2,W_A,46,1.3175958688749998
Double revision,IDA2,W_A,47,1.5844727113750001
Double revision,IDA2,W_A,48,1.5844727113750001
Double revision,IDA3,IND,1,-71.19710865872659
Double revision,IDA3,IND,2,-71.19710865872659
Double revision,IDA3,IND,3,-65.2671870768009
Double revision,IDA3,IND,4,-65.2671870768009
Double revision,IDA3,IND,5,-64.42414018100577
Double revision,IDA3,IND,6,-64.42414018100577
Double revision,IDA3,IND,7,-66.61496329752148
Double revision,IDA3,IND,8,-66.61496329752148
Double revision,IDA3,IND,9,-69.35406587702495
Double revision,IDA3,IND,10,-69.35406587702495
Double revision,IDA3,IND,11,-72.56278176960724
Double revision,IDA3,IND,12,-72.56278176960724
Double revision,IDA3,IND,13,-78.66188167273619
Double revision,IDA3,IND,14,-78.66188167273619
Double revision,IDA3,IND,15,-86.97293329603056
Double revision,IDA3,IND,16,-86.97293329603056
Double revision,IDA3,IND,17,-92.73488195095847
Double revision,IDA3,IND,18,-92.73488195095847
Double revision,IDA3,IND,19,-98.72028257379802
Double revision,IDA3,IND,20,-98.72028257379802
Double revision,IDA3,IND,21,-89.13067252670912
Double revision,IDA3,IND,22,-89.13067252670912
Double revision,IDA3,IND,23,-81.43059122232123
Double revision,IDA3,IND,24,-81.43059122232123
Double revision,IDA3,IND,25,-77.94765017626473
Double revision,IDA3,IND,26,-77.94765017626473
Double revision,IDA3,IND,27,-82.43602276532211
Double revision,IDA3,IND,28,-82.43602276532211
Double revision,IDA3,IND,29,-86.70741306884503
Double revision,IDA3,IND,30,-86.70741306884503
Double revision,IDA3,IND,31,-86.76956968603625
Double revision,IDA3,IND,32,-86.76956968603625
Double revision,IDA3,IND,33,-84.29907192736573
Double revision,IDA3,IND,34,-84.29907192736573
Double revision,IDA3,IND,35,-84.13364422819963
Double revision,IDA3,IND,36,-84.13364422819963
Double revision,IDA3,IND,37,-81.86449250070888
Double revision,IDA3,IND,38,-81.86449250070888
Double revision,IDA3,IND,39,-79.88667397076921
Double revision,IDA3,IND,40,-79.88667397076921
Double revision,IDA3,IND,41,-78.10063580502221
Double revision,IDA3,IND,42,-78.10063580502221
Double revision,IDA3,IND,43,-77.04608896391595
Double revision,IDA3,IND,44,-77.04608896391595
Double revision,IDA3,IND,45,-76.38699727851285
Double revision,IDA3,IND,46,-76.38699727851285
Double revision,IDA3,IND,47,-75.5772724852481
Double revision,IDA3,IND,48,-75.5772724852481
Double revision,IDA3,COM,1,-57.93793699005237
Double revision,IDA3,COM,2,-58.13661855030709
Double revision,IDA3,COM,3,-51.86008158556274
Double revision,IDA3,COM,4,-52.287118999299686
Double revision,IDA3,COM,5,-47.842037101977
Double revision,IDA3,COM,6,-48.68664115337578
Double revision,IDA3,COM,7,-46.17489350207934
Double revision,IDA3,COM,8,-47.69976840290162
Double revision,IDA3,COM,9,-48.26427383463311
Double revision,IDA3,COM,10,-50.79038773565742
Double revision,IDA3,COM,11,-55.94519554549966
Double revision,IDA3,COM,12,-59.782667472444544
Double revision,IDA3,COM,13,-72.48775804678662
Double revision,IDA3,COM,14,-77.85810699032626
Double revision,IDA3,COM,15,-87.57986894435693
Double revision,IDA3,COM,16,-93.48797855994118
Double revision,IDA3,COM,17,-94.8697193797853
Double revision,IDA3,COM,18,-99.95884781523345
Double revision,IDA3,COM,19,-82.66649412470699
Double revision,IDA3,COM,20,-85.81969994558071
Double revision,IDA3,COM,21,-73.89910771215719
Double revision,IDA3,COM,22,-75.64660821893963
Double revision,IDA3,COM,23,-68.97819254772325
Double revision,IDA3,COM,24,-69.67860130033004
Double revision,IDA3,COM,25,-70.72608834988961
Double revision,IDA3,COM,26,-70.4484676932067
Double revision,IDA3,COM,27,-74.2731405974347
Double revision,IDA3,COM,28,-72.71956135716918
Double revision,IDA3,COM,29,-84.75932165344621
Double revision,IDA3,COM,30,-81.12182659209812
Double revision,IDA3,COM,31,-101.63398154237912
Double revision,IDA3,COM,32,-94.51782037757864
Double revision,IDA3,COM,33,-109.59469946171872
Double revision,IDA3,COM,34,-98.82781231118724
Double revision,IDA3,COM,35,-112.0219597676281
Double revision,IDA3,COM,36,-98.6314235316424
Double revision,IDA3,COM,37,-95.89741198205576
Double revision,IDA3,COM,38,-83.90171244484223
Double revision,IDA3,COM,39,-74.86410244830238
Double revision,IDA3,COM,40,-66.68111942641089
Double revision,IDA3,COM,41,-59.17799309045547
Double revision,IDA3,COM,42,-54.89120709513585
Double revision,IDA3,COM,43,-49.582422120791456
Double revision,IDA3,COM,44,-48.45965244307395
Double revision,IDA3,COM,45,-44.086847017243
Double revision,IDA3,COM,46,-45.20166585529121
Double revision,IDA3,COM,47,-41.167033868009575
Double revision,IDA3,COM,48,-43.51753379569409
Double revision,IDA3,RES,1,-134.18986615122105
Double revision,IDA3,RES,2,-133.99118459096633
Double revision,IDA3,RES,3,-118.60746333763633
Double revision,IDA3,RES,4,-118.18042592389942
Double revision,IDA3,RES,5,-106.24689571701724
Double revision,IDA3,RES,6,-105.40229166561845
Double revision,IDA3,RES,7,-96.45527780039916
Double revision,IDA3,RES,8,-94.9304028995769
Double revision,IDA3,RES,9,-90.16735248834195
Double revision,IDA3,RES,10,-87.6412385873176
Double revision,IDA3,RES,11,-87.71391528489308
Double revision,IDA3,RES,12,-83.87644335794822
Double revision,IDA3,RES,13,-89.85623388047722
Double revision,IDA3,RES,14,-84.48588493693757
Double revision,IDA3,RES,15,-82.75984135961251
Double revision,IDA3,RES,16,-76.85173174402826
Double revision,IDA3,RES,17,-68.04077486925623
Double revision,IDA3,RES,18,-62.95164643380807
Double revision,IDA3,RES,19,-46.153551301495
Double revision,IDA3,RES,20,-43.00034548062127
Double revision,IDA3,RES,21,-33.72133356113369
Double revision,IDA3,RES,22,-31.973833054351253
Double revision,IDA3,RES,23,-27.529256229955504
Double revision,IDA3,RES,24,-26.828847477348724
Double revision,IDA3,RES,25,-26.907577073845665
Double revision,IDA3,RES,26,-27.185197730528607
Double revision,IDA3,RES,27,-29.901291037243187
Double revision,IDA3,RES,28,-31.45487027750871
Double revision,IDA3,RES,29,-40.574411277708776
Double revision,IDA3,RES,30,-44.21190633905687
Double revision,IDA3,RES,31,-64.69994057158463
Double revision,IDA3,RES,32,-71.81610173638514
Double revision,IDA3,RES,33,-101.05561581091554
Double revision,IDA3,RES,34,-111.82250296144697
Double revision,IDA3,RES,35,-156.3657146041722
Double revision,IDA3,RES,36,-169.75625084015797
Double revision,IDA3,RES,37,-202.2403759172354
Double revision,IDA3,RES,38,-214.23607545444895
Double revision,IDA3,RES,39,-227.4394669809284
Double revision,IDA3,RES,40,-235.62245000281987
Double revision,IDA3,RES,41,-236.68304890452237
Double revision,IDA3,RES,42,-240.96983489984194
Double revision,IDA3,RES,43,-231.23609431529263
Double revision,IDA3,RES,44,-232.3588639930101
Double revision,IDA3,RES,45,-210.7379367042442
Double revision,IDA3,RES,46,-209.62311786619594
Double revision,IDA3,RES,47,-181.16554684674233
Double revision,IDA3,RES,48,-178.81504691905778
Double revision,IDA3,PV_C,1,0.0
Double revision,IDA3,PV_C,2,0.0
Double revision,IDA3,PV_C,3,0.0
Double revision,IDA3,PV_C,4,0.0
Double revision,IDA3,PV_C,5,0.0
Double revision,IDA3,PV_C,6,0.0
Double revision,IDA3,PV_C,7,0.0
Double revision,IDA3,PV_C,8,0.0
Double revision,IDA3,PV_C,9,0.0
Double revision,IDA3,PV_C,10,0.0
Double revision,IDA3,PV_C,11,0.0
Double revision,IDA3,PV_C,12,0.0
Double revision,IDA3,PV_C,13,5.99e-05
Double revision,IDA3,PV_C,14,5.99e-05
Double revision,IDA3,PV_C,15,3.6671179
Double revision,IDA3,PV_C,16,3.6671179
Double revision,IDA3,PV_C,17,20.081279899999995
Double revision,IDA3,PV_C,18,20.081279899999995
Double revision,IDA3,PV_C,19,38.907184
Double revision,IDA3,PV_C,20,38.907184
Double revision,IDA3,PV_C,21,48.06264
Double revision,IDA3,PV_C,22,48.06264
Double revision,IDA3,PV_C,23,50.6516765
Double revision,IDA3,PV_C,24,50.6516765
Double revision,IDA3,PV_C,25,48.8441127
Double revision,IDA3,PV_C,26,48.8441127
Double revision,IDA3,PV_C,27,41.2026067
Double revision,IDA3,PV_C,28,41.2026067
Double revision,IDA3,PV_C,29,28.6237527
Double revision,IDA3,PV_C,30,28.6237527
Double revision,IDA3,PV_C,31,14.1360495
Double revision,IDA3,PV_C,32,14.1360495
Double revision,IDA3,PV_C,33,3.2308899
Double revision,IDA3,PV_C,34,3.2308899
Double revision,IDA3,PV_C,35,0.0
Double revision,IDA3,PV_C,36,0.0
Double revision,IDA3,PV_C,37,0.0
Double revision,IDA3,PV_C,38,0.0
Double revision,IDA3,PV_C,39,0.0
Double revision,IDA3,PV_C,40,0.0
Double revision,IDA3,PV_C,41,0.0
Double revision,IDA3,PV_C,42,0.0
Double revision,IDA3,PV_C,43,0.0
Double revision,IDA3,PV_C,44,0.0
Double revision,IDA3,PV_C,45,0.0
Double revision,IDA3,PV_C,46,0.0
Double revision,IDA3,PV_C,47,0.0
Double revision,IDA3,PV_C,48,0.0
Double revision,IDA3,PV_A,1,0.0
Double revision,IDA3,PV_A,2,0.0
Double revision,IDA3,PV_A,3,0.0
Double revision,IDA3,PV_A,4,0.0
Double revision,IDA3,PV_A,5,0.0
Double revision,IDA3,PV_A,6,0.0
Double revision,IDA3,PV_A,7,0.0
Double revision,IDA3,PV_A,8,0.0
Double revision,IDA3,PV_A,9,0.0
Double revision,IDA3,PV_A,10,0.0
Double revision,IDA3,PV_A,11,0.0
Double revision,IDA3,PV_A,12,0.0
Double revision,IDA3,PV_A,13,5.99e-05
Double revision,IDA3,PV_A,14,5.99e-05
Double revision,IDA3,PV_A,15,3.6671179
Double revision,IDA3,PV_A,16,3.6671179
Double revision,IDA3,PV_A,17,20.081279899999995
Double revision,IDA3,PV_A,18,20.081279899999995
Double revision,IDA3,PV_A,19,38.907184
Double revision,IDA3,PV_A,20,38.907184
Double revision,IDA3,PV_A,21,48.06264
Double revision,IDA3,PV_A,22,48.06264
Double revision,IDA3,PV_A,23,50.6516765
Double revision,IDA3,PV_A,24,50.6516765
Double revision,IDA3,PV_A,25,48.8441127
Double revision,IDA3,PV_A,26,48.8441127
Double revision,IDA3,PV_A,27,41.2026067
Double revision,IDA3,PV_A,28,41.2026067
Double revision,IDA3,PV_A,29,28.6237527
Double revision,IDA3,PV_A,30,28.6237527
Double revision,IDA3,PV_A,31,14.1360495
Double revision,IDA3,PV_A,32,14.1360495
Double revision,IDA3,PV_A,33,3.2308899
Double revision,IDA3,PV_A,34,3.2308899
Double revision,IDA3,PV_A,35,0.0
Double revision,IDA3,PV_A,36,0.0
Double revision,IDA3,PV_A,37,0.0
Double revision,IDA3,PV_A,38,0.0
Double revision,IDA3,PV_A,39,0.0
Double revision,IDA3,PV_A,40,0.0
Double revision,IDA3,PV_A,41,0.0
Double revision,IDA3,PV_A,42,0.0
Double revision,IDA3,PV_A,43,0.0
Double revision,IDA3,PV_A,44,0.0
Double revision,IDA3,PV_A,45,0.0
Double revision,IDA3,PV_A,46,0.0
Double revision,IDA3,PV_A,47,0.0
Double revision,IDA3,PV_A,48,0.0
Double revision,IDA3,W_C,1,9.147912995
Double revision,IDA3,W_C,2,9.147912995
Double revision,IDA3,W_C,3,10.95410768
Double revision,IDA3,W_C,4,10.95410768
Double revision,IDA3,W_C,5,11.200722729999999
Double revision,IDA3,W_C,6,11.200722729999999
Double revision,IDA3,W_C,7,10.0348008925
Double revision,IDA3,W_C,8,10.0348008925
Double revision,IDA3,W_C,9,9.6423008925
Double revision,IDA3,W_C,10,9.6423008925
Double revision,IDA3,W_C,11,9.04834069
Double revision,IDA3,W_C,12,9.04834069
Double revision,IDA3,W_C,13,8.107035415
Double revision,IDA3,W_C,14,8.107035415
Double revision,IDA3,W_C,15,6.6597640025
Double revision,IDA3,W_C,16,6.6597640025
Double revision,IDA3,W_C,17,5.5135250575
Double revision,IDA3,W_C,18,5.5135250575
Double revision,IDA3,W_C,19,4.3823377425
Double revision,IDA3,W_C,20,4.3823377425
Double revision,IDA3,W_C,21,2.78918142
Double revision,IDA3,W_C,22,2.78918142
Double revision,IDA3,W_C,23,1.45769173775
Double revision,IDA3,W_C,24,1.45769173775
Double revision,IDA3,W_C,25,1.00382742425
Double revision,IDA3,W_C,26,1.00382742425
Double revision,IDA3,W_C,27,0.9077286269999999
Double revision,IDA3,W_C,28,0.9077286269999999
Double revision,IDA3,W_C,29,0.91930678825
Double revision,IDA3,W_C,30,0.91930678825
Double revision,IDA3,W_C,31,0.9876179985
Double revision,IDA3,W_C,32,0.9876179985
Double revision,IDA3,W_C,33,1.2168657875
Double revision,IDA3,W_C,34,1.2168657875
Double revision,IDA3,W_C,35,1.32570058175
Double revision,IDA3,W_C,36,1.32570058175
Double revision,IDA3,W_C,37,1.21455015525
Double revision,IDA3,W_C,38,1.21455015525
Double revision,IDA3,W_C,39,0.7815265319999999
Double revision,IDA3,W_C,40,0.7815265319999999
Double revision,IDA3,W_C,41,0.537227153
Double revision,IDA3,W_C,42,0.537227153
Double revision,IDA3,W_C,43,0.8903613655
Double revision,IDA3,W_C,44,0.8903613655
Double revision,IDA3,W_C,45,1.08255899925
Double revision,IDA3,W_C,46,1.08255899925
Double revision,IDA3,W_C,47,1.25507373925
Double revision,IDA3,W_C,48,1.25507373925
Double revision,IDA3,W_A,1,9.147912995
Double revision,IDA3,W_A,2,9.147912995
Double revision,IDA3,W_A,3,10.95410768
Double revision,IDA3,W_A,4,10.95410768
Double revision,IDA3,W_A,5,11.200722729999999
Double revision,IDA3,W_A,6,11.200722729999999
Double revision,IDA3,W_A,7,10.0348008925
Double revision,IDA3,W_A,8,10.0348008925
Double revision,IDA3,W_A,9,9.6423008925
Double revision,IDA3,W_A,10,9.6423008925
Double revision,IDA3,W_A,11,9.04834069
Double revision,IDA3,W_A,12,9.04834069
Double revision,IDA3,W_A,13,8.107035415
Double revision,IDA3,W_A,14,8.107035415
Double revision,IDA3,W_A,15,6.6597640025
Double revision,IDA3,W_A,16,6.6597640025
Double revision,IDA3,W_A,17,5.5135250575
Double revision,IDA3,W_A,18,5.5135250575
Double revision,IDA3,W_A,19,4.3823377425
Double revision,IDA3,W_A,20,4.3823377425
Double revision,IDA3,W_A,21,2.78918142
Double revision,IDA3,W_A,22,2.78918142
Double revision,IDA3,W_A,23,1.45769173775
Double revision,IDA3,W_A,24,1.45769173775
Double revision,IDA3,W_A,25,1.00382742425
Double revision,IDA3,W_A,26,1.00382742425
Double revision,IDA3,W_A,27,0.9077286269999999
Double revision,IDA3,W_A,28,0.9077286269999999
Double revision,IDA3,W_A,29,0.91930678825
Double revision,IDA3,W_A,30,0.91930678825
Double revision,IDA3,W_A,31,0.9876179985
Double revision,IDA3,W_A,32,0.9876179985
Double revision,IDA3,W_A,33,1.2168657875
Double revision,IDA3,W_A,34,1.2168657875
Double revision,IDA3,W_A,35,1.32570058175
Double revision,IDA3,W_A,36,1.32570058175
Double revision,IDA3,W_A,37,1.21455015525
Double revision,IDA3,W_A,38,1.21455015525
Double revision,IDA3,W_A,39,0.7815265319999999
Double revision,IDA3,W_A,40,0.7815265319999999
Double revision,IDA3,W_A,41,0.537227153
Double revision,IDA3,W_A,42,0.537227153
Double revision,IDA3,W_A,43,0.8903613655
Double revision,IDA3,W_A,44,0.8903613655
Double revision,IDA3,W_A,45,1.08255899925
Double revision,IDA3,W_A,46,1.08255899925
Double revision,IDA3,W_A,47,1.25507373925
Double revision,IDA3,W_A,48,1.25507373925
Reverse revision,DAM,IND,1,-74.4272491125
Reverse revision,DAM,IND,2,-74.4272491125
Reverse revision,DAM,IND,3,-74.4272491125
Reverse revision,DAM,IND,4,-74.4272491125
Reverse revision,DAM,IND,5,-74.4272491125
Reverse revision,DAM,IND,6,-74.4272491125
Reverse revision,DAM,IND,7,-74.4272491125
Reverse revision,DAM,IND,8,-74.4272491125
Reverse revision,DAM,IND,9,-74.4272491125
Reverse revision,DAM,IND,10,-74.4272491125
Reverse revision,DAM,IND,11,-74.4272491125
Reverse revision,DAM,IND,12,-74.4272491125
Reverse revision,DAM,IND,13,-74.4272491125
Reverse revision,DAM,IND,14,-74.4272491125
Reverse revision,DAM,IND,15,-74.4272491125
Reverse revision,DAM,IND,16,-74.4272491125
Reverse revision,DAM,IND,17,-74.4272491125
Reverse revision,DAM,IND,18,-74.4272491125
Reverse revision,DAM,IND,19,-74.4272491125
Reverse revision,DAM,IND,20,-74.4272491125
Reverse revision,DAM,IND,21,-74.4272491125
Reverse revision,DAM,IND,22,-74.4272491125
Reverse revision,DAM,IND,23,-74.4272491125
Reverse revision,DAM,IND,24,-74.4272491125
Reverse revision,DAM,IND,25,-74.4272491125
Reverse revision,DAM,IND,26,-74.4272491125
Reverse revision,DAM,IND,27,-74.4272491125
Reverse revision,DAM,IND,28,-74.4272491125
Reverse revision,DAM,IND,29,-74.4272491125
Reverse revision,DAM,IND,30,-74.4272491125
Reverse revision,DAM,IND,31,-74.4272491125
Reverse revision,DAM,IND,32,-74.4272491125
Reverse revision,DAM,IND,33,-74.4272491125
Reverse revision,DAM,IND,34,-74.4272491125
Reverse revision,DAM,IND,35,-74.4272491125
Reverse revision,DAM,IND,36,-74.4272491125
Reverse revision,DAM,IND,37,-74.4272491125
Reverse revision,DAM,IND,38,-74.4272491125
Reverse revision,DAM,IND,39,-74.4272491125
Reverse revision,DAM,IND,40,-74.4272491125
Reverse revision,DAM,IND,41,-74.4272491125
Reverse revision,DAM,IND,42,-74.4272491125
Reverse revision,DAM,IND,43,-74.4272491125
Reverse revision,DAM,IND,44,-74.4272491125
Reverse revision,DAM,IND,45,-74.4272491125
Reverse revision,DAM,IND,46,-74.4272491125
Reverse revision,DAM,IND,47,-74.4272491125
Reverse revision,DAM,IND,48,-74.4272491125
Reverse revision,DAM,COM,1,-60.56652230208813
Reverse revision,DAM,COM,2,-60.77421784278795
Reverse revision,DAM,COM,3,-59.138494916616544
Reverse revision,DAM,COM,4,-59.625465803459846
Reverse revision,DAM,COM,5,-55.270449918835375
Reverse revision,DAM,COM,6,-56.24619528320141
Reverse revision,DAM,COM,7,-51.590065224133845
Reverse revision,DAM,COM,8,-53.29377019507272
Reverse revision,DAM,COM,9,-51.794759059888676
Reverse revision,DAM,COM,10,-54.5056557639328
Reverse revision,DAM,COM,11,-57.382681644330866
Reverse revision,DAM,COM,12,-61.31875564953915
Reverse revision,DAM,COM,13,-68.58549924092036
Reverse revision,DAM,COM,14,-73.66674431340392
Reverse revision,DAM,COM,15,-74.94663542018596
Reverse revision,DAM,COM,16,-80.00251119071278
Reverse revision,DAM,COM,17,-76.1406289517498
Reverse revision,DAM,COM,18,-80.22506645640867
Reverse revision,DAM,COM,19,-62.323968196476734
Reverse revision,DAM,COM,20,-64.70123484335566
Reverse revision,DAM,COM,21,-61.708356315117186
Reverse revision,DAM,COM,22,-63.16758075329857
Reverse revision,DAM,COM,23,-63.04580432264047
Reverse revision,DAM,COM,24,-63.68597524524273
Reverse revision,DAM,COM,25,-67.53183943924464
Reverse revision,DAM,COM,26,-67.26675714712944
Reverse revision,DAM,COM,27,-67.05740223967256
Reverse revision,DAM,COM,28,-65.65475537180485
Reverse revision,DAM,COM,29,-72.75506123448443
Reverse revision,DAM,COM,30,-69.63273591656166
Reverse revision,DAM,COM,31,-87.17730985552184
Reverse revision,DAM,COM,32,-81.07336924991874
Reverse revision,DAM,COM,33,-96.76063818680053
Reverse revision,DAM,COM,34,-87.25460480117506
Reverse revision,DAM,COM,35,-99.09812396906942
Reverse revision,DAM,COM,36,-87.2524374386906
Reverse revision,DAM,COM,37,-87.18530284385142
Reverse revision,DAM,COM,38,-76.27939125187322
Reverse revision,DAM,COM,39,-69.7479182140229
Reverse revision,DAM,COM,40,-62.124157133714
Reverse revision,DAM,COM,41,-56.39461431167897
Reverse revision,DAM,COM,42,-52.3094530850515
Reverse revision,DAM,COM,43,-47.89708773554485
Reverse revision,DAM,COM,44,-46.812481629989264
Reverse revision,DAM,COM,45,-42.955776014774955
Reverse revision,DAM,COM,46,-44.04199359539533
Reverse revision,DAM,COM,47,-40.54061471343947
Reverse revision,DAM,COM,48,-42.85534820280739
Reverse revision,DAM,RES,1,-140.2779239854119
Reverse revision,DAM,RES,2,-140.0702284447121
Reverse revision,DAM,RES,3,-135.2536797708834
Reverse revision,DAM,RES,4,-134.76670888404013
Reverse revision,DAM,RES,5,-122.74380616866463
Reverse revision,DAM,RES,6,-121.76806080429859
Reverse revision,DAM,RES,7,-107.76709366336617
Reverse revision,DAM,RES,8,-106.06338869242731
Reverse revision,DAM,RES,9,-96.76300762761133
Reverse revision,DAM,RES,10,-94.0521109235672
Reverse revision,DAM,RES,11,-89.96768404316914
Reverse revision,DAM,RES,12,-86.03161003796089
Reverse revision,DAM,RES,13,-85.01897184657967
Reverse revision,DAM,RES,14,-79.9377267740961
Reverse revision,DAM,RES,15,-70.82188786731405
Reverse revision,DAM,RES,16,-65.76601209678724
Reverse revision,DAM,RES,17,-54.6082293357502
Reverse revision,DAM,RES,18,-50.523791831091344
Reverse revision,DAM,RES,19,-34.79611049102329
Reverse revision,DAM,RES,20,-32.41884384414435
Reverse revision,DAM,RES,21,-28.158500572382813
Reverse revision,DAM,RES,22,-26.699276134201423
Reverse revision,DAM,RES,23,-25.161634964859523
Reverse revision,DAM,RES,24,-24.521464042257268
Reverse revision,DAM,RES,25,-25.692332448255375
Reverse revision,DAM,RES,26,-25.957414740370563
Reverse revision,DAM,RES,27,-26.996339247827446
Reverse revision,DAM,RES,28,-28.39898611569516
Reverse revision,DAM,RES,29,-34.827954253015584
Reverse revision,DAM,RES,30,-37.95027957093836
Reverse revision,DAM,RES,31,-55.49685923197818
Reverse revision,DAM,RES,32,-61.60079983758127
Reverse revision,DAM,RES,33,-89.2215219006995
Reverse revision,DAM,RES,34,-98.72755528632494
Reverse revision,DAM,RES,35,-138.3259943184306
Reverse revision,DAM,RES,36,-150.17168084880944
Reverse revision,DAM,RES,37,-183.86719784364857
Reverse revision,DAM,RES,38,-194.77310943562676
Reverse revision,DAM,RES,39,-211.89634047347712
Reverse revision,DAM,RES,40,-219.52010155378602
Reverse revision,DAM,RES,41,-225.55089417582107
Reverse revision,DAM,RES,42,-229.63605540244848
Reverse revision,DAM,RES,43,-223.37624955195523
Reverse revision,DAM,RES,44,-224.46085565751073
Reverse revision,DAM,RES,45,-205.33134527272512
Reverse revision,DAM,RES,46,-204.24512769210472
Reverse revision,DAM,RES,47,-178.40883697406053
Reverse revision,DAM,RES,48,-176.09410348469257
Reverse revision,DAM,PV_C,1,0.0
Reverse revision,DAM,PV_C,2,0.0
Reverse revision,DAM,PV_C,3,0.0
Reverse revision,DAM,PV_C,4,0.0
Reverse revision,DAM,PV_C,5,0.0
Reverse revision,DAM,PV_C,6,0.0
Reverse revision,DAM,PV_C,7,0.0
Reverse revision,DAM,PV_C,8,0.0
Reverse revision,DAM,PV_C,9,0.0
Reverse revision,DAM,PV_C,10,0.0
Reverse revision,DAM,PV_C,11,0.0
Reverse revision,DAM,PV_C,12,0.0
Reverse revision,DAM,PV_C,13,5.99e-05
Reverse revision,DAM,PV_C,14,5.99e-05
Reverse revision,DAM,PV_C,15,4.555686
Reverse revision,DAM,PV_C,16,4.555686
Reverse revision,DAM,PV_C,17,22.0958468
Reverse revision,DAM,PV_C,18,22.0958468
Reverse revision,DAM,PV_C,19,41.317848
Reverse revision,DAM,PV_C,20,41.317848
Reverse revision,DAM,PV_C,21,51.3895444
Reverse revision,DAM,PV_C,22,51.3895444
Reverse revision,DAM,PV_C,23,55.3400937
Reverse revision,DAM,PV_C,24,55.3400937
Reverse revision,DAM,PV_C,25,54.6708674
Reverse revision,DAM,PV_C,26,54.6708674
Reverse revision,DAM,PV_C,27,49.9864034
Reverse revision,DAM,PV_C,28,49.9864034
Reverse revision,DAM,PV_C,29,39.5053727
Reverse revision,DAM,PV_C,30,39.5053727
Reverse revision,DAM,PV_C,31,22.5380045
Reverse revision,DAM,PV_C,32,22.5380045
Reverse revision,DAM,PV_C,33,6.0143513
Reverse revision,DAM,PV_C,34,6.0143513
Reverse revision,DAM,PV_C,35,0.0
Reverse revision,DAM,PV_C,36,0.0
Reverse revision,DAM,PV_C,37,0.0
Reverse revision,DAM,PV_C,38,0.0
Reverse revision,DAM,PV_C,39,0.0
Reverse revision,DAM,PV_C,40,0.0
Reverse revision,DAM,PV_C,41,0.0
Reverse revision,DAM,PV_C,42,0.0
Reverse revision,DAM,PV_C,43,0.0
Reverse revision,DAM,PV_C,44,0.0
Reverse revision,DAM,PV_C,45,0.0
Reverse revision,DAM,PV_C,46,0.0
Reverse revision,DAM,PV_C,47,0.0
Reverse revision,DAM,PV_C,48,0.0
Reverse revision,DAM,PV_A,1,0.0
Reverse revision,DAM,PV_A,2,0.0
Reverse revision,DAM,PV_A,3,0.0
Reverse revision,DAM,PV_A,4,0.0
Reverse revision,DAM,PV_A,5,0.0
Reverse revision,DAM,PV_A,6,0.0
Reverse revision,DAM,PV_A,7,0.0
Reverse revision,DAM,PV_A,8,0.0
Reverse revision,DAM,PV_A,9,0.0
Reverse revision,DAM,PV_A,10,0.0
Reverse revision,DAM,PV_A,11,0.0
Reverse revision,DAM,PV_A,12,0.0
Reverse revision,DAM,PV_A,13,5.99e-05
Reverse revision,DAM,PV_A,14,5.99e-05
Reverse revision,DAM,PV_A,15,4.555686
Reverse revision,DAM,PV_A,16,4.555686
Reverse revision,DAM,PV_A,17,22.0958468
Reverse revision,DAM,PV_A,18,22.0958468
Reverse revision,DAM,PV_A,19,41.317848
Reverse revision,DAM,PV_A,20,41.317848
Reverse revision,DAM,PV_A,21,51.3895444
Reverse revision,DAM,PV_A,22,51.3895444
Reverse revision,DAM,PV_A,23,55.3400937
Reverse revision,DAM,PV_A,24,55.3400937
Reverse revision,DAM,PV_A,25,54.6708674
Reverse revision,DAM,PV_A,26,54.6708674
Reverse revision,DAM,PV_A,27,49.9864034
Reverse revision,DAM,PV_A,28,49.9864034
Reverse revision,DAM,PV_A,29,39.5053727
Reverse revision,DAM,PV_A,30,39.5053727
Reverse revision,DAM,PV_A,31,22.5380045
Reverse revision,DAM,PV_A,32,22.5380045
Reverse revision,DAM,PV_A,33,6.0143513
Reverse revision,DAM,PV_A,34,6.0143513
Reverse revision,DAM,PV_A,35,0.0
Reverse revision,DAM,PV_A,36,0.0
Reverse revision,DAM,PV_A,37,0.0
Reverse revision,DAM,PV_A,38,0.0
Reverse revision,DAM,PV_A,39,0.0
Reverse revision,DAM,PV_A,40,0.0
Reverse revision,DAM,PV_A,41,0.0
Reverse revision,DAM,PV_A,42,0.0
Reverse revision,DAM,PV_A,43,0.0
Reverse revision,DAM,PV_A,44,0.0
Reverse revision,DAM,PV_A,45,0.0
Reverse revision,DAM,PV_A,46,0.0
Reverse revision,DAM,PV_A,47,0.0
Reverse revision,DAM,PV_A,48,0.0
Reverse revision,DAM,W_C,1,1.472743367
Reverse revision,DAM,W_C,2,1.472743367
Reverse revision,DAM,W_C,3,1.53758110925
Reverse revision,DAM,W_C,4,1.53758110925
Reverse revision,DAM,W_C,5,2.13501474
Reverse revision,DAM,W_C,6,2.13501474
Reverse revision,DAM,W_C,7,2.8852802175000005
Reverse revision,DAM,W_C,8,2.8852802175000005
Reverse revision,DAM,W_C,9,2.0956489525
Reverse revision,DAM,W_C,10,2.0956489525
Reverse revision,DAM,W_C,11,1.4588495735
Reverse revision,DAM,W_C,12,1.4588495735
Reverse revision,DAM,W_C,13,1.5398967415
Reverse revision,DAM,W_C,14,1.5398967415
Reverse revision,DAM,W_C,15,1.12655605125
Reverse revision,DAM,W_C,16,1.12655605125
Reverse revision,DAM,W_C,17,0.76994837075
Reverse revision,DAM,W_C,18,0.76994837075
Reverse revision,DAM,W_C,19,0.70742626075
Reverse revision,DAM,W_C,20,0.70742626075
Reverse revision,DAM,W_C,21,0.389026532
Reverse revision,DAM,W_C,22,0.389026532
Reverse revision,DAM,W_C,23,0.20609142725
Reverse revision,DAM,W_C,24,0.20609142725
Reverse revision,DAM,W_C,25,0.23156342125
Reverse revision,DAM,W_C,26,0.23156342125
Reverse revision,DAM,W_C,27,0.1586209465
Reverse revision,DAM,W_C,28,0.1586209465
Reverse revision,DAM,W_C,29,0.188724205
Reverse revision,DAM,W_C,30,0.188724205
Reverse revision,DAM,W_C,31,0.39018436775
Reverse revision,DAM,W_C,32,0.39018436775
Reverse revision,DAM,W_C,33,1.06056047325
Reverse revision,DAM,W_C,34,1.06056047325
Reverse revision,DAM,W_C,35,1.2955973625
Reverse revision,DAM,W_C,36,1.2955973625
Reverse revision,DAM,W_C,37,0.885730101
Reverse revision,DAM,W_C,38,0.885730101
Reverse revision,DAM,W_C,39,0.57890857275
Reverse revision,DAM,W_C,40,0.57890857275
Reverse revision,DAM,W_C,41,0.42028762625
Reverse revision,DAM,W_C,42,0.42028762625
Reverse revision,DAM,W_C,43,0.552278743
Reverse revision,DAM,W_C,44,0.552278743
Reverse revision,DAM,W_C,45,0.61248526
Reverse revision,DAM,W_C,46,0.61248526
Reverse revision,DAM,W_C,47,0.596275795
Reverse revision,DAM,W_C,48,0.596275795
Reverse revision,DAM,W_A,1,1.472743367
Reverse revision,DAM,W_A,2,1.472743367
Reverse revision,DAM,W_A,3,1.53758110925
Reverse revision,DAM,W_A,4,1.53758110925
Reverse revision,DAM,W_A,5,2.13501474
Reverse revision,DAM,W_A,6,2.13501474
Reverse revision,DAM,W_A,7,2.8852802175000005
Reverse revision,DAM,W_A,8,2.8852802175000005
Reverse revision,DAM,W_A,9,2.0956489525
Reverse revision,DAM,W_A,10,2.0956489525
Reverse revision,DAM,W_A,11,1.4588495735
Reverse revision,DAM,W_A,12,1.4588495735
Reverse revision,DAM,W_A,13,1.5398967415
Reverse revision,DAM,W_A,14,1.5398967415
Reverse revision,DAM,W_A,15,1.12655605125
Reverse revision,DAM,W_A,16,1.12655605125
Reverse revision,DAM,W_A,17,0.76994837075
Reverse revision,DAM,W_A,18,0.76994837075
Reverse revision,DAM,W_A,19,0.70742626075
Reverse revision,DAM,W_A,20,0.70742626075
Reverse revision,DAM,W_A,21,0.389026532
Reverse revision,DAM,W_A,22,0.389026532
Reverse revision,DAM,W_A,23,0.20609142725
Reverse revision,DAM,W_A,24,0.20609142725
Reverse revision,DAM,W_A,25,0.23156342125
Reverse revision,DAM,W_A,26,0.23156342125
Reverse revision,DAM,W_A,27,0.1586209465
Reverse revision,DAM,W_A,28,0.1586209465
Reverse revision,DAM,W_A,29,0.188724205
Reverse revision,DAM,W_A,30,0.188724205
Reverse revision,DAM,W_A,31,0.39018436775
Reverse revision,DAM,W_A,32,0.39018436775
Reverse revision,DAM,W_A,33,1.06056047325
Reverse revision,DAM,W_A,34,1.06056047325
Reverse revision,DAM,W_A,35,1.2955973625
Reverse revision,DAM,W_A,36,1.2955973625
Reverse revision,DAM,W_A,37,0.885730101
Reverse revision,DAM,W_A,38,0.885730101
Reverse revision,DAM,W_A,39,0.57890857275
Reverse revision,DAM,W_A,40,0.57890857275
Reverse revision,DAM,W_A,41,0.42028762625
Reverse revision,DAM,W_A,42,0.42028762625
Reverse revision,DAM,W_A,43,0.552278743
Reverse revision,DAM,W_A,44,0.552278743
Reverse revision,DAM,W_A,45,0.61248526
Reverse revision,DAM,W_A,46,0.61248526
Reverse revision,DAM,W_A,47,0.596275795
Reverse revision,DAM,W_A,48,0.596275795
Reverse revision,IDA1,IND,1,-77.6573895662734
Reverse revision,IDA1,IND,2,-77.6573895662734
Reverse revision,IDA1,IND,3,-83.58731114819908
Reverse revision,IDA1,IND,4,-83.58731114819908
Reverse revision,IDA1,IND,5,-84.43035804399423
Reverse revision,IDA1,IND,6,-84.43035804399423
Reverse revision,IDA1,IND,7,-82.23953492747849
Reverse revision,IDA1,IND,8,-82.23953492747849
Reverse revision,IDA1,IND,9,-79.50043234797505
Reverse revision,IDA1,IND,10,-79.50043234797505
Reverse revision,IDA1,IND,11,-76.29171645539274
Reverse revision,IDA1,IND,12,-76.29171645539274
Reverse revision,IDA1,IND,13,-70.1926165522638
Reverse revision,IDA1,IND,14,-70.1926165522638
Reverse revision,IDA1,IND,15,-61.88156492896943
Reverse revision,IDA1,IND,16,-61.88156492896943
Reverse revision,IDA1,IND,17,-56.119616274041526
Reverse revision,IDA1,IND,18,-56.119616274041526
Reverse revision,IDA1,IND,19,-50.13421565120197
Reverse revision,IDA1,IND,20,-50.13421565120197
Reverse revision,IDA1,IND,21,-59.72382569829087
Reverse revision,IDA1,IND,22,-59.72382569829087
Reverse revision,IDA1,IND,23,-67.42390700267875
Reverse revision,IDA1,IND,24,-67.42390700267875
Reverse revision,IDA1,IND,25,-70.90684804873526
Reverse revision,IDA1,IND,26,-70.90684804873526
Reverse revision,IDA1,IND,27,-66.41847545967788
Reverse revision,IDA1,IND,28,-66.41847545967788
Reverse revision,IDA1,IND,29,-62.14708515615496
Reverse revision,IDA1,IND,30,-62.14708515615496
Reverse revision,IDA1,IND,31,-62.08492853896373
Reverse revision,IDA1,IND,32,-62.08492853896373
Reverse revision,IDA1,IND,33,-64.55542629763427
Reverse revision,IDA1,IND,34,-64.55542629763427
Reverse revision,IDA1,IND,35,-64.72085399680034
Reverse revision,IDA1,IND,36,-64.72085399680034
Reverse revision,IDA1,IND,37,-66.99000572429112
Reverse revision,IDA1,IND,38,-66.99000572429112
Reverse revision,IDA1,IND,39,-68.96782425423076
Reverse revision,IDA1,IND,40,-68.96782425423076
Reverse revision,IDA1,IND,41,-70.75386241997778
Reverse revision,IDA1,IND,42,-70.75386241997778
Reverse revision,IDA1,IND,43,-71.80840926108405
Reverse revision,IDA1,IND,44,-71.80840926108405
Reverse revision,IDA1,IND,45,-72.46750094648714
Reverse revision,IDA1,IND,46,-72.46750094648714
Reverse revision,IDA1,IND,47,-73.2772257397519
Reverse revision,IDA1,IND,48,-73.2772257397519
Reverse revision,IDA1,COM,1,-63.19510761412389
Reverse revision,IDA1,COM,2,-63.41181713526881
Reverse revision,IDA1,COM,3,-66.41690824767035
Reverse revision,IDA1,COM,4,-66.96381260762001
Reverse revision,IDA1,COM,5,-62.698862735693766
Reverse revision,IDA1,COM,6,-63.80574941302705
Reverse revision,IDA1,COM,7,-57.00523694618836
Reverse revision,IDA1,COM,8,-58.88777198724383
Reverse revision,IDA1,COM,9,-55.32524428514425
Reverse revision,IDA1,COM,10,-58.22092379220818
Reverse revision,IDA1,COM,11,-58.820167743162074
Reverse revision,IDA1,COM,12,-62.854843826633754
Reverse revision,IDA1,COM,13,-64.68324043505407
Reverse revision,IDA1,COM,14,-69.47538163648157
Reverse revision,IDA1,COM,15,-62.313401896014994
Reverse revision,IDA1,COM,16,-66.51704382148438
Reverse revision,IDA1,COM,17,-57.41153852371432
Reverse revision,IDA1,COM,18,-60.49128509758389
Reverse revision,IDA1,COM,19,-41.98144226824648
Reverse revision,IDA1,COM,20,-43.582769741130626
Reverse revision,IDA1,COM,21,-49.51760491807718
Reverse revision,IDA1,COM,22,-50.68855328765752
Reverse revision,IDA1,COM,23,-57.11341609755769
Reverse revision,IDA1,COM,24,-57.69334919015541
Reverse revision,IDA1,COM,25,-64.33759052859965
Reverse revision,IDA1,COM,26,-64.08504660105221
Reverse revision,IDA1,COM,27,-59.84166388191042
Reverse revision,IDA1,COM,28,-58.58994938644053
Reverse revision,IDA1,COM,29,-60.75080081552266
Reverse revision,IDA1,COM,30,-58.1436452410252
Reverse revision,IDA1,COM,31,-72.72063816866456
Reverse revision,IDA1,COM,32,-67.62891812225887
Reverse revision,IDA1,COM,33,-83.92657691188234
Reverse revision,IDA1,COM,34,-75.68139729116287
Reverse revision,IDA1,COM,35,-86.17428817051074
Reverse revision,IDA1,COM,36,-75.87345134573883
Reverse revision,IDA1,COM,37,-78.47319370564706
Reverse revision,IDA1,COM,38,-68.65707005890422
Reverse revision,IDA1,COM,39,-64.6317339797434
Reverse revision,IDA1,COM,40,-57.567194841017105
Reverse revision,IDA1,COM,41,-53.61123553290248
Reverse revision,IDA1,COM,42,-49.72769907496716
Reverse revision,IDA1,COM,43,-46.211753350298245
Reverse revision,IDA1,COM,44,-45.16531081690458
Reverse revision,IDA1,COM,45,-41.82470501230691
Reverse revision,IDA1,COM,46,-42.88232133549946
Reverse revision,IDA1,COM,47,-39.91419555886936
Reverse revision,IDA1,COM,48,-42.19316260992069
Reverse revision,IDA1,RES,1,-146.36598181960272
Reverse revision,IDA1,RES,2,-146.14927229845782
Reverse revision,IDA1,RES,3,-151.89989620413047
Reverse revision,IDA1,RES,4,-151.35299184418085
Reverse revision,IDA1,RES,5,-139.24071662031204
Reverse revision,IDA1,RES,6,-138.13382994297874
Reverse revision,IDA1,RES,7,-119.07890952633319
Reverse revision,IDA1,RES,8,-117.19637448527773
Reverse revision,IDA1,RES,9,-103.35866276688071
Reverse revision,IDA1,RES,10,-100.46298325981677
Reverse revision,IDA1,RES,11,-92.2214528014452
Reverse revision,IDA1,RES,12,-88.18677671797354
Reverse revision,IDA1,RES,13,-80.18170981268214
Reverse revision,IDA1,RES,14,-75.38956861125463
Reverse revision,IDA1,RES,15,-58.883934375015585
Reverse revision,IDA1,RES,16,-54.680292449546215
Reverse revision,IDA1,RES,17,-41.17568380224419
Reverse revision,IDA1,RES,18,-38.09593722837461
Reverse revision,IDA1,RES,19,-23.438669680551577
Reverse revision,IDA1,RES,20,-21.83734220766743
Reverse revision,IDA1,RES,21,-22.595667583631933
Reverse revision,IDA1,RES,22,-21.424719214051592
Reverse revision,IDA1,RES,23,-22.79401369976354
Reverse revision,IDA1,RES,24,-22.214080607165815
Reverse revision,IDA1,RES,25,-24.47708782266508
Reverse revision,IDA1,RES,26,-24.729631750212516
Reverse revision,IDA1,RES,27,-24.091387458411702
Reverse revision,IDA1,RES,28,-25.343101953881607
Reverse revision,IDA1,RES,29,-29.08149722832239
Reverse revision,IDA1,RES,30,-31.688652802819853
Reverse revision,IDA1,RES,31,-46.29377789237172
Reverse revision,IDA1,RES,32,-51.38549793877742
Reverse revision,IDA1,RES,33,-77.38742799048347
Reverse revision,IDA1,RES,34,-85.6326076112029
Reverse revision,IDA1,RES,35,-120.28627403268897
Reverse revision,IDA1,RES,36,-130.58711085746089
Reverse revision,IDA1,RES,37,-165.49401977006175
Reverse revision,IDA1,RES,38,-175.3101434168046
Reverse revision,IDA1,RES,39,-196.35321396602586
Reverse revision,IDA1,RES,40,-203.41775310475214
Reverse revision,IDA1,RES,41,-214.41873944711975
Reverse revision,IDA1,RES,42,-218.30227590505504
Reverse revision,IDA1,RES,43,-215.51640478861773
Reverse revision,IDA1,RES,44,-216.56284732201138
Reverse revision,IDA1,RES,45,-199.92475384120607
Reverse revision,IDA1,RES,46,-198.86713751801346
Reverse revision,IDA1,RES,47,-175.65212710137874
Reverse revision,IDA1,RES,48,-173.37316005032739
Reverse revision,IDA1,PV_C,1,0.0
Reverse revision,IDA1,PV_C,2,0.0
Reverse revision,IDA1,PV_C,3,0.0
Reverse revision,IDA1,PV_C,4,0.0
Reverse revision,IDA1,PV_C,5,0.0
Reverse revision,IDA1,PV_C,6,0.0
Reverse revision,IDA1,PV_C,7,0.0
Reverse revision,IDA1,PV_C,8,0.0
Reverse revision,IDA1,PV_C,9,0.0
Reverse revision,IDA1,PV_C,10,0.0
Reverse revision,IDA1,PV_C,11,0.0
Reverse revision,IDA1,PV_C,12,0.0
Reverse revision,IDA1,PV_C,13,5.99e-05
Reverse revision,IDA1,PV_C,14,5.99e-05
Reverse revision,IDA1,PV_C,15,5.444254099999999
Reverse revision,IDA1,PV_C,16,5.444254099999999
Reverse revision,IDA1,PV_C,17,24.110413700000002
Reverse revision,IDA1,PV_C,18,24.110413700000002
Reverse revision,IDA1,PV_C,19,43.728511999999995
Reverse revision,IDA1,PV_C,20,43.728511999999995
Reverse revision,IDA1,PV_C,21,54.716448799999995
Reverse revision,IDA1,PV_C,22,54.716448799999995
Reverse revision,IDA1,PV_C,23,60.02851089999999
Reverse revision,IDA1,PV_C,24,60.02851089999999
Reverse revision,IDA1,PV_C,25,60.49762210000001
Reverse revision,IDA1,PV_C,26,60.49762210000001
Reverse revision,IDA1,PV_C,27,58.770200100000004
Reverse revision,IDA1,PV_C,28,58.770200100000004
Reverse revision,IDA1,PV_C,29,50.3869927
Reverse revision,IDA1,PV_C,30,50.3869927
Reverse revision,IDA1,PV_C,31,30.9399595
Reverse revision,IDA1,PV_C,32,30.9399595
Reverse revision,IDA1,PV_C,33,8.797812700000001
Reverse revision,IDA1,PV_C,34,8.797812700000001
Reverse revision,IDA1,PV_C,35,0.0
Reverse revision,IDA1,PV_C,36,0.0
Reverse revision,IDA1,PV_C,37,0.0
Reverse revision,IDA1,PV_C,38,0.0
Reverse revision,IDA1,PV_C,39,0.0
Reverse revision,IDA1,PV_C,40,0.0
Reverse revision,IDA1,PV_C,41,0.0
Reverse revision,IDA1,PV_C,42,0.0
Reverse revision,IDA1,PV_C,43,0.0
Reverse revision,IDA1,PV_C,44,0.0
Reverse revision,IDA1,PV_C,45,0.0
Reverse revision,IDA1,PV_C,46,0.0
Reverse revision,IDA1,PV_C,47,0.0
Reverse revision,IDA1,PV_C,48,0.0
Reverse revision,IDA1,PV_A,1,0.0
Reverse revision,IDA1,PV_A,2,0.0
Reverse revision,IDA1,PV_A,3,0.0
Reverse revision,IDA1,PV_A,4,0.0
Reverse revision,IDA1,PV_A,5,0.0
Reverse revision,IDA1,PV_A,6,0.0
Reverse revision,IDA1,PV_A,7,0.0
Reverse revision,IDA1,PV_A,8,0.0
Reverse revision,IDA1,PV_A,9,0.0
Reverse revision,IDA1,PV_A,10,0.0
Reverse revision,IDA1,PV_A,11,0.0
Reverse revision,IDA1,PV_A,12,0.0
Reverse revision,IDA1,PV_A,13,5.99e-05
Reverse revision,IDA1,PV_A,14,5.99e-05
Reverse revision,IDA1,PV_A,15,5.444254099999999
Reverse revision,IDA1,PV_A,16,5.444254099999999
Reverse revision,IDA1,PV_A,17,24.110413700000002
Reverse revision,IDA1,PV_A,18,24.110413700000002
Reverse revision,IDA1,PV_A,19,43.728511999999995
Reverse revision,IDA1,PV_A,20,43.728511999999995
Reverse revision,IDA1,PV_A,21,54.716448799999995
Reverse revision,IDA1,PV_A,22,54.716448799999995
Reverse revision,IDA1,PV_A,23,60.02851089999999
Reverse revision,IDA1,PV_A,24,60.02851089999999
Reverse revision,IDA1,PV_A,25,60.49762210000001
Reverse revision,IDA1,PV_A,26,60.49762210000001
Reverse revision,IDA1,PV_A,27,58.770200100000004
Reverse revision,IDA1,PV_A,28,58.770200100000004
Reverse revision,IDA1,PV_A,29,50.3869927
Reverse revision,IDA1,PV_A,30,50.3869927
Reverse revision,IDA1,PV_A,31,30.9399595
Reverse revision,IDA1,PV_A,32,30.9399595
Reverse revision,IDA1,PV_A,33,8.797812700000001
Reverse revision,IDA1,PV_A,34,8.797812700000001
Reverse revision,IDA1,PV_A,35,0.0
Reverse revision,IDA1,PV_A,36,0.0
Reverse revision,IDA1,PV_A,37,0.0
Reverse revision,IDA1,PV_A,38,0.0
Reverse revision,IDA1,PV_A,39,0.0
Reverse revision,IDA1,PV_A,40,0.0
Reverse revision,IDA1,PV_A,41,0.0
Reverse revision,IDA1,PV_A,42,0.0
Reverse revision,IDA1,PV_A,43,0.0
Reverse revision,IDA1,PV_A,44,0.0
Reverse revision,IDA1,PV_A,45,0.0
Reverse revision,IDA1,PV_A,46,0.0
Reverse revision,IDA1,PV_A,47,0.0
Reverse revision,IDA1,PV_A,48,0.0
Reverse revision,IDA1,W_C,1,0.0
Reverse revision,IDA1,W_C,2,0.0
Reverse revision,IDA1,W_C,3,0.0
Reverse revision,IDA1,W_C,4,0.0
Reverse revision,IDA1,W_C,5,0.0
Reverse revision,IDA1,W_C,6,0.0
Reverse revision,IDA1,W_C,7,0.0
Reverse revision,IDA1,W_C,8,0.0
Reverse revision,IDA1,W_C,9,0.0
Reverse revision,IDA1,W_C,10,0.0
Reverse revision,IDA1,W_C,11,0.0
Reverse revision,IDA1,W_C,12,0.0
Reverse revision,IDA1,W_C,13,0.0
Reverse revision,IDA1,W_C,14,0.0
Reverse revision,IDA1,W_C,15,0.0
Reverse revision,IDA1,W_C,16,0.0
Reverse revision,IDA1,W_C,17,0.0
Reverse revision,IDA1,W_C,18,0.0
Reverse revision,IDA1,W_C,19,0.0
Reverse revision,IDA1,W_C,20,0.0
Reverse revision,IDA1,W_C,21,0.0
Reverse revision,IDA1,W_C,22,0.0
Reverse revision,IDA1,W_C,23,0.0
Reverse revision,IDA1,W_C,24,0.0
Reverse revision,IDA1,W_C,25,0.0
Reverse revision,IDA1,W_C,26,0.0
Reverse revision,IDA1,W_C,27,0.0
Reverse revision,IDA1,W_C,28,0.0
Reverse revision,IDA1,W_C,29,0.0
Reverse revision,IDA1,W_C,30,0.0
Reverse revision,IDA1,W_C,31,0.0
Reverse revision,IDA1,W_C,32,0.0
Reverse revision,IDA1,W_C,33,0.9042551590000001
Reverse revision,IDA1,W_C,34,0.9042551590000001
Reverse revision,IDA1,W_C,35,1.2654941432499998
Reverse revision,IDA1,W_C,36,1.2654941432499998
Reverse revision,IDA1,W_C,37,0.5569100467500001
Reverse revision,IDA1,W_C,38,0.5569100467500001
Reverse revision,IDA1,W_C,39,0.3762906134999999
Reverse revision,IDA1,W_C,40,0.3762906134999999
Reverse revision,IDA1,W_C,41,0.30334809949999997
Reverse revision,IDA1,W_C,42,0.30334809949999997
Reverse revision,IDA1,W_C,43,0.21419612050000003
Reverse revision,IDA1,W_C,44,0.21419612050000003
Reverse revision,IDA1,W_C,45,0.14241152075000008
Reverse revision,IDA1,W_C,46,0.14241152075000008
Reverse revision,IDA1,W_C,47,0.0
Reverse revision,IDA1,W_C,48,0.0
Reverse revision,IDA1,W_A,1,0.0
Reverse revision,IDA1,W_A,2,0.0
Reverse revision,IDA1,W_A,3,0.0
Reverse revision,IDA1,W_A,4,0.0
Reverse revision,IDA1,W_A,5,0.0
Reverse revision,IDA1,W_A,6,0.0
Reverse revision,IDA1,W_A,7,0.0
Reverse revision,IDA1,W_A,8,0.0
Reverse revision,IDA1,W_A,9,0.0
Reverse revision,IDA1,W_A,10,0.0
Reverse revision,IDA1,W_A,11,0.0
Reverse revision,IDA1,W_A,12,0.0
Reverse revision,IDA1,W_A,13,0.0
Reverse revision,IDA1,W_A,14,0.0
Reverse revision,IDA1,W_A,15,0.0
Reverse revision,IDA1,W_A,16,0.0
Reverse revision,IDA1,W_A,17,0.0
Reverse revision,IDA1,W_A,18,0.0
Reverse revision,IDA1,W_A,19,0.0
Reverse revision,IDA1,W_A,20,0.0
Reverse revision,IDA1,W_A,21,0.0
Reverse revision,IDA1,W_A,22,0.0
Reverse revision,IDA1,W_A,23,0.0
Reverse revision,IDA1,W_A,24,0.0
Reverse revision,IDA1,W_A,25,0.0
Reverse revision,IDA1,W_A,26,0.0
Reverse revision,IDA1,W_A,27,0.0
Reverse revision,IDA1,W_A,28,0.0
Reverse revision,IDA1,W_A,29,0.0
Reverse revision,IDA1,W_A,30,0.0
Reverse revision,IDA1,W_A,31,0.0
Reverse revision,IDA1,W_A,32,0.0
Reverse revision,IDA1,W_A,33,0.9042551590000001
Reverse revision,IDA1,W_A,34,0.9042551590000001
Reverse revision,IDA1,W_A,35,1.2654941432499998
Reverse revision,IDA1,W_A,36,1.2654941432499998
Reverse revision,IDA1,W_A,37,0.5569100467500001
Reverse revision,IDA1,W_A,38,0.5569100467500001
Reverse revision,IDA1,W_A,39,0.3762906134999999
Reverse revision,IDA1,W_A,40,0.3762906134999999
Reverse revision,IDA1,W_A,41,0.30334809949999997
Reverse revision,IDA1,W_A,42,0.30334809949999997
Reverse revision,IDA1,W_A,43,0.21419612050000003
Reverse revision,IDA1,W_A,44,0.21419612050000003
Reverse revision,IDA1,W_A,45,0.14241152075000008
Reverse revision,IDA1,W_A,46,0.14241152075000008
Reverse revision,IDA1,W_A,47,0.0
Reverse revision,IDA1,W_A,48,0.0
Reverse revision,IDA2,IND,1,-76.84985445283004
Reverse revision,IDA2,IND,2,-76.84985445283004
Reverse revision,IDA2,IND,3,-81.29729563927431
Reverse revision,IDA2,IND,4,-81.29729563927431
Reverse revision,IDA2,IND,5,-81.92958081112066
Reverse revision,IDA2,IND,6,-81.92958081112066
Reverse revision,IDA2,IND,7,-80.28646347373386
Reverse revision,IDA2,IND,8,-80.28646347373386
Reverse revision,IDA2,IND,9,-78.23213653910629
Reverse revision,IDA2,IND,10,-78.23213653910629
Reverse revision,IDA2,IND,11,-75.82559961966957
Reverse revision,IDA2,IND,12,-75.82559961966957
Reverse revision,IDA2,IND,13,-71.25127469232284
Reverse revision,IDA2,IND,14,-71.25127469232284
Reverse revision,IDA2,IND,15,-65.01798597485207
Reverse revision,IDA2,IND,16,-65.01798597485207
Reverse revision,IDA2,IND,17,-60.69652448365615
Reverse revision,IDA2,IND,18,-60.69652448365615
Reverse revision,IDA2,IND,19,-56.207474016526476
Reverse revision,IDA2,IND,20,-56.207474016526476
Reverse revision,IDA2,IND,21,-63.39968155184315
Reverse revision,IDA2,IND,22,-63.39968155184315
Reverse revision,IDA2,IND,23,-69.17474253013405
Reverse revision,IDA2,IND,24,-69.17474253013405
Reverse revision,IDA2,IND,25,-71.78694831467645
Reverse revision,IDA2,IND,26,-71.78694831467645
Reverse revision,IDA2,IND,27,-68.42066887288341
Reverse revision,IDA2,IND,28,-68.42066887288341
Reverse revision,IDA2,IND,29,-65.21712614524121
Reverse revision,IDA2,IND,30,-65.21712614524121
Reverse revision,IDA2,IND,31,-65.1705086823478
Reverse revision,IDA2,IND,32,-65.1705086823478
Reverse revision,IDA2,IND,33,-67.0233820013507
Reverse revision,IDA2,IND,34,-67.0233820013507
Reverse revision,IDA2,IND,35,-67.14745277572526
Reverse revision,IDA2,IND,36,-67.14745277572526
Reverse revision,IDA2,IND,37,-68.84931657134334
Reverse revision,IDA2,IND,38,-68.84931657134334
Reverse revision,IDA2,IND,39,-70.33268046879809
Reverse revision,IDA2,IND,40,-70.33268046879809
Reverse revision,IDA2,IND,41,-71.67220909310832
Reverse revision,IDA2,IND,42,-71.67220909310832
Reverse revision,IDA2,IND,43,-72.46311922393804
Reverse revision,IDA2,IND,44,-72.46311922393804
Reverse revision,IDA2,IND,45,-72.95743798799035
Reverse revision,IDA2,IND,46,-72.95743798799035
Reverse revision,IDA2,IND,47,-73.56473158293892
Reverse revision,IDA2,IND,48,-73.56473158293892
Reverse revision,IDA2,COM,1,-62.53796128611496
Reverse revision,IDA2,COM,2,-62.7524173121486
Reverse revision,IDA2,COM,3,-64.5973049149069
Reverse revision,IDA2,COM,4,-65.12922590657998
Reverse revision,IDA2,COM,5,-60.84175953147916
Reverse revision,IDA2,COM,6,-61.91586088057064
Reverse revision,IDA2,COM,7,-55.65144401567472
Reverse revision,IDA2,COM,8,-57.48927153920105
Reverse revision,IDA2,COM,9,-54.442622978830364
Reverse revision,IDA2,COM,10,-57.29210678513934
Reverse revision,IDA2,COM,11,-58.46079621845427
Reverse revision,IDA2,COM,12,-62.470821782360105
Reverse revision,IDA2,COM,13,-65.65880513652064
Reverse revision,IDA2,COM,14,-70.52322230571215
Reverse revision,IDA2,COM,15,-65.47171027705774
Reverse revision,IDA2,COM,16,-69.88841066379148
Reverse revision,IDA2,COM,17,-62.09381113072319
Reverse revision,IDA2,COM,18,-65.4247304372901
Reverse revision,IDA2,COM,19,-47.06707375030404
Reverse revision,IDA2,COM,20,-48.862386016686884
Reverse revision,IDA2,COM,21,-52.56529276733718
Reverse revision,IDA2,COM,22,-53.80831015406779
Reverse revision,IDA2,COM,23,-58.59651315382839
Reverse revision,IDA2,COM,24,-59.19150570392724
Reverse revision,IDA2,COM,25,-65.13615275626088
Reverse revision,IDA2,COM,26,-64.88047423757152
Reverse revision,IDA2,COM,27,-61.64559847135096
Reverse revision,IDA2,COM,28,-60.35615088278162
Reverse revision,IDA2,COM,29,-63.75186592026311
Reverse revision,IDA2,COM,30,-61.01591790990931
Reverse revision,IDA2,COM,31,-76.33480609037889
Reverse revision,IDA2,COM,32,-70.99003090417385
Reverse revision,IDA2,COM,33,-87.13509223061189
Reverse revision,IDA2,COM,34,-78.57469916866593
Reverse revision,IDA2,COM,35,-89.4052471201504
Reverse revision,IDA2,COM,36,-78.71819786897679
Reverse revision,IDA2,COM,37,-80.65122099019815
Reverse revision,IDA2,COM,38,-70.56265035714647
Reverse revision,IDA2,COM,39,-65.91078003831328
Reverse revision,IDA2,COM,40,-58.706435414191326
Reverse revision,IDA2,COM,41,-54.30708022759661
Reverse revision,IDA2,COM,42,-50.37313757748825
Reverse revision,IDA2,COM,43,-46.6330869466099
Reverse revision,IDA2,COM,44,-45.577103520175754
Reverse revision,IDA2,COM,45,-42.107472762923926
Reverse revision,IDA2,COM,46,-43.17223940047343
Reverse revision,IDA2,COM,47,-40.070800347511884
Reverse revision,IDA2,COM,48,-42.35870900814236
Reverse revision,IDA2,RES,1,-144.84396736105504
Reverse revision,IDA2,RES,2,-144.6295113350214
Reverse revision,IDA2,RES,3,-147.7383420958187
Reverse revision,IDA2,RES,4,-147.20642110414565
Reverse revision,IDA2,RES,5,-135.1164890074002
Reverse revision,IDA2,RES,6,-134.04238765830868
Reverse revision,IDA2,RES,7,-116.25095556059142
Reverse revision,IDA2,RES,8,-114.4131280370651
Reverse revision,IDA2,RES,9,-101.70974898206337
Reverse revision,IDA2,RES,10,-98.86026517575438
Reverse revision,IDA2,RES,11,-91.65801061187618
Reverse revision,IDA2,RES,12,-87.64798504797038
Reverse revision,IDA2,RES,13,-81.39102532115652
Reverse revision,IDA2,RES,14,-76.52660815196501
Reverse revision,IDA2,RES,15,-61.868422748090204
Reverse revision,IDA2,RES,16,-57.45172236135647
Reverse revision,IDA2,RES,17,-44.53382018562069
Reverse revision,IDA2,RES,18,-41.20290087905379
Reverse revision,IDA2,RES,19,-26.278029883169506
Reverse revision,IDA2,RES,20,-24.48271761678666
Reverse revision,IDA2,RES,21,-23.986375830819654
Reverse revision,IDA2,RES,22,-22.74335844408905
Reverse revision,IDA2,RES,23,-23.385919016037537
Reverse revision,IDA2,RES,24,-22.790926465938675
Reverse revision,IDA2,RES,25,-24.780898979062655
Reverse revision,IDA2,RES,26,-25.03657749775203
Reverse revision,IDA2,RES,27,-24.81762540576564
Reverse revision,IDA2,RES,28,-26.107072994335
Reverse revision,IDA2,RES,29,-30.51811148449569
Reverse revision,IDA2,RES,30,-33.25405949484948
Reverse revision,IDA2,RES,31,-48.59454822727334
Reverse revision,IDA2,RES,32,-53.939323413478384
Reverse revision,IDA2,RES,33,-80.34595146803748
Reverse revision,IDA2,RES,34,-88.90634452998341
Reverse revision,IDA2,RES,35,-124.79620410412437
Reverse revision,IDA2,RES,36,-135.48325335529805
Reverse revision,IDA2,RES,37,-170.08731428845846
Reverse revision,IDA2,RES,38,-180.17588492151015
Reverse revision,IDA2,RES,39,-200.23899559288867
Reverse revision,IDA2,RES,40,-207.44334021701061
Reverse revision,IDA2,RES,41,-217.2017781292951
Reverse revision,IDA2,RES,42,-221.1357207794034
Reverse revision,IDA2,RES,43,-217.4813659794521
Reverse revision,IDA2,RES,44,-218.53734940588623
Reverse revision,IDA2,RES,45,-201.27640169908582
Reverse revision,IDA2,RES,46,-200.21163506153627
Reverse revision,IDA2,RES,47,-176.3413045695492
Reverse revision,IDA2,RES,48,-174.0533959089187
Reverse revision,IDA2,PV_C,1,0.0
Reverse revision,IDA2,PV_C,2,0.0
Reverse revision,IDA2,PV_C,3,0.0
Reverse revision,IDA2,PV_C,4,0.0
Reverse revision,IDA2,PV_C,5,0.0
Reverse revision,IDA2,PV_C,6,0.0
Reverse revision,IDA2,PV_C,7,0.0
Reverse revision,IDA2,PV_C,8,0.0
Reverse revision,IDA2,PV_C,9,0.0
Reverse revision,IDA2,PV_C,10,0.0
Reverse revision,IDA2,PV_C,11,0.0
Reverse revision,IDA2,PV_C,12,0.0
Reverse revision,IDA2,PV_C,13,5.99e-05
Reverse revision,IDA2,PV_C,14,5.99e-05
Reverse revision,IDA2,PV_C,15,5.222112074999999
Reverse revision,IDA2,PV_C,16,5.222112074999999
Reverse revision,IDA2,PV_C,17,23.606771975
Reverse revision,IDA2,PV_C,18,23.606771975
Reverse revision,IDA2,PV_C,19,43.125845999999996
Reverse revision,IDA2,PV_C,20,43.125845999999996
Reverse revision,IDA2,PV_C,21,53.8847227
Reverse revision,IDA2,PV_C,22,53.8847227
Reverse revision,IDA2,PV_C,23,58.85640659999999
Reverse revision,IDA2,PV_C,24,58.85640659999999
Reverse revision,IDA2,PV_C,25,59.040933425
Reverse revision,IDA2,PV_C,26,59.040933425
Reverse revision,IDA2,PV_C,27,56.574250925
Reverse revision,IDA2,PV_C,28,56.574250925
Reverse revision,IDA2,PV_C,29,47.66658770000001
Reverse revision,IDA2,PV_C,30,47.66658770000001
Reverse revision,IDA2,PV_C,31,28.839470749999997
Reverse revision,IDA2,PV_C,32,28.839470749999997
Reverse revision,IDA2,PV_C,33,8.10194735
Reverse revision,IDA2,PV_C,34,8.10194735
Reverse revision,IDA2,PV_C,35,0.0
Reverse revision,IDA2,PV_C,36,0.0
Reverse revision,IDA2,PV_C,37,0.0
Reverse revision,IDA2,PV_C,38,0.0
Reverse revision,IDA2,PV_C,39,0.0
Reverse revision,IDA2,PV_C,40,0.0
Reverse revision,IDA2,PV_C,41,0.0
Reverse revision,IDA2,PV_C,42,0.0
Reverse revision,IDA2,PV_C,43,0.0
Reverse revision,IDA2,PV_C,44,0.0
Reverse revision,IDA2,PV_C,45,0.0
Reverse revision,IDA2,PV_C,46,0.0
Reverse revision,IDA2,PV_C,47,0.0
Reverse revision,IDA2,PV_C,48,0.0
Reverse revision,IDA2,PV_A,1,0.0
Reverse revision,IDA2,PV_A,2,0.0
Reverse revision,IDA2,PV_A,3,0.0
Reverse revision,IDA2,PV_A,4,0.0
Reverse revision,IDA2,PV_A,5,0.0
Reverse revision,IDA2,PV_A,6,0.0
Reverse revision,IDA2,PV_A,7,0.0
Reverse revision,IDA2,PV_A,8,0.0
Reverse revision,IDA2,PV_A,9,0.0
Reverse revision,IDA2,PV_A,10,0.0
Reverse revision,IDA2,PV_A,11,0.0
Reverse revision,IDA2,PV_A,12,0.0
Reverse revision,IDA2,PV_A,13,5.99e-05
Reverse revision,IDA2,PV_A,14,5.99e-05
Reverse revision,IDA2,PV_A,15,5.222112074999999
Reverse revision,IDA2,PV_A,16,5.222112074999999
Reverse revision,IDA2,PV_A,17,23.606771975
Reverse revision,IDA2,PV_A,18,23.606771975
Reverse revision,IDA2,PV_A,19,43.125845999999996
Reverse revision,IDA2,PV_A,20,43.125845999999996
Reverse revision,IDA2,PV_A,21,53.8847227
Reverse revision,IDA2,PV_A,22,53.8847227
Reverse revision,IDA2,PV_A,23,58.85640659999999
Reverse revision,IDA2,PV_A,24,58.85640659999999
Reverse revision,IDA2,PV_A,25,59.040933425
Reverse revision,IDA2,PV_A,26,59.040933425
Reverse revision,IDA2,PV_A,27,56.574250925
Reverse revision,IDA2,PV_A,28,56.574250925
Reverse revision,IDA2,PV_A,29,47.66658770000001
Reverse revision,IDA2,PV_A,30,47.66658770000001
Reverse revision,IDA2,PV_A,31,28.839470749999997
Reverse revision,IDA2,PV_A,32,28.839470749999997
Reverse revision,IDA2,PV_A,33,8.10194735
Reverse revision,IDA2,PV_A,34,8.10194735
Reverse revision,IDA2,PV_A,35,0.0
Reverse revision,IDA2,PV_A,36,0.0
Reverse revision,IDA2,PV_A,37,0.0
Reverse revision,IDA2,PV_A,38,0.0
Reverse revision,IDA2,PV_A,39,0.0
Reverse revision,IDA2,PV_A,40,0.0
Reverse revision,IDA2,PV_A,41,0.0
Reverse revision,IDA2,PV_A,42,0.0
Reverse revision,IDA2,PV_A,43,0.0
Reverse revision,IDA2,PV_A,44,0.0
Reverse revision,IDA2,PV_A,45,0.0
Reverse revision,IDA2,PV_A,46,0.0
Reverse revision,IDA2,PV_A,47,0.0
Reverse revision,IDA2,PV_A,48,0.0
Reverse revision,IDA2,W_C,1,0.0
Reverse revision,IDA2,W_C,2,0.0
Reverse revision,IDA2,W_C,3,0.0
Reverse revision,IDA2,W_C,4,0.0
Reverse revision,IDA2,W_C,5,0.0
Reverse revision,IDA2,W_C,6,0.0
Reverse revision,IDA2,W_C,7,0.0
Reverse revision,IDA2,W_C,8,0.0
Reverse revision,IDA2,W_C,9,0.0
Reverse revision,IDA2,W_C,10,0.0
Reverse revision,IDA2,W_C,11,0.0
Reverse revision,IDA2,W_C,12,0.0
Reverse revision,IDA2,W_C,13,0.0
Reverse revision,IDA2,W_C,14,0.0
Reverse revision,IDA2,W_C,15,0.0
Reverse revision,IDA2,W_C,16,0.0
Reverse revision,IDA2,W_C,17,0.0
Reverse revision,IDA2,W_C,18,0.0
Reverse revision,IDA2,W_C,19,0.0
Reverse revision,IDA2,W_C,20,0.0
Reverse revision,IDA2,W_C,21,0.0
Reverse revision,IDA2,W_C,22,0.0
Reverse revision,IDA2,W_C,23,0.0
Reverse revision,IDA2,W_C,24,0.0
Reverse revision,IDA2,W_C,25,0.0
Reverse revision,IDA2,W_C,26,0.0
Reverse revision,IDA2,W_C,27,0.0
Reverse revision,IDA2,W_C,28,0.0
Reverse revision,IDA2,W_C,29,0.0
Reverse revision,IDA2,W_C,30,0.0
Reverse revision,IDA2,W_C,31,0.0
Reverse revision,IDA2,W_C,32,0.0
Reverse revision,IDA2,W_C,33,0.9433314875625001
Reverse revision,IDA2,W_C,34,0.9433314875625001
Reverse revision,IDA2,W_C,35,1.2730199480624997
Reverse revision,IDA2,W_C,36,1.2730199480624997
Reverse revision,IDA2,W_C,37,0.6391150603125001
Reverse revision,IDA2,W_C,38,0.6391150603125001
Reverse revision,IDA2,W_C,39,0.4269451033124999
Reverse revision,IDA2,W_C,40,0.4269451033124999
Reverse revision,IDA2,W_C,41,0.33258298118749996
Reverse revision,IDA2,W_C,42,0.33258298118749996
Reverse revision,IDA2,W_C,43,0.2987167761250001
Reverse revision,IDA2,W_C,44,0.2987167761250001
Reverse revision,IDA2,W_C,45,0.2599299555625001
Reverse revision,IDA2,W_C,46,0.2599299555625001
Reverse revision,IDA2,W_C,47,0.10217733681250007
Reverse revision,IDA2,W_C,48,0.10217733681250007
Reverse revision,IDA2,W_A,1,0.0
Reverse revision,IDA2,W_A,2,0.0
Reverse revision,IDA2,W_A,3,0.0
Reverse revision,IDA2,W_A,4,0.0
Reverse revision,IDA2,W_A,5,0.0
Reverse revision,IDA2,W_A,6,0.0
Reverse revision,IDA2,W_A,7,0.0
Reverse revision,IDA2,W_A,8,0.0
Reverse revision,IDA2,W_A,9,0.0
Reverse revision,IDA2,W_A,10,0.0
Reverse revision,IDA2,W_A,11,0.0
Reverse revision,IDA2,W_A,12,0.0
Reverse revision,IDA2,W_A,13,0.0
Reverse revision,IDA2,W_A,14,0.0
Reverse revision,IDA2,W_A,15,0.0
Reverse revision,IDA2,W_A,16,0.0
Reverse revision,IDA2,W_A,17,0.0
Reverse revision,IDA2,W_A,18,0.0
Reverse revision,IDA2,W_A,19,0.0
Reverse revision,IDA2,W_A,20,0.0
Reverse revision,IDA2,W_A,21,0.0
Reverse revision,IDA2,W_A,22,0.0
Reverse revision,IDA2,W_A,23,0.0
Reverse revision,IDA2,W_A,24,0.0
Reverse revision,IDA2,W_A,25,0.0
Reverse revision,IDA2,W_A,26,0.0
Reverse revision,IDA2,W_A,27,0.0
Reverse revision,IDA2,W_A,28,0.0
Reverse revision,IDA2,W_A,29,0.0
Reverse revision,IDA2,W_A,30,0.0
Reverse revision,IDA2,W_A,31,0.0
Reverse revision,IDA2,W_A,32,0.0
Reverse revision,IDA2,W_A,33,0.9433314875625001
Reverse revision,IDA2,W_A,34,0.9433314875625001
Reverse revision,IDA2,W_A,35,1.2730199480624997
Reverse revision,IDA2,W_A,36,1.2730199480624997
Reverse revision,IDA2,W_A,37,0.6391150603125001
Reverse revision,IDA2,W_A,38,0.6391150603125001
Reverse revision,IDA2,W_A,39,0.4269451033124999
Reverse revision,IDA2,W_A,40,0.4269451033124999
Reverse revision,IDA2,W_A,41,0.33258298118749996
Reverse revision,IDA2,W_A,42,0.33258298118749996
Reverse revision,IDA2,W_A,43,0.2987167761250001
Reverse revision,IDA2,W_A,44,0.2987167761250001
Reverse revision,IDA2,W_A,45,0.2599299555625001
Reverse revision,IDA2,W_A,46,0.2599299555625001
Reverse revision,IDA2,W_A,47,0.10217733681250007
Reverse revision,IDA2,W_A,48,0.10217733681250007
Reverse revision,IDA3,IND,1,-76.0423193393867
Reverse revision,IDA3,IND,2,-76.0423193393867
Reverse revision,IDA3,IND,3,-79.00728013034953
Reverse revision,IDA3,IND,4,-79.00728013034953
Reverse revision,IDA3,IND,5,-79.4288035782471
Reverse revision,IDA3,IND,6,-79.4288035782471
Reverse revision,IDA3,IND,7,-78.33339201998923
Reverse revision,IDA3,IND,8,-78.33339201998923
Reverse revision,IDA3,IND,9,-76.96384073023752
Reverse revision,IDA3,IND,10,-76.96384073023752
Reverse revision,IDA3,IND,11,-75.35948278394638
Reverse revision,IDA3,IND,12,-75.35948278394638
Reverse revision,IDA3,IND,13,-72.3099328323819
Reverse revision,IDA3,IND,14,-72.3099328323819
Reverse revision,IDA3,IND,15,-68.15440702073471
Reverse revision,IDA3,IND,16,-68.15440702073471
Reverse revision,IDA3,IND,17,-65.27343269327076
Reverse revision,IDA3,IND,18,-65.27343269327076
Reverse revision,IDA3,IND,19,-62.28073238185098
Reverse revision,IDA3,IND,20,-62.28073238185098
Reverse revision,IDA3,IND,21,-67.07553740539542
Reverse revision,IDA3,IND,22,-67.07553740539542
Reverse revision,IDA3,IND,23,-70.92557805758938
Reverse revision,IDA3,IND,24,-70.92557805758938
Reverse revision,IDA3,IND,25,-72.66704858061763
Reverse revision,IDA3,IND,26,-72.66704858061763
Reverse revision,IDA3,IND,27,-70.42286228608894
Reverse revision,IDA3,IND,28,-70.42286228608894
Reverse revision,IDA3,IND,29,-68.28716713432748
Reverse revision,IDA3,IND,30,-68.28716713432748
Reverse revision,IDA3,IND,31,-68.25608882573185
Reverse revision,IDA3,IND,32,-68.25608882573185
Reverse revision,IDA3,IND,33,-69.49133770506712
Reverse revision,IDA3,IND,34,-69.49133770506712
Reverse revision,IDA3,IND,35,-69.57405155465017
Reverse revision,IDA3,IND,36,-69.57405155465017
Reverse revision,IDA3,IND,37,-70.70862741839555
Reverse revision,IDA3,IND,38,-70.70862741839555
Reverse revision,IDA3,IND,39,-71.6975366833654
Reverse revision,IDA3,IND,40,-71.6975366833654
Reverse revision,IDA3,IND,41,-72.59055576623888
Reverse revision,IDA3,IND,42,-72.59055576623888
Reverse revision,IDA3,IND,43,-73.11782918679202
Reverse revision,IDA3,IND,44,-73.11782918679202
Reverse revision,IDA3,IND,45,-73.44737502949356
Reverse revision,IDA3,IND,46,-73.44737502949356
Reverse revision,IDA3,IND,47,-73.85223742612594
Reverse revision,IDA3,IND,48,-73.85223742612594
Reverse revision,IDA3,COM,1,-61.88081495810601
Reverse revision,IDA3,COM,2,-62.093017489028384
Reverse revision,IDA3,COM,3,-62.77770158214345
Reverse revision,IDA3,COM,4,-63.29463920553993
Reverse revision,IDA3,COM,5,-58.98465632726457
Reverse revision,IDA3,COM,6,-60.02597234811422
Reverse revision,IDA3,COM,7,-54.2976510851611
Reverse revision,IDA3,COM,8,-56.09077109115827
Reverse revision,IDA3,COM,9,-53.560001672516464
Reverse revision,IDA3,COM,10,-56.36328977807049
Reverse revision,IDA3,COM,11,-58.10142469374647
Reverse revision,IDA3,COM,12,-62.086799738086455
Reverse revision,IDA3,COM,13,-66.63436983798722
Reverse revision,IDA3,COM,14,-71.57106297494275
Reverse revision,IDA3,COM,15,-68.63001865810048
Reverse revision,IDA3,COM,16,-73.25977750609857
Reverse revision,IDA3,COM,17,-66.77608373773207
Reverse revision,IDA3,COM,18,-70.3581757769963
Reverse revision,IDA3,COM,19,-52.152705232361605
Reverse revision,IDA3,COM,20,-54.14200229224314
Reverse revision,IDA3,COM,21,-55.61298061659718
Reverse revision,IDA3,COM,22,-56.928067020478046
Reverse revision,IDA3,COM,23,-60.079610210099084
Reverse revision,IDA3,COM,24,-60.68966221769907
Reverse revision,IDA3,COM,25,-65.93471498392213
Reverse revision,IDA3,COM,26,-65.67590187409083
Reverse revision,IDA3,COM,27,-63.44953306079149
Reverse revision,IDA3,COM,28,-62.122352379122695
Reverse revision,IDA3,COM,29,-66.75293102500355
Reverse revision,IDA3,COM,30,-63.88819057879343
Reverse revision,IDA3,COM,31,-79.9489740120932
Reverse revision,IDA3,COM,32,-74.3511436860888
Reverse revision,IDA3,COM,33,-90.34360754934143
Reverse revision,IDA3,COM,34,-81.46800104616896
Reverse revision,IDA3,COM,35,-92.63620606979008
Reverse revision,IDA3,COM,36,-81.56294439221473
Reverse revision,IDA3,COM,37,-82.82924827474923
Reverse revision,IDA3,COM,38,-72.46823065538872
Reverse revision,IDA3,COM,39,-67.18982609688315
Reverse revision,IDA3,COM,40,-59.84567598736555
Reverse revision,IDA3,COM,41,-55.002924922290724
Reverse revision,IDA3,COM,42,-51.018576080009325
Reverse revision,IDA3,COM,43,-47.05442054292154
Reverse revision,IDA3,COM,44,-45.98889622344692
Reverse revision,IDA3,COM,45,-42.39024051354093
Reverse revision,IDA3,COM,46,-43.4621574654474
Reverse revision,IDA3,COM,47,-40.22740513615441
Reverse revision,IDA3,COM,48,-42.52425540636403
Reverse revision,IDA3,RES,1,-143.32195290250732
Reverse revision,IDA3,RES,2,-143.10975037158497
Reverse revision,IDA3,RES,3,-143.57678798750695
Reverse revision,IDA3,RES,4,-143.05985036411047
Reverse revision,IDA3,RES,5,-130.9922613944883
Reverse revision,IDA3,RES,6,-129.95094537363866
Reverse revision,IDA3,RES,7,-113.42300159484967
Reverse revision,IDA3,RES,8,-111.62988158885251
Reverse revision,IDA3,RES,9,-100.06083519724602
Reverse revision,IDA3,RES,10,-97.25754709169198
Reverse revision,IDA3,RES,11,-91.09456842230718
Reverse revision,IDA3,RES,12,-87.10919337796722
Reverse revision,IDA3,RES,13,-82.6003408296309
Reverse revision,IDA3,RES,14,-77.66364769267537
Reverse revision,IDA3,RES,15,-64.85291112116482
Reverse revision,IDA3,RES,16,-60.223152273166725
Reverse revision,IDA3,RES,17,-47.891956568997195
Reverse revision,IDA3,RES,18,-44.30986452973298
Reverse revision,IDA3,RES,19,-29.117390085787438
Reverse revision,IDA3,RES,20,-27.12809302590589
Reverse revision,IDA3,RES,21,-25.37708407800737
Reverse revision,IDA3,RES,22,-24.061997674126506
Reverse revision,IDA3,RES,23,-23.977824332311535
Reverse revision,IDA3,RES,24,-23.36777232471154
Reverse revision,IDA3,RES,25,-25.084710135460227
Reverse revision,IDA3,RES,26,-25.343523245291543
Reverse revision,IDA3,RES,27,-25.543863353119573
Reverse revision,IDA3,RES,28,-26.871044034788383
Reverse revision,IDA3,RES,29,-31.954725740668987
Reverse revision,IDA3,RES,30,-34.819466186879104
Reverse revision,IDA3,RES,31,-50.89531856217495
Reverse revision,IDA3,RES,32,-56.49314888817934
Reverse revision,IDA3,RES,33,-83.3044749455915
Reverse revision,IDA3,RES,34,-92.18008144876393
Reverse revision,IDA3,RES,35,-129.30613417555978
Reverse revision,IDA3,RES,36,-140.37939585313518
Reverse revision,IDA3,RES,37,-174.68060880685516
Reverse revision,IDA3,RES,38,-185.0416264262157
Reverse revision,IDA3,RES,39,-204.1247772197515
Reverse revision,IDA3,RES,40,-211.4689273292691
Reverse revision,IDA3,RES,41,-219.98481681147038
Reverse revision,IDA3,RES,42,-223.96916565375173
Reverse revision,IDA3,RES,43,-219.44632717028645
Reverse revision,IDA3,RES,44,-220.51185148976103
Reverse revision,IDA3,RES,45,-202.62804955696564
Reverse revision,IDA3,RES,46,-201.5561326050591
Reverse revision,IDA3,RES,47,-177.03048203771962
Reverse revision,IDA3,RES,48,-174.73363176750996
Reverse revision,IDA3,PV_C,1,0.0
Reverse revision,IDA3,PV_C,2,0.0
Reverse revision,IDA3,PV_C,3,0.0
Reverse revision,IDA3,PV_C,4,0.0
Reverse revision,IDA3,PV_C,5,0.0
Reverse revision,IDA3,PV_C,6,0.0
Reverse revision,IDA3,PV_C,7,0.0
Reverse revision,IDA3,PV_C,8,0.0
Reverse revision,IDA3,PV_C,9,0.0
Reverse revision,IDA3,PV_C,10,0.0
Reverse revision,IDA3,PV_C,11,0.0
Reverse revision,IDA3,PV_C,12,0.0
Reverse revision,IDA3,PV_C,13,5.99e-05
Reverse revision,IDA3,PV_C,14,5.99e-05
Reverse revision,IDA3,PV_C,15,4.99997005
Reverse revision,IDA3,PV_C,16,4.99997005
Reverse revision,IDA3,PV_C,17,23.10313025
Reverse revision,IDA3,PV_C,18,23.10313025
Reverse revision,IDA3,PV_C,19,42.523179999999996
Reverse revision,IDA3,PV_C,20,42.523179999999996
Reverse revision,IDA3,PV_C,21,53.0529966
Reverse revision,IDA3,PV_C,22,53.0529966
Reverse revision,IDA3,PV_C,23,57.6843023
Reverse revision,IDA3,PV_C,24,57.6843023
Reverse revision,IDA3,PV_C,25,57.584244749999996
Reverse revision,IDA3,PV_C,26,57.584244749999996
Reverse revision,IDA3,PV_C,27,54.378301750000006
Reverse revision,IDA3,PV_C,28,54.378301750000006
Reverse revision,IDA3,PV_C,29,44.9461827
Reverse revision,IDA3,PV_C,30,44.9461827
Reverse revision,IDA3,PV_C,31,26.738982
Reverse revision,IDA3,PV_C,32,26.738982
Reverse revision,IDA3,PV_C,33,7.4060820000000005
Reverse revision,IDA3,PV_C,34,7.4060820000000005
Reverse revision,IDA3,PV_C,35,0.0
Reverse revision,IDA3,PV_C,36,0.0
Reverse revision,IDA3,PV_C,37,0.0
Reverse revision,IDA3,PV_C,38,0.0
Reverse revision,IDA3,PV_C,39,0.0
Reverse revision,IDA3,PV_C,40,0.0
Reverse revision,IDA3,PV_C,41,0.0
Reverse revision,IDA3,PV_C,42,0.0
Reverse revision,IDA3,PV_C,43,0.0
Reverse revision,IDA3,PV_C,44,0.0
Reverse revision,IDA3,PV_C,45,0.0
Reverse revision,IDA3,PV_C,46,0.0
Reverse revision,IDA3,PV_C,47,0.0
Reverse revision,IDA3,PV_C,48,0.0
Reverse revision,IDA3,PV_A,1,0.0
Reverse revision,IDA3,PV_A,2,0.0
Reverse revision,IDA3,PV_A,3,0.0
Reverse revision,IDA3,PV_A,4,0.0
Reverse revision,IDA3,PV_A,5,0.0
Reverse revision,IDA3,PV_A,6,0.0
Reverse revision,IDA3,PV_A,7,0.0
Reverse revision,IDA3,PV_A,8,0.0
Reverse revision,IDA3,PV_A,9,0.0
Reverse revision,IDA3,PV_A,10,0.0
Reverse revision,IDA3,PV_A,11,0.0
Reverse revision,IDA3,PV_A,12,0.0
Reverse revision,IDA3,PV_A,13,5.99e-05
Reverse revision,IDA3,PV_A,14,5.99e-05
Reverse revision,IDA3,PV_A,15,4.99997005
Reverse revision,IDA3,PV_A,16,4.99997005
Reverse revision,IDA3,PV_A,17,23.10313025
Reverse revision,IDA3,PV_A,18,23.10313025
Reverse revision,IDA3,PV_A,19,42.523179999999996
Reverse revision,IDA3,PV_A,20,42.523179999999996
Reverse revision,IDA3,PV_A,21,53.0529966
Reverse revision,IDA3,PV_A,22,53.0529966
Reverse revision,IDA3,PV_A,23,57.6843023
Reverse revision,IDA3,PV_A,24,57.6843023
Reverse revision,IDA3,PV_A,25,57.584244749999996
Reverse revision,IDA3,PV_A,26,57.584244749999996
Reverse revision,IDA3,PV_A,27,54.378301750000006
Reverse revision,IDA3,PV_A,28,54.378301750000006
Reverse revision,IDA3,PV_A,29,44.9461827
Reverse revision,IDA3,PV_A,30,44.9461827
Reverse revision,IDA3,PV_A,31,26.738982
Reverse revision,IDA3,PV_A,32,26.738982
Reverse revision,IDA3,PV_A,33,7.4060820000000005
Reverse revision,IDA3,PV_A,34,7.4060820000000005
Reverse revision,IDA3,PV_A,35,0.0
Reverse revision,IDA3,PV_A,36,0.0
Reverse revision,IDA3,PV_A,37,0.0
Reverse revision,IDA3,PV_A,38,0.0
Reverse revision,IDA3,PV_A,39,0.0
Reverse revision,IDA3,PV_A,40,0.0
Reverse revision,IDA3,PV_A,41,0.0
Reverse revision,IDA3,PV_A,42,0.0
Reverse revision,IDA3,PV_A,43,0.0
Reverse revision,IDA3,PV_A,44,0.0
Reverse revision,IDA3,PV_A,45,0.0
Reverse revision,IDA3,PV_A,46,0.0
Reverse revision,IDA3,PV_A,47,0.0
Reverse revision,IDA3,PV_A,48,0.0
Reverse revision,IDA3,W_C,1,0.0
Reverse revision,IDA3,W_C,2,0.0
Reverse revision,IDA3,W_C,3,0.0
Reverse revision,IDA3,W_C,4,0.0
Reverse revision,IDA3,W_C,5,0.0
Reverse revision,IDA3,W_C,6,0.0
Reverse revision,IDA3,W_C,7,0.0
Reverse revision,IDA3,W_C,8,0.0
Reverse revision,IDA3,W_C,9,0.0
Reverse revision,IDA3,W_C,10,0.0
Reverse revision,IDA3,W_C,11,0.0
Reverse revision,IDA3,W_C,12,0.0
Reverse revision,IDA3,W_C,13,0.0
Reverse revision,IDA3,W_C,14,0.0
Reverse revision,IDA3,W_C,15,0.0
Reverse revision,IDA3,W_C,16,0.0
Reverse revision,IDA3,W_C,17,0.0
Reverse revision,IDA3,W_C,18,0.0
Reverse revision,IDA3,W_C,19,0.0
Reverse revision,IDA3,W_C,20,0.0
Reverse revision,IDA3,W_C,21,0.0
Reverse revision,IDA3,W_C,22,0.0
Reverse revision,IDA3,W_C,23,0.0
Reverse revision,IDA3,W_C,24,0.0
Reverse revision,IDA3,W_C,25,0.0
Reverse revision,IDA3,W_C,26,0.0
Reverse revision,IDA3,W_C,27,0.0
Reverse revision,IDA3,W_C,28,0.0
Reverse revision,IDA3,W_C,29,0.0
Reverse revision,IDA3,W_C,30,0.0
Reverse revision,IDA3,W_C,31,0.09146755237499998
Reverse revision,IDA3,W_C,32,0.09146755237499998
Reverse revision,IDA3,W_C,33,0.982407816125
Reverse revision,IDA3,W_C,34,0.982407816125
Reverse revision,IDA3,W_C,35,1.2805457528749997
Reverse revision,IDA3,W_C,36,1.2805457528749997
Reverse revision,IDA3,W_C,37,0.7213200738750001
Reverse revision,IDA3,W_C,38,0.7213200738750001
Reverse revision,IDA3,W_C,39,0.47759959312499994
Reverse revision,IDA3,W_C,40,0.47759959312499994
Reverse revision,IDA3,W_C,41,0.36181786287499995
Reverse revision,IDA3,W_C,42,0.36181786287499995
Reverse revision,IDA3,W_C,43,0.38323743174999997
Reverse revision,IDA3,W_C,44,0.38323743174999997
Reverse revision,IDA3,W_C,45,0.37744839037500005
Reverse revision,IDA3,W_C,46,0.37744839037500005
Reverse revision,IDA3,W_C,47,0.2668768228750001
Reverse revision,IDA3,W_C,48,0.2668768228750001
Reverse revision,IDA3,W_A,1,0.0
Reverse revision,IDA3,W_A,2,0.0
Reverse revision,IDA3,W_A,3,0.0
Reverse revision,IDA3,W_A,4,0.0
Reverse revision,IDA3,W_A,5,0.0
Reverse revision,IDA3,W_A,6,0.0
Reverse revision,IDA3,W_A,7,0.0
Reverse revision,IDA3,W_A,8,0.0
Reverse revision,IDA3,W_A,9,0.0
Reverse revision,IDA3,W_A,10,0.0
Reverse revision,IDA3,W_A,11,0.0
Reverse revision,IDA3,W_A,12,0.0
Reverse revision,IDA3,W_A,13,0.0
Reverse revision,IDA3,W_A,14,0.0
Reverse revision,IDA3,W_A,15,0.0
Reverse revision,IDA3,W_A,16,0.0
Reverse revision,IDA3,W_A,17,0.0
Reverse revision,IDA3,W_A,18,0.0
Reverse revision,IDA3,W_A,19,0.0
Reverse revision,IDA3,W_A,20,0.0
Reverse revision,IDA3,W_A,21,0.0
Reverse revision,IDA3,W_A,22,0.0
Reverse revision,IDA3,W_A,23,0.0
Reverse revision,IDA3,W_A,24,0.0
Reverse revision,IDA3,W_A,25,0.0
Reverse revision,IDA3,W_A,26,0.0
Reverse revision,IDA3,W_A,27,0.0
Reverse revision,IDA3,W_A,28,0.0
Reverse revision,IDA3,W_A,29,0.0
Reverse revision,IDA3,W_A,30,0.0
Reverse revision,IDA3,W_A,31,0.09146755237499998
Reverse revision,IDA3,W_A,32,0.09146755237499998
Reverse revision,IDA3,W_A,33,0.982407816125
Reverse revision,IDA3,W_A,34,0.982407816125
Reverse revision,IDA3,W_A,35,1.2805457528749997
Reverse revision,IDA3,W_A,36,1.2805457528749997
Reverse revision,IDA3,W_A,37,0.7213200738750001
Reverse revision,IDA3,W_A,38,0.7213200738750001
Reverse revision,IDA3,W_A,39,0.47759959312499994
Reverse revision,IDA3,W_A,40,0.47759959312499994
Reverse revision,IDA3,W_A,41,0.36181786287499995
Reverse revision,IDA3,W_A,42,0.36181786287499995
Reverse revision,IDA3,W_A,43,0.38323743174999997
Reverse revision,IDA3,W_A,44,0.38323743174999997
Reverse revision,IDA3,W_A,45,0.37744839037500005
Reverse revision,IDA3,W_A,46,0.37744839037500005
Reverse revision,IDA3,W_A,47,0.2668768228750001
Reverse revision,IDA3,W_A,48,0.2668768228750001
