scenario,stage,period,price,buy_volume_mwh,DKL_ICE_H,VAS_ST_H,VAS_CCGT_D,DKL_ST_H,VAS_GT_D,IND,COM,RESI,PV_C,PV_A,W_C,W_A
Baseline,DAM,1,156.17,274.240775,52.5,195.0,24.826209,0.0,0.0,-74.4272491009418,-60.56652229256942,-140.27792396338876,0.0,0.0,1.4727433745923078,1.4727433923076922
Baseline,DAM,2,156.17,274.240771,52.5,195.0,24.826209,0.0,0.0,-74.42724802825515,-60.774216946800685,-140.07022638184415,0.0,0.0,1.4727433745923078,1.4727433923076922
Baseline,DAM,3,156.17,267.743115,52.5,195.0,18.244262,0.0,0.0,-74.42724855697276,-59.13849446966493,-135.2536787498373,0.0,0.0,1.537581106475,1.5375811
Baseline,DAM,4,156.17,267.743116,52.5,195.0,18.244262,0.0,0.0,-74.42724883150716,-59.62546557552437,-134.76670836944345,0.0,0.0,1.537581106475,1.5375811
Baseline,DAM,5,156.17,250.94699,52.5,195.0,0.67147572,0.0,0.0,-74.42724768949054,-55.27044884358704,-122.7438037849224,0.0,0.0,2.1350147303076925,2.135014707692308
Baseline,DAM,6,156.17,250.94699500000002,52.5,195.0,0.67147572,0.0,0.0,-74.42724914689474,-56.24619530964944,-121.76806086145584,0.0,0.0,2.1350147303076925,2.135014707692308
Baseline,DAM,7,130.24,231.76471600000002,52.5,175.51385,0.0,0.0,0.0,-74.42725041490837,-51.59006614841109,-107.76709558893054,0.0,0.0,2.8852802145576923,2.885280207692307
Baseline,DAM,8,130.24,231.764711,52.5,175.51385,0.0,0.0,0.0,-74.42724884659194,-53.29377000013452,-106.06338830552353,0.0,0.0,2.8852802145576923,2.885280207692307
Baseline,DAM,9,130.24,221.518062,52.5,166.29372,0.0,0.0,0.0,-74.42724926667266,-51.7947591690229,-96.76300783105442,0.0,0.0,2.095648964442308,2.0956489923076926
Baseline,DAM,10,130.24,221.518062,52.5,166.29372,0.0,0.0,0.0,-74.42724926667266,-54.505655878779024,-94.0521111212983,0.0,0.0,2.095648964442308,2.0956489923076926
Baseline,DAM,11,130.24,220.75642,52.5,166.35992,0.0,0.0,0.0,-74.42724907966496,-57.38268161871411,-89.96768400307093,0.0,0.0,1.4588495791423077,1.458849592307692
Baseline,DAM,12,130.24,220.75642,52.5,166.35992,0.0,0.0,0.0,-74.42724907966495,-61.31875562216524,-86.0316099996198,0.0,0.0,1.4588495791423077,1.458849592307692
Baseline,DAM,13,156.17,226.95375,52.5,136.5,35.951807,0.0,0.0,-74.4272489340643,-68.58549907442317,-85.01897164056255,5.9899999605492635e-05,5.989999868497546e-05,1.5398967313580867,1.5398967076936227
Baseline,DAM,14,156.17,226.95375,52.5,136.5,35.951807,0.0,0.0,-74.4272489340643,-73.66674413457157,-79.93772658041414,5.9899999605492635e-05,5.989999868497546e-05,1.5398967313580867,1.5398967076936227
Baseline,DAM,15,156.17,216.21820300000002,52.5,136.5,19.831288,0.0,0.0,-74.42724912473685,-74.94663543216761,-70.82188787897057,4.55568600987529,4.555686032917632,1.1265560536920178,1.12655605939006
Baseline,DAM,16,156.17,216.21820300000002,52.5,136.5,19.831288,0.0,0.0,-74.42724912473685,-80.0025112035333,-65.76601210760488,4.55568600987529,4.555686032917632,1.1265560536920178,1.12655605939006
Baseline,DAM,17,130.24,189.17005100000003,52.5,106.94452,0.0,0.0,0.0,-74.42724919833404,-76.1406290247234,-54.608229396467586,22.095846835239364,22.09584691746454,0.7699483719779452,0.7699483748431507
Baseline,DAM,18,130.24,189.17005,52.5,106.94452,0.0,0.0,0.0,-74.42724880733513,-80.2250661801149,-50.52379163207497,22.095846835239364,22.09584691746454,0.7699483719779452,0.7699483748431507
Baseline,DAM,19,130.24,142.129635,52.5,34.996779,0.0,0.0,0.0,-74.42724868686439,-62.32396798059986,-34.79611031506076,41.31784790947871,41.31784769826237,0.7074262592001338,0.7074262555837794
Baseline,DAM,20,130.24,142.12963500000004,52.5,34.996779,0.0,0.0,0.0,-74.4272486868644,-64.70123461380567,-32.41884368185495,41.31784790947871,41.31784769826237,0.7074262592001338,0.7074262555837794
Baseline,DAM,21,130.24,128.049106,52.5,8.2369641,0.0,0.0,0.0,-74.42724891109462,-61.70835623130542,-28.158500509999936,51.389544234728056,51.389543849093535,0.3890265307488667,0.38902652782955566
Baseline,DAM,22,130.24,128.04910599999997,52.5,8.2369641,0.0,0.0,0.0,-74.42724891109462,-63.16758066552562,-26.69927607577973,51.389544234728056,51.389543849093535,0.3890265307488667,0.38902652782955566
Baseline,DAM,23,125.3,123.752358,51.542318,0.0,0.0,0.0,0.0,-74.42724862560308,-63.045804127093334,-25.161634836378582,55.34009374427549,55.340093847584996,0.20609142741488587,0.20609142779961961
Baseline,DAM,24,125.3,123.75235900000001,51.542318,0.0,0.0,0.0,0.0,-74.42724922602473,-63.68597529181453,-24.521464071235762,55.34009374427549,55.340093847584996,0.20609142741488587,0.20609142779961961
Baseline,DAM,25,130.24,129.219719,52.5,5.3465594,0.0,0.0,0.0,-74.42724886809597,-67.53183932498729,-25.69233238179173,54.67086725715312,54.67086692384372,0.23156342064495905,0.23156341923319687
Baseline,DAM,26,130.24,129.21972,52.5,5.3465594,0.0,0.0,0.0,-74.42724944299516,-67.26675730045454,-25.957414831425282,54.67086725715312,54.67086692384372,0.23156342064495905,0.23156341923319687
Baseline,DAM,27,130.24,133.379474,52.5,15.690942000000001,0.0,0.0,0.0,-74.42724935913209,-67.05740236265522,-26.99633932076267,49.98640330420015,49.98640308066717,0.1586209461960001,0.15862094548666694
Baseline,DAM,28,130.24,133.37947400000002,52.5,15.690942000000001,0.0,0.0,0.0,-74.4272493591321,-65.65475549013358,-28.398986193284333,49.98640330420015,49.98640308066717,0.1586209461960001,0.15862094548666694
Baseline,DAM,29,130.24,154.224398,52.5,50.122071,0.0,0.0,0.0,-74.42724970686987,-72.75506162680524,-34.82795449982488,39.50537281150578,39.50537307168593,0.188724205532683,0.18872420677560992
Baseline,DAM,30,130.24,154.224397,52.5,50.122071,0.0,0.0,0.0,-74.42724922501347,-69.6327359861002,-37.95027962238634,39.50537281150578,39.50537307168593,0.188724205532683,0.18872420677560992
Baseline,DAM,31,130.24,201.051685,52.5,118.74504,0.0,0.0,0.0,-74.4272487462148,-87.17730949189583,-55.49685896931437,22.53800437567353,22.538004085578432,0.39018436559762465,0.39018436057541556
Baseline,DAM,32,130.24,201.051686,52.5,118.74504,0.0,0.0,0.0,-74.42724911524,-81.07336925241343,-61.60079983977157,22.53800437567353,22.538004085578432,0.39018436559762465,0.39018436057541556
Baseline,DAM,33,156.17,255.456971,52.5,136.5,57.259586,0.0,0.0,-74.42724912442262,-96.76063820185139,-89.22152191500099,6.014351306822017,6.0143513227400565,1.0605604744529828,1.0605604772599428
Baseline,DAM,34,156.17,255.456971,52.5,136.5,57.259586,0.0,0.0,-74.42724912442263,-87.25460481469003,-98.72755530216237,6.014351306822017,6.0143513227400565,1.0605604744529828,1.0605604772599428
Baseline,DAM,35,156.17,310.944445,52.5,136.5,120.26017000000002,0.0,0.0,-74.42724810673884,-99.09812261578779,-138.32599243122337,0.0,0.0,1.2955973714423075,1.2955973923076922
Baseline,DAM,36,156.17,310.944448,52.5,136.5,120.26017000000002,0.0,0.0,-74.42724881731486,-87.25243708898714,-150.17168024744802,0.0,0.0,1.2955973714423075,1.2955973923076922
Baseline,DAM,37,156.17,344.859734,52.5,195.0,96.20829,0.0,0.0,-74.42724809911566,-87.1853016482191,-183.86719532336525,0.0,0.0,0.8857301007,0.8857301
Baseline,DAM,38,156.17,344.859742,52.5,195.0,96.20829,0.0,0.0,-74.42724981333863,-76.27939197531808,-194.77311128204326,0.0,0.0,0.8857301007,0.8857301
Baseline,DAM,39,156.17,355.666272,52.5,195.0,107.41369,0.0,0.0,-74.42724915434962,-69.74791825342528,-211.8963405931501,0.0,0.0,0.5789085716942307,0.5789085692307692
Baseline,DAM,40,156.17,355.666271,52.5,195.0,107.41369,0.0,0.0,-74.42724894606475,-62.124156994139724,-219.52010106072052,0.0,0.0,0.5789085716942307,0.5789085692307692
Baseline,DAM,41,156.17,356.078561,52.5,195.0,108.03217999999998,0.0,0.0,-74.42725009955556,-56.394615062128054,-225.55089717669134,0.0,0.0,0.4202876276057692,0.4202876307692307
Baseline,DAM,42,156.17,356.07856000000004,52.5,195.0,108.03217999999998,0.0,0.0,-74.4272498912446,-52.309453634234686,-229.63605781289573,0.0,0.0,0.4202876276057692,0.4202876307692307
Baseline,DAM,43,156.17,345.31399,52.5,195.0,97.096029,0.0,0.0,-74.42724883786494,-47.89708755801516,-223.3762487242199,0.0,0.0,0.5522787416384616,0.5522787384615384
Baseline,DAM,44,156.17,345.313994,52.5,195.0,97.096029,0.0,0.0,-74.42724969616648,-46.81248199873954,-224.46085742519395,0.0,0.0,0.5522787416384616,0.5522787384615384
Baseline,DAM,45,156.17,322.285634,52.5,195.0,73.9894,0.0,0.0,-74.42724986668851,-42.955776452215666,-205.33134736309583,0.0,0.0,0.6124852604615385,0.6124852615384616
Baseline,DAM,46,156.17,322.28563199999996,52.5,195.0,73.9894,0.0,0.0,-74.42724940709769,-44.04199377058723,-204.24512850431503,0.0,0.0,0.6124852604615385,0.6124852615384616
Baseline,DAM,47,156.17,292.959309,52.5,195.0,44.684149,0.0,0.0,-74.4272494301834,-40.54061488731782,-178.40883773899878,0.0,0.0,0.5962757941923077,0.5962757923076923
Baseline,DAM,48,156.17,292.959312,52.5,195.0,44.684149,0.0,0.0,-74.42725018867935,-42.855348825466535,-176.0941060423541,0.0,0.0,0.5962757941923077,0.5962757923076923
Baseline,IDA1,1,140.553,24.826209,52.5,195.0,0.0,0.0,0.0,-71.48949840680899,-58.17587444452695,-134.74095231043154,0.0,0.0,8.453162735081971,8.453162736685552
Baseline,IDA1,2,140.553,24.826209,52.5,195.0,0.0,0.0,0.0,-71.48949786739205,-58.375371501713204,-134.54145379465658,0.0,0.0,8.453163786079127,8.453163787682708
Baseline,IDA1,3,140.553,18.244262,52.5,195.0,0.0,0.0,0.0,-71.20833817780456,-56.58080871316403,-129.40408094089355,0.0,0.0,4.846615133030906,4.846615128831266
Baseline,IDA1,4,140.553,18.244262,52.5,195.0,0.0,0.0,0.0,-71.20833848843948,-57.04671880200086,-128.9381716688505,0.0,0.0,4.846614996745235,4.846614992545597
Baseline,IDA1,5,140.553,0.67147572,52.5,195.0,0.0,0.0,0.0,-74.29822609846059,-55.174636067315745,-122.5310241737675,0.0,0.0,2.251945600933765,2.2519455786100773
Baseline,IDA1,6,140.553,0.67147572,52.5,195.0,0.0,0.0,0.0,-74.29822754945862,-56.14869104807703,-121.55697271954735,0.0,0.0,2.251945589703338,2.2519455673796496
Baseline,IDA1,7,130.24,38.838319,52.5,136.67553099999998,0.0,0.0,0.0,-66.61496326030893,-46.17489347628505,-96.45527774651717,0.0,0.0,10.034800926555572,10.034800926555572
Baseline,IDA1,8,130.24,38.838314,52.5,136.675536,0.0,0.0,0.0,-66.61496338099829,-47.69976846267534,-94.93040301853647,0.0,0.0,10.03480081610505,10.03480081610505
Baseline,IDA1,9,130.24,30.292627999999997,52.5,136.001092,0.0,0.0,0.0,-69.35406589293484,-48.26427384570498,-90.16735250902643,0.0,0.0,9.642300868833125,9.642300868833125
Baseline,IDA1,10,130.24,30.292627999999997,52.5,136.001092,0.0,0.0,0.0,-69.35406589293484,-50.790387747308785,-87.6412386074226,0.0,0.0,9.642300868833118,9.642300868833118
Baseline,IDA1,11,130.24,20.734704,52.5,145.625216,0.0,0.0,0.0,-72.56278177050645,-55.945195546192934,-87.71391528598004,0.0,0.0,9.048340686339706,9.048340686339708
Baseline,IDA1,12,130.24,20.734704,52.5,145.625216,0.0,0.0,0.0,-72.56278177949845,-59.782667480593666,-83.87644336938162,0.0,0.0,9.048340649736877,9.048340649736877
Baseline,IDA1,13,156.17,13.134277339999999,52.5,136.5,35.79168356,0.0,0.0,-78.66188165610662,-72.4877580314623,-89.8562338614811,5.9899999605492635e-05,5.989999868497546e-05,8.107035419525854,8.107035419525856
Baseline,IDA1,14,156.17,13.134277439999998,52.5,136.5,35.79168356,0.0,0.0,-78.66188168874561,-77.85810700617209,-84.4858849541323,5.9899999605492635e-05,5.989999868497546e-05,8.107035419525854,8.107035419525856
Baseline,IDA1,15,171.787,38.894007242792924,52.5,140.05697045705713,32.002128940361985,10.944524483252692,1.1552553621211177,-86.97293324055552,-87.57986888849476,-82.75984130682475,3.6671179,3.6671179,6.659763956541038,6.659763956541038
Baseline,IDA1,16,171.787,38.894007242792924,52.5,140.05697045705713,32.002128940361985,10.944524483252692,1.1552553621211177,-86.97293324055552,-93.48797850031056,-76.85173169500895,3.6671179,3.6671179,6.659763956541038,6.659763956541038
Baseline,IDA1,17,143.264,54.498401952703915,52.5,114.76119349681309,19.52937136108826,15.978576568163122,1.6866275266394408,-92.73488174039225,-94.86971916437167,-68.04077471476108,20.081279899999995,20.081279899999995,5.513525073410548,5.513525073410548
Baseline,IDA1,18,143.264,54.49840395270391,52.5,114.76119367047353,19.52937179496583,15.978576923153861,1.6866275641106854,-92.73488210314038,-99.9588479792702,-62.951646537114414,20.081279899999995,20.081279899999995,5.513525073410548,5.513525073410548
Baseline,IDA1,19,143.264,60.814328607741075,52.5,49.7712963017114,20.314552332521547,16.620997362972172,1.7544386105359515,-98.72028256621634,-82.66649411835823,-46.15355129795043,38.907184,38.907184,4.382337757391957,4.382337757391957
Baseline,IDA1,20,143.264,60.814328607741075,52.5,49.7712963017114,20.314552332521547,16.620997362972172,1.7544386105359515,-98.72028256621635,-85.8196999389898,-43.00034547731887,38.907184,38.907184,4.382337757391957,4.382337757391957
Baseline,IDA1,21,143.264,39.11081618382159,52.5,18.81524950158361,12.460831861795596,10.195226068741851,1.0761627517005288,-89.13067250514572,-73.89910769427877,-33.72133355297549,48.06264,48.06264,2.789181429289211,2.789181429289211
Baseline,IDA1,22,143.264,39.11081708382159,52.5,18.81524950158361,12.460831861795596,10.195226068741851,1.0761627517005288,-89.13067291285678,-75.64660854666924,-31.973833192873947,48.06264,48.06264,2.789181429289211,2.789181429289211
Baseline,IDA1,23,137.83,24.680186991860488,51.576854524211214,7.032211340702945,7.933776897203322,6.491272006802718,0.6851898229402869,-81.43059121732158,-68.97819254348815,-27.52925622826527,50.6516765,50.6516765,1.4576917276072527,1.4576917276072527
Baseline,IDA1,24,137.83,24.680185991860487,51.5768545226539,7.032211023607954,7.9337765394551285,6.491271714099651,0.685189792043852,-81.43059121732158,-69.67860129605194,-26.828847475701497,50.6516765,50.6516765,1.4576917276072527,1.4576917276072527
Baseline,IDA1,25,143.264,19.583403780996846,52.5,10.967385026237434,6.520217265028807,5.334723216841751,0.5631096728888514,-77.94765016511072,-70.72608833976898,-26.907577069995295,48.8441127,48.8441127,1.003827424939078,1.0038274249390777
Baseline,IDA1,26,143.264,19.583402780996845,52.5,10.967384714642316,6.52021690357517,5.334722921106957,0.563109641672401,-77.9476501651107,-70.44846768312577,-27.185197726638506,48.8441127,48.8441127,1.003827424939078,1.0038274249390777
Baseline,IDA1,27,143.264,35.69705628486733,52.5,25.940096479102593,12.575014394434945,10.288648140901318,1.0860239704284727,-82.4360227399433,-74.27314057456893,-29.901291028037758,41.2026067,41.2026067,0.9077286258413337,0.9077286258413336
Baseline,IDA1,28,143.264,35.69705638486733,52.5,25.940096479102593,12.575014394434945,10.288648140901318,1.0860239704284727,-82.43602278411878,-72.71956137375035,-31.4548702846809,41.2026067,41.2026067,0.9077286258413337,0.9077286258413336
Baseline,IDA1,29,143.264,51.79412028319171,52.5,63.05418622533986,19.63767268908689,16.06718674561655,1.6959808231484133,-86.70741291897662,-84.75932150694496,-40.574411207578414,28.6237527,28.6237527,0.9193067861541464,0.9193067861541464
Baseline,IDA1,30,143.264,51.7941221831917,52.5,63.05418648227123,19.63767307924226,16.067187064834574,1.6959808568436492,-86.70741328700271,-81.12182679620234,-44.211906450294954,28.6237527,28.6237527,0.9193067861541464,0.9193067861541464
Baseline,IDA1,31,143.264,52.80598406125196,52.5,126.69166131462168,22.92646523212091,18.75801700809893,1.9800129064104421,-86.7695696885817,-101.63398154536063,-64.69994057348266,14.1360495,14.1360495,0.9876179980865201,0.9876179980865201
Baseline,IDA1,32,143.264,52.80598346125196,52.5,126.69166116065057,22.926464787905267,18.758016644649764,1.980012868046364,-86.76956982571069,-94.51782052972558,-71.81610185198873,14.1360495,14.1360495,0.9876179980865201,0.9876179980865201
Baseline,IDA1,33,171.787,40.10690062956208,52.5,142.0396051342872,72.6701438282124,17.044938874729866,1.799187992332597,-84.29907188200076,-109.59469940274109,-101.05561575653316,3.2308899,3.2308899,1.2168657858564629,1.2168657858564629
Baseline,IDA1,34,171.787,40.10690062956208,52.5,142.0396051342872,72.6701438282124,17.044938874729866,1.799187992332597,-84.29907188200079,-98.82781225800376,-111.82250290127048,3.2308899,3.2308899,1.2168657858564629,1.2168657858564629
Baseline,IDA1,35,171.787,40.6699551,52.5,143.15007123225874,131.59823793492953,20.461757637719177,2.1598521950925798,-84.13364414556273,-112.02195965759903,-156.36571445058826,0.0,0.0,1.3257005813749998,1.325700581375
Baseline,IDA1,36,171.787,40.6699524,52.5,143.15007074099213,131.59823709734238,20.46175612612961,2.1598520355359034,-84.13364421716149,-98.63142351870218,-169.75625081788635,0.0,0.0,1.3257005813749998,1.325700581375
Baseline,IDA1,37,171.787,34.5225357,52.5,195.0,109.19559150480151,18.884255422792613,1.993338072405887,-81.86449258056936,-95.89741207560563,-202.24037611452502,0.0,0.0,1.21455015535,1.21455015535
Baseline,IDA1,38,171.787,34.5225272,52.5,195.0,109.19558843677451,18.884250961711505,1.993337601513992,-81.86449247285356,-83.90171241629372,-214.2360753815527,0.0,0.0,1.21455015535,1.21455015535
Baseline,IDA1,39,171.787,26.118735,52.5,195.0,116.70481697409167,14.854406857605518,1.5679651683028049,-79.88667388735323,-74.86410237013087,-227.4394667434409,0.0,0.0,0.7815265304625,0.7815265304625
Baseline,IDA1,40,171.787,26.1187364,52.5,195.0,116.70481733542434,14.854407435294574,1.5679652292810937,-79.88667397096256,-66.68111942657228,-235.62245000339016,0.0,0.0,0.7815265304625,0.7815265304625
Baseline,IDA1,41,171.787,17.5889157,52.5,195.0,114.28107593701854,10.04575483083748,1.0603852321439562,-78.100635854806,-59.177993128177384,-236.68304905539156,0.0,0.0,0.5372271541875,0.5372271541875
Baseline,IDA1,42,171.787,17.5889164,52.5,195.0,114.28107629708094,10.04575540967551,1.0603852932435258,-78.10063579215203,-54.89120708609035,-240.96983486013264,0.0,0.0,0.5372271541875,0.5372271541875
Baseline,IDA1,43,171.787,12.164020300000002,52.5,195.0,101.48212897070277,6.423698016449757,0.6780570128474742,-77.04608896824335,-49.58242212357632,-231.23609432828033,0.0,0.0,0.89036136505,0.89036136505
Baseline,IDA1,44,171.787,12.1640163,52.5,195.0,101.48212744348992,6.423695779757869,0.6780567767522195,-77.04608896824335,-48.459652445795754,-232.35886400606086,0.0,0.0,0.89036136505,0.89036136505
Baseline,IDA1,45,171.787,8.4974073,52.5,195.0,77.18767865507286,3.942797015511987,0.4161841294151542,-76.38699727436152,-44.08684701484706,-210.73793669279144,0.0,0.0,1.0825590010000001,1.082559001
Baseline,IDA1,46,171.787,8.4974094,52.5,195.0,77.18767950148512,3.9427980589581884,0.41618423955669764,-76.3869972974244,-45.20166586648204,-209.6231179180935,0.0,0.0,1.0825590010000001,1.082559001
Baseline,IDA1,47,171.787,4.53315118,52.5,195.0,46.19019746776061,1.5462875869501986,0.1632192452891876,-75.57727249450785,-41.16703387305337,-181.16554686893878,0.0,0.0,1.25507374325,1.25507374325
Baseline,IDA1,48,171.787,4.5331481700000005,52.5,195.0,46.19019606267036,1.5462861443182647,0.16321909301137238,-75.57727249197093,-43.517533799565115,-178.81504693496393,0.0,0.0,1.25507374325,1.25507374325
Baseline,IDA2,1,171.787,4.353366835767522,52.5,195.0,2.2857773152001313,1.8701814397091983,0.19740804085819313,-72.00464377264782,-58.5950833184502,-135.71188061066945,0.0,0.0,7.229120588000001,7.229120588000001
Baseline,IDA2,2,171.787,4.353370927761834,52.5,195.0,2.285779468991894,1.8701832019024587,0.19740822686748177,-72.00464377048327,-58.79601837205005,-135.5109455512285,0.0,0.0,7.229120588000001,7.229120588000001
Baseline,IDA2,3,0.0,0.0,52.5,195.0,0.0,0.0,0.0,-71.20833817780456,-56.58080871316403,-129.40408094089355,0.0,0.0,4.846615133030906,4.846615128831266
Baseline,IDA2,4,0.0,0.0,52.5,195.0,0.0,0.0,0.0,-71.20833848843948,-57.04671880200086,-128.9381716688505,0.0,0.0,4.846614996745235,4.846614992545597
Baseline,IDA2,5,0.0,0.0,52.5,195.0,0.0,0.0,0.0,-74.29822609846059,-55.174636067315745,-122.5310241737675,0.0,0.0,2.251945600933765,2.2519455786100773
Baseline,IDA2,6,0.0,0.0,52.5,195.0,0.0,0.0,0.0,-74.29822754945862,-56.14869104807703,-121.55697271954735,0.0,0.0,2.251945589703338,2.2519455673796496
Baseline,IDA2,7,143.264,9.709578905611144,52.5,137.86194835478128,4.475168356044306,3.6615013822180686,0.38649181256746284,-68.56803476180734,-47.52868643989972,-99.28323178140408,0.0,0.0,8.24742072375,8.24742072375
Baseline,IDA2,8,143.264,9.709578284710101,52.5,137.86195318963257,4.475168116747148,3.661501186429485,0.3864917919008901,-68.5680347551533,-49.09826885372782,-97.71364935332898,0.0,0.0,8.24742072375,8.24742072375
Baseline,IDA2,9,143.264,7.573156822666249,52.5,136.93583886902434,3.485561312174744,2.851822891779336,0.3010257496878188,-70.6223617018036,-49.14689515201887,-91.81626629384378,0.0,0.0,7.755637907500001,7.755637907500001
Baseline,IDA2,10,143.264,7.573156822666235,52.5,136.93583886902434,3.4855613121747373,2.8518228917793307,0.3010257496878182,-70.62236170180358,-51.71920475437763,-89.243956691485,0.0,0.0,7.755637907500001,7.755637907500001
Baseline,IDA2,11,143.264,5.183676090929414,52.5,146.17166489965,2.434820938619256,1.992126222506664,0.2102799901534812,-73.0288986028737,-56.30456706831334,-88.2773574714924,0.0,0.0,7.150967910875,7.150967910875
Baseline,IDA2,12,143.264,5.183676007723754,52.5,146.17166489193286,2.434820904233875,1.9921261943731707,0.2102799871838347,-73.02889860850975,-60.16668951933757,-84.41523503162642,0.0,0.0,7.150967910875,7.150967910875
Baseline,IDA2,13,171.787,3.283569345801709,52.5,136.50530172535187,35.80837795147512,0.016313001082664477,0.0017219278920590283,-77.60322353563097,-71.51219334804203,-88.64691837537701,5.9899999605492635e-05,5.989999868497546e-05,6.465250746625,6.465250746625
Baseline,IDA2,14,171.787,3.283569345801709,52.5,136.50530171210784,35.80837790977151,0.016312960331790246,0.0017219235905778594,-77.60322349972807,-76.81026628848329,-83.34884536083864,5.9899999605492635e-05,5.989999868497546e-05,6.465250746625,6.465250746625
Baseline,IDA2,15,156.19,9.723501683707076,52.5,140.0569704677567,32.00212897697261,5.142882116174483,-3.440380424990508e-08,-83.8365122584942,-84.4215605717187,-79.77535299447986,3.8892599244088624,3.8892599244088624,5.2764620146875005,5.2764620146875005
Baseline,IDA2,16,156.19,9.723501683707076,52.5,140.0569704677567,32.00212897697261,5.142882116174483,-3.440380424990508e-08,-83.8365122262381,-90.1166116919332,-74.08030181109062,3.889259926693451,3.889259926693451,5.2764620146875005,5.2764620146875005
Baseline,IDA2,17,143.264,39.566363875196096,52.5,119.26625165346552,11.255549640514527,9.20908534223916,0.9720701916808004,-88.1579737445436,-90.18744677604982,-64.68263848822741,20.5849216246479,20.5849216246479,4.3276308858125,4.3276308858125
Baseline,IDA2,18,143.264,39.566364975196095,52.5,119.26625182712596,11.2555490743921,9.2090856972299,0.9720701291520448,-88.15797371430992,-95.02540244638739,-59.84468276477732,20.584921627974808,20.584921627974808,4.3276308858125,4.3276308858125
Baseline,IDA2,19,143.264,40.527443370658915,52.5,56.76935659655074,9.62213953223588,7.872659708192991,0.8310029414203709,-92.64702418151978,-77.58086262007888,-43.31419108627572,39.50985000267469,39.50985000267469,3.4636098720625,3.4636098720625
Baseline,IDA2,20,143.264,40.527443370658915,52.5,56.76935659655074,9.62213953223588,7.872659708192991,0.8310029414203709,-92.6470241815198,-80.54008364659299,-40.354970059761605,39.50985000267469,39.50985000267469,3.4636098720625,3.4636098720625
Baseline,IDA2,21,143.264,24.93229826257842,52.5,23.48756838195139,5.503819976560134,4.503125617185564,0.47532987070292054,-85.45481671165335,-70.85141989481502,-32.330625328510585,48.8943660912895,48.8943660912895,2.189142698,2.189142698
Baseline,IDA2,22,143.264,24.93229826257842,52.5,23.487568073641004,5.5038196133818165,4.503125320039668,0.4753298393375205,-85.45481667405909,-72.52685135329511,-30.655193824637458,48.89436609979585,48.89436609979585,2.189142698,2.189142698
Baseline,IDA2,23,137.83,15.736038854964505,51.591751774769236,10.065539584121943,3.4222164769580887,2.799995308420254,0.29555506255547126,-79.67975568892817,-67.49509548642281,-26.937350911674137,51.823780803975055,51.823780803975055,1.144791660125,1.144791660125
Baseline,IDA2,24,137.83,15.736038124964505,51.59175177227753,10.065539076769959,3.422216304560979,2.7999951400953464,0.2955550431211754,-79.67975570311636,-68.18044479361795,-26.25200162129412,51.82378079447671,51.82378079447671,1.144791660125,1.144791660125
Baseline,IDA2,25,143.264,12.804182172878155,52.5,13.431582419998422,2.8584950438015437,2.3387687176558085,0.24687003241922412,-77.06754990221167,-69.92752611486803,-26.60376591464787,50.30080138842629,50.30080138842629,0.8107614235,0.8107614235
Baseline,IDA2,26,143.264,12.804181442878155,52.5,13.431581890286722,2.8584948293303603,2.3387685149066586,0.24687000935125836,-77.06754990221167,-69.65304004935592,-26.878251980159977,50.300801388426294,50.300801388426294,0.8107614235,0.8107614235
Baseline,IDA2,27,143.264,24.324239837932666,52.5,30.55536199079817,5.662616794845832,4.633049923055677,0.48904411410032167,-80.43382933025329,-72.4692059882958,-29.17505308195897,43.39855589897903,43.39855589897903,0.720451706875,0.720451706875
Baseline,IDA2,28,143.264,24.324239837932666,52.5,30.55536199079817,5.662616794845832,4.633049923055677,0.48904411410032167,-80.43382935044515,-70.95335985935368,-30.690899236417557,43.39855587683317,43.39855587683317,0.720451706875,0.720451706875
Baseline,IDA2,29,143.264,37.76613208743329,52.5,69.43060653256396,9.682720012824415,7.92222546503816,0.836234960198472,-83.63737207584667,-81.75825654488159,-39.137797019704834,31.344157703466553,31.344157703466553,0.7366611424375,0.7366611424375
Baseline,IDA2,30,143.264,37.76613218743329,52.5,69.43060678949533,9.682720402979784,7.9222257842561845,0.8362348938937082,-83.63737207584668,-78.24955391955393,-42.646499645032485,31.344157703466546,31.344157703466546,0.7366611424375,0.7366611424375
Baseline,IDA2,31,143.264,43.96321171454804,52.5,131.42807709725156,13.664835571075558,11.18031983088,1.1801448765928886,-83.68398956776058,-98.0198136500745,-62.39917025540516,16.23653823290762,16.23653823290762,0.8382595908125,0.8382595908125
Baseline,IDA2,32,143.264,43.96321171454804,52.5,131.42807678930933,13.664834682644273,11.180319103981676,1.180144799864732,-83.68398954438761,-91.15670759755407,-69.26227626312053,16.236538248818608,16.236538248818608,0.8382595908125,0.8382595908125
Baseline,IDA2,33,156.19,10.026725054,52.5,142.0396051342872,72.6701438282124,8.895554474729865,-7.667402934785628e-09,-81.83111620919485,-106.38618412419738,-98.09709231603391,3.926755254075576,3.926755254075576,1.1777894588564628,1.1777894588564628
Baseline,IDA2,34,156.19,10.026725054,52.5,142.0396051342872,72.6701438282124,8.895554474729865,-7.667402934785628e-09,-81.83111620919487,-95.93451041673859,-108.5487660234927,3.9267552540755712,3.9267552540755712,1.1777894588564628,1.1777894588564628
Baseline,IDA2,35,156.19,10.167487408875,52.5,143.15007123227102,131.59823793495048,12.469174037756968,-4.9034314386631195e-09,-81.70704546210284,-108.7910008350688,-151.85578455657839,0.0,0.0,1.3181747769375,1.3181747769375
Baseline,IDA2,36,156.19,10.167487708874999,52.5,143.1500707410044,131.59823709736332,12.4691720261674,3.553989236237953e-08,-81.70704543823659,-95.78667699546423,-164.8601083200492,0.0,0.0,1.3181747769375,1.3181747769375
Baseline,IDA2,37,156.19,8.630633028,52.5,195.0,109.19559150480151,12.411370522792613,-2.7594112994577813e-08,-80.00518165811607,-93.71938470272853,-197.64708140985542,0.0,0.0,1.13234514135,1.13234514135
Baseline,IDA2,38,156.19,8.630632528,52.5,195.0,109.19558843677451,12.411366061711504,1.5139920428453024e-09,-80.00518165811607,-81.99613215117037,-209.37033396141354,0.0,0.0,1.13234514135,1.13234514135
Baseline,IDA2,39,156.19,6.52968357655,52.5,195.0,116.70481697429041,9.993997457923246,-3.1663657029668e-08,-78.52181775639525,-73.58505638991369,-223.55368535461605,0.0,0.0,0.7308720421875,0.7308720421875
Baseline,IDA2,40,156.19,6.52968387655,52.5,195.0,116.70481733562308,9.993997735612304,2.9314631833088356e-08,-78.52181775639525,-65.54187885339806,-231.5968628911317,0.0,0.0,0.7308720421875,0.7308720421875
Baseline,IDA2,41,156.19,4.397230266,52.5,195.0,114.28107593701854,6.767379530837479,3.2143956163466214e-08,-77.18228913990613,-58.482148401834024,-233.9000102466348,0.0,0.0,0.5079922711875,0.5079922711875
Baseline,IDA2,42,156.19,4.397229966,52.5,195.0,114.28107629708094,6.767380509675509,-6.7564742689540935e-09,-77.18228913990615,-54.24576859824756,-238.1363900502213,0.0,0.0,0.5079922711875,0.5079922711875
Baseline,IDA2,43,156.19,3.0410047203499997,52.5,195.0,101.4821289708364,4.229791616645468,2.8681326202928403e-09,-76.39137900108348,-49.16108852449366,-229.27113312452286,0.0,0.0,0.805840709875,0.805840709875
Baseline,IDA2,44,156.19,3.0410047903499997,52.5,195.0,101.48212744362354,4.22978907995358,-3.22712212508236e-09,-76.39137899893053,-48.04785973846218,-230.38436190270724,0.0,0.0,0.805840709875,0.805840709875
Baseline,IDA2,45,156.19,2.12435261,52.5,195.0,77.18767865507286,2.4696654155119866,-5.848457829138454e-10,-75.89706024669604,-43.80407927221651,-209.38628887308747,0.0,0.0,0.965040561,0.965040561
Baseline,IDA2,46,156.19,2.12435272,52.5,195.0,77.18767950148512,2.469666458958188,-4.4330233928135954e-10,-75.89706023516459,-44.911747789225444,-208.2786203176099,0.0,0.0,0.965040561,0.965040561
Baseline,IDA2,47,156.19,1.1332881401249997,52.5,195.0,46.19019746781916,0.9056176770103082,-4.704467509997201e-09,-75.28976664371007,-41.01042908026526,-180.47636938252467,0.0,0.0,1.0903742531875003,1.0903742531875003
Baseline,IDA2,48,156.19,1.1332881201249996,52.5,195.0,46.19019606272891,0.9056160943783742,3.017717270514808e-09,-75.28976664371007,-43.35198739842191,-178.134811064368,0.0,0.0,1.0903742531875003,1.0903742531875003
Baseline,IDA3,1,171.787,7.021688793999999,52.5,195.0,5.972582845223998,4.8866586915469075,0.318405932996618,-72.81217889690627,-59.25222965526012,-137.23389508960108,0.0,0.0,5.310328181000001,5.310328181000001
Baseline,IDA3,2,171.787,7.021688983999999,52.5,195.0,5.972585104027694,4.8866605396590215,0.31840593807511897,-72.81217889474172,-59.45541820400142,-137.03070653501868,0.0,0.0,5.310328181000001,5.310328181000001
Baseline,IDA3,3,0.0,0.0,52.5,195.0,0.0,0.0,0.0,-71.20833817780456,-56.58080871316403,-129.40408094089355,0.0,0.0,4.846615133030906,4.846615128831266
Baseline,IDA3,4,0.0,0.0,52.5,195.0,0.0,0.0,0.0,-71.20833848843948,-57.04671880200086,-128.9381716688505,0.0,0.0,4.846614996745235,4.846614992545597
Baseline,IDA3,5,0.0,0.0,52.5,195.0,0.0,0.0,0.0,-74.29822609846059,-55.174636067315745,-122.5310241737675,0.0,0.0,2.251945600933765,2.2519455786100773
Baseline,IDA3,6,0.0,0.0,52.5,195.0,0.0,0.0,0.0,-74.29822754945862,-56.14869104807703,-121.55697271954735,0.0,0.0,2.251945589703338,2.2519455673796496
Baseline,IDA3,7,143.264,18.2327402475,52.5,140.08981423567238,8.403513990540619,6.875602374078688,0.7257580328194171,-70.52110619963403,-48.882479359379666,-102.11118572409744,0.0,0.0,6.460040555,6.460040555
Baseline,IDA3,8,143.264,18.2327396275,52.5,140.08981878068136,8.403513678368313,6.8756020732104375,0.7257579999499906,-70.52110616114415,-50.49676926757641,-100.49689573348954,0.0,0.0,6.460040555,6.460040555
Baseline,IDA3,9,143.264,14.211566820000002,52.5,138.6899577972602,6.540903518590286,5.351648315210234,0.5648962116055247,-71.89065751067236,-50.02951645833277,-93.46518007866112,0.0,0.0,5.8689749225,5.8689749225
Baseline,IDA3,10,143.264,14.211566820000002,52.5,138.6899577972602,6.54090351859028,5.3516483152102285,0.5648962116055243,-71.89065751067236,-52.64802176144647,-90.84667477554738,0.0,0.0,5.8689749225,5.8689749225
Baseline,IDA3,11,143.264,9.82090320825,52.5,147.2069575619061,4.612969802625594,3.7742480112391226,0.39839284340857406,-73.49501544195282,-56.66393859560854,-88.84079966511807,0.0,0.0,5.25359513175,5.25359513175
Baseline,IDA3,12,143.264,9.82090318825,52.5,147.20695754364723,4.612969721269282,3.7742479446748676,0.3983928363823471,-73.495015440877,-60.55071156084634,-84.95402669775041,0.0,0.0,5.25359513175,5.25359513175
Baseline,IDA3,13,171.787,3.2852912646499983,52.5,136.51083148528386,35.8257903919433,0.0333276470272368,0.0017959903973194403,-76.54456541189141,-70.53662866161406,-87.43760288554455,5.9899999605492635e-05,5.989999868497546e-05,4.823466078250001,4.823466078250001
Baseline,IDA3,14,171.787,3.2852912603499984,52.5,136.51083148528386,35.8257903919433,0.03332764702723662,0.0017959946973194211,-76.5445654086275,-75.76242566771093,-82.21180587271157,5.9899999605492635e-05,5.989999868497546e-05,4.823466078250001,4.823466078250001
Baseline,IDA3,15,156.17,9.723501899999999,52.5,140.0569704677567,30.188113176972607,1.6174483086217606e-08,-3.440380424990508e-08,-80.70009117712985,-81.26325215494666,-76.79086458764235,4.111401951921909,4.111401951921909,3.8931600146875005,3.8931600146875005
Baseline,IDA3,16,156.17,9.7235018,52.5,140.0569704677567,30.188113276972608,1.6174483086217606e-08,-3.440380424990508e-08,-80.70009121583715,-86.7452448877657,-71.30887193063299,4.111401949180403,4.111401949180403,3.8931600146875005,3.8931600146875005
Baseline,IDA3,17,143.264,23.808493833375,52.5,120.89580837458746,4.491536498346151,3.6748938506591537,0.3879054576822448,-83.58106553156969,-85.50517416560432,-61.32450210238615,21.08856335001756,21.08856335001756,3.141736714125,3.141736714125
Baseline,IDA3,18,143.264,23.808493173375,52.5,120.89580851216432,4.491536855247299,3.674893725064436,0.38790544879893774,-83.58106554164758,-90.09195714651202,-56.737719139182616,21.08856334890859,21.08856334890859,3.141736714125,3.141736714125
Baseline,IDA3,19,143.264,20.163257880874998,52.5,58.041527755424866,1.9361600613228598,1.5841309402456796,0.16721382228157833,-86.5737658361684,-72.49523115474643,-40.474830892995584,40.11251600069271,40.11251600069271,2.544882001625,2.544882001625
Baseline,IDA3,20,143.264,20.163257880874998,52.5,58.041527755424866,1.9361600613228598,1.5841309402456796,0.16721382228157833,-86.5737658361684,-75.2604673883998,-37.709594659342216,40.1125160006927,40.1125160006927,2.544882001625,2.544882001625
Baseline,IDA3,21,143.264,11.682352914,52.5,24.050764827101524,0.7043424253717081,0.5762802019798148,0.06082957594696403,-81.77896079419082,-67.80373199256641,-30.939917057143326,49.7260922057503,49.7260922057503,1.5891039759999999,1.5891039759999999
Baseline,IDA3,22,143.264,11.682352183999999,52.5,24.050764344372087,0.7043422439885951,0.5762800263027232,0.06082955573660431,-81.77896080170967,-69.40709447093143,-29.336554587856906,49.726092204049024,49.726092204049024,1.5891039759999999,1.5891039759999999
Baseline,IDA3,23,137.83,7.14356701525,51.593229564223634,10.366442121297345,0.3523886254087749,0.2883179935014786,0.030433567643762593,-77.92892015863522,-66.01199842774841,-26.345445594440818,52.99588510587472,52.99588510587472,0.8318915825000001,0.8318915825000001
Baseline,IDA3,24,137.83,7.14356659525,51.593229561111464,10.366441487607661,0.35238850437063274,0.28831790360555587,0.030433555379682453,-77.9289201870116,-66.68228828955857,-25.675155766260907,52.99588508687803,52.99588508687803,0.8318915825000001,0.8318915825000001
Baseline,IDA3,25,143.264,5.8302657315,52.5,13.71666610546839,0.3409376436687266,0.2789489629303161,0.02944461330756651,-76.18744963087755,-69.12896388231349,-26.29995475638865,51.75749007235235,51.75749007235235,0.61769542275,0.61769542275
Baseline,IDA3,26,143.264,5.8302653115,52.5,13.716665441882695,0.34093746843689354,0.2789488286925472,0.02944459636286334,-76.18744963087755,-68.85761240796252,-26.571306230739616,51.757490072352354,51.757490072352354,0.61769542275,0.61769542275
Baseline,IDA3,27,143.264,11.15926465025,52.5,31.197163208073828,0.8365246460238778,0.6844292838200499,0.0722453151322428,-78.43163590807362,-70.66527139076973,-28.44881513134992,45.59450508382164,45.59450508382164,0.53317478675,0.53317478675
Baseline,IDA3,28,143.264,11.15926465025,52.5,31.197163179357897,0.8365246085954885,0.6844292531968224,0.07224531189979105,-78.43163592826548,-69.18715835509619,-29.92692819253993,45.594505061675775,45.594505061675775,0.53317478675,0.53317478675
Baseline,IDA3,29,143.264,18.806471751625,52.5,70.82870328787533,2.3416845476966657,1.915923675388182,0.20223639128982707,-80.56733107490564,-78.75719142855269,-37.701182757984135,34.06456271397124,34.06456271397124,0.554015496625,0.554015496625
Baseline,IDA3,30,143.264,18.806472381625,52.5,70.82870368753775,2.3416847773609115,1.9159238905680152,0.2022364167833265,-80.56733107490564,-75.37728123957872,-41.08109294695813,34.06456271397124,34.06456271397124,0.554015496625,0.554015496625
Baseline,IDA3,31,143.264,26.324017715375,52.5,133.2553250500886,5.930691763253134,4.852384356978562,0.5121961208547201,-80.59840935425764,-94.4056456462293,-60.09839986821924,18.337027030640595,18.337027030640595,0.6889011831249999,0.6889011831249999
Baseline,IDA3,32,143.264,26.324015615375,52.5,133.2553246037477,5.930691422429735,4.8523842599412355,0.5121961050563356,-80.5984093776306,-87.79559479017902,-66.70845076907459,18.337027014729603,18.337027014729603,0.6889011831249999,0.6889011831249999
Baseline,IDA3,33,156.17,10.026725156962925,52.5,142.03960513441783,71.6171258285758,-2.4848098689744802e-08,-7.62053860276789e-09,-79.3631605054784,-103.17766880546785,-95.1385688384799,4.622620604075581,4.622620604075581,1.138713130375,1.138713130375
Baseline,IDA3,34,156.17,10.026725156962925,52.5,142.03960513441783,71.6171258285758,-2.4848098689744802e-08,-7.62053860276789e-09,-79.36316050547843,-93.04120853923554,-105.2750291047122,4.622620604075575,4.622620604075575,1.138713130375,1.138713130375
Baseline,IDA3,35,156.19,10.167487609624999,52.5,143.150071232275,131.59823793495724,2.3167380377697846,-4.901977874727076e-09,-79.28044665931168,-105.56004185365177,-147.34585444078658,0.0,0.0,1.310648972125,1.310648972125
Baseline,IDA3,36,156.19,10.167487609624999,52.5,143.1500707410084,131.5982370973701,2.316736026180216,3.55413459262978e-08,-79.28044665931166,-92.94193047222629,-159.96396582221206,0.0,0.0,1.310648972125,1.310648972125
Baseline,IDA3,37,156.19,8.63063262645,52.5,195.0,109.19559150496917,3.9451479230462,-2.756536315266231e-08,-78.14587080029229,-91.54135740555945,-193.0537868648483,0.0,0.0,1.050140128125,1.050140128125
Baseline,IDA3,38,156.19,8.63063262645,52.5,195.0,109.19558843694217,3.945143461965092,1.5427418839917142e-09,-78.14587080029227,-80.0905518418885,-204.5045924285192,0.0,0.0,1.050140128125,1.050140128125
Baseline,IDA3,39,156.19,6.529683879999999,52.5,195.0,116.70481697429041,3.5656225579232466,-3.1663657029668e-08,-77.15696154182795,-72.30601033134381,-219.6679037277532,0.0,0.0,0.6802175521875,0.6802175521875
Baseline,IDA3,40,156.19,6.529683879999999,52.5,195.0,116.70481733562308,3.565622835612304,2.9314631833088356e-08,-77.15696154182795,-64.40263828022384,-227.57127577887323,0.0,0.0,0.6802175521875,0.6802175521875
Baseline,IDA3,41,156.19,4.3972300639999995,52.5,195.0,114.28107593701854,2.428619230837479,3.2143956163466214e-08,-76.26394246051018,-57.786303702392516,-231.11697154547224,0.0,0.0,0.4787573891875,0.4787573891875
Baseline,IDA3,42,156.19,4.3972300639999995,52.5,195.0,114.28107629708094,2.4286202096755094,-6.7564742689540935e-09,-76.26394245842174,-53.600330089855156,-235.3029451500981,0.0,0.0,0.4787573891875,0.4787573891875
Baseline,IDA3,43,156.19,3.041004712,52.5,195.0,101.4821289708364,1.3578282166454678,2.8681326202928403e-09,-75.73666903607656,-48.73975492679649,-227.30617192722696,0.0,0.0,0.721320053875,0.721320053875
Baseline,IDA3,44,156.19,3.041004712,52.5,195.0,101.48212744362354,1.3578256799535802,-3.22712212508236e-09,-75.73666903392362,-47.63606703383688,-228.40985981233948,0.0,0.0,0.721320053875,0.721320053875
Baseline,IDA3,45,156.19,2.12435266275,52.5,195.0,77.18767865623019,0.5803496169506754,-4.3087161600715654e-10,-75.4071231913551,-43.521311513613036,-208.0346409770319,0.0,0.0,0.847522129625,0.847522129625
Baseline,IDA3,46,156.19,2.12435266275,52.5,195.0,77.18767950264245,0.5803506603968769,-2.893281715182445e-10,-75.40712320519282,-44.621829731075145,-206.93412280573196,0.0,0.0,0.847522129625,0.847522129625
Baseline,IDA3,47,156.19,1.13328811,52.5,195.0,46.19019746781916,0.1017285470103082,-4.704467509997201e-09,-75.00226080052305,-40.85382429162273,-179.78719191435422,0.0,0.0,0.9256747631875002,0.9256747631875002
Baseline,IDA3,48,156.19,1.13328811,52.5,195.0,46.19019606272891,0.10172696437837425,3.017717270514808e-09,-75.00226080052305,-43.18644100020023,-177.45457520577668,0.0,0.0,0.9256747631875002,0.9256747631875002
Low RES,DAM,1,156.17,274.240775,52.5,195.0,25.709855,0.0,0.0,-74.4272491009418,-60.56652229256942,-140.27792396338876,0.0,0.0,1.0309203569,1.0309204
Low RES,DAM,2,156.17,274.240771,52.5,195.0,25.709855,0.0,0.0,-74.42724802825515,-60.774216946800685,-140.07022638184415,0.0,0.0,1.0309203569,1.0309204
Low RES,DAM,3,156.17,267.743115,52.5,195.0,19.16681,0.0,0.0,-74.42724855697276,-59.13849446966493,-135.2536787498373,0.0,0.0,1.076306776475,1.0763068
Low RES,DAM,4,156.17,267.743116,52.5,195.0,19.16681,0.0,0.0,-74.42724883150716,-59.62546557552437,-134.76670836944345,0.0,0.0,1.076306776475,1.0763068
Low RES,DAM,5,156.17,250.94699,52.5,195.0,1.9524846,0.0,0.0,-74.42724768949054,-55.27044884358704,-122.7438037849224,0.0,0.0,1.494510318,1.4945103000000002
Low RES,DAM,6,156.17,250.94699500000002,52.5,195.0,1.9524846,0.0,0.0,-74.42724914689474,-56.24619530964944,-121.76806086145584,0.0,0.0,1.494510318,1.4945103000000002
Low RES,DAM,7,130.24,231.76471600000002,52.5,177.24502,0.0,0.0,0.0,-74.42725041490837,-51.59006614841109,-107.76709558893054,0.0,0.0,2.01969615225,2.0196962
Low RES,DAM,8,130.24,231.764711,52.5,177.24502,0.0,0.0,0.0,-74.42724884659194,-53.29377000013452,-106.06338830552353,0.0,0.0,2.01969615225,2.0196962
Low RES,DAM,9,130.24,221.518062,52.5,167.55111,0.0,0.0,0.0,-74.42724926667266,-51.7947591690229,-96.76300783105442,0.0,0.0,1.46695426675,1.4669543
Low RES,DAM,10,130.24,221.518062,52.5,167.55111,0.0,0.0,0.0,-74.42724926667266,-54.505655878779024,-94.0521111212983,0.0,0.0,1.46695426675,1.4669543
Low RES,DAM,11,130.24,220.75642,52.5,167.23523,0.0,0.0,0.0,-74.42724907966496,-57.38268161871411,-89.96768400307093,0.0,0.0,1.0211947014499998,1.0211947
Low RES,DAM,12,130.24,220.75642,52.5,167.23523,0.0,0.0,0.0,-74.42724907966495,-61.31875562216524,-86.0316099996198,0.0,0.0,1.0211947014499998,1.0211947
Low RES,DAM,13,156.17,226.95375,52.5,136.5,36.875781,0.0,0.0,-74.4272489340643,-68.58549907442317,-85.01897164056255,4.193e-05,4.192999925900837e-05,1.07792771905,1.077927700000741
Low RES,DAM,14,156.17,226.95375,52.5,136.5,36.875781,0.0,0.0,-74.4272489340643,-73.66674413457157,-79.93772658041414,4.193e-05,4.192999925900837e-05,1.07792771905,1.077927700000741
Low RES,DAM,15,156.17,216.21820300000002,52.5,136.5,23.240634,0.0,0.0,-74.42724912473685,-74.94663543216761,-70.82188787897057,3.1889801999999996,3.1889802033071812,0.788589235875,0.7885892366928187
Low RES,DAM,16,156.17,216.21820300000002,52.5,136.5,23.240634,0.0,0.0,-74.42724912473685,-80.0025112035333,-65.76601210760488,3.1889801999999996,3.1889802033071812,0.788589235875,0.7885892366928187
Low RES,DAM,17,130.24,189.17005100000003,52.5,120.66398999999998,0.0,0.0,0.0,-74.42724919833404,-76.1406290247234,-54.608229396467586,15.46709276,15.467092992377609,0.538963859525,0.5389638676223932
Low RES,DAM,18,130.24,189.17005,52.5,120.66398999999998,0.0,0.0,0.0,-74.42724880733513,-80.2250661801149,-50.52379163207497,15.46709276,15.467092992377609,0.538963859525,0.5389638676223932
Low RES,DAM,19,130.24,142.129635,52.5,60.211944,0.0,0.0,0.0,-74.42724868686439,-62.32396798059986,-34.79611031506076,28.922493599999996,28.922493990784165,0.49519838252500004,0.4951983892158369
Low RES,DAM,20,130.24,142.12963500000004,52.5,60.211944,0.0,0.0,0.0,-74.4272486868644,-64.70123461380567,-32.41884368185495,28.922493599999996,28.922493990784165,0.49519838252500004,0.4951983892158369
Low RES,DAM,21,130.24,128.049106,52.5,39.304107,0.0,0.0,0.0,-74.42724891109462,-61.70835623130542,-28.158500509999936,35.97268108,35.97268099821909,0.2723185724,0.2723185717809063
Low RES,DAM,22,130.24,128.04910599999997,52.5,39.304107,0.0,0.0,0.0,-74.42724891109462,-63.16758066552562,-26.69927607577973,35.97268108,35.97268099821909,0.2723185724,0.2723185717809063
Low RES,DAM,23,130.24,123.752358,52.5,32.370029,0.0,0.0,0.0,-74.42724862560308,-63.045804127093334,-25.161634836378582,38.73806559,38.738065999400355,0.14426399907499998,0.1442640005996433
Low RES,DAM,24,130.24,123.75235900000001,52.5,32.370029,0.0,0.0,0.0,-74.42724922602473,-63.68597529181453,-24.521464071235762,38.73806559,38.738065999400355,0.14426399907499998,0.1442640005996433
Low RES,DAM,25,125.3,129.219719,32.288018,58.5,0.0,0.0,0.0,-74.42724886809597,-67.53183932498729,-25.69233238179173,38.269607179999994,38.26960699590475,0.16209439487500002,0.1620943940952479
Low RES,DAM,26,125.3,129.21972,32.288018,58.5,0.0,0.0,0.0,-74.42724944299516,-67.26675730045454,-25.957414831425282,38.269607179999994,38.26960699590475,0.16209439487500002,0.1620943940952479
Low RES,DAM,27,125.3,133.379474,39.777957,58.5,0.0,0.0,0.0,-74.42724935913209,-67.05740236265522,-26.99633932076267,34.990482379999996,34.9904819986601,0.11103466255,0.11103466133990103
Low RES,DAM,28,125.3,133.37947400000002,39.777957,58.5,0.0,0.0,0.0,-74.4272493591321,-65.65475549013358,-28.398986193284333,34.990482379999996,34.9904819986601,0.11103466255,0.11103466133990103
Low RES,DAM,29,130.24,154.224398,52.5,73.938529,0.0,0.0,0.0,-74.42724970686987,-72.75506162680524,-34.82795449982488,27.65376089,27.65376099599365,0.13210694350000002,0.13210694400635054
Low RES,DAM,30,130.24,154.224397,52.5,73.938529,0.0,0.0,0.0,-74.42724922501347,-69.6327359861002,-37.95027962238634,27.65376089,27.65376099599365,0.13210694350000002,0.13210694400635054
Low RES,DAM,31,130.24,201.051685,52.5,132.501954,0.0,0.0,0.0,-74.4272487462148,-87.17730949189583,-55.49685896931437,15.77660315,15.77660300508383,0.273129057425,0.27312905491616996
Low RES,DAM,32,130.24,201.051686,52.5,132.501954,0.0,0.0,0.0,-74.42724911524,-81.07336925241343,-61.60079983977157,15.77660315,15.77660300508383,0.273129057425,0.27312905491616996
Low RES,DAM,33,156.17,255.456971,52.5,195.0,3.0045327,0.0,0.0,-74.42724912442262,-96.76063820185139,-89.22152191500099,4.21004591,4.210045900415173,0.742392331275,0.7423923295848278
Low RES,DAM,34,156.17,255.456971,52.5,195.0,3.0045327,0.0,0.0,-74.42724912442263,-87.25460481469003,-98.72755530216237,4.21004591,4.210045900415173,0.742392331275,0.7423923295848278
Low RES,DAM,35,156.17,310.944445,52.5,195.0,62.537531,0.0,0.0,-74.42724810673884,-99.09812261578779,-138.32599243122337,0.0,0.0,0.90691815375,0.90691815
Low RES,DAM,36,156.17,310.944448,52.5,195.0,62.537531,0.0,0.0,-74.42724881731486,-87.25243708898714,-150.17168024744802,0.0,0.0,0.90691815375,0.90691815
Low RES,DAM,37,156.17,344.859734,52.5,195.0,96.739728,0.0,0.0,-74.42724809911566,-87.1853016482191,-183.86719532336525,0.0,0.0,0.6200110706999999,0.62001107
Low RES,DAM,38,156.17,344.859742,52.5,195.0,96.739728,0.0,0.0,-74.42724981333863,-76.27939197531808,-194.77311128204326,0.0,0.0,0.6200110706999999,0.62001107
Low RES,DAM,39,156.17,355.666272,52.5,195.0,107.76104000000001,0.0,0.0,-74.42724915434962,-69.74791825342528,-211.8963405931501,0.0,0.0,0.40523600092499995,0.405236
Low RES,DAM,40,156.17,355.666271,52.5,195.0,107.76104000000001,0.0,0.0,-74.42724894606475,-62.124156994139724,-219.52010106072052,0.0,0.0,0.40523600092499995,0.405236
Low RES,DAM,41,156.17,356.078561,52.5,195.0,108.28435,0.0,0.0,-74.42725009955556,-56.394615062128054,-225.55089717669134,0.0,0.0,0.29420133837499995,0.29420134
Low RES,DAM,42,156.17,356.07856000000004,52.5,195.0,108.28435,0.0,0.0,-74.4272498912446,-52.309453634234686,-229.63605781289573,0.0,0.0,0.29420133837499995,0.29420134
Low RES,DAM,43,156.17,345.31399,52.5,195.0,97.427396,0.0,0.0,-74.42724883786494,-47.89708755801516,-223.3762487242199,0.0,0.0,0.38659512009999997,0.38659512
Low RES,DAM,44,156.17,345.313994,52.5,195.0,97.427396,0.0,0.0,-74.42724969616648,-46.81248199873954,-224.46085742519395,0.0,0.0,0.38659512009999997,0.38659512
Low RES,DAM,45,156.17,322.285634,52.5,195.0,74.356891,0.0,0.0,-74.42724986668851,-42.955776452215666,-205.33134736309583,0.0,0.0,0.428739682,0.42873967999999996
Low RES,DAM,46,156.17,322.28563199999996,52.5,195.0,74.356891,0.0,0.0,-74.42724940709769,-44.04199377058723,-204.24512850431503,0.0,0.0,0.428739682,0.42873967999999996
Low RES,DAM,47,156.17,292.959309,52.5,195.0,45.041915,0.0,0.0,-74.4272494301834,-40.54061488731782,-178.40883773899878,0.0,0.0,0.4173930565,0.41739306
Low RES,DAM,48,156.17,292.959312,52.5,195.0,45.041915,0.0,0.0,-74.42725018867935,-42.855348825466535,-176.0941060423541,0.0,0.0,0.4173930565,0.41739306
Low RES,IDA1,1,156.17,22.692021,52.5,195.0,3.0178340000000006,0.0,0.0,-71.19710867196486,-57.937937000825244,-134.18986617617207,0.0,0.0,6.403539074481103,6.403539074481103
Low RES,IDA1,2,156.17,22.692017,52.5,195.0,3.017838000000001,0.0,0.0,-71.19710865773015,-58.13661854949345,-133.99118458909106,0.0,0.0,6.403539098157344,6.403539098157344
Low RES,IDA1,3,140.553,19.16681,52.5,195.0,0.0,0.0,0.0,-70.63262136393665,-56.12335494118653,-128.3578536725705,0.0,0.0,3.8069156819570646,3.8069156957366497
Low RES,IDA1,4,140.553,19.16681,52.5,195.0,0.0,0.0,0.0,-70.63262150776787,-56.58549803219378,-127.89571096216265,0.0,0.0,3.8069156941723663,3.8069157079519513
Low RES,IDA1,5,140.553,1.9524846,52.5,195.0,0.0,0.0,0.0,-74.00831293983263,-54.95934353849184,-122.05290567693994,0.0,0.0,1.7602835362552878,1.7602835190091364
Low RES,IDA1,6,140.553,1.9524846,52.5,195.0,0.0,0.0,0.0,-74.00831438113046,-55.92959773378175,-121.08265498334433,0.0,0.0,1.7602835077513403,1.7602834905051887
Low RES,IDA1,7,130.24,34.548606,52.5,142.696414,0.0,0.0,0.0,-66.61496326348976,-46.17489347848987,-96.45527775112284,0.0,0.0,7.024360646551223,7.024360646551223
Low RES,IDA1,8,130.24,34.548601,52.5,142.69641900000002,0.0,0.0,0.0,-66.61496339916445,-47.69976847568325,-94.93040304442435,0.0,0.0,7.024360559636028,7.02436055963603
Low RES,IDA1,9,130.24,25.764637,52.5,141.786473,0.0,0.0,0.0,-69.35406588677174,-48.264273841416006,-90.16735250101377,0.0,0.0,6.749610614600765,6.749610614600765
Low RES,IDA1,10,130.24,25.764637,52.5,141.786473,0.0,0.0,0.0,-69.35406588677175,-50.79038774279533,-87.64123859963442,0.0,0.0,6.749610614600759,6.749610614600758
Low RES,IDA1,11,130.24,16.18101,52.5,151.05422,0.0,0.0,0.0,-72.56278176568958,-55.945195542479176,-87.7139152801574,0.0,0.0,6.3338384941630705,6.333838494163071
Low RES,IDA1,12,130.24,16.18101,52.5,151.05422,0.0,0.0,0.0,-72.56278177721214,-59.782667478710025,-83.87644336673883,0.0,0.0,6.333838461330497,6.3338384613304965
Low RES,IDA1,13,171.787,12.9741539,52.5,137.00187742471778,38.44682222111408,1.54423822990084,0.16300292426731086,-78.66188165610662,-72.4877580314623,-89.8562338614811,4.193e-05,4.192999925900837e-05,5.67492480952537,5.67492480952537
Low RES,IDA1,14,171.787,12.974153999999999,52.5,137.00187742471778,38.44682222111408,1.54423822990084,0.16300292426731086,-78.66188168874561,-77.85810700617209,-84.4858849541323,4.193e-05,4.192999925900837e-05,5.67492480952537,5.67492480952537
Low RES,IDA1,15,171.787,38.36086634330718,52.5,140.44255152811417,36.50104321528331,12.130927778812804,1.2804868210969071,-86.97293324055552,-87.57986888849476,-82.75984130682475,2.5669825299999998,2.5669825299999998,4.6618348362839095,4.6618348362839095
Low RES,IDA1,16,171.787,38.36086634330719,52.5,140.44255152811417,36.50104321528331,12.130927778812804,1.2804868210969071,-86.97293324055552,-93.48797850031056,-76.85173169500895,2.5669825299999998,2.5669825299999998,4.6618348362839095,4.6618348362839095
Low RES,IDA1,17,143.264,53.28966189237761,52.5,127.69302255849158,20.802665664570227,17.020362816466548,1.7965938528492467,-92.73488174039225,-94.86971916437167,-68.04077471476108,14.056895929999998,14.056895929999998,3.859467563573697,3.8594675635736966
Low RES,IDA1,18,143.264,53.28966389237761,52.5,127.69302270917186,20.80266611051376,17.02036318132944,1.7965938913625519,-92.73488210314038,-99.9588479792702,-62.951646537114414,14.056895929999998,14.056895929999998,3.859467563573697,3.8594675635736966
Low RES,IDA1,19,143.264,59.36793099078416,52.5,73.40944815958574,21.540862011607768,17.624341645860902,1.860347173729762,-98.72028256621634,-82.66649411835823,-46.15355129795043,27.2350288,27.2350288,3.0676363858704185,3.0676363858704185
Low RES,IDA1,20,143.264,59.36793099078416,52.5,73.40944815958574,21.540862011607768,17.624341645860902,1.860347173729762,-98.72028256621635,-85.8196999389898,-43.00034547731887,27.2350288,27.2350288,3.0676363858704185,3.0676363858704185
Low RES,IDA1,21,143.264,37.1146741782191,52.5,48.44882232080967,12.921582784319982,10.572204096261803,1.1159548768276348,-89.13067250514572,-73.89910769427877,-33.72133355297549,33.643848,33.643848,1.952426972090453,1.9524269720904528
Low RES,IDA1,22,143.264,37.11467507821909,52.5,48.44882232080967,12.921582784319982,10.572204096261803,1.1159548768276348,-89.13067291285678,-75.64660854666924,-31.973833192873947,33.643848,33.643848,1.952426972090453,1.9524269720904528
Low RES,IDA1,23,143.264,21.867136889400363,52.5,37.99436955300631,7.608406458249861,6.225059829477158,0.6570896486670333,-81.43059121732158,-68.97819254348815,-27.52925622826527,35.456173549999995,35.456173549999995,1.0203842198373216,1.0203842198373216
Low RES,IDA1,24,143.264,21.867135889400362,52.5,37.9943692733956,7.608406080002501,6.225059520002047,0.6570896160002161,-81.43059121732158,-69.67860129605194,-26.828847475701497,35.456173549999995,35.456173549999995,1.0203842198373216,1.0203842198373216
Low RES,IDA1,25,137.83,16.08735139590476,32.81485205214859,62.05793153379427,5.734395146042048,4.691777846761675,0.4952432171581768,-77.94765016511072,-70.72608833976898,-26.907577069995295,34.19087888999999,34.19087888999999,0.702679194485124,0.7026791944851241
Low RES,IDA1,26,137.83,16.08735039590476,32.814852017040785,62.057931296696545,5.734394763906524,4.691777534105338,0.49524318415556345,-77.9476501651107,-70.44846768312577,-27.185197726638506,34.19087888999999,34.19087888999999,0.702679194485124,0.7026791944851241
Low RES,IDA1,27,137.83,30.426778298660107,40.435707856480164,65.55727782161577,11.374367185021761,9.306300424108713,0.9823317114336975,-82.4360227399433,-74.27314057456893,-29.901291028037758,28.841824689999996,28.841824689999996,0.6354100419449504,0.6354100419449504
Low RES,IDA1,28,137.83,30.426778398660105,40.435707856480164,65.55727782161577,11.374367185021761,9.306300424108713,0.9823317114336975,-82.43602278411878,-72.71956137375035,-31.4548702846809,28.841824689999996,28.841824689999996,0.6354100419449504,0.6354100419449504
Low RES,IDA1,29,143.264,45.26514790599365,52.5,83.8559962030688,18.02260262206078,14.745765781686096,1.5564974991779768,-86.70741291897662,-84.75932150694496,-40.574411207578414,20.03662689,20.03662689,0.6435147537531754,0.6435147537531754
Low RES,IDA1,30,143.264,45.265149805993644,52.5,83.85599642723119,18.022603029421816,14.745766114981487,1.556497534359157,-86.70741328700271,-81.12182679620234,-44.211906450294954,20.03662689,20.03662689,0.6435147537531754,0.6435147537531754
Low RES,IDA1,31,143.264,47.76481145508383,52.5,138.5932219287169,21.44193346969147,17.543400111565745,1.8518033451097178,-86.7695696885817,-101.63398154536063,-64.69994057348266,9.895234649999999,9.895234649999999,0.691332596170585,0.691332596170585
Low RES,IDA1,32,143.264,47.76481085508383,52.5,138.59322179891774,21.441933012784112,17.543399737732454,1.8518033056495369,-86.76956982571069,-94.51782052972558,-71.81610185198873,9.895234649999999,9.895234649999999,0.691332596170585,0.691332596170585
Low RES,IDA1,33,171.787,38.43682375041517,52.5,195.0,22.940163636922264,16.536813479541323,1.7455525339515838,-84.29907188200076,-109.59469940274109,-101.05561575653316,2.26162293,2.26162293,0.851806050429914,0.851806050429914
Low RES,IDA1,34,171.787,38.43682375041518,52.5,195.0,22.940163636922264,16.536813479541323,1.7455525339515838,-84.29907188200079,-98.82781225800376,-111.82250290127048,2.26162293,2.26162293,0.851806050429914,0.851806050429914
Low RES,IDA1,35,171.787,40.6699551,52.5,195.0,80.48431638829669,20.515500553299482,2.1655250584038344,-84.13364414556273,-112.02195965759903,-156.36571445058826,0.0,0.0,0.927990406875,0.9279904068749999
Low RES,IDA1,36,171.787,40.6699524,52.5,195.0,80.48431506308731,20.515499038413495,2.165524898499202,-84.13364421716149,-98.63142351870218,-169.75625081788635,0.0,0.0,0.927990406875,0.9279904068749999
Low RES,IDA1,37,171.787,34.5225357,52.5,195.0,109.76806192548885,19.025595745788983,2.0082573287221703,-81.86449258056936,-95.89741207560563,-202.24037611452502,0.0,0.0,0.85018511035,0.85018511035
Low RES,IDA1,38,171.787,34.5225272,52.5,195.0,109.76805886559515,19.025591277351122,2.0082568570537296,-81.86449247285356,-83.90171241629372,-214.2360753815527,0.0,0.0,0.85018511035,0.85018511035
Low RES,IDA1,39,171.787,26.118735,52.5,195.0,117.07768014147587,14.941293339368567,1.577136519155571,-79.88667388735323,-74.86410237013087,-227.4394667434409,0.0,0.0,0.5470685704625,0.5470685704625
Low RES,IDA1,40,171.787,26.1187364,52.5,195.0,117.07768050209576,14.941293917702334,1.577136580201913,-79.88667397096256,-66.68111942657228,-235.62245000339016,0.0,0.0,0.5470685704625,0.5470685704625
Low RES,IDA1,41,171.787,17.5889157,52.5,195.0,114.54945941557015,10.094554297474234,1.0655362869556138,-78.100635854806,-59.177993128177384,-236.68304905539156,0.0,0.0,0.37605900718749996,0.37605900718749996
Low RES,IDA1,42,171.787,17.5889164,52.5,195.0,114.54945977511319,10.094554876782036,1.0655363481047704,-78.10063579215203,-54.89120708609035,-240.96983486013264,0.0,0.0,0.37605900718749996,0.37605900718749996
Low RES,IDA1,43,171.787,12.164020300000002,52.5,195.0,101.88349747326424,6.5438624864946515,0.6907410402411021,-77.04608896824335,-49.58242212357632,-231.23609432828033,0.0,0.0,0.62325296005,0.62325296005
Low RES,IDA1,44,171.787,12.1640163,52.5,195.0,101.88349594859949,6.543860247497949,0.6907408039025613,-77.04608896824335,-48.459652445795754,-232.35886400606086,0.0,0.0,0.62325296005,0.62325296005
Low RES,IDA1,45,171.787,8.4974073,52.5,195.0,77.66971110783058,4.094307128595454,0.4321768635739646,-76.38699727436152,-44.08684701484706,-210.73793669279144,0.0,0.0,0.7577913009999999,0.7577913009999999
Low RES,IDA1,46,171.787,8.4974094,52.5,195.0,77.66971195301278,4.0943081731542765,0.43217697383295134,-76.3869972974244,-45.20166586648204,-209.6231179180935,0.0,0.0,0.7577913009999999,0.7577913009999999
Low RES,IDA1,47,171.787,4.53315118,52.5,195.0,46.731261018265364,1.738029330212235,0.18345865152240257,-75.57727249450785,-41.16703387305337,-181.16554686893878,0.0,0.0,0.8785516182499999,0.8785516182499999
Low RES,IDA1,48,171.787,4.5331481700000005,52.5,195.0,46.73125961470097,1.738027886200134,0.18345849909890302,-75.57727249197093,-43.517533799565115,-178.81504693496393,0.0,0.0,0.8785516182499999,0.8785516182499999
Low RES,IDA2,1,171.787,5.673005145762206,52.5,195.0,5.976953554214742,2.4547709591886617,0.2591147123588032,-72.004643763778,-58.59508331123223,-135.71188059395195,0.0,0.0,5.0603844116,5.0603844116
Low RES,IDA2,2,171.787,5.673005303114687,52.5,195.0,5.97695755281829,2.4547710032831738,0.25911471701322386,-72.00464377928482,-58.79601837923703,-135.51094556779282,0.0,0.0,5.0603844116,5.0603844116
Low RES,IDA2,3,0.0,0.0,52.5,195.0,0.0,0.0,0.0,-70.63262136393665,-56.12335494118653,-128.3578536725705,0.0,0.0,3.8069156819570646,3.8069156957366497
Low RES,IDA2,4,0.0,0.0,52.5,195.0,0.0,0.0,0.0,-70.63262150776787,-56.58549803219378,-127.89571096216265,0.0,0.0,3.8069156941723663,3.8069157079519513
Low RES,IDA2,5,0.0,0.0,52.5,195.0,0.0,0.0,0.0,-74.00831293983263,-54.95934353849184,-122.05290567693994,0.0,0.0,1.7602835362552878,1.7602835190091364
Low RES,IDA2,6,0.0,0.0,52.5,195.0,0.0,0.0,0.0,-74.00831438113046,-55.92959773378175,-121.08265498334433,0.0,0.0,1.7602835077513403,1.7602834905051887
Low RES,IDA2,7,143.264,8.637150779852446,52.5,143.65493409623576,4.03173926108752,3.298695759071607,0.3481956634575585,-68.56803476498816,-47.528686442104544,-99.28323178600976,0.0,0.0,5.773194506625,5.773194506625
Low RES,IDA2,8,143.264,8.637150206022058,52.5,143.65493893999488,4.031738989322156,3.2986955367181277,0.3481956399869135,-68.56803477331947,-49.09826886673572,-97.71364937921686,0.0,0.0,5.773194506625,5.773194506625
Low RES,IDA2,9,143.264,6.44115905870153,52.5,142.51232427677104,3.0008775943310417,2.4552634862708524,0.25916670132859,-70.62236169564049,-49.1468951477299,-91.81626628583112,0.0,0.0,5.42894653525,5.42894653525
Low RES,IDA2,10,143.264,6.441159058701518,52.5,142.51232427677104,3.0008775943310364,2.4552634862708484,0.25916670132858954,-70.62236169564049,-51.71920474986418,-89.24395668369682,0.0,0.0,5.42894653525,5.42894653525
Low RES,IDA2,11,143.264,4.045252473101142,52.5,151.4382212905727,1.9223753435710147,1.57285255383083,0.16602332512658763,-73.0288986047687,-56.30456706977437,-88.27735747378308,0.0,0.0,5.0056775376125,5.0056775376125
Low RES,IDA2,12,143.264,4.045252377435995,52.5,151.4382212748467,1.9223752648440142,1.57285248941783,0.1660233183274376,-73.02889860622344,-60.166689517453925,-84.41523502898363,0.0,0.0,5.0056775376125,5.0056775376125
Low RES,IDA2,13,156.19,3.24353832,52.5,137.00187742471778,38.44682222111408,0.76220142990084,4.267310865779805e-09,-77.60322353563097,-71.51219334804203,-88.64691837537701,4.193e-05,4.192999925900837e-05,4.52567550952537,4.52567550952537
Low RES,IDA2,14,156.19,3.2435384199999997,52.5,137.00187742471778,38.44682222111408,0.76220132990084,4.267310865779805e-09,-77.60322349972807,-76.81026628848329,-83.34884536083864,4.193e-05,4.192999925900837e-05,4.52567550952537,4.52567550952537
Low RES,IDA2,15,156.19,9.59021646,52.5,140.44255152811417,36.50104321528331,5.757820978812804,2.1096907110162988e-08,-83.8365122602454,-84.42156057348214,-79.77535299614625,2.7224819469993804,2.7224819469993804,3.6935234062839095,3.6935234062839095
Low RES,IDA2,16,156.19,9.59021646,52.5,140.44255152811417,36.50104321528331,5.757820978812804,2.1096907110162988e-08,-83.83651222754102,-90.11661169333372,-74.08030181224193,2.7224819486208185,2.7224819486208185,3.6935234062839095,3.6935234062839095
Low RES,IDA2,17,143.264,41.279874787009895,52.5,131.90566039816468,12.467447469854454,10.200638929880913,1.07673408148743,-88.15797374633391,-90.18744677788136,-64.68263848954099,14.409445137115625,14.409445137115625,3.0293416200687497,3.0293416200687497
Low RES,IDA2,18,143.264,41.279874787009895,52.5,131.90566054884496,12.467447915797985,10.200639294743807,1.076734120000735,-88.15797371197897,-95.02540244387487,-59.84468276319499,14.409445139761912,14.409445139761912,3.0293416200687497,3.0293416200687497
Low RES,IDA2,19,143.264,42.311770150853334,52.5,80.09539803106452,10.912754564023997,8.928617006928729,0.9424651396202546,-92.6470241808631,-77.58086261952899,-43.31419108596871,27.6568950019179,27.6568950019179,2.42452691044375,2.42452691044375
Low RES,IDA2,20,143.264,42.311770150853334,52.5,80.09539803106452,10.912754564023997,8.928617006928729,0.9424651396202546,-92.64702418086311,-80.54008364602213,-40.35497005947557,27.656895001917896,27.656895001917896,2.42452691044375,2.42452691044375
Low RES,IDA2,21,143.264,25.449796066980905,52.5,52.82988388005706,6.190487692915145,5.064944748748755,0.5346330234790352,-85.45481671372382,-70.85141989653167,-32.330625329293916,34.226056263574705,34.226056263574705,1.5323998885999999,1.5323998885999999
Low RES,IDA2,22,143.264,25.449796066980905,52.5,52.829883609138314,6.190487310103988,5.064944435539627,0.5346329904180718,-85.45481667410762,-72.5268513533363,-30.655193824654866,34.2260562698494,34.2260562698494,1.5323998885999999,1.5323998885999999
Low RES,IDA2,23,143.264,14.928616065499643,52.5,40.63999917884032,3.5789129599836054,2.9282015763502223,0.30908793972585685,-79.6797556881643,-67.49509548577576,-26.937350911415905,36.27664656314049,36.27664656314049,0.8013541620875,0.8013541620875
Low RES,IDA2,24,143.264,14.928615335499645,52.5,40.63999870350211,3.578912716963096,2.928201350242532,0.30908791419226744,-79.67975570417772,-68.18044479452614,-26.252001621643807,36.27664655563632,36.27664655563632,0.8013541620875,0.8013541620875
Low RES,IDA2,25,137.83,11.191708516070246,33.06657045302164,63.75789157329817,2.7398623807736096,2.241705593360226,0.23662447152135718,-77.06754989935467,-69.92752611227571,-26.60376591366163,35.21056097520851,35.21056097520851,0.56753299645,0.56753299645
Low RES,IDA2,26,137.83,11.191707876070247,33.06657039333838,63.75789117023204,2.7398620311432187,2.2417053618444513,0.23662445541691435,-77.06754989935467,-69.65304004677378,-26.878251979163565,35.210560975208516,35.210560975208516,0.56753299645,0.56753299645
Low RES,IDA2,27,137.83,21.9251868042649,40.75628760518172,68.99690899545807,5.54372808425477,4.535777396208447,0.4787765018220028,-80.4338293514717,-72.46920600741313,-29.17505308965534,30.378989112995093,30.378989112995093,0.5043161948125,0.5043161948125
Low RES,IDA2,28,137.83,21.9251868042649,40.75628758279251,68.99690875523507,5.54372769708218,4.535777079430874,0.47877646838436994,-80.43382937516103,-70.95335988115637,-30.69089924584832,30.378989094807846,30.378989094807846,0.5043161948125,0.5043161948125
Low RES,IDA2,29,143.264,34.58057040809385,52.5,89.07097350074386,9.476961995073031,7.753878086877938,0.8184649313926712,-83.6373720752824,-81.75825654432998,-39.13779701944078,21.940910392776594,21.940910392776594,0.51566279970625,0.51566279970625
Low RES,IDA2,30,143.264,34.58057040809385,52.5,89.07097372490625,9.476962402434067,7.75387842017333,0.8184649665738515,-83.63737207528241,-78.249553919026,-42.64649964474476,21.940910392776587,21.940910392776587,0.51566279970625,0.51566279970625
Low RES,IDA2,31,143.264,41.04623806520367,52.5,142.3710313698903,13.298305460829084,10.880431467951066,1.148490021617057,-83.68398958333044,-98.01981366831163,-62.39917026701487,11.365576755615972,11.365576755615972,0.58678171356875,0.58678171356875
Low RES,IDA2,32,143.264,41.04623806520367,52.5,142.37103111029197,13.298304547014368,10.880430720284483,1.1484899426966952,-83.68398955749068,-91.15670761182719,-69.26227627396545,11.365576767929152,11.365576767929152,0.58678171356875,0.58678171356875
Low RES,IDA2,33,156.19,9.609205758347327,52.5,195.0,22.940163637103442,8.72786707969161,3.3967447521376926e-08,-81.83111620599848,-106.38618412004189,-98.0970923122022,2.7487286784837774,2.7487286784837774,0.8244526212562501,0.8244526212562501
Low RES,IDA2,34,156.19,9.609205758347327,52.5,195.0,22.940163637103442,8.72786707969161,3.3967447521376926e-08,-81.8311162059985,-95.93451041299134,-108.54876601925274,2.748728678483774,2.748728678483774,0.8244526212562501,0.8244526212562501
Low RES,IDA2,35,156.19,10.1674875260375,52.5,195.0,80.48431638831326,12.524074253318418,-4.1594166777514374e-08,-81.70704546210284,-108.7910008350688,-151.85578455657839,0.0,0.0,0.92272234385625,0.92272234385625
Low RES,IDA2,36,156.19,10.167487726037498,52.5,195.0,80.48431506310388,12.524072338432433,-1.498798862797912e-09,-81.70704543823659,-95.78667699546423,-164.8601083200492,0.0,0.0,0.92272234385625,0.92272234385625
Low RES,IDA2,37,156.19,8.6306330223375,52.5,195.0,109.76806192561794,12.518307045977496,2.8742068725051695e-08,-80.00518165811607,-93.71938470272853,-197.64708140985542,0.0,0.0,0.7926415991812499,0.7926415991812499
Low RES,IDA2,38,156.19,8.6306325223375,52.5,195.0,109.76805886572424,12.518302677539634,-4.292637223457518e-08,-80.00518165811607,-81.99613215117037,-209.37033396141354,0.0,0.0,0.7926415991812499,0.7926415991812499
Low RES,IDA2,39,156.19,6.529683481999999,52.5,195.0,117.07768014147587,10.059662639368568,1.915557112930344e-08,-78.52181775639525,-73.58505638991369,-223.55368535461605,0.0,0.0,0.5116104294625,0.5116104294625
Low RES,IDA2,40,156.19,6.529683882,52.5,195.0,117.07768050209576,10.059662917702333,-1.9798086947631077e-08,-78.52181775639525,-65.54187885339806,-231.5968628911317,0.0,0.0,0.5116104294625,0.5116104294625
Low RES,IDA2,41,156.19,4.3972303345374995,52.5,195.0,114.54945941576341,6.803789097785613,-1.3011518529282284e-08,-77.18228913990613,-58.482148401834024,-233.9000102466348,0.0,0.0,0.35559458991875,0.35559458991875
Low RES,IDA2,42,156.19,4.3972299345375,52.5,195.0,114.54945977530645,6.803790077093414,4.8137638097855984e-08,-77.18228913990615,-54.24576859824756,-238.1363900502213,0.0,0.0,0.35559458991875,0.35559458991875
Low RES,IDA2,43,156.19,3.041004766275,52.5,195.0,101.88349747336906,4.311927686648582,2.573502522196236e-10,-76.39137900108348,-49.16108852449366,-229.27113312452286,0.0,0.0,0.5640884969125,0.5640884969125
Low RES,IDA2,44,156.19,3.041004726275,52.5,195.0,101.88349594870431,4.31192524765188,3.918809499126041e-09,-76.39137899893053,-48.04785973846218,-230.38436190270724,0.0,0.0,0.5640884969125,0.5640884969125
Low RES,IDA2,45,156.19,2.124352672,52.5,195.0,77.66971110783058,2.566657128595454,3.5739645687371535e-09,-75.89706024669604,-43.80407927221651,-209.38628887308747,0.0,0.0,0.675528395,0.675528395
Low RES,IDA2,46,156.19,2.124352682,52.5,195.0,77.66971195301278,2.5666582731542764,3.832951289695075e-09,-75.89706023516459,-44.911747789225444,-208.2786203176099,0.0,0.0,0.675528395,0.675528395
Low RES,IDA2,47,156.19,1.1332881320375,52.5,195.0,46.73126101921862,1.01877913119296,1.625923479187108e-09,-75.28976664371007,-41.01042908026526,-180.47636938252467,0.0,0.0,0.76326197723125,0.76326197723125
Low RES,IDA2,48,156.19,1.1332881320375,52.5,195.0,46.731259615654224,1.0187775371808587,-7.975760329959058e-10,-75.28976664371007,-43.35198739842191,-178.134811064368,0.0,0.0,0.76326197723125,0.76326197723125
Low RES,IDA3,1,171.787,5.9321200298,52.5,195.0,9.071231014222628,5.02166368161369,0.2709497897258895,-72.81217889074024,-59.2522296502424,-137.23389507797955,0.0,0.0,3.7172297267000003,3.7172297267000003
Low RES,IDA3,2,171.787,5.9321200198,52.5,195.0,9.071234985538059,5.021663750390921,0.2709497869857083,-72.8121789008395,-59.45541820898061,-137.03070654649454,0.0,0.0,3.7172297267000003,3.7172297267000003
Low RES,IDA3,3,0.0,0.0,52.5,195.0,0.0,0.0,0.0,-70.63262136393665,-56.12335494118653,-128.3578536725705,0.0,0.0,3.8069156819570646,3.8069156957366497
Low RES,IDA3,4,0.0,0.0,52.5,195.0,0.0,0.0,0.0,-70.63262150776787,-56.58549803219378,-127.89571096216265,0.0,0.0,3.8069156941723663,3.8069157079519513
Low RES,IDA3,5,0.0,0.0,52.5,195.0,0.0,0.0,0.0,-74.00831293983263,-54.95934353849184,-122.05290567693994,0.0,0.0,1.7602835362552878,1.7602835190091364
Low RES,IDA3,6,0.0,0.0,52.5,195.0,0.0,0.0,0.0,-74.00831438113046,-55.92959773378175,-121.08265498334433,0.0,0.0,1.7602835077513403,1.7602834905051887
Low RES,IDA3,7,143.264,16.31578119625,52.5,145.46560113208426,7.616050376572795,6.23131393537774,0.6577498120676504,-70.52110617097901,-48.88247933951712,-102.11118568260633,0.0,0.0,4.5220283885,4.5220283885
Low RES,IDA3,8,143.264,16.31578057625,52.5,145.46560571098405,7.616050018814717,6.231313697212041,0.6577497752612711,-70.52110617931031,-50.49676928058432,-100.49689575937742,0.0,0.0,4.5220283885,4.5220283885
Low RES,IDA3,9,143.264,12.156466879,52.5,143.88223098528908,5.6635876733430415,4.633844450917033,0.48912802815235357,-71.89065750450925,-50.029516454043794,-93.46518007064846,0.0,0.0,4.10828244575,4.10828244575
Low RES,IDA3,10,143.264,12.156466879,52.5,143.88223098528908,5.663587673343034,4.63384445091703,0.48912802815235307,-71.89065750450925,-52.648021756933026,-90.84667476775921,0.0,0.0,4.10828244575,4.10828244575
Low RES,IDA3,11,143.264,7.706503680775,52.5,152.16977200427397,3.6622665231801386,2.99639980078375,0.3162866456382847,-73.49501544384782,-56.663938597069574,-88.84079966740876,0.0,0.0,3.677516592225,3.677516592225
Low RES,IDA3,12,143.264,7.7065035507749995,52.5,152.1697719695627,3.662266349409611,2.9963997586078635,0.31628664063083,-73.49501543859068,-60.550711558962696,-84.95402669510761,0.0,0.0,3.677516592225,3.677516592225
Low RES,IDA3,13,156.17,3.24353845,52.5,137.00187742471778,38.26398380111408,-9.915990251130324e-11,4.267310865779805e-09,-76.54456541189141,-70.53662866161406,-87.43760288554455,4.193e-05,4.192999925900837e-05,3.37642620952537,3.37642620952537
Low RES,IDA3,14,156.17,3.2435383399999997,52.5,137.00187742471778,38.26398381111408,-9.916001353360571e-11,4.267310865779805e-09,-76.5445654086275,-75.76242566771093,-82.21180587271157,4.193e-05,4.192999925900837e-05,3.37642620952537,3.37642620952537
Low RES,IDA3,15,156.17,9.59021668,52.5,140.44255152811417,34.60527031528331,-2.118719599764063e-08,2.1096907110162988e-08,-80.70009118002315,-81.26325215786017,-76.7908645903955,2.8779813662018894,2.8779813662018894,2.7252120162839093,2.7252120162839093
Low RES,IDA3,16,156.17,9.59021658,52.5,140.44255152811417,34.60527041528331,-2.118719599764063e-08,2.1096907110162988e-08,-80.70009121272753,-86.74524488442314,-71.30887192788525,2.8779813645804513,2.8779813645804513,2.7252120162839093,2.7252120162839093
Low RES,IDA3,17,143.264,25.4050719403625,52.5,133.5689047612021,5.470813704778792,4.476119846967986,0.47247930680109984,-83.58106553500156,-85.5051741691152,-61.32450210490415,14.76199434474794,14.76199434474794,2.199215699887499,2.199215699887499
Low RES,IDA3,18,143.264,25.4050729403625,52.5,133.56890504919454,5.470813603684909,4.476120582436632,0.4724793844339008,-83.58106553500154,-90.09195713934827,-56.73771913467106,14.76199434474794,14.76199434474794,2.199215699887499,2.199215699887499
Low RES,IDA3,19,143.264,22.0700561586125,52.5,81.71400118242843,2.9453060928622987,2.4097962629187943,0.25436738204046705,-86.57376583599833,-72.49523115460401,-40.47483089291607,28.078761200496707,28.078761200496707,1.7814174011375,1.7814174011375
Low RES,IDA3,20,143.264,22.0700561586125,52.5,81.71400118242843,2.9453060928622987,2.4097962629187943,0.25436738204046705,-86.57376583599834,-75.26046738825195,-37.709594659268134,28.078761200496704,28.078761200496704,1.7814174011375,1.7814174011375
Low RES,IDA3,21,143.264,12.6301196308,52.5,53.69718183349538,1.3043286205511704,1.0671780151508425,0.11264656680260299,-81.778960792824,-67.80373199143317,-30.939917056626207,34.808264544241695,34.808264544241695,1.1123727831999999,1.1123727831999999
Low RES,IDA3,22,143.264,12.6301189008,52.5,53.697181381502695,1.3043283652728679,1.0671777790140506,0.11264654021038611,-81.77896080074724,-69.4070944701146,-29.336554587511653,34.808264542986755,34.808264542986755,1.1123727831999999,1.1123727831999999
Low RES,IDA3,23,143.264,7.254262648675001,52.5,41.127013979363845,0.682821105184257,0.5586718222227072,0.05897091680419714,-77.92892015750633,-66.01199842679215,-26.34544559405917,37.097119574641326,37.097119574641326,0.5823241077499998,0.5823241077499998
Low RES,IDA3,24,143.264,7.254262118675,52.5,41.12701334121607,0.6828209325599728,0.5586716083434293,0.05897090145553191,-77.92892018953313,-66.6822882917162,-25.675155767091674,37.097119559632986,37.097119559632986,0.5823241077499998,0.5823241077499998
Low RES,IDA3,25,137.83,5.48848487105,33.117064938272556,64.0989020311914,0.5645137629707127,0.4618749060433256,0.04875346454700469,-76.18744962794273,-69.12896387965056,-26.29995475537555,36.230243054046916,36.230243054046916,0.43238679592499996,0.43238679592499996
Low RES,IDA3,26,137.83,5.48848426105,33.11706485799244,64.09890148902605,0.5645135822481344,0.46187468531039766,0.04875343844798738,-76.18744962794273,-68.85761240531005,-26.57130622971606,36.23024305404692,36.23024305404692,0.43238679592499996,0.43238679592499996
Low RES,IDA3,27,137.83,10.820469688175,40.825387643920166,69.73831155853685,1.261861327488969,1.0324320050580287,0.10897893609599651,-78.43163595011083,-70.6652714286444,-28.448815146597713,31.916153526401477,31.916153526401477,0.37322235072499993,0.37322235072499993
Low RES,IDA3,28,137.83,10.820468958174999,40.82538760433522,69.73831113381371,1.2618610261710126,1.0324317312524283,0.10897890552762735,-78.43163597380016,-69.18715839526386,-29.92692820991447,31.91615350821423,31.91615350821423,0.37322235072499993,0.37322235072499993
Low RES,IDA3,29,143.264,18.3050089341375,52.5,90.53149449738267,2.902635159803297,2.374883302221999,0.2506821288170392,-80.56733107263145,-78.75719142632958,-37.701182756919934,23.845193901190502,23.845193901190502,0.3878108476375,0.3878108476375
Low RES,IDA3,30,143.264,18.305009674137498,52.5,90.53149488852182,2.902635499539304,2.374883607460549,0.2506821527033305,-80.56733107263145,-75.37728123745103,-41.081092945798524,23.845193901190502,23.845193901190502,0.3878108476375,0.3878108476375
Low RES,IDA3,31,143.264,25.536327770762497,52.5,143.97420111110392,6.296492882555839,5.151676094035247,0.543788003354996,-80.59840940118671,-94.40564570119776,-60.09839990321202,12.83591889908575,12.83591889908575,0.4822308281875,0.4822308281875
Low RES,IDA3,32,143.264,25.5363276707625,52.5,143.97420073430678,6.296491505217826,5.151674967122332,0.5437879844030771,-80.59840940118673,-87.79559481583863,-66.70845078857116,12.835918899085746,12.835918899085746,0.4822308281875,0.4822308281875
Low RES,IDA3,33,156.17,9.609205939999999,52.5,195.0,22.113531657103444,-2.030838963662518e-08,3.3967447521376926e-08,-79.36316050485037,-103.17766880465135,-95.13856883772702,3.235834422976864,3.235834422976864,0.7970991912562501,0.7970991912562501
Low RES,IDA3,34,156.17,9.609205939999999,52.5,195.0,22.113531657103444,-2.030838963662518e-08,3.3967447521376926e-08,-79.36316050485038,-93.04120853849926,-105.2750291038791,3.2358344229768607,3.2358344229768607,0.7970991912562501,0.7970991912562501
Low RES,IDA3,35,156.19,10.1674881268,52.5,195.0,80.48431638831326,2.367122253318417,-4.1594166777514374e-08,-79.28044665931168,-105.56004185365177,-147.34585444078658,0.0,0.0,0.91745428045625,0.91745428045625
Low RES,IDA3,36,156.19,10.1674881268,52.5,195.0,80.48431506310388,2.367120338432432,-1.498798862797912e-09,-79.28044665931166,-92.94193047222629,-159.96396582221206,0.0,0.0,0.91745428045625,0.91745428045625
Low RES,IDA3,37,156.19,8.630632718987501,52.5,195.0,109.76806192598481,4.002761346534895,2.8805303079566757e-08,-78.14587080029229,-91.54135740555945,-193.0537868648483,0.0,0.0,0.7350980896875,0.7350980896875
Low RES,IDA3,38,156.19,8.630632718987501,52.5,195.0,109.76805886609111,4.0027569780970325,-4.286313788141997e-08,-78.14587080029227,-80.0905518418885,-204.5045924285192,0.0,0.0,0.7350980896875,0.7350980896875
Low RES,IDA3,39,156.19,6.529683885999999,52.5,195.0,117.07768014147587,3.6008950393685693,1.915557112930344e-08,-77.15696154182795,-72.30601033134381,-219.6679037277532,0.0,0.0,0.4761522864625,0.4761522864625
Low RES,IDA3,40,156.19,6.529683885999999,52.5,195.0,117.07768050209576,3.600895317702334,-1.9798086947631077e-08,-77.15696154182795,-64.40263828022384,-227.57127577887323,0.0,0.0,0.4761522864625,0.4761522864625
Low RES,IDA3,41,156.19,4.3972301343625,52.5,195.0,114.54945941589183,2.447487797996546,-1.2988378686640542e-08,-76.26394246051018,-57.786303702392516,-231.11697154547224,0.0,0.0,0.3351301727375,0.3351301727375
Low RES,IDA3,42,156.19,4.3972301343625,52.5,195.0,114.54945977543487,2.447488777304347,4.816077794053209e-08,-76.26394245842174,-53.600330089855156,-235.3029451500981,0.0,0.0,0.3351301727375,0.3351301727375
Low RES,IDA3,43,156.19,3.041004718,52.5,195.0,101.88349747336906,1.3892518866485823,2.573502522196236e-10,-75.73666903607656,-48.73975492679649,-227.30617192722696,0.0,0.0,0.5049240379125,0.5049240379125
Low RES,IDA3,44,156.19,3.041004718,52.5,195.0,101.88349594870431,1.38924944765188,3.918809499126041e-09,-75.73666903392362,-47.63606703383688,-228.40985981233948,0.0,0.0,0.5049240379125,0.5049240379125
Low RES,IDA3,45,156.19,2.1243527085249996,52.5,195.0,77.66971110805116,0.6068302288704324,3.6034098838270495e-09,-75.4071231913551,-43.521311513613036,-208.0346409770319,0.0,0.0,0.5932654907374999,0.5932654907374999
Low RES,IDA3,46,156.19,2.124352608525,52.5,195.0,77.66971195323336,0.6068314734292544,3.86239660495754e-09,-75.40712320519282,-44.621829731075145,-206.93412280573196,0.0,0.0,0.5932654907374999,0.5932654907374999
Low RES,IDA3,47,156.19,1.1332881104875,52.5,195.0,46.731261019446144,0.1160703014279858,1.6508729760562023e-09,-75.00226080052305,-40.85382429162273,-179.78719191435422,0.0,0.0,0.6479723369875,0.6479723369875
Low RES,IDA3,48,156.19,1.1332881104875,52.5,195.0,46.73125961588175,0.1160687074158846,-7.726265363252412e-10,-75.00226080052305,-43.18644100020023,-177.45457520577668,0.0,0.0,0.6479723369875,0.6479723369875
High RES,DAM,1,156.17,274.240775,52.5,195.0,23.942563,0.0,0.0,-74.4272491009418,-60.56652229256942,-140.27792396338876,0.0,0.0,1.914566384268421,1.9145663926315788
High RES,DAM,2,156.17,274.240771,52.5,195.0,23.942563,0.0,0.0,-74.42724802825515,-60.774216946800685,-140.07022638184415,0.0,0.0,1.914566384268421,1.9145663926315788
High RES,DAM,3,156.17,267.743115,52.5,195.0,17.321713,0.0,0.0,-74.42724855697276,-59.13849446966493,-135.2536787498373,0.0,0.0,1.9988554301592105,1.9988554163157892
High RES,DAM,4,156.17,267.743116,52.5,195.0,17.321713,0.0,0.0,-74.42724883150716,-59.62546557552437,-134.76670836944345,0.0,0.0,1.9988554301592105,1.9988554163157892
High RES,DAM,5,130.24,250.94699,52.5,194.39047,0.0,0.0,0.0,-74.42724768949054,-55.27044884358704,-122.7438037849224,0.0,0.0,2.7755191601052633,2.7755191578947365
High RES,DAM,6,130.24,250.94699500000002,52.5,194.39047,0.0,0.0,0.0,-74.42724914689474,-56.24619530964944,-121.76806086145584,0.0,0.0,2.7755191601052633,2.7755191578947365
High RES,DAM,7,130.24,231.76471600000002,52.5,173.78268,0.0,0.0,0.0,-74.42725041490837,-51.59006614841109,-107.76709558893054,0.0,0.0,3.750864278565789,3.75086427368421
High RES,DAM,8,130.24,231.764711,52.5,173.78268,0.0,0.0,0.0,-74.42724884659194,-53.29377000013452,-106.06338830552353,0.0,0.0,3.750864278565789,3.75086427368421
High RES,DAM,9,130.24,221.518062,52.5,165.03633000000002,0.0,0.0,0.0,-74.42724926667266,-51.7947591690229,-96.76300783105442,0.0,0.0,2.724343635171053,2.7243436315789475
High RES,DAM,10,130.24,221.518062,52.5,165.03633000000002,0.0,0.0,0.0,-74.42724926667266,-54.505655878779024,-94.0521111212983,0.0,0.0,2.724343635171053,2.7243436315789475
High RES,DAM,11,130.24,220.75642,52.5,165.48461,0.0,0.0,0.0,-74.42724907966496,-57.38268161871411,-89.96768400307093,0.0,0.0,1.8965044298710527,1.8965044115789473
High RES,DAM,12,130.24,220.75642,52.5,165.48461,0.0,0.0,0.0,-74.42724907966495,-61.31875562216524,-86.0316099996198,0.0,0.0,1.8965044298710527,1.8965044115789473
High RES,DAM,13,156.17,226.95375,52.5,136.5,35.027833,0.0,0.0,-74.4272489340643,-68.58549907442317,-85.01897164056255,7.787000038262561e-05,7.787000082902214e-05,2.00186577378646,2.001865785262329
High RES,DAM,14,156.17,226.95375,52.5,136.5,35.027833,0.0,0.0,-74.4272489340643,-73.66674413457157,-79.93772658041414,7.787000038262561e-05,7.787000082902214e-05,2.00186577378646,2.001865785262329
High RES,DAM,15,156.17,216.21820300000002,52.5,136.5,16.421943,0.0,0.0,-74.42724912473685,-74.94663543216761,-70.82188787897057,5.922391808260041,5.922391817896756,1.46452286866759,1.464522871050612
High RES,DAM,16,156.17,216.21820300000002,52.5,136.5,16.421943,0.0,0.0,-74.42724912473685,-80.0025112035333,-65.76601210760488,5.922391808260041,5.922391817896756,1.46452286866759,1.464522871050612
High RES,DAM,17,130.24,189.17005100000003,52.5,93.22504,0.0,0.0,0.0,-74.42724919833404,-76.1406290247234,-54.608229396467586,28.72460086916529,28.724600903191458,1.0009328829912891,1.0009328841769598
High RES,DAM,18,130.24,189.17005,52.5,93.22504,0.0,0.0,0.0,-74.42724880733513,-80.2250661801149,-50.52379163207497,28.72460086916529,28.724600903191458,1.0009328829912891,1.0009328841769598
High RES,DAM,19,130.24,142.129635,52.5,9.7816147,0.0,0.0,0.0,-74.42724868686439,-62.32396798059986,-34.79611031506076,53.71320233932568,53.71320226853898,0.9196541379361607,0.9196541367241814
High RES,DAM,20,130.24,142.12963500000004,52.5,9.7816147,0.0,0.0,0.0,-74.4272486868644,-64.70123461380567,-32.41884368185495,53.71320233932568,53.71320226853898,0.9196541379361607,0.9196541367241814
High RES,DAM,21,125.3,128.049106,29.669822,0.0,0.0,0.0,0.0,-74.42724891109462,-61.70835623130542,-28.158500509999936,66.80640792033606,66.80640815406147,0.5057344931165739,0.5057344948859103
High RES,DAM,22,125.3,128.04910599999997,29.669822,0.0,0.0,0.0,0.0,-74.42724891109462,-63.16758066552562,-26.69927607577973,66.80640792033606,66.80640815406147,0.5057344931165739,0.5057344948859103
High RES,DAM,23,125.3,123.752358,18.2146071,0.0,0.0,0.0,0.0,-74.42724862560308,-63.045804127093334,-25.161634836378582,71.94212180314919,71.9421217951566,0.267918855399487,0.2679188553697219
High RES,DAM,24,125.3,123.75235900000001,18.2146071,0.0,0.0,0.0,0.0,-74.42724922602473,-63.68597529181453,-24.521464071235762,71.94212180314919,71.9421217951566,0.267918855399487,0.2679188553697219
High RES,DAM,25,125.3,129.219719,24.9051009,0.0,0.0,0.0,0.0,-74.42724886809597,-67.53183932498729,-25.69233238179173,71.07212760101463,71.07212757886502,0.30103244754458575,0.3010324474507691
High RES,DAM,26,125.3,129.21972,24.9051009,0.0,0.0,0.0,0.0,-74.42724944299516,-67.26675730045454,-25.957414831425282,71.07212760101463,71.07212757886502,0.30103244754458575,0.3010324474507691
High RES,DAM,27,125.3,133.379474,38.103927,0.0,0.0,0.0,0.0,-74.42724935913209,-67.05740236265522,-26.99633932076267,64.98232427508617,64.98232410602003,0.20620722999014757,0.20620722945365305
High RES,DAM,28,125.3,133.37947400000002,38.103927,0.0,0.0,0.0,0.0,-74.4272493591321,-65.65475549013358,-28.398986193284333,64.98232427508617,64.98232410602003,0.20620722999014757,0.20620722945365305
High RES,DAM,29,130.24,154.224398,52.5,26.305613,0.0,0.0,0.0,-74.42724970686987,-72.75506162680524,-34.82795449982488,51.35698478358776,51.356985102773486,0.24534146780697752,0.24534146933178455
High RES,DAM,30,130.24,154.224397,52.5,26.305613,0.0,0.0,0.0,-74.42724922501347,-69.6327359861002,-37.95027962238634,51.35698478358776,51.356985102773486,0.24534146780697752,0.24534146933178455
High RES,DAM,31,130.24,201.051685,52.5,104.98813,0.0,0.0,0.0,-74.4272487462148,-87.17730949189583,-55.49685896931437,29.299405990082743,29.299406153512606,0.5072396805001524,0.5072396833294969
High RES,DAM,32,130.24,201.051686,52.5,104.98813,0.0,0.0,0.0,-74.42724911524,-81.07336925241343,-61.60079983977157,29.299405990082743,29.299406153512606,0.5072396805001524,0.5072396833294969
High RES,DAM,33,156.17,255.456971,52.5,136.5,53.014639,0.0,0.0,-74.42724912442262,-96.76063820185139,-89.22152191500099,7.818656692905985,7.8186566962963004,1.3787286157374363,1.3787286163352785
High RES,DAM,34,156.17,255.456971,52.5,136.5,53.014639,0.0,0.0,-74.42724912442263,-87.25460481469003,-98.72755530216237,7.818656692905985,7.8186566962963004,1.3787286157374363,1.3787286163352785
High RES,DAM,35,156.17,310.944445,52.5,136.5,119.48280999999999,0.0,0.0,-74.42724810673884,-99.09812261578779,-138.32599243122337,0.0,0.0,1.684276581118421,1.684276592631579
High RES,DAM,36,156.17,310.944448,52.5,136.5,119.48280999999999,0.0,0.0,-74.42724881731486,-87.25243708898714,-150.17168024744802,0.0,0.0,1.684276581118421,1.684276592631579
High RES,DAM,37,156.17,344.859734,52.5,195.0,95.676852,0.0,0.0,-74.42724809911566,-87.1853016482191,-183.86719532336525,0.0,0.0,1.1514491212263158,1.151449109473684
High RES,DAM,38,156.17,344.859742,52.5,195.0,95.676852,0.0,0.0,-74.42724981333863,-76.27939197531808,-194.77311128204326,0.0,0.0,1.1514491212263158,1.151449109473684
High RES,DAM,39,156.17,355.666272,52.5,195.0,107.06635,0.0,0.0,-74.42724915434962,-69.74791825342528,-211.8963405931501,0.0,0.0,0.7525811419776316,0.7525811389473684
High RES,DAM,40,156.17,355.666271,52.5,195.0,107.06635,0.0,0.0,-74.42724894606475,-62.124156994139724,-219.52010106072052,0.0,0.0,0.7525811419776316,0.7525811389473684
High RES,DAM,41,156.17,356.078561,52.5,195.0,107.78001,0.0,0.0,-74.42725009955556,-56.394615062128054,-225.55089717669134,0.0,0.0,0.5463739141644737,0.5463739142105263
High RES,DAM,42,156.17,356.07856000000004,52.5,195.0,107.78001,0.0,0.0,-74.4272498912446,-52.309453634234686,-229.63605781289573,0.0,0.0,0.5463739141644737,0.5463739142105263
High RES,DAM,43,156.17,345.31399,52.5,195.0,96.764662,0.0,0.0,-74.42724883786494,-47.89708755801516,-223.3762487242199,0.0,0.0,0.7179623685210527,0.7179623715789473
High RES,DAM,44,156.17,345.313994,52.5,195.0,96.764662,0.0,0.0,-74.42724969616648,-46.81248199873954,-224.46085742519395,0.0,0.0,0.7179623685210527,0.7179623715789473
High RES,DAM,45,156.17,322.285634,52.5,195.0,73.621909,0.0,0.0,-74.42724986668851,-42.955776452215666,-205.33134736309583,0.0,0.0,0.7962308398947369,0.7962308421052631
High RES,DAM,46,156.17,322.28563199999996,52.5,195.0,73.621909,0.0,0.0,-74.42724940709769,-44.04199377058723,-204.24512850431503,0.0,0.0,0.7962308398947369,0.7962308421052631
High RES,DAM,47,156.17,292.959309,52.5,195.0,44.326384,0.0,0.0,-74.4272494301834,-40.54061488731782,-178.40883773899878,0.0,0.0,0.7751585333421054,0.7751585331578947
High RES,DAM,48,156.17,292.959312,52.5,195.0,44.326384,0.0,0.0,-74.42725018867935,-42.855348825466535,-176.0941060423541,0.0,0.0,0.7751585333421054,0.7751585331578947
High RES,IDA1,1,140.553,23.942562999999996,52.5,195.0,3.552713678800501e-15,0.0,0.0,-72.0030344235558,-58.59377368144312,-135.7088473646914,0.0,0.0,9.402827943801864,9.402827945888486
High RES,IDA1,2,140.553,23.942562999999996,52.5,195.0,3.552713678800501e-15,0.0,0.0,-72.00303385196308,-58.794703776420604,-135.50791571910986,0.0,0.0,9.402828882703467,9.40282888479009
High RES,IDA1,3,140.553,17.321713,52.5,195.0,0.0,0.0,0.0,-71.67104893511478,-56.94846999414008,-130.24494679713277,0.0,0.0,5.682234103032839,5.682234093354809
High RES,IDA1,4,140.553,17.321713,52.5,195.0,0.0,0.0,0.0,-71.6710492385685,-57.41740755278872,-129.77601003694733,0.0,0.0,5.682233953991305,5.682233944313273
High RES,IDA1,5,130.24,57.499268,52.5,136.891202,0.0,0.0,0.0,-64.42414025024554,-47.84203715339518,-106.24689583120598,0.0,0.0,14.560939467423358,14.56093946742336
High RES,IDA1,6,130.24,57.499273,52.5,136.89119699999998,0.0,0.0,0.0,-64.42414033723021,-48.68664127143779,-105.40229192121231,0.0,0.0,14.560939364940147,14.560939364940147
High RES,IDA1,7,130.24,43.128031,52.5,130.654649,0.0,0.0,0.0,-66.61496326500655,-46.174893479541254,-96.45527775331908,0.0,0.0,13.045241198933438,13.045241198933438
High RES,IDA1,8,130.24,43.128026,52.5,130.654654,0.0,0.0,0.0,-66.61496337369158,-47.69976845744336,-94.93040300812396,0.0,0.0,13.045241069629453,13.045241069629455
High RES,IDA1,9,130.24,34.820619,52.5,130.21571100000003,0.0,0.0,0.0,-69.35406589458117,-48.26427384685068,-90.16735251116683,0.0,0.0,12.534991126299346,12.534991126299342
High RES,IDA1,10,130.24,34.820619,52.5,130.21571100000003,0.0,0.0,0.0,-69.35406589458117,-50.79038774851445,-87.64123860950302,0.0,0.0,12.534991126299337,12.534991126299335
High RES,IDA1,11,130.24,25.288398999999995,52.5,140.196211,0.0,0.0,0.0,-72.56278176621575,-55.945195542884846,-87.71391528079344,0.0,0.0,11.762842914947017,11.762842914947019
High RES,IDA1,12,130.24,25.288398999999995,52.5,140.196211,0.0,0.0,0.0,-72.56278177358857,-59.78266747572466,-83.87644336255029,0.0,0.0,11.762842875931756,11.762842875931756
High RES,IDA1,13,156.17,17.0745605,52.5,136.5,30.9274264,0.0,0.0,-78.66188165610662,-72.4877580314623,-89.8562338614811,7.787000038262561e-05,7.787000082902214e-05,10.539146079524395,10.539146079524395
High RES,IDA1,14,156.17,17.074560599999998,52.5,136.5,30.9274264,0.0,0.0,-78.66188168874561,-77.85810700617209,-84.4858849541323,7.787000038262561e-05,7.787000082902214e-05,10.539146079524395,10.539146079524395
High RES,IDA1,15,171.787,39.4271480861568,52.5,139.67709158417003,27.478116190023727,9.775666412830883,1.0318758991321488,-86.97293324055552,-87.57986888849476,-82.75984130682475,4.76725327,4.76725327,8.657693169859101,8.657693169859101
High RES,IDA1,16,171.787,39.4271480861568,52.5,139.67709158417003,27.478116190023727,9.775666412830883,1.0318758991321488,-86.97293324055552,-93.48797850031056,-76.85173169500895,4.76725327,4.76725327,8.657693169859101,8.657693169859101
High RES,IDA1,17,143.264,55.70714203235675,52.5,101.70158261192664,18.3231648985552,14.991680371545161,1.5824551503297672,-92.73488174039225,-94.86971916437167,-68.04077471476108,26.105663869999997,26.105663869999997,7.1675825835841245,7.1675825835841245
High RES,IDA1,18,143.264,55.70714403235675,52.5,101.70158280735646,18.32316532100254,14.9916807171839,1.582455186813856,-92.73488210314038,-99.9588479792702,-62.951646537114414,26.105663869999997,26.105663869999997,7.1675825835841245,7.1675825835841245
High RES,IDA1,19,143.264,62.26072720786466,52.5,25.938210605112374,19.190595433426022,15.701396263712201,1.6573696056140657,-98.72028256621634,-82.66649411835823,-46.15355129795043,50.5793392,50.5793392,5.697039037330171,5.697039037330171
High RES,IDA1,20,143.264,62.26072720786466,52.5,25.938210605112374,19.190595433426022,15.701396263712201,1.6573696056140657,-98.72028256621635,-85.8196999389898,-43.00034547731887,50.5793392,50.5793392,5.697039037330171,5.697039037330171
High RES,IDA1,21,137.83,41.10696017439752,30.91977800358571,10.676282099036325,12.045036214297392,9.855029629879683,1.040253127598411,-89.13067250514572,-73.89910769427877,-33.72133355297549,62.481432000000005,62.481432000000005,3.625935894001242,3.625935894001242
High RES,IDA1,22,137.83,41.10696107439752,30.91977800358571,10.676282099036325,12.045036214297392,9.855029629879683,1.040253127598411,-89.13067291285678,-75.64660854666924,-31.973833192873947,62.481432000000005,62.481432000000005,3.625935894001242,3.625935894001242
High RES,IDA1,23,137.83,27.49323709830579,19.496521326722117,7.290955508076246,8.225693393727047,6.730112776685765,0.7104007930946086,-81.43059121732158,-68.97819254348815,-27.52925622826527,65.84717945,65.84717945,1.8949992553846045,1.8949992553846045
High RES,IDA1,24,137.83,27.49323609830579,19.496521273835853,7.290955207282797,8.225693054370334,6.730112499030274,0.7104007637865288,-81.43059121732158,-69.67860129605194,-26.828847475701497,65.84717945,65.84717945,1.8949992553846045,1.8949992553846045
High RES,IDA1,25,137.83,23.079457159879638,25.811385955902168,6.40428454768014,7.225346669177594,5.911647274781668,0.6240072123380649,-77.94765016511072,-70.72608833976898,-26.907577069995295,63.49734651000001,63.49734651000001,1.3049756474976775,1.3049756474976775
High RES,IDA1,26,137.83,23.079456159879637,25.81138591289232,6.404284243750043,7.2253463262821,5.91164699423081,0.6240071827243632,-77.9476501651107,-70.44846768312577,-27.185197726638506,63.49734651000001,63.49734651000001,1.3049756474976775,1.3049756474976775
High RES,IDA1,27,137.83,40.96733426110621,38.99783740299964,12.108338752167391,13.660689874240134,11.176928078923746,1.1797868527752844,-82.4360227399433,-74.27314057456893,-29.901291028037758,53.56338871,53.56338871,1.1800472197219003,1.1800472197219003
High RES,IDA1,28,137.83,40.967334361106204,38.99783740299964,12.108338752167391,13.660689874240134,11.176928078923746,1.1797868527752844,-82.43602278411878,-72.71956137375035,-31.4548702846809,53.56338871,53.56338871,1.1800472197219003,1.1800472197219003
High RES,IDA1,29,143.264,58.32309266636125,52.5,42.50168546735977,21.12184054362846,17.281505899332373,1.8241589560406395,-86.70741291897662,-84.75932150694496,-40.574411207578414,37.21087851,37.21087851,1.195098828569381,1.195098828569381
High RES,IDA1,30,143.264,58.32309456636124,52.5,42.50168575440418,21.121840917972683,17.281506205614015,1.8241589883703682,-86.70741328700271,-81.12182679620234,-44.211906450294954,37.21087851,37.21087851,1.195098828569381,1.195098828569381
High RES,IDA1,31,143.264,57.84715804359534,52.5,114.94293311233399,24.33075420734486,19.90698071510034,2.101292408816147,-86.7695696885817,-101.63398154536063,-64.69994057348266,18.37686435,18.37686435,1.2839033969148246,1.2839033969148246
High RES,IDA1,32,143.264,57.84715744359535,52.5,114.94293293549751,24.330753775134898,19.906980361474012,2.101292371488923,-86.76956982571069,-94.51782052972558,-71.81610185198873,18.37686435,18.37686435,1.2839033969148246,1.2839033969148246
High RES,IDA1,33,171.787,41.776977449202285,52.5,142.20144312580507,69.28912683903467,17.542901925554062,1.8517507588084843,-84.29907188200076,-109.59469940274109,-101.05561575653316,4.200156870000001,4.200156870000001,1.5819255260363574,1.5819255260363574
High RES,IDA1,34,171.787,41.77697744920229,52.5,142.20144312580507,69.28912683903467,17.542901925554062,1.8517507588084843,-84.29907188200079,-98.82781225800376,-111.82250290127048,4.200156870000001,4.200156870000001,1.5819255260363574,1.5819255260363574
High RES,IDA1,35,171.787,40.6699551,52.5,143.132680652848,130.87936421182297,20.408248162609176,2.1542039727198574,-84.13364414556273,-112.02195965759903,-156.36571445058826,0.0,0.0,1.723410756375,1.723410756375
High RES,IDA1,36,171.787,40.6699524,52.5,143.13268016264806,130.87936336954058,20.40824665430171,2.154203813509625,-84.13364421716149,-98.63142351870218,-169.75625081788635,0.0,0.0,1.723410756375,1.723410756375
High RES,IDA1,37,171.787,34.5225357,52.5,195.0,108.62260740435553,18.743379734753788,1.9784678608906776,-81.86449258056936,-95.89741207560563,-202.24037611452502,0.0,0.0,1.57891520035,1.57891520035
High RES,IDA1,38,171.787,34.5225272,52.5,195.0,108.62260432822198,18.743375281005243,1.9784673907727757,-81.86449247285356,-83.90171241629372,-214.2360753815527,0.0,0.0,1.57891520035,1.57891520035
High RES,IDA1,39,171.787,26.118735,52.5,195.0,116.33174971725029,14.767714929120345,1.5588143536293695,-79.88667388735323,-74.86410237013087,-227.4394667434409,0.0,0.0,1.0159844904625,1.0159844904625
High RES,IDA1,40,171.787,26.1187364,52.5,195.0,116.33175007929411,14.767715506166136,1.5588144145397589,-79.88667397096256,-66.68111942657228,-235.62245000339016,0.0,0.0,1.0159844904625,1.0159844904625
High RES,IDA1,41,171.787,17.5889157,52.5,195.0,114.01260539084001,9.997035023360807,1.0552425857991963,-78.100635854806,-59.177993128177384,-236.68304905539156,0.0,0.0,0.6983952941875,0.6983952941875
High RES,IDA1,42,171.787,17.5889164,52.5,195.0,114.01260575142092,9.997035601729824,1.0552426468492593,-78.10063579215203,-54.89120708609035,-240.96983486013264,0.0,0.0,0.6983952941875,0.6983952941875
High RES,IDA1,43,171.787,12.164020300000002,52.5,195.0,101.08048724169552,6.303780685903543,0.6653990724009295,-77.04608896824335,-49.58242212357632,-231.23609432828033,0.0,0.0,1.15746977505,1.15746977505
High RES,IDA1,44,171.787,12.1640163,52.5,195.0,101.0804857119398,6.303778451511733,0.6653988365484608,-77.04608896824335,-48.459652445795754,-232.35886400606086,0.0,0.0,1.15746977505,1.15746977505
High RES,IDA1,45,171.787,8.4974073,52.5,195.0,76.70528979018863,3.7916093757087794,0.4002254341025934,-76.38699727436152,-44.08684701484706,-210.73793669279144,0.0,0.0,1.4073267010000001,1.4073267010000001
High RES,IDA1,46,171.787,8.4974094,52.5,195.0,76.70529063782833,3.791610418044728,0.40022554412694356,-76.3869972974244,-45.20166586648204,-209.6231179180935,0.0,0.0,1.4073267010000001,1.4073267010000001
High RES,IDA1,47,171.787,4.53315118,52.5,195.0,45.64873003590241,1.354911977575704,0.14301848652187987,-75.57727249450785,-41.16703387305337,-181.16554686893878,0.0,0.0,1.63159586325,1.63159586325
High RES,IDA1,48,171.787,4.5331481700000005,52.5,195.0,45.64872862928923,1.3549105363212977,0.1430183343894703,-75.57727249197093,-43.517533799565115,-178.81504693496393,0.0,0.0,1.63159586325,1.63159586325
High RES,IDA2,1,171.787,0.015894591190345725,52.5,195.0,0.008345608739564553,0.0068282253323680925,0.0007207571184166319,-72.00464377216731,-58.59508331805918,-135.71188060976382,0.0,0.0,9.397856764400002,9.397856764400002
High RES,IDA2,2,171.787,0.015898591193552875,52.5,195.0,0.008347708979911984,0.006829943710834171,0.0007209385028102736,-72.0046437721682,-58.79601837342588,-135.51094555439948,0.0,0.0,9.397856764400002,9.397856764400002
High RES,IDA2,3,0.0,0.0,52.5,195.0,0.0,0.0,0.0,-71.67104893511478,-56.94846999414008,-130.24494679713277,0.0,0.0,5.682234103032839,5.682234093354809
High RES,IDA2,4,0.0,0.0,52.5,195.0,0.0,0.0,0.0,-71.6710492385685,-57.41740755278872,-129.77601003694733,0.0,0.0,5.682233953991305,5.682233944313273
High RES,IDA2,5,143.264,14.374817930346714,52.5,138.64196280988642,6.628383161100872,5.423222586355259,0.5724512730041662,-66.92491743889465,-49.69914032476824,-110.37112337118381,0.0,0.0,11.614584452250002,11.614584452250002
High RES,IDA2,6,143.264,14.37481732538029,52.5,138.64195788068218,6.62838285879136,5.4232223390111125,0.5724512468956174,-66.92491740794745,-50.57652968134935,-109.49373394058352,0.0,0.0,11.614584452250002,11.614584452250002
High RES,IDA2,7,143.264,10.782007016116873,52.5,132.09000370963184,4.907550137056583,4.015268293955386,0.4238338754730685,-68.56803476650495,-47.52868644315593,-99.28323178820601,0.0,0.0,10.721646940875,10.721646940875
High RES,IDA2,8,143.264,10.782006357508907,52.5,132.09000852526754,4.907549888050354,4.0152680902230165,0.4238338539679851,-68.5680347478466,-49.098268848495835,-97.71364934291647,0.0,0.0,10.721646940875,10.721646940875
High RES,IDA2,9,143.264,8.705154583098686,52.5,131.38143146115075,3.9586527136719636,3.238897674822516,0.34188364345348776,-70.62236170011215,-49.14689515084178,-91.81626629164474,0.0,0.0,10.08232927975,10.08232927975
High RES,IDA2,10,143.264,8.70515458309867,52.5,131.38143146115075,3.9586527136719565,3.2388976748225096,0.34188364345348715,-70.62236170011215,-51.71920475313893,-89.24395668934756,0.0,0.0,10.08232927975,10.08232927975
High RES,IDA2,11,143.264,6.322099821619034,52.5,140.92747367644327,2.935523104388233,2.4017916308630998,0.2535224499244383,-73.02889860529487,-56.30456707018004,-88.27735747441912,0.0,0.0,9.296258284137501,9.296258284137501
High RES,IDA2,12,143.264,6.3220997235885115,52.5,140.9274736558509,2.935523021723814,2.401791563228575,0.2535224427852385,-73.02889860595582,-60.16668951723343,-84.41523502867427,0.0,0.0,9.296258284137501,9.296258284137501
High RES,IDA2,13,171.787,4.268640217823787,52.5,136.6342860393536,31.361440195882693,0.4131878133957165,0.043614269191770076,-77.60322353563097,-71.51219334804203,-88.64691837537701,7.787000038262561e-05,7.787000082902214e-05,8.404825970612501,8.404825970612501
High RES,IDA2,14,171.787,4.268640217823787,52.5,136.63428602625385,31.361440153544095,0.413187773088718,0.04361426493714245,-77.60322349972807,-76.81026628848329,-83.34884536083864,7.787000038262561e-05,7.787000082902214e-05,8.404825970612501,8.404825970612501
High RES,IDA2,15,156.19,9.856786999999999,52.5,139.67709158417003,27.478116190023727,4.547340512830884,-8.678511242976583e-10,-83.83651226315432,-84.42156057641135,-79.77535299891424,5.0560379013024415,5.0560379013024415,6.859400569859101,6.859400569859101
High RES,IDA2,16,156.19,9.856786999999999,52.5,139.67709158417003,27.478116190023727,4.547340512830884,-8.678511242976583e-10,-83.83651223133441,-90.11661169741126,-74.08030181559386,5.056037904232246,5.056037904232246,6.859400569859101,6.859400569859101
High RES,IDA2,17,143.264,37.98062506405575,52.5,106.40242035959922,10.161480723386454,8.313939228225278,0.8775823852015574,-88.15797374940377,-90.18744678102189,-64.68263849179338,26.760398111347016,26.760398111347016,5.62592015155625,5.62592015155625
High RES,IDA2,18,143.264,37.98062606405575,52.5,106.40242055502904,10.161481145833797,8.313938573864018,0.8775824216856463,-88.1579737165397,-95.02540244879087,-59.84468276629097,26.760398116048272,26.760398116048272,5.62592015155625,5.62592015155625
High RES,IDA2,19,143.264,38.93805300729784,52.5,33.10298048372704,8.510221331541295,6.962908271261059,0.7349736286331117,-92.64702418214596,-77.58086262060323,-43.314191086568464,51.362805003396325,51.362805003396325,4.50269283368125,4.50269283368125
High RES,IDA2,20,143.264,38.93805300729784,52.5,33.10298048372704,8.510221331541295,6.962908271261059,0.7349736286331117,-92.64702418214597,-80.54008364713734,-40.354970060034354,51.36280500339632,51.36280500339632,4.50269283368125,4.50269283368125
High RES,IDA2,21,137.83,24.50041947320248,31.429692816443733,15.031630905660379,4.913727073052738,4.020322005224964,0.4243673472181908,-85.4548167312452,-70.85141991105881,-32.33062533592288,63.562675912913456,63.562675912913456,2.8458855074000002,2.8458855074000002
High RES,IDA2,22,137.83,24.50041947320248,31.42969278059402,15.031630599456296,4.913726727591722,4.020321722575042,0.4243673173829212,-85.4548166954765,-72.5268513714724,-30.65519383232052,63.56267592343473,63.56267592343473,2.8458855074000002,2.8458855074000002
High RES,IDA2,23,137.83,16.479747184444207,20.004569954756455,10.180509165975145,3.2600092487924712,2.6672802762847505,0.2815462569411681,-79.6797556844411,-67.49509548262192,-26.9373509101572,67.37091504907261,67.37091504907261,1.4882291581625002,1.4882291581625002
High RES,IDA2,24,137.83,16.47974655444421,20.004569864849806,10.180508654626282,3.2600089718860588,2.6672801042704144,0.28154623711743254,-79.6797556971776,-68.18044478853628,-26.252001619337484,67.37091503798817,67.37091503798817,1.4882291581625002,1.4882291581625002
High RES,IDA2,25,137.83,14.262972803895355,26.17667326573372,8.985595867537537,2.912248637734657,2.3827488854192644,0.2515123873498112,-77.06754990420312,-69.92752611667498,-26.603765915335316,65.39104180066921,65.39104180066921,1.05398985055,1.05398985055
High RES,IDA2,26,137.83,14.262972073895355,26.176673192616978,8.985595350856372,2.9122484548123166,2.382748708482805,0.2515123670065183,-77.06754990420312,-69.65304005115577,-26.878251980854518,65.39104180066923,65.39104180066923,1.05398985055,1.05398985055
High RES,IDA2,27,137.83,26.5043249015688,39.37039862303201,17.15481482285079,5.693460056549606,4.6582856826314964,0.49170787761110235,-80.43382935359254,-72.46920600932397,-29.175053090424612,56.41812263539557,56.41812263539557,0.9365872189375001,0.9365872189375001
High RES,IDA2,28,137.83,26.5043249015688,39.37039862303201,17.15481482285079,5.693460056549606,4.6582856826314964,0.49170787761110235,-80.4338293711868,-70.95335987765058,-30.690899244331888,56.41812261030962,56.41812261030962,0.9365872189375001,0.9365872189375001
High RES,IDA2,29,143.264,40.70238468680126,52.5,49.9997477251206,9.77847365911508,8.000569630185064,0.8445045387417567,-83.63737207628462,-81.75825654530968,-39.13779701990976,40.747405014002034,40.747405014002034,0.95765948516875,0.95765948516875
High RES,IDA2,30,143.264,40.70238468680126,52.5,49.99974801216501,9.778474033459306,8.000569936466706,0.8445045710714855,-83.63737207628462,-78.24955391996366,-42.64649964525579,40.74740501400203,40.74740501400203,0.95765948516875,0.95765948516875
High RES,IDA2,31,143.264,46.72735925771714,52.5,120.64866307794118,13.945500866686606,11.40995480001631,1.2043841566683882,-83.68398955490441,-98.01981363501598,-62.39917024581894,21.107499714157175,21.107499714157175,1.0897374680562502,1.0897374680562502
High RES,IDA2,32,143.264,46.72735825771715,52.5,120.64866272426822,13.94550000226668,11.40995509276365,1.2043840820139404,-83.68398953356834,-91.15670758576867,-69.26227625416578,21.107499733038892,21.107499733038892,1.0897374680562502,1.0897374680562502
High RES,IDA2,33,156.19,10.444244258835216,52.5,142.20144312592018,69.28912683936322,9.052006925908229,-4.115413143601643e-08,-81.8311162074097,-106.38618412187657,-98.09709231389392,5.104781830952594,5.104781830952594,1.53112629661875,1.53112629661875
High RES,IDA2,34,156.19,10.444244258835216,52.5,142.20144312592018,69.28912683936322,9.052006925908229,-4.115413143601643e-08,-81.83111620740972,-95.93451041464577,-108.5487660211247,5.104781830952588,5.104781830952588,1.53112629661875,1.53112629661875
High RES,IDA2,35,156.19,10.1674874928,52.5,143.132680652848,130.87936421182297,12.414531762609176,-2.7280142589347633e-08,-81.70704546210284,-108.7910008350688,-151.85578455657839,0.0,0.0,1.713627209975,1.713627209975
High RES,IDA2,36,156.19,10.1674876928,52.5,143.13268016264806,130.87936336954058,12.41452985430171,1.350962497426167e-08,-81.70704543823659,-95.78667699546423,-164.8601083200492,0.0,0.0,1.713627209975,1.713627209975
High RES,IDA2,37,156.19,8.63063304,52.5,195.0,108.62260740435553,12.304947634753788,-3.910932244721721e-08,-80.00518165811607,-93.71938470272853,-197.64708140985542,0.0,0.0,1.47204868035,1.47204868035
High RES,IDA2,38,156.19,8.63063254,52.5,195.0,108.62260432822198,12.304943181005243,-9.227224317953642e-09,-80.00518165811607,-81.99613215117037,-209.37033396141354,0.0,0.0,1.47204868035,1.47204868035
High RES,IDA2,39,156.19,6.529683572000001,52.5,195.0,116.33174971725029,9.928547429120345,-4.63706304465461e-08,-78.52181775639525,-73.58505638991369,-223.55368535461605,0.0,0.0,0.9501336544625,0.9501336544625
High RES,IDA2,40,156.19,6.5296838720000006,52.5,195.0,116.33175007929411,9.928547706166135,1.4539758952381021e-08,-78.52181775639525,-65.54187885339806,-231.5968628911317,0.0,0.0,0.9501336544625,0.9501336544625
High RES,IDA2,41,156.19,4.397230282962499,52.5,195.0,114.01260539118707,6.7310580239174875,-1.4142042870091132e-08,-77.18228913990613,-58.482148401834024,-233.9000102466348,0.0,0.0,0.66038995270625,0.66038995270625
High RES,IDA2,42,156.19,4.3972299829625,52.5,195.0,114.01260575176798,6.731058902286504,4.6908020134850403e-08,-77.18228913990615,-54.24576859824756,-238.1363900502213,0.0,0.0,0.66038995270625,0.66038995270625
High RES,IDA2,43,156.19,3.0410047744249997,52.5,195.0,101.08048724338781,4.147928688375339,2.6618414139534252e-09,-76.39137900108348,-49.16108852449366,-229.27113312452286,0.0,0.0,1.0475929228375,1.0475929228375
High RES,IDA2,44,156.19,3.041004744425,52.5,195.0,101.08048571363209,4.147926253983529,-3.1906274289283942e-09,-76.39137899893053,-48.04785973846218,-230.38436190270724,0.0,0.0,1.0475929228375,1.0475929228375
High RES,IDA2,45,156.19,2.12435267,52.5,195.0,76.70528979018863,2.3730300757087797,4.102593431642987e-09,-75.89706024669604,-43.80407927221651,-209.38628887308747,0.0,0.0,1.2545527310000002,1.2545527310000002
High RES,IDA2,46,156.19,2.12435278,52.5,195.0,76.70529063782833,2.373031118044728,4.126943564664032e-09,-75.89706023516459,-44.911747789225444,-208.2786203176099,0.0,0.0,1.2545527310000002,1.2545527310000002
High RES,IDA2,47,156.19,1.1332881382124997,52.5,195.0,45.64873003975301,0.7928610015211378,-3.0616576773834225e-09,-75.28976664371007,-41.01042908026526,-180.47636938252467,0.0,0.0,1.4174865291437502,1.4174865291437502
High RES,IDA2,48,156.19,1.1332881182124999,52.5,195.0,45.64872863313983,0.7928594202667315,4.805932735107987e-09,-75.28976664371007,-43.35198739842191,-178.134811064368,0.0,0.0,1.4174865291437502,1.4174865291437502
High RES,IDA3,1,171.787,7.97627695532,52.5,195.0,4.1963669233075835,3.4333911190698383,0.3616927498929274,-72.81217889642576,-59.252229654869105,-137.23389508869545,0.0,0.0,6.903426635300002,6.903426635300002
High RES,IDA3,2,171.787,7.9762771267,52.5,195.0,4.196369076053898,3.433392880407732,0.36169275443192733,-72.81217889372287,-59.455418203169465,-137.03070653310124,0.0,0.0,6.903426635300002,6.903426635300002
High RES,IDA3,3,0.0,0.0,52.5,195.0,0.0,0.0,0.0,-71.67104893511478,-56.94846999414008,-130.24494679713277,0.0,0.0,5.682234103032839,5.682234093354809
High RES,IDA3,4,0.0,0.0,52.5,195.0,0.0,0.0,0.0,-71.6710492385685,-57.41740755278872,-129.77601003694733,0.0,0.0,5.682233953991305,5.682233944313273
High RES,IDA3,5,143.264,26.998875263500004,52.5,141.93025300998937,12.449471795342756,10.185931487098621,1.0751816614159655,-69.42569465702672,-51.55624351803565,-114.49535095978433,0.0,0.0,8.6682293555,8.6682293555
High RES,IDA3,6,143.264,26.998874643500006,52.5,141.9302483292671,12.449471662565397,10.18593143300805,1.0751816440397388,-69.42569462607952,-52.46641820266531,-113.58517620113548,0.0,0.0,8.6682293555,8.6682293555
High RES,IDA3,7,143.264,20.12865891875,52.5,134.7696315452285,9.161782740382925,7.496004023949666,0.7912448653057982,-70.5211061724958,-48.8824793405685,-102.11118568480258,0.0,0.0,8.398052721500001,8.398052721500001
High RES,IDA3,8,143.264,20.12865878875,52.5,134.76963604723645,9.161782330990302,7.496003725355702,0.7912448426764351,-70.52110624934498,-50.49676933073278,-100.49689585918112,0.0,0.0,8.398052721500001,8.398052721500001
High RES,IDA3,9,143.264,16.244588701,52.5,133.55676901738704,7.387196350302071,6.044069704792604,0.637985141616997,-71.89065750898092,-50.02951645715568,-93.46518007646208,0.0,0.0,7.62966739925,7.62966739925
High RES,IDA3,10,143.264,16.244588701,52.5,133.55676901738704,7.387196350302064,6.044069704792598,0.6379851416169964,-71.89065750898091,-52.648021760207776,-90.84667477340996,0.0,0.0,7.62966739925,7.62966739925
High RES,IDA3,11,143.264,11.912936925725,52.5,142.30541555197297,5.531500985397695,4.525773560779932,0.47772053919343727,-73.49501544101805,-56.663938594887846,-88.84079966398814,0.0,0.0,6.829673671275001,6.829673671275001
High RES,IDA3,12,143.264,11.912936815725,52.5,142.30541551981383,5.531500956300555,4.525773455154998,0.4777205380441387,-73.495015441679,-60.550711561507086,-84.95402669867744,0.0,0.0,6.829673671275001,6.829673671275001
High RES,IDA3,13,171.787,4.3122544067750015,52.5,136.77428543005922,31.81391959935521,0.8439551694129878,0.04546988777137094,-76.54456541189141,-70.53662866161406,-87.43760288554455,7.787000038262561e-05,7.787000082902214e-05,6.270505901725,6.270505901725
High RES,IDA3,14,171.787,4.312254402775002,52.5,136.77428543005922,31.81391959935521,0.8439551694129876,0.0454698917713709,-76.5445654086275,-75.76242566771093,-82.21180587271157,7.787000038262561e-05,7.787000082902214e-05,6.270505901725,6.270505901725
High RES,IDA3,15,156.17,9.856787069843202,52.5,139.67709159290607,25.765254720424863,4.0536617618158743e-08,2.132439379842183e-09,-80.70009118704274,-81.26325216492874,-76.79086459707506,5.344822536585755,5.344822536585755,5.0611080349375,5.0611080349375
High RES,IDA3,16,156.17,9.856786969843203,52.5,139.67709159290607,25.76525482042486,4.0536617618158743e-08,2.132439379842183e-09,-80.70009121886267,-86.74524489101785,-71.30887193330642,5.34482253365595,5.34482253365595,5.0611080349375,5.0611080349375
High RES,IDA3,17,143.264,22.4363274363875,52.5,107.94657427557978,3.6572437765500627,2.992290609255117,0.31585289141504935,-83.58106554143237,-85.50517417569404,-61.324502109622514,27.415132353611952,27.415132353611952,4.0842577283625,4.0842577283625
High RES,IDA3,18,143.264,22.4363268663875,52.5,107.94657444945733,3.6572441486564777,2.9922905311346746,0.3158528935515126,-83.58106554143235,-90.09195714628004,-56.73771913903652,27.415132353611952,27.415132353611952,4.0842577283625,4.0842577283625
High RES,IDA3,19,143.264,18.596795693137498,52.5,33.972148046762506,1.1354134942560785,0.9289746230612126,0.09805843422020888,-86.57376583633057,-72.49523115488223,-40.4748308930714,52.1462708008796,52.1462708008796,3.3083466021125,3.3083466021125
High RES,IDA3,20,143.264,18.596795693137498,52.5,33.972148046762506,1.1354134942560785,0.9289746230612126,0.09805843422020888,-86.57376583633058,-75.26046738854077,-37.70959465941286,52.1462708008796,52.1462708008796,3.3083466021125,3.3083466021125
High RES,IDA3,21,137.83,10.918517127200001,31.451836059155973,15.220763567214153,0.22603880124832187,0.1849408648105757,0.01952153237098292,-81.77896084550109,-67.80373203510825,-30.93991707655584,64.6439198523826,64.6439198523826,2.0658351688,2.0658351688
High RES,IDA3,22,137.83,10.9185163972,31.45183600398599,15.220763095989335,0.2260386585439198,0.18494072077970047,0.01952151550105724,-81.77896084550108,-69.40709450809788,-29.336554603566192,64.6439198523826,64.6439198523826,2.0658351688,2.0658351688
High RES,IDA3,23,137.83,7.022375961825,20.01225754021976,10.224232718151331,0.05127517270668491,0.041952350400681127,0.004428303096535358,-77.92892017481688,-66.01199844145557,-26.345445599911358,68.8946506235544,68.8946506235544,1.08145905725,1.08145905725
High RES,IDA3,24,137.83,7.022375541825001,20.01225742401993,10.224232057258602,0.05127492035206638,0.04195223482490862,0.004428288119486923,-77.9289201748169,-66.6822882791238,-25.67515576224313,68.8946506235544,68.8946506235544,1.08145905725,1.08145905725
High RES,IDA3,25,137.83,6.04848149195,26.188393045979293,9.068413968796214,0.09665274298180426,0.07907947153056671,0.008347276437111445,-76.1874496344486,-69.12896388555367,-26.299954757621375,67.28473708637432,67.28473708637432,0.803004049575,0.803004049575
High RES,IDA3,26,137.83,6.04848117195,26.188392956892592,9.068413339262953,0.09665252816861836,0.07907938669555792,0.008347264705269253,-76.18744963292325,-68.8576124098114,-26.571306231453075,67.28473708965639,67.28473708965639,0.803004049575,0.803004049575
High RES,IDA3,27,137.83,11.330373672325,39.39425331526806,17.47793523117533,0.3893656659680058,0.3185719263707565,0.03362703621785007,-78.43163595113906,-70.66527142957081,-28.44881514697067,59.272856547565276,59.272856547565276,0.6931272227749999,0.6931272227749999
High RES,IDA3,28,137.83,11.330373672325,39.39425331329576,17.477935204459875,0.38936563377541766,0.31857190003136626,0.033627033437581055,-78.43163592963498,-69.18715835630428,-29.92692819306249,59.272856578225856,59.272856578225856,0.6931272227749999,0.6931272227749999
High RES,IDA3,29,143.264,19.0984265191125,52.5,51.20086402752324,1.7413797046160315,1.4247652742448738,0.15039188589085495,-80.56733107667067,-78.75719143027806,-37.70118275881007,44.2839315261294,44.2839315261294,0.7202201456125,0.7202201456125
High RES,IDA3,30,143.264,19.0984271491125,52.5,51.20086450050248,1.7413800488751416,1.4247655013659672,0.15039191153141473,-80.56733107667067,-75.37728124123004,-41.08109294785811,44.2839315261294,44.2839315261294,0.7202201456125,0.7202201456125
High RES,IDA3,31,143.264,26.9481720599875,52.5,122.63751519870823,5.511829842581744,4.509678883362049,0.4760216366479625,-80.59840940085232,-94.40564570080608,-60.09839990296267,23.83813509859804,23.83813509859804,0.8955715380625001,0.8955715380625001
High RES,IDA3,32,143.264,26.9481709599875,52.5,122.63751469095342,5.511829548049331,4.509678797449794,0.4760216248474365,-80.59840937951623,-87.79559479223303,-66.70845077063525,23.83813511747976,23.83813511747976,0.8955715380625001,0.8955715380625001
High RES,IDA3,33,156.17,10.4442443542625,52.5,142.2014431259554,67.99848783946376,2.6022277666015725e-08,-4.11414553653624e-08,-79.36316050605625,-103.17766880621907,-95.13856883917259,6.00940678508645,6.00940678508645,1.4803270694875001,1.4803270694875001
High RES,IDA3,34,156.17,10.4442443542625,52.5,142.2014431259554,67.99848783946376,2.6022277666015725e-08,-4.11414553653624e-08,-79.36316050605626,-93.04120853991296,-105.2750291054787,6.009406785086446,6.009406785086446,1.4803270694875001,1.4803270694875001
High RES,IDA3,35,156.19,10.167488092425,52.5,143.13268065285195,130.87936421182977,2.2666107626219656,-2.7278692559202695e-08,-79.28044665931168,-105.56004185365177,-147.34585444078658,0.0,0.0,1.7038436637625003,1.7038436637625003
High RES,IDA3,36,156.19,10.167488092425,52.5,143.132680162652,130.87936336954738,2.2666088543144998,1.351107500438933e-08,-79.28044665931166,-92.94193047222629,-159.96396582221206,0.0,0.0,1.7038436637625003,1.7038436637625003
High RES,IDA3,37,156.19,8.630632627575,52.5,195.0,108.622607407186,3.8880480390154695,-3.8626470058211124e-08,-78.14587080029229,-91.54135740555945,-193.0537868648483,0.0,0.0,1.3651821665625001,1.3651821665625001
High RES,IDA3,38,156.19,8.630632627575,52.5,195.0,108.62260433105244,3.8880435852669244,-8.744371941856328e-09,-78.14587080029227,-80.0905518418885,-204.5045924285192,0.0,0.0,1.3651821665625001,1.3651821665625001
High RES,IDA3,39,156.19,6.529683872750001,52.5,195.0,116.33174971751589,3.5305652295560677,-4.6321952403222624e-08,-77.15696154182795,-72.30601033134381,-219.6679037277532,0.0,0.0,0.8842828180875001,0.8842828180875001
High RES,IDA3,40,156.19,6.529683872750001,52.5,195.0,116.33175007955971,3.5305655066018584,1.4588436995664847e-08,-77.15696154182795,-64.40263828022384,-227.57127577887323,0.0,0.0,0.8842828180875001,0.8842828180875001
High RES,IDA3,41,156.19,4.397230092387501,52.5,195.0,114.01260539132477,2.4098386241426013,-1.4117357719913419e-08,-76.26394246051018,-57.786303702392516,-231.11697154547224,0.0,0.0,0.6223846065124999,0.6223846065124999
High RES,IDA3,42,156.19,4.397230092387501,52.5,195.0,114.01260575190568,2.409839502511618,4.6932705285056394e-08,-76.26394245842174,-53.600330089855156,-235.3029451500981,0.0,0.0,0.6223846065124999,0.6223846065124999
High RES,IDA3,43,156.19,3.041004704625,52.5,195.0,101.08048724514069,1.3266776909674025,2.941901814956161e-09,-75.73666903607656,-48.73975492679649,-227.30617192722696,0.0,0.0,0.9377160705250002,0.9377160705250002
High RES,IDA3,44,156.19,3.041004704625,52.5,195.0,101.08048571538497,1.3266752565755926,-2.910567031382862e-09,-75.73666903392362,-47.63606703383688,-228.40985981233948,0.0,0.0,0.9377160705250002,0.9377160705250002
High RES,IDA3,45,156.19,2.1243527249750005,52.5,195.0,76.70528979228585,0.5542252783084791,4.380672216628025e-09,-75.4071231913551,-43.521311513613036,-208.0346409770319,0.0,0.0,1.1017787685125,1.1017787685125
High RES,IDA3,46,156.19,2.1243526249750007,52.5,195.0,76.70529063992555,0.5542264206444274,4.405022351194861e-09,-75.40712320519282,-44.621829731075145,-206.93412280573196,0.0,0.0,1.1017787685125,1.1017787685125
High RES,IDA3,47,156.19,1.1332881037625002,52.5,195.0,45.6487300415138,0.0877915633309665,-2.8697749974953567e-09,-75.00226080052305,-40.85382429162273,-179.78719191435422,0.0,0.0,1.2033771972625,1.2033771972625
High RES,IDA3,48,156.19,1.1332881037625002,52.5,195.0,45.64872863490062,0.0877899820765603,4.997815413381777e-09,-75.00226080052305,-43.18644100020023,-177.45457520577668,0.0,0.0,1.2033771972625,1.2033771972625
High demand,DAM,1,156.17,315.531531,52.5,195.0,66.116963,0.0,0.0,-85.59133692150226,-69.65150101094363,-161.31961342445408,0.0,0.0,1.4727433745923078,1.4727433923076922
High demand,DAM,2,156.17,315.531531,52.5,195.0,66.116963,0.0,0.0,-85.59133692150226,-69.8903508839951,-161.0807635514026,0.0,0.0,1.4727433745923078,1.4727433923076922
High demand,DAM,3,156.17,308.06602699999996,52.5,195.0,58.567175000000006,0.0,0.0,-85.59133549173153,-68.00926836079532,-155.54172992394814,0.0,0.0,1.537581106475,1.5375811
High demand,DAM,4,156.17,308.066034,52.5,195.0,58.567175000000006,0.0,0.0,-85.59133741560969,-68.56928643219148,-154.98171692867382,0.0,0.0,1.537581106475,1.5375811
High demand,DAM,5,156.17,288.813225,52.5,195.0,38.537702,0.0,0.0,-85.59133774572354,-63.56101836135276,-141.1553792109237,0.0,0.0,2.1350147303076925,2.135014707692308
High demand,DAM,6,156.17,288.813223,52.5,195.0,38.537701,0.0,0.0,-85.59133716188373,-64.68312509930428,-140.03327105681197,0.0,0.0,2.1350147303076925,2.135014707692308
High demand,DAM,7,156.17,266.832373,52.5,195.0,15.581509000000002,0.0,0.0,-85.5913364643681,-59.328574997137004,-123.93215769074489,0.0,0.0,2.8852802145576923,2.885280207692307
High demand,DAM,8,156.17,266.832374,52.5,195.0,15.581509000000002,0.0,0.0,-85.59133677864844,-61.28783594305274,-121.97289743054883,0.0,0.0,2.8852802145576923,2.885280207692307
High demand,DAM,9,156.17,254.96581000000003,52.5,195.0,4.7414703,0.0,0.0,-85.59133518831376,-59.563972007012175,-111.27745707142408,0.0,0.0,2.095648964442308,2.0956489923076926
High demand,DAM,10,156.17,254.965811,52.5,195.0,4.7414703,0.0,0.0,-85.59133551907946,-62.68150341477968,-108.15992633289086,0.0,0.0,2.095648964442308,2.0956489923076926
High demand,DAM,11,156.17,254.02306099999998,52.5,195.0,4.6265579,0.0,0.0,-85.59133603964202,-65.9900835484477,-103.46283611336025,0.0,0.0,1.4588495791423077,1.458849592307692
High demand,DAM,12,156.17,254.02306299999998,52.5,195.0,4.6265579,0.0,0.0,-85.59133670663677,-70.51656918613992,-98.93635180867331,0.0,0.0,1.4588495791423077,1.458849592307692
High demand,DAM,13,156.17,261.158508,52.5,195.0,11.656565,0.0,0.0,-85.59133629103141,-78.87332395160388,-97.7718174064147,5.9899999605492635e-05,5.989999868497546e-05,1.5398967313580867,1.5398967076936227
High demand,DAM,14,156.17,261.158508,52.5,195.0,11.656565,0.0,0.0,-85.59133629103141,-84.7167557719612,-91.92838558605736,5.9899999605492635e-05,5.989999868497546e-05,1.5398967313580867,1.5398967076936227
High demand,DAM,15,130.24,249.24756900000003,52.5,189.36065,0.0,0.0,0.0,-85.59133653929332,-86.18863079210185,-81.44517110447985,4.55568600987529,4.555686032917632,1.1265560536920178,1.12655605939006
High demand,DAM,16,130.24,249.247569,52.5,189.36065,0.0,0.0,0.0,-85.59133653929332,-92.00288793231034,-75.63091396427133,4.55568600987529,4.555686032917632,1.1265560536920178,1.12655605939006
High demand,DAM,17,130.24,219.946466,52.5,137.720933,0.0,0.0,0.0,-85.59133613472034,-87.56172299368433,-62.79946349112033,22.095846835239364,22.09584691746454,0.7699483719779452,0.7699483748431507
High demand,DAM,18,130.24,219.946466,52.5,137.720933,0.0,0.0,0.0,-85.59133613472034,-92.25882610502532,-58.102360379779334,22.095846835239364,22.09584691746454,0.7699483719779452,0.7699483748431507
High demand,DAM,19,130.24,167.861736,52.5,60.7288784,0.0,0.0,0.0,-85.591336993093,-71.67256370873484,-40.01552728069717,41.31784790947871,41.31784769826237,0.7074262592001338,0.7074262555837794
High demand,DAM,20,130.24,167.861735,52.5,60.7288784,0.0,0.0,0.0,-85.59133648572971,-74.4064200735611,-37.2816704232342,41.31784790947871,41.31784769826237,0.7074262592001338,0.7074262555837794
High demand,DAM,21,125.3,152.693223,26.88108,58.5,0.0,0.0,0.0,-85.59133689997846,-70.96460996013079,-32.38227579229075,51.389544234728056,51.389543849093535,0.3890265307488667,0.38902652782955566
High demand,DAM,22,125.3,152.693222,26.88108,58.5,0.0,0.0,0.0,-85.59133634096268,-72.64271779849791,-30.704167512939392,51.389544234728056,51.389543849093535,0.3890265307488667,0.38902652782955566
High demand,DAM,23,125.3,148.147563,17.4375214,58.5,0.0,0.0,0.0,-85.59133701536685,-72.50267521748924,-28.935880356218917,55.34009374427549,55.340093847584996,0.20609142741488587,0.20609142779961961
High demand,DAM,24,125.3,148.147562,17.4375214,58.5,0.0,0.0,0.0,-85.59133643845772,-73.23887151286266,-28.19968363775463,55.34009374427549,55.340093847584996,0.20609142741488587,0.20609142779961961
High demand,DAM,25,125.3,154.367432,24.4942725,58.5,0.0,0.0,0.0,-85.59133616100597,-77.6616151880003,-29.54618222586874,54.67086725715312,54.67086692384372,0.23156342064495905,0.23156341923319687
High demand,DAM,26,125.3,154.367432,24.4942725,58.5,0.0,0.0,0.0,-85.59133616100596,-77.3567705532036,-29.85102686066545,54.67086725715312,54.67086692384372,0.23156342064495905,0.23156341923319687
High demand,DAM,27,125.3,158.651623,34.96309,58.5,0.0,0.0,0.0,-85.59133693880776,-77.11601282885572,-31.04579027488651,49.98640330420015,49.98640308066717,0.1586209461960001,0.15862094548666694
High demand,DAM,28,125.3,158.651623,34.96309,58.5,0.0,0.0,0.0,-85.59133693880776,-75.5029689221398,-32.65883418160243,49.98640330420015,49.98640308066717,0.1586209461960001,0.15862094548666694
High demand,DAM,29,130.24,181.525937,52.5,77.42361,0.0,0.0,0.0,-85.59133673530177,-83.66832059919635,-40.05214749900189,39.50537281150578,39.50537307168593,0.188724205532683,0.18872420677560992
High demand,DAM,30,130.24,181.52593700000003,52.5,77.42361,0.0,0.0,0.0,-85.59133673530178,-80.07764647283445,-43.6428216253638,39.505372813572826,39.505373078576085,0.18872420554255764,0.18872420680852542
High demand,DAM,31,130.24,233.61689899999996,52.5,151.310253,0.0,0.0,0.0,-85.59133658073847,-100.25390643684511,-63.82138818984138,22.53800437567353,22.538004085578432,0.39018436559762465,0.39018436057541556
High demand,DAM,32,130.24,233.61689899999996,52.5,151.310253,0.0,0.0,0.0,-85.59133658073847,-93.23437473206573,-70.84091989462075,22.53800437567353,22.538004085578432,0.39018436559762465,0.39018436057541556
High demand,DAM,33,156.17,294.51838,52.5,195.0,37.820997,0.0,0.0,-85.59133580476045,-111.27473305986052,-102.60474937665401,6.014351306822017,6.0143513227400565,1.0605604744529828,1.0605604772599428
High demand,DAM,34,156.17,294.51838499999997,52.5,195.0,37.820997,0.0,0.0,-85.59133724703035,-100.34279639544367,-113.53668959880095,6.014351306822017,6.0143513227400565,1.0605604744529828,1.0605604772599428
High demand,DAM,35,156.17,357.72214800000006,52.5,195.0,108.53788,0.0,0.0,-85.59133497234268,-113.96284053946071,-159.07489064194664,0.0,0.0,1.2955973714423075,1.2955973923076922
High demand,DAM,36,156.17,357.722148,52.5,195.0,108.53788,0.0,0.0,-85.59133497234266,-100.34030127157959,-172.69742990982775,0.0,0.0,1.2955973714423075,1.2955973923076922
High demand,DAM,37,156.17,396.681698,52.5,195.0,148.03025200000002,0.0,0.0,-85.59133579335361,-100.26309746179156,-211.44727581555483,0.0,0.0,0.8857301007,0.8857301
High demand,DAM,38,156.17,396.681698,52.5,195.0,148.03025200000002,0.0,0.0,-85.5913357933536,-87.72129923216819,-223.98907404517817,0.0,0.0,0.8857301007,0.8857301
High demand,DAM,39,156.17,409.076997,52.5,195.0,160.82441699999998,0.0,0.0,-85.59133627743789,-80.21010575611416,-243.68079096737296,0.0,0.0,0.5789085716942307,0.5789085692307692
High demand,DAM,40,156.17,409.077002,52.5,195.0,160.82441699999998,0.0,0.0,-85.59133731934433,-71.44278140774735,-252.4481192738333,0.0,0.0,0.5789085716942307,0.5789085692307692
High demand,DAM,41,156.17,409.53447,52.5,195.0,161.48809599999998,0.0,0.0,-85.59133649987446,-64.85380647400946,-259.3835283644911,0.0,0.0,0.4202876276057692,0.4202876307692307
High demand,DAM,42,156.17,409.53446499999995,52.5,195.0,161.48809599999998,0.0,0.0,-85.59133545796995,-60.155870327817276,-264.08146055258777,0.0,0.0,0.4202876276057692,0.4202876307692307
High demand,DAM,43,156.17,397.16907999999995,52.5,195.0,148.951117,0.0,0.0,-85.59133664254503,-55.081651001291526,-256.88268747626336,0.0,0.0,0.5522787416384616,0.5522787384615384
High demand,DAM,44,156.17,397.16908299999994,52.5,195.0,148.951117,0.0,0.0,-85.59133728655264,-53.834354384151084,-258.1299864493962,0.0,0.0,0.5522787416384616,0.5522787384615384
High demand,DAM,45,156.17,370.69278699999995,52.5,195.0,122.396555,0.0,0.0,-85.59133664536584,-49.39914251320611,-236.131047523428,0.0,0.0,0.6124852604615385,0.6124852615384616
High demand,DAM,46,156.17,370.692788,52.5,195.0,122.396555,0.0,0.0,-85.59133687527009,-50.64829286998398,-234.88189793674593,0.0,0.0,0.6124852604615385,0.6124852615384616
High demand,DAM,47,156.17,336.96580800000004,52.5,195.0,88.690654,0.0,0.0,-85.59133524918056,-46.62170624755427,-205.17015955976518,0.0,0.0,0.5962757941923077,0.5962757923076923
High demand,DAM,48,156.17,336.965811,52.5,195.0,88.690654,0.0,0.0,-85.59133600801336,-49.28365016067834,-202.50821788780826,0.0,0.0,0.5962757965000001,0.5962758
High demand,IDA1,1,156.17,29.089142,52.5,195.0,37.027821,0.0,0.0,-81.87667494604264,-66.62862752920763,-154.3183460522427,0.0,0.0,9.147913018746504,9.147913018746504
High demand,IDA1,2,156.17,29.089142,52.5,195.0,37.027821,0.0,0.0,-81.87667494604263,-66.85711132346849,-154.08986225798185,0.0,0.0,9.147913018746507,9.147913018746507
High demand,IDA1,3,156.17,56.880445,52.5,195.0,1.6867300000000043,0.0,0.0,-75.05726521795562,-59.639093886673294,-136.39858298299853,0.0,0.0,10.954107608813732,10.954107608813734
High demand,IDA1,4,156.17,56.880452,52.5,195.0,1.6867230000000077,0.0,0.0,-75.05726519943595,-60.130186898155266,-135.90748992314616,0.0,0.0,10.95410762536869,10.954107625368692
High demand,IDA1,5,140.553,38.537702,52.5,195.0,0.0,0.0,0.0,-77.83406294890241,-57.80038534059718,-128.36224972080268,0.0,0.0,8.248347218833644,8.248347211468623
High demand,IDA1,6,140.553,38.537701,52.5,195.0,0.0,0.0,0.0,-77.83406266845336,-58.82079400929326,-127.34184037490351,0.0,0.0,8.248347290007587,8.24834728264257
High demand,IDA1,7,140.553,15.581509,52.5,195.0,1.7763568394002505e-15,0.0,0.0,-82.29902936984882,-57.0464761722626,-119.16505463045985,0.0,0.0,5.505280273460398,5.505280269110889
High demand,IDA1,8,140.553,15.581509,52.5,195.0,1.7763568394002505e-15,0.0,0.0,-82.2990296886488,-58.930373324469436,-117.28115816895541,0.0,0.0,5.505280178211578,5.505280173862069
High demand,IDA1,9,140.553,4.7414703,52.5,195.0,0.0,0.0,0.0,-84.74207661366756,-58.97296342302267,-110.17333439216566,0.0,0.0,3.1941891975233725,3.194189221332489
High demand,IDA1,10,140.553,4.7414703,52.5,195.0,0.0,0.0,0.0,-84.74207692235768,-62.05956189247633,-107.08673654656988,0.0,0.0,3.1941891637973936,3.19418918760651
High demand,IDA1,11,140.553,4.6265579,52.5,195.0,0.0,0.0,0.0,-85.13139790222154,-65.63547574049464,-102.90686273741687,0.0,0.0,3.0868688698959055,3.0868688802371875
High demand,IDA1,12,140.553,4.6265579,52.5,195.0,0.0,0.0,0.0,-85.1313984687894,-70.13763753425663,-98.40470207515558,0.0,0.0,3.086868718930168,3.0868687292714503
High demand,IDA1,13,171.787,14.920276999999999,52.5,195.0,12.570047971862861,0.7892110204255532,0.08330560771158617,-90.46116392660042,-83.3609217565266,-103.33466896592297,5.9899999605492635e-05,5.989999868497546e-05,8.107035419525854,8.107035419525856
High demand,IDA1,14,171.787,14.920276999999999,52.5,195.0,12.570047971862861,0.7892110204255532,0.08330560771158617,-90.46116392660043,-89.53682304179884,-97.1587676806507,5.9899999605492635e-05,5.989999868497546e-05,8.107035419525854,8.107035419525856
High demand,IDA1,15,143.264,44.46153724279292,52.5,189.80414818880396,17.301568715698256,14.155828949207665,1.4942263890830312,-100.01887305243746,-100.71684904635192,-95.17381733708565,3.6671179,3.6671179,6.659763956541038,6.659763956541038
High demand,IDA1,16,143.264,44.46153824279292,52.5,189.80414818880396,17.301568715698256,14.155828949207665,1.4942263890830312,-100.01887339044234,-107.51117545143097,-88.37949159400168,3.6671179,3.6671179,6.659763956541038,6.659763956541038
High demand,IDA1,17,143.264,62.06879395270392,52.5,144.0445939454009,24.288199526507558,19.872163248960728,2.0976172318347435,-106.64511423980245,-109.10017728286584,-78.2468910968567,20.081279899999995,20.081279899999995,5.513525073410548,5.513525073410548
High demand,IDA1,18,143.264,62.06879395270391,52.5,144.0445939454009,24.288199526507558,19.872163248960728,2.0976172318347435,-106.64511423980245,-114.95267498342268,-72.39439339629986,20.081279899999995,20.081279899999995,5.513525073410548,5.513525073410548
High demand,IDA1,19,143.264,69.21327760774106,52.5,75.7422687210772,24.599078575336648,20.126518834366347,2.124465876960892,-113.52832529937275,-95.06646852770812,-53.07658415544412,38.907184,38.907184,4.382337757391957,4.382337757391957
High demand,IDA1,20,143.264,69.21327760774109,52.5,75.74226896376312,24.599078972971714,20.12651915970413,2.1244659113021025,-113.52832486551436,-98.6926548553944,-49.45039726161626,38.907184,38.907184,4.382337757391957,4.382337757391957
High demand,IDA1,21,137.83,43.97936688382159,28.60830840186814,67.70283434489045,14.83240700275384,12.135605729525869,1.2809806047832863,-102.50027366954984,-84.9839740877284,-38.779533695121756,48.06264,48.06264,2.789181429289211,2.789181429289211
High demand,IDA1,22,137.83,43.97936758382159,28.608308445953643,67.70283457978213,14.83240738133384,12.135606039273142,1.2809806374788317,-102.50027353364615,-86.99359956035734,-36.76990805839649,48.06264,48.06264,2.789181429289211,2.789181429289211
High demand,IDA1,23,137.83,26.975687991860486,18.89048548690326,64.15646257142514,9.116642972260289,7.459071522758418,0.7873464385133886,-93.64517990066976,-79.32492142564664,-31.6586446627586,50.6516765,50.6516765,1.4576917276072527,1.4576917276072527
High demand,IDA1,24,137.83,26.975689091860485,18.890485546274586,64.15646280256071,9.116643344786496,7.459071827552587,0.7873464706861064,-93.64517994643322,-80.13039153026035,-30.853174612381437,50.6516765,50.6516765,1.4576917276072527,1.4576917276072527
High demand,IDA1,25,137.83,20.772888080996847,25.417149843137732,62.99810694395638,7.24969617340955,5.931569596425995,0.6261101240671884,-89.63979767379281,-81.33500157613999,-30.943713624942205,48.8441127,48.8441127,1.003827424939078,1.0038274249390777
High demand,IDA1,26,137.83,20.772888080996843,25.417149843137732,62.99810694395638,7.24969617340955,5.931569596425995,0.6261101240671884,-89.6397976737928,-81.01573782105758,-31.262977380024616,48.8441127,48.8441127,1.003827424939078,1.0038274249390777
High demand,IDA1,27,137.83,38.41647548486733,36.09291635396247,67.2940975528686,14.17363708154648,11.596612157628938,1.2240868388608324,-94.8014261724118,-85.4141116801046,-34.38648469003358,41.2026067,41.2026067,0.9077286258413337,0.9077286258413336
High demand,IDA1,28,137.83,38.41647538486733,36.09291635885902,67.29409759098134,14.173637142973586,11.59661220788748,1.2240868441659007,-94.80142612823634,-83.62749551497589,-36.17310079933776,41.2026067,41.2026067,0.9077286258413337,0.9077286258413336
High demand,IDA1,29,143.264,56.29875298319171,52.5,89.43980342617601,22.483787380771965,18.395826038813425,1.9417816374303063,-99.7135247975198,-97.4732196750158,-46.66057286096441,28.6237527,28.6237527,0.9193067861541464,0.9193067861541464
High demand,IDA1,30,143.264,56.29875319214891,52.5,89.43980342813875,22.48378738444448,18.39582604181821,1.9417816377474777,-99.71352487930339,-93.29010044069878,-50.84369221349785,28.6237527,28.6237527,0.9193067861755415,0.9193067861755415
High demand,IDA1,31,143.264,58.20629346125196,52.5,156.69358992144944,27.10782744333306,22.179131544545232,2.3411305519242194,-99.7850050146428,-116.87907862814359,-74.40493156463857,14.1360495,14.1360495,0.9876179980865201,0.9876179980865201
High demand,IDA1,32,143.264,58.206294461251964,52.5,156.69358992144944,27.10782744333306,22.179131544545232,2.3411305519242194,-99.7850053574653,-108.69549367225252,-82.58851717770713,14.1360495,14.1360495,0.9876179980865201,0.9876179980865201
High demand,IDA1,33,171.787,45.28789982956207,52.5,195.0,59.31628717632342,21.23818973659778,2.241808916640877,-96.94393270540264,-126.03390436658744,-116.2139581692849,3.2308899,3.2308899,1.2168657858564629,1.2168657858564629
High demand,IDA1,34,171.787,45.28789482956208,52.5,195.0,59.31628478664558,21.238187375502353,2.2418086674141375,-96.94393270540264,-113.65198414488988,-128.59587839098245,3.2308899,3.2308899,1.2168657858564629,1.2168657858564629
High demand,IDA1,35,171.787,46.770450000000004,52.5,195.0,125.30779325691289,27.081706199777287,2.8586245433098245,-96.75369080604557,-128.82525365769837,-179.82057169000612,0.0,0.0,1.3257005813749998,1.325700581375
High demand,IDA1,36,171.787,46.770451,52.5,195.0,125.30779325691289,27.081706199777287,2.8586245433098245,-96.75369104470812,-113.42613727507725,-195.21968883396465,0.0,0.0,1.3257005813749998,1.325700581375
High demand,IDA1,37,171.787,39.700912599999995,52.5,195.0,158.4001716668449,25.935696482250854,2.7376568509042567,-94.14416620577505,-110.2820235801763,-232.57643188474864,0.0,0.0,1.21455015535,1.21455015535
High demand,IDA1,38,171.787,39.7009137,52.5,195.0,158.4001716668449,25.935696482250854,2.7376568509042567,-94.14416644274978,-96.48696938016882,-246.37148694778136,0.0,0.0,1.21455015535,1.21455015535
High demand,IDA1,39,171.787,30.036546900000005,52.5,195.0,167.61611311279356,20.658948139181696,2.1806667480247346,-91.8696750644877,-86.09371781377011,-261.5553870226672,0.0,0.0,0.7815265304625,0.7815265304625
High demand,IDA1,40,171.787,30.0365416,52.5,195.0,167.61611196675986,20.658944653182015,2.180666380058102,-91.8696750017807,-76.6832872864479,-270.9658173126964,0.0,0.0,0.7815265304625,0.7815265304625
High demand,IDA1,41,171.787,20.2272583,52.5,195.0,166.03099539421058,13.975308186141174,1.475171419648235,-89.81573121094007,-68.05469208066849,-272.1855063467665,0.0,0.0,0.5372271541875,0.5372271541875
High demand,IDA1,42,171.787,20.2272635,52.5,195.0,166.03099653031154,13.975311681125234,1.475171788563219,-89.81573125270941,-63.1248882134774,-277.11531037218816,0.0,0.0,0.5372271541875,0.5372271541875
High demand,IDA1,43,171.787,13.9886211,52.5,195.0,152.45357595587225,8.87336416051756,0.9366328836101869,-88.60300231067778,-57.01978544030952,-265.9215084691126,0.0,0.0,0.89036136505,0.89036136505
High demand,IDA1,44,171.787,13.988618,52.5,195.0,152.45357516658314,8.873362160879593,0.9366326725372902,-88.60300228914839,-55.728600297361375,-267.21269353359014,0.0,0.0,0.89036136505,0.89036136505
High demand,IDA1,45,171.787,9.7720215,52.5,195.0,125.3028642244459,5.359807334672056,0.5657574408820505,-87.84504687766989,-50.69987407408889,-242.3486272302412,0.0,0.0,1.0825590010000001,1.082559001
High demand,IDA1,46,171.787,9.7720205,52.5,195.0,125.3028638953754,5.359806727801156,0.5657573768234554,-87.8450468776699,-51.98191573795205,-241.06658556637805,0.0,0.0,1.0825590010000001,1.082559001
High demand,IDA1,47,171.787,5.2131301,52.5,195.0,90.23926306697636,2.122846853991228,0.2240782790324074,-86.91386335207358,-47.34208894496363,-208.34037885946282,0.0,0.0,1.25507374325,1.25507374325
High demand,IDA1,48,171.787,5.2131272,52.5,195.0,90.239261874373,2.1228452191601024,0.22407810646689968,-86.91386337744274,-50.04516387622302,-205.63730400283418,0.0,0.0,1.2550737382500001,1.2550737382500001
High demand,IDA2,1,171.787,7.272285141493006,52.5,195.0,40.511388483347375,3.4269808144030858,0.36173686374254793,-82.8053403251506,-67.38434580531779,-156.06866267702458,0.0,0.0,7.229120588000001,7.229120588000001
High demand,IDA2,2,171.787,7.272285161493014,52.5,195.0,40.51138848334738,3.4269808144030884,0.36173686374254826,-82.80534033055815,-67.61542112336842,-155.8375873735664,0.0,0.0,7.229120588000001,7.229120588000001
High demand,IDA2,3,171.787,14.220111843002467,52.5,195.0,9.125839459376333,6.1335699047874614,0.6474323788386765,-77.69078299992219,-61.73163767700254,-141.18437011070273,0.0,0.0,8.5999760373125,8.5999760373125
High demand,IDA2,4,171.787,14.220111876112384,52.5,195.0,9.125832642755785,6.133569859317534,0.6474323740390732,-77.69078298140252,-62.23996156165388,-140.67604617768097,0.0,0.0,8.5999760373125,8.5999760373125
High demand,IDA2,5,0.0,0.0,52.5,195.0,0.0,0.0,0.0,-77.83406294890241,-57.80038534059718,-128.36224972080268,0.0,0.0,8.248347218833644,8.248347211468623
High demand,IDA2,6,0.0,0.0,52.5,195.0,0.0,0.0,0.0,-77.83406266845336,-58.82079400929326,-127.34184037490351,0.0,0.0,8.248347290007587,8.24834728264257
High demand,IDA2,7,0.0,0.0,52.5,195.0,1.7763568394002505e-15,0.0,0.0,-82.29902936984882,-57.0464761722626,-119.16505463045985,0.0,0.0,5.505280273460398,5.505280269110889
High demand,IDA2,8,0.0,0.0,52.5,195.0,1.7763568394002505e-15,0.0,0.0,-82.2990296886488,-58.930373324469436,-117.28115816895541,0.0,0.0,5.505280178211578,5.505280173862069
High demand,IDA2,9,0.0,0.0,52.5,195.0,0.0,0.0,0.0,-84.74207661366756,-58.97296342302267,-110.17333439216566,0.0,0.0,3.1941891975233725,3.194189221332489
High demand,IDA2,10,0.0,0.0,52.5,195.0,0.0,0.0,0.0,-84.74207692235768,-62.05956189247633,-107.08673654656988,0.0,0.0,3.1941891637973936,3.19418918760651
High demand,IDA2,11,0.0,0.0,52.5,195.0,0.0,0.0,0.0,-85.13139790222154,-65.63547574049464,-102.90686273741687,0.0,0.0,3.0868688698959055,3.0868688802371875
High demand,IDA2,12,0.0,0.0,52.5,195.0,0.0,0.0,0.0,-85.1313984687894,-70.13763753425663,-98.40470207515558,0.0,0.0,3.086868718930168,3.0868687292714503
High demand,IDA2,13,156.19,3.730069168,52.5,195.0,12.570047971862861,0.42601686042555326,-2.884138344816378e-10,-89.24370706634849,-82.23902235059197,-101.94395613210953,5.9899999605492635e-05,5.989999868497546e-05,6.465250719525855,6.465250719525855
High demand,IDA2,14,156.19,3.730069168,52.5,195.0,12.570047971862861,0.42601686042555326,-2.884138344816378e-10,-89.24370703370951,-88.33180624068582,-95.85117217465465,5.9899999605492635e-05,5.989999868497546e-05,6.465250719525855,6.465250719525855
High demand,IDA2,15,143.264,35.71822828370708,52.5,190.13088203402012,12.746405941158887,10.428877770039092,1.1008259812819041,-96.41198907659674,-97.08479463666066,-91.74165592398161,3.8892599256819906,3.8892599256819906,5.2764620146875005,5.2764620146875005
High demand,IDA2,16,143.264,35.71822828370708,52.5,190.1308820207398,12.746405423072188,10.428877346149974,1.1008259365380528,-96.41198907335178,-103.63410345988828,-85.19234709439863,3.8892599258818428,3.8892599258818428,5.2764620146875005,5.2764620146875005
High demand,IDA2,17,143.264,48.629768575196096,52.5,148.02683307467817,15.295161517204798,12.51422369589483,1.320945840122232,-101.38166982952038,-103.71556381628882,-74.38503427855353,20.584921622418854,20.584921622418854,4.3276308858125,4.3276308858125
High demand,IDA2,18,143.264,48.629768575196096,52.5,148.02683307467817,15.295161517204798,12.51422369589483,1.320945840122232,-101.38166982952036,-109.27921287593261,-68.82138521890974,20.584921622418854,20.584921622418854,4.3276308858125,4.3276308858125
High demand,IDA2,19,143.264,48.687519670658915,52.5,83.35877246569214,12.479457584238013,10.210465478012921,1.077771350456919,-106.54407781553644,-89.21799201877543,-49.81131975239091,39.509850002088896,39.509850002088896,3.4636098720625,3.4636098720625
High demand,IDA2,20,143.264,48.68751967065891,52.5,83.35877319374995,12.479458777143218,10.21046645402627,1.07777145348055,-106.54407785590008,-92.62109623457248,-46.40821558926435,39.509849998605944,39.509849998605944,3.4636098720625,3.4636098720625
High demand,IDA2,21,137.83,29.449071062578422,29.421872349578738,72.03757909066805,6.986401790820304,5.716146647034793,0.6033710682981174,-98.27303918370377,-81.47913285026917,-37.18021911465983,48.89436609811639,48.89436609811639,2.189142698,2.189142698
High demand,IDA2,22,137.83,29.449071062578422,29.421872437749744,72.03757956045142,6.986402547980306,5.716147266529341,0.6033711336892084,-98.27303914525633,-83.40587903090292,-35.25347288760289,48.89436610568109,48.89436610568109,2.189142698,2.189142698
High demand,IDA2,23,137.83,17.988861074964504,19.558112456216772,66.75556808107655,4.189034493310187,3.4273919036174245,0.3617802526040615,-91.63171903837006,-77.61935980608489,-30.977953547107685,51.82378080624382,51.82378080624382,1.144791660125,1.144791660125
High demand,IDA2,24,137.83,17.988861704964506,19.5581125155881,66.75556831221212,4.189034565836394,3.427391908411594,0.3617802547767794,-91.63171905628363,-78.40751151069243,-30.1898018637304,51.82378079581572,51.82378079581572,1.144791660125,1.144791660125
High demand,IDA2,25,137.83,14.193507922878156,25.849124273788195,65.10355161715005,3.3933906554799234,2.7764105544835735,0.2930655629732661,-88.62768238174363,-80.41665502683576,-30.59433079984295,50.30080139677366,50.30080139677366,0.8107614235,0.8107614235
High demand,IDA2,26,137.83,14.193507922878156,25.849124273788195,65.10355161715005,3.3933906554799234,2.7764105544835735,0.2930655629732661,-88.62768238174361,-80.10099605151748,-30.909989775161225,50.300801396773664,50.300801396773664,0.8107614235,0.8107614235
High demand,IDA2,27,137.83,27.368889637932664,36.63657974094299,71.52574681849411,6.820240656180996,5.580196991420812,0.5890208157610859,-92.49890373936273,-83.33958689516383,-33.55131104772459,43.398555889850584,43.398555889850584,0.720451706875,0.720451706875
High demand,IDA2,28,137.83,27.368889637932668,36.63657974583954,71.52574685660684,6.820240717608101,5.580197041679353,0.5890208210661543,-92.498903729773,-81.59636381775691,-35.294534113012986,43.39855589899645,43.39855589899645,0.720451706875,0.720451706875
High demand,IDA2,29,143.264,43.18668588743329,52.5,95.8189205996368,11.936119342762309,9.76591555316916,1.0308466750567449,-96.18297790075295,-94.02199503983911,-45.00846657899153,31.344157693041794,31.344157693041794,0.7366611424375,0.7366611424375
High demand,IDA2,30,143.264,43.18668588747608,52.5,95.81892060160891,11.936119346452367,9.765915556188299,1.0308466753754313,-96.18297790075296,-89.98698702014474,-49.043474598685904,31.344157693041787,31.344157693041787,0.7366611424375,0.7366611424375
High demand,IDA2,31,143.264,51.92680641454804,52.5,160.22276789939522,17.771198686895108,14.540070834732362,1.534785254777305,-96.23658794903697,-112.72278563446652,-71.75904575353445,16.236538264806484,16.236538264806484,0.8382595908125,0.8382595908125
High demand,IDA2,32,143.264,51.92680641454804,52.5,160.22276780496964,17.771198211414507,14.540070445702776,1.5347852137130713,-96.23658797342208,-104.8302137343292,-79.65161770041706,16.2365382503717,16.2365382503717,0.8382595908125,0.8382595908125
High demand,IDA2,33,156.19,11.321974354,52.5,195.0,59.31628717632342,12.23617693659778,1.6640876676632388e-08,-94.10578366628995,-122.34411177625944,-112.81165619426655,3.926755247770485,3.926755247770485,1.1777894588564628,1.1777894588564628
High demand,IDA2,34,156.19,11.321974354,52.5,195.0,59.31628478664558,12.236174375502353,-3.258586245280526e-08,-94.10578369135759,-110.32468703878527,-124.83108099438078,3.926755241624334,3.926755241624334,1.1777894588564628,1.1777894588564628
High demand,IDA2,35,156.19,11.692610708875,52.5,195.0,125.30779325693982,18.26277159982077,4.331441516569612e-08,-93.96310227472081,-125.10965095141161,-174.63415222761765,0.0,0.0,1.3181747769375,1.3181747769375
High demand,IDA2,36,156.19,11.692611708874999,52.5,195.0,125.30779325693982,18.26277059982077,4.331441516569612e-08,-93.9631022747208,-110.15467856910799,-189.58912460992124,0.0,0.0,1.3181747769375,1.3181747769375
High demand,IDA2,37,156.19,9.925226828,52.5,195.0,158.4001716668449,18.912536582250855,-4.9095743470672915e-08,-92.00595889270011,-107.77729239158172,-227.2941435864182,0.0,0.0,1.13234514135,1.13234514135
High demand,IDA2,38,156.19,9.925227928000002,52.5,195.0,158.4001716668449,18.912535482250853,-4.9095743470672915e-08,-92.00595891424325,-94.2955519814401,-240.77588407501662,0.0,0.0,1.13234514135,1.13234514135
High demand,IDA2,39,156.19,7.50913647655,52.5,195.0,167.6161131129196,15.431787339565155,4.806521092248772e-08,-90.30009041459996,-84.62281484347653,-257.08673814284856,0.0,0.0,0.7308720421875,0.7308720421875
High demand,IDA2,40,156.19,7.509136176549999,52.5,195.0,167.6161119668859,15.431783853565474,-1.9901421399737274e-08,-90.30009041459995,-75.37316067702179,-266.3363923093033,0.0,0.0,0.7308720421875,0.7308720421875
High demand,IDA2,41,156.19,5.056814666,52.5,195.0,166.03099539421058,10.452134686141173,1.964823526101611e-08,-88.75963250081391,-67.25447065447278,-268.9850117530884,0.0,0.0,0.5079922711875,0.5079922711875
High demand,IDA2,42,156.19,5.056814966,52.5,195.0,166.03099653031154,10.452138281125233,-1.1436781299778431e-08,-88.75963250081391,-62.382633880901494,-273.8568485266596,0.0,0.0,0.5079922711875,0.5079922711875
High demand,IDA2,43,156.19,3.49715549035,52.5,195.0,152.45357595596434,6.481882860750852,3.6348121179585746e-09,-87.85008584532218,-56.535251799355464,-263.66180307542226,0.0,0.0,0.805840709875,0.805840709875
High demand,IDA2,44,156.19,3.4971553803499997,52.5,195.0,152.45357516667522,6.481880761112883,2.5619154575551306e-09,-87.85008585823981,-55.25503870518766,-264.9420162166724,0.0,0.0,0.805840709875,0.805840709875
High demand,IDA2,45,156.19,2.44300562,52.5,195.0,125.3028642244459,3.717596034672056,8.820505437157067e-10,-87.28161926091431,-50.374691149897934,-240.79423214118773,0.0,0.0,0.965040561,0.965040561
High demand,IDA2,46,156.19,2.44300556,52.5,195.0,125.3028638953754,3.717595427801156,-3.1765445829279315e-09,-87.28161927013949,-51.648509957431855,-239.52041336442866,0.0,0.0,0.965040561,0.965040561
High demand,IDA2,47,156.19,1.3032812901249997,52.5,195.0,90.23926306702606,1.3730428240593457,-9.60402368743729e-10,-86.5832316412877,-47.161993442861245,-207.54782479235107,0.0,0.0,1.0903742531875003,1.0903742531875003
High demand,IDA2,48,156.19,1.3032814,52.5,195.0,90.239261874373,1.3730409091601024,-3.5331003123140192e-09,-86.58323163875076,-49.85478550731238,-204.8550327204368,0.0,0.0,1.09037424825,1.09037424825
High demand,IDA3,1,171.787,7.634022053999999,52.5,195.0,44.16823502670662,7.024425963726382,0.37973032506000703,-83.7340057312963,-68.1400641034304,-157.81897935276626,0.0,0.0,5.310328181000001,5.310328181000001
High demand,IDA3,2,171.787,7.6340219639999995,52.5,195.0,44.168235026706625,7.024425963726385,0.37973032506000726,-83.73400571236989,-68.37373092106056,-157.5853124840625,0.0,0.0,5.310328181000001,5.310328181000001
High demand,IDA3,3,171.787,14.867544465375,52.5,195.0,16.90364678817283,12.54639730269767,0.6769095575069762,-80.32430080957548,-63.82418148933112,-145.97015728872086,0.0,0.0,6.245844394624999,6.245844394624999
High demand,IDA3,4,171.787,14.867544455375,52.5,195.0,16.903640090475307,12.546397149659175,0.676909551352913,-80.32430079105582,-64.34973624733297,-145.44460248234859,0.0,0.0,6.245844394624999,6.245844394624999
High demand,IDA3,5,171.787,9.963141460302266,52.5,195.0,5.2312437261730285,4.280108503232478,0.45178923089676154,-79.83954885712227,-59.289680046885756,-131.66965360629425,0.0,0.0,6.667868735,6.667868735
High demand,IDA3,6,171.787,9.963142502650157,52.5,195.0,5.231244273467863,4.280108951019161,0.45178927816313363,-79.8395488401247,-60.33638094828023,-130.6229526642452,0.0,0.0,6.667868735,6.667868735
High demand,IDA3,7,0.0,0.0,52.5,195.0,1.7763568394002505e-15,0.0,0.0,-82.29902936984882,-57.0464761722626,-119.16505463045985,0.0,0.0,5.505280273460398,5.505280269110889
High demand,IDA3,8,0.0,0.0,52.5,195.0,1.7763568394002505e-15,0.0,0.0,-82.2990296886488,-58.930373324469436,-117.28115816895541,0.0,0.0,5.505280178211578,5.505280173862069
High demand,IDA3,9,0.0,0.0,52.5,195.0,0.0,0.0,0.0,-84.74207661366756,-58.97296342302267,-110.17333439216566,0.0,0.0,3.1941891975233725,3.194189221332489
High demand,IDA3,10,0.0,0.0,52.5,195.0,0.0,0.0,0.0,-84.74207692235768,-62.05956189247633,-107.08673654656988,0.0,0.0,3.1941891637973936,3.19418918760651
High demand,IDA3,11,0.0,0.0,52.5,195.0,0.0,0.0,0.0,-85.13139790222154,-65.63547574049464,-102.90686273741687,0.0,0.0,3.0868688698959055,3.0868688802371875
High demand,IDA3,12,0.0,0.0,52.5,195.0,0.0,0.0,0.0,-85.1313984687894,-70.13763753425663,-98.40470207515558,0.0,0.0,3.086868718930168,3.0868687292714503
High demand,IDA3,13,156.17,3.7300691135517083,52.5,195.0,12.549565043039046,3.693785710634501e-08,3.5748059984946578e-09,-88.02625020609656,-81.11712294465734,-100.55324329829608,5.9899999605492635e-05,5.989999868497546e-05,4.823466078250001,4.823466078250001
High demand,IDA3,14,156.17,3.730069013551708,52.5,195.0,12.549565143039045,3.693785710634501e-08,3.5748059984946578e-09,-88.02625023873556,-87.12678953648924,-94.54357677382518,5.9899999605492635e-05,5.989999868497546e-05,4.823466078250001,4.823466078250001
High demand,IDA3,15,143.264,27.042713975625002,52.5,190.32495961310582,8.260895666582705,6.758914447229696,0.7134409752067948,-92.80510489979126,-93.45274002460225,-88.30949431964788,4.111401949083183,4.111401949083183,3.893160026875,3.893160026875
High demand,IDA3,16,143.264,27.042711875625,52.5,190.32495958768394,8.260895629811378,6.7589145989622414,0.7134409856674526,-92.80510486409683,-99.75703158425907,-82.00520269008219,4.111401951281543,4.111401951281543,3.893160026875,3.893160026875
High demand,IDA3,17,143.264,31.502120143375,52.5,149.74567178941064,7.490544109113377,6.128627065988803,0.6469107067621963,-96.11822534436747,-98.3309502731174,-70.5231774053167,21.088563351638264,21.088563351638264,3.141736714125,3.141736714125
High demand,IDA3,18,143.264,31.502120143375,52.5,149.74567178941064,7.490544109113377,6.128627065988803,0.6469107067621963,-96.11822534436746,-103.60575068773935,-65.24837699069472,21.088563351638268,21.088563351638268,3.141736714125,3.141736714125
High demand,IDA3,19,143.264,25.605150140875,52.5,85.18728885679529,3.3988758029828343,2.7808991994625956,0.293539260034265,-99.55983071862234,-83.36951583384409,-46.546055530230966,40.1125160000862,40.1125160000862,2.544882001625,2.544882001625
High demand,IDA3,20,143.264,25.605152240875,52.5,85.18729006831106,3.3988768971750396,2.7808999128925764,0.2935393408963185,-99.55983075898598,-86.54953753785895,-43.36603387888659,40.11251599660325,40.11251599660325,2.544882001625,2.544882001625
High demand,IDA3,21,137.83,14.505996914,29.568738030525815,72.8200931642229,1.3555860082764086,1.109115881234473,0.11707333614039983,-94.0458049684588,-77.97429183716795,-35.580904636576015,49.7260921949014,49.7260921949014,1.5891039759999999,1.5891039759999999
High demand,IDA3,22,137.83,14.505998374,29.56873818559339,72.82009399043744,1.3555866832595544,1.1091163062206855,0.1170733948889442,-94.04580493770085,-79.81815865492545,-33.737037781679966,49.726092200953154,49.726092200953154,1.5891039759999999,1.5891039759999999
High demand,IDA3,23,137.83,8.60400680525,19.66519709581392,67.17245399127602,0.7015396191643664,0.5739869700776294,0.06058751574305815,-89.6182582041884,-75.91379821034134,-30.29726244096264,52.99588509320869,52.99588509320869,0.8318915825000001,0.8318915825000001
High demand,IDA3,24,137.83,8.604006905250001,19.66519715506149,67.1724542219298,0.7015395919084391,0.5739869752273652,0.060587517947890024,-89.61825818328926,-76.68463150580388,-29.526429120731475,52.995885105374796,52.995885105374796,0.8318915825000001,0.8318915825000001
High demand,IDA3,25,137.83,6.8489988615,25.92666619432084,65.48149117086119,0.6302266189932348,0.5156399518506549,0.05442866934908225,-87.6155670715262,-79.49830846104652,-30.24494796847202,51.75749007808486,51.75749007808486,0.61769542275,0.61769542275
High demand,IDA3,26,137.83,6.8489988615,25.92666619432084,65.48149117086119,0.6302266189932348,0.5156399518506549,0.05442866934908225,-87.61556707152619,-79.1862542655571,-30.557002163961442,51.75749007808487,51.75749007808487,0.61769542275,0.61769542275
High demand,IDA3,27,137.83,13.364012360250001,36.74594979731225,72.37703776395736,1.469763847918463,1.202534084033788,0.12693414982813378,-90.19638130518601,-81.2650621092071,-32.71613740500656,45.59450507342484,45.59450507342484,0.53317478675,0.53317478675
High demand,IDA3,28,137.83,13.364012360250001,36.745949808024854,72.3770378473398,1.469763987534428,1.202534198265032,0.12693416188587636,-90.19638130518601,-79.56523209749339,-34.41596741672029,45.59450507342484,45.59450507342484,0.53317478675,0.53317478675
High demand,IDA3,29,143.264,23.098172591624998,52.5,97.62528285069479,3.789420079874928,3.10043428850115,0.3272680431791404,-92.65243076393085,-90.57077017000063,-43.35636018468569,34.06456269255858,34.06456269255858,0.554015496625,0.554015496625
High demand,IDA3,30,143.264,23.098172591624998,52.5,97.6252828526638,3.7894200835666165,3.1004342915216228,0.32726804349796756,-92.65243076393087,-86.68387345151473,-47.24325690317159,34.064562692558574,34.064562692558574,0.554015496625,0.554015496625
High demand,IDA3,31,143.264,34.144772115375,52.5,161.8454080480982,9.43561466871582,7.720048494396857,0.8148939799641132,-92.68817082316147,-108.56649257019505,-69.11315989749009,18.33702699171083,18.33702699171083,0.6889011831249999,0.6889011831249999
High demand,IDA3,32,143.264,34.144770015375,52.5,161.84540787139778,9.435614711374761,7.720048711117803,0.8148939972846575,-92.68817082316147,-100.96493405106457,-76.71471841662056,18.337026991710832,18.337026991710832,0.6889011831249999,0.6889011831249999
High demand,IDA3,33,156.19,11.321974656962926,52.5,195.0,59.316287176768746,0.9923549370627249,1.6693533796818317e-08,-91.26763460074915,-118.65431915157303,-109.40935418756683,4.622620599307027,4.622620599307027,1.138713130375,1.138713130375
High demand,IDA3,34,156.19,11.321974656962926,52.5,195.0,59.31628478709091,0.9923523759672985,-3.2533205333240675e-08,-91.26763459573563,-106.99738983704424,-121.06628348956762,4.622620600536255,4.622620600536255,1.138713130375,1.138713130375
High demand,IDA3,35,156.19,11.692610609625,52.5,195.0,125.30779325694841,6.585212599835449,4.331613974273696e-08,-91.17251367179729,-121.39404814979277,-169.44773263216,0.0,0.0,1.310648972125,1.310648972125
High demand,IDA3,36,156.19,11.692610609625,52.5,195.0,125.30779325694841,6.585211599835448,4.3316139742730697e-08,-91.17251367179726,-106.8832200589907,-183.95856072296206,0.0,0.0,1.310648972125,1.310648972125
High demand,IDA3,37,156.19,9.92522752645,52.5,195.0,158.40017166695958,9.151719082550786,-4.906036716778471e-08,-89.8677514072799,-105.27256100109906,-222.01185486232106,0.0,0.0,1.050140128125,1.050140128125
High demand,IDA3,38,156.19,9.925227626449999,52.5,195.0,158.40017166695958,9.151717882550784,-4.906036716794572e-08,-89.8677514072799,-92.10413460479063,-235.18028125862944,0.0,0.0,1.050140128125,1.050140128125
High demand,IDA3,39,156.19,7.50913648,52.5,195.0,167.6161131129196,8.023959839565155,4.806521092248772e-08,-88.73050576471222,-83.15191187318295,-252.61808926302987,0.0,0.0,0.6802175521875,0.6802175521875
High demand,IDA3,40,156.19,7.50913648,52.5,195.0,167.6161119668859,8.023956353565474,-1.9901421399737274e-08,-88.73050576471222,-74.06303401525436,-261.70696712095844,0.0,0.0,0.6802175521875,0.6802175521875
High demand,IDA3,41,156.19,5.056814564,52.5,195.0,166.03099539421058,5.453789886141173,1.964823526101611e-08,-87.70353381783781,-66.45424924884908,-265.78451724168815,0.0,0.0,0.4787573891875,0.4787573891875
High demand,IDA3,42,156.19,5.056814564,52.5,195.0,166.03099653031154,5.453793481125233,-1.1436781299778431e-08,-87.70353382201473,-61.64037959969963,-270.5983869066606,0.0,0.0,0.4787573891875,0.4787573891875
High demand,IDA3,43,156.19,3.497155412,52.5,195.0,152.45357595596434,3.1537687607508516,3.6348121179585746e-09,-87.09716938427243,-56.050718161172426,-261.402097694655,0.0,0.0,0.721320053875,0.721320053875
High demand,IDA3,44,156.19,3.497155512,52.5,195.0,152.45357516667522,3.1537665611128833,2.5619154575551306e-09,-87.09716939934303,-54.78147709541021,-262.67133881534664,0.0,0.0,0.721320053875,0.721320053875
High demand,IDA3,45,156.19,2.4430054627500004,52.5,195.0,125.30286422534395,1.5096274363438171,1.06223567948611e-09,-86.7181916741405,-50.04950824301098,-239.2398371348485,0.0,0.0,0.847522129625,0.847522129625
High demand,IDA3,46,156.19,2.44300556275,52.5,195.0,125.30286389627345,1.5096267294729175,-2.9963594477031283e-09,-86.71819166722165,-51.31510417964113,-237.97424117513722,0.0,0.0,0.847522129625,0.847522129625
High demand,IDA3,47,156.19,1.30328133,52.5,195.0,90.23926306702606,0.39916047405934574,-9.60402368743729e-10,-86.25259991781724,-46.98189793384954,-206.75527069483323,0.0,0.0,0.9256747631875002,0.9256747631875002
High demand,IDA3,48,156.19,1.30328131225,52.5,195.0,90.23926187526479,0.39915856038773145,-3.4025211864358546e-09,-86.25259991781724,-49.66440714862708,-204.07276148005565,0.0,0.0,0.9256747671250001,0.9256747671250001
No revision,DAM,1,156.17,274.240775,52.5,195.0,24.826209,0.0,0.0,-74.4272491009418,-60.56652229256942,-140.27792396338876,0.0,0.0,1.4727433745923078,1.4727433923076922
No revision,DAM,2,156.17,274.240771,52.5,195.0,24.826209,0.0,0.0,-74.42724802825515,-60.774216946800685,-140.07022638184415,0.0,0.0,1.4727433745923078,1.4727433923076922
No revision,DAM,3,156.17,267.743115,52.5,195.0,18.244262,0.0,0.0,-74.42724855697276,-59.13849446966493,-135.2536787498373,0.0,0.0,1.537581106475,1.5375811
No revision,DAM,4,156.17,267.743116,52.5,195.0,18.244262,0.0,0.0,-74.42724883150716,-59.62546557552437,-134.76670836944345,0.0,0.0,1.537581106475,1.5375811
No revision,DAM,5,156.17,250.94699,52.5,195.0,0.67147572,0.0,0.0,-74.42724768949054,-55.27044884358704,-122.7438037849224,0.0,0.0,2.1350147303076925,2.135014707692308
No revision,DAM,6,156.17,250.94699500000002,52.5,195.0,0.67147572,0.0,0.0,-74.42724914689474,-56.24619530964944,-121.76806086145584,0.0,0.0,2.1350147303076925,2.135014707692308
No revision,DAM,7,130.24,231.76471600000002,52.5,175.51385,0.0,0.0,0.0,-74.42725041490837,-51.59006614841109,-107.76709558893054,0.0,0.0,2.8852802145576923,2.885280207692307
No revision,DAM,8,130.24,231.764711,52.5,175.51385,0.0,0.0,0.0,-74.42724884659194,-53.29377000013452,-106.06338830552353,0.0,0.0,2.8852802145576923,2.885280207692307
No revision,DAM,9,130.24,221.518062,52.5,166.29372,0.0,0.0,0.0,-74.42724926667266,-51.7947591690229,-96.76300783105442,0.0,0.0,2.095648964442308,2.0956489923076926
No revision,DAM,10,130.24,221.518062,52.5,166.29372,0.0,0.0,0.0,-74.42724926667266,-54.505655878779024,-94.0521111212983,0.0,0.0,2.095648964442308,2.0956489923076926
No revision,DAM,11,130.24,220.75642,52.5,166.35992,0.0,0.0,0.0,-74.42724907966496,-57.38268161871411,-89.96768400307093,0.0,0.0,1.4588495791423077,1.458849592307692
No revision,DAM,12,130.24,220.75642,52.5,166.35992,0.0,0.0,0.0,-74.42724907966495,-61.31875562216524,-86.0316099996198,0.0,0.0,1.4588495791423077,1.458849592307692
No revision,DAM,13,156.17,226.95375,52.5,136.5,35.951807,0.0,0.0,-74.4272489340643,-68.58549907442317,-85.01897164056255,5.9899999605492635e-05,5.989999868497546e-05,1.5398967313580867,1.5398967076936227
No revision,DAM,14,156.17,226.95375,52.5,136.5,35.951807,0.0,0.0,-74.4272489340643,-73.66674413457157,-79.93772658041414,5.9899999605492635e-05,5.989999868497546e-05,1.5398967313580867,1.5398967076936227
No revision,DAM,15,156.17,216.21820300000002,52.5,136.5,19.831288,0.0,0.0,-74.42724912473685,-74.94663543216761,-70.82188787897057,4.55568600987529,4.555686032917632,1.1265560536920178,1.12655605939006
No revision,DAM,16,156.17,216.21820300000002,52.5,136.5,19.831288,0.0,0.0,-74.42724912473685,-80.0025112035333,-65.76601210760488,4.55568600987529,4.555686032917632,1.1265560536920178,1.12655605939006
No revision,DAM,17,130.24,189.17005100000003,52.5,106.94452,0.0,0.0,0.0,-74.42724919833404,-76.1406290247234,-54.608229396467586,22.095846835239364,22.09584691746454,0.7699483719779452,0.7699483748431507
No revision,DAM,18,130.24,189.17005,52.5,106.94452,0.0,0.0,0.0,-74.42724880733513,-80.2250661801149,-50.52379163207497,22.095846835239364,22.09584691746454,0.7699483719779452,0.7699483748431507
No revision,DAM,19,130.24,142.129635,52.5,34.996779,0.0,0.0,0.0,-74.42724868686439,-62.32396798059986,-34.79611031506076,41.31784790947871,41.31784769826237,0.7074262592001338,0.7074262555837794
No revision,DAM,20,130.24,142.12963500000004,52.5,34.996779,0.0,0.0,0.0,-74.4272486868644,-64.70123461380567,-32.41884368185495,41.31784790947871,41.31784769826237,0.7074262592001338,0.7074262555837794
No revision,DAM,21,130.24,128.049106,52.5,8.2369641,0.0,0.0,0.0,-74.42724891109462,-61.70835623130542,-28.158500509999936,51.389544234728056,51.389543849093535,0.3890265307488667,0.38902652782955566
No revision,DAM,22,130.24,128.04910599999997,52.5,8.2369641,0.0,0.0,0.0,-74.42724891109462,-63.16758066552562,-26.69927607577973,51.389544234728056,51.389543849093535,0.3890265307488667,0.38902652782955566
No revision,DAM,23,125.3,123.752358,51.542318,0.0,0.0,0.0,0.0,-74.42724862560308,-63.045804127093334,-25.161634836378582,55.34009374427549,55.340093847584996,0.20609142741488587,0.20609142779961961
No revision,DAM,24,125.3,123.75235900000001,51.542318,0.0,0.0,0.0,0.0,-74.42724922602473,-63.68597529181453,-24.521464071235762,55.34009374427549,55.340093847584996,0.20609142741488587,0.20609142779961961
No revision,DAM,25,130.24,129.219719,52.5,5.3465594,0.0,0.0,0.0,-74.42724886809597,-67.53183932498729,-25.69233238179173,54.67086725715312,54.67086692384372,0.23156342064495905,0.23156341923319687
No revision,DAM,26,130.24,129.21972,52.5,5.3465594,0.0,0.0,0.0,-74.42724944299516,-67.26675730045454,-25.957414831425282,54.67086725715312,54.67086692384372,0.23156342064495905,0.23156341923319687
No revision,DAM,27,130.24,133.379474,52.5,15.690942000000001,0.0,0.0,0.0,-74.42724935913209,-67.05740236265522,-26.99633932076267,49.98640330420015,49.98640308066717,0.1586209461960001,0.15862094548666694
No revision,DAM,28,130.24,133.37947400000002,52.5,15.690942000000001,0.0,0.0,0.0,-74.4272493591321,-65.65475549013358,-28.398986193284333,49.98640330420015,49.98640308066717,0.1586209461960001,0.15862094548666694
No revision,DAM,29,130.24,154.224398,52.5,50.122071,0.0,0.0,0.0,-74.42724970686987,-72.75506162680524,-34.82795449982488,39.50537281150578,39.50537307168593,0.188724205532683,0.18872420677560992
No revision,DAM,30,130.24,154.224397,52.5,50.122071,0.0,0.0,0.0,-74.42724922501347,-69.6327359861002,-37.95027962238634,39.50537281150578,39.50537307168593,0.188724205532683,0.18872420677560992
No revision,DAM,31,130.24,201.051685,52.5,118.74504,0.0,0.0,0.0,-74.4272487462148,-87.17730949189583,-55.49685896931437,22.53800437567353,22.538004085578432,0.39018436559762465,0.39018436057541556
No revision,DAM,32,130.24,201.051686,52.5,118.74504,0.0,0.0,0.0,-74.42724911524,-81.07336925241343,-61.60079983977157,22.53800437567353,22.538004085578432,0.39018436559762465,0.39018436057541556
No revision,DAM,33,156.17,255.456971,52.5,136.5,57.259586,0.0,0.0,-74.42724912442262,-96.76063820185139,-89.22152191500099,6.014351306822017,6.0143513227400565,1.0605604744529828,1.0605604772599428
No revision,DAM,34,156.17,255.456971,52.5,136.5,57.259586,0.0,0.0,-74.42724912442263,-87.25460481469003,-98.72755530216237,6.014351306822017,6.0143513227400565,1.0605604744529828,1.0605604772599428
No revision,DAM,35,156.17,310.944445,52.5,136.5,120.26017000000002,0.0,0.0,-74.42724810673884,-99.09812261578779,-138.32599243122337,0.0,0.0,1.2955973714423075,1.2955973923076922
No revision,DAM,36,156.17,310.944448,52.5,136.5,120.26017000000002,0.0,0.0,-74.42724881731486,-87.25243708898714,-150.17168024744802,0.0,0.0,1.2955973714423075,1.2955973923076922
No revision,DAM,37,156.17,344.859734,52.5,195.0,96.20829,0.0,0.0,-74.42724809911566,-87.1853016482191,-183.86719532336525,0.0,0.0,0.8857301007,0.8857301
No revision,DAM,38,156.17,344.859742,52.5,195.0,96.20829,0.0,0.0,-74.42724981333863,-76.27939197531808,-194.77311128204326,0.0,0.0,0.8857301007,0.8857301
No revision,DAM,39,156.17,355.666272,52.5,195.0,107.41369,0.0,0.0,-74.42724915434962,-69.74791825342528,-211.8963405931501,0.0,0.0,0.5789085716942307,0.5789085692307692
No revision,DAM,40,156.17,355.666271,52.5,195.0,107.41369,0.0,0.0,-74.42724894606475,-62.124156994139724,-219.52010106072052,0.0,0.0,0.5789085716942307,0.5789085692307692
No revision,DAM,41,156.17,356.078561,52.5,195.0,108.03217999999998,0.0,0.0,-74.42725009955556,-56.394615062128054,-225.55089717669134,0.0,0.0,0.4202876276057692,0.4202876307692307
No revision,DAM,42,156.17,356.07856000000004,52.5,195.0,108.03217999999998,0.0,0.0,-74.4272498912446,-52.309453634234686,-229.63605781289573,0.0,0.0,0.4202876276057692,0.4202876307692307
No revision,DAM,43,156.17,345.31399,52.5,195.0,97.096029,0.0,0.0,-74.42724883786494,-47.89708755801516,-223.3762487242199,0.0,0.0,0.5522787416384616,0.5522787384615384
No revision,DAM,44,156.17,345.313994,52.5,195.0,97.096029,0.0,0.0,-74.42724969616648,-46.81248199873954,-224.46085742519395,0.0,0.0,0.5522787416384616,0.5522787384615384
No revision,DAM,45,156.17,322.285634,52.5,195.0,73.9894,0.0,0.0,-74.42724986668851,-42.955776452215666,-205.33134736309583,0.0,0.0,0.6124852604615385,0.6124852615384616
No revision,DAM,46,156.17,322.28563199999996,52.5,195.0,73.9894,0.0,0.0,-74.42724940709769,-44.04199377058723,-204.24512850431503,0.0,0.0,0.6124852604615385,0.6124852615384616
No revision,DAM,47,156.17,292.959309,52.5,195.0,44.684149,0.0,0.0,-74.4272494301834,-40.54061488731782,-178.40883773899878,0.0,0.0,0.5962757941923077,0.5962757923076923
No revision,DAM,48,156.17,292.959312,52.5,195.0,44.684149,0.0,0.0,-74.42725018867935,-42.855348825466535,-176.0941060423541,0.0,0.0,0.5962757941923077,0.5962757923076923
No revision,IDA1,1,171.787,3.289999983557834e-08,52.5,195.0,24.82620901629032,1.5023829857840808e-08,1.5858487072165295e-09,-74.4272491009418,-60.56652229256942,-140.27792396338876,0.0,0.0,1.472743367,1.472743367
No revision,IDA1,2,171.787,4.0759999598355785e-06,52.5,195.0,24.826211018217318,1.8613109666908424e-06,1.9647171315070006e-07,-74.42724911249996,-60.77421784278793,-140.07022844471206,0.0,0.0,1.472743367,1.472743367
No revision,IDA1,3,171.787,2.02352496e-06,52.5,195.0,18.244263018719735,9.088690827428651e-07,9.593618095619131e-08,-74.4272491125,-59.138494916616544,-135.2536797708834,0.0,0.0,1.537581106475,1.5375811
No revision,IDA1,4,171.787,1.0235249899999998e-06,52.5,195.0,18.24426251528156,4.597176846910175e-07,4.852575560627406e-08,-74.4272491125,-59.625465803459846,-134.76670888404013,0.0,0.0,1.537581106475,1.5375811
No revision,IDA1,5,171.787,4.882e-06,52.5,195.0,0.6714782796195177,2.1006456624311356e-06,2.2173481992328653e-07,-74.4272491125,-55.270449918835375,-122.74380616866463,0.0,0.0,2.1350147303076925,2.135014707692308
No revision,IDA1,6,0.0,0.0,52.5,195.0,0.67147572,0.0,0.0,-74.42724914689474,-56.24619530964944,-121.76806086145584,0.0,0.0,2.1350147303076925,2.135014707692308
No revision,IDA1,7,130.24,4.15225e-06,52.5,175.51384584775,0.0,0.0,0.0,-74.42724911648695,-51.590065226963254,-107.76709366926073,0.0,0.0,2.8852802174909935,2.885280217469977
No revision,IDA1,8,143.264,8.4774904e-07,52.5,175.51385003767462,4.253379191110141e-07,3.4800375199992064e-07,3.67337293777694e-08,-74.4272491125,-53.29377019507272,-106.06338869242731,0.0,0.0,2.8852802145576923,2.885280207692307
No revision,IDA1,9,130.24,5.184999907291005e-07,52.5,166.29371953656815,2.5429619080621596e-08,2.0806051975054034e-08,2.196194375144592e-09,-74.4272491125,-51.794759059888676,-96.76300762761133,0.0,0.0,2.0956489525,2.0956489525
No revision,IDA1,10,130.24,5.184999907291005e-07,52.5,166.29371953656815,2.5429619080621596e-08,2.0806051975054034e-08,2.196194375144592e-09,-74.4272491125,-54.5056557639328,-94.0521109235672,0.0,0.0,2.0956489525,2.0956489525
No revision,IDA1,11,143.264,2.4449999802556022e-08,52.5,166.3599200015643,1.201635018151709e-08,9.831559239423074e-09,1.0377756974946577e-09,-74.42724907966496,-57.38268161871411,-89.96768400307093,0.0,0.0,1.4588495735,1.4588495735
No revision,IDA1,12,143.264,2.4449999802556022e-08,52.5,166.3599200015643,1.201635018151709e-08,9.831559239423074e-09,1.0377756974946577e-09,-74.42724907966495,-61.31875562216524,-86.0316099996198,0.0,0.0,1.4588495735,1.4588495735
No revision,IDA1,13,171.787,5.5094901e-07,52.5,136.50000007299434,35.95180722965016,2.2459795640019753e-07,2.3707562064465298e-08,-74.4272491125,-68.58549924092036,-85.01897184657967,5.9899999605492635e-05,5.989999868497546e-05,1.5398967313580867,1.5398967076936227
No revision,IDA1,14,171.787,5.509490199999999e-07,52.5,136.50000007299434,35.951807229650164,2.2459796047676276e-07,2.37075624947694e-08,-74.4272491125,-73.66674431340392,-79.9377267740961,5.9899999605492635e-05,5.989999868497546e-05,1.5398967313580867,1.5398967076936227
No revision,IDA1,15,171.787,5.337500019741981e-08,52.5,136.5000000068225,19.83128802334441,2.09922587750232e-08,2.21584953736356e-09,-74.42724912473685,-74.94663543216761,-70.82188787897057,4.555686,4.555686,1.12655605125,1.12655605125
No revision,IDA1,16,171.787,5.337500019741981e-08,52.5,136.5000000068225,19.83128802334441,2.09922587750232e-08,2.21584953736356e-09,-74.42724912473685,-80.0025112035333,-65.76601210760488,4.555686,4.555686,1.12655605125,1.12655605125
No revision,IDA1,17,143.264,1.5802400052952695e-07,52.5,106.94452002744352,6.85630695017751e-08,5.609705686508871e-08,5.9213560024260304e-09,-74.42724919833404,-76.1406290247234,-54.608229396467586,22.0958468,22.0958468,0.76994837075,0.76994837075
No revision,IDA1,18,143.264,9.38500020529527e-07,52.5,106.94452016298033,4.0719410490642154e-07,3.33158813105254e-07,3.516676360555459e-08,-74.4272491125,-80.22506645640867,-50.523791831091344,22.0958468,22.0958468,0.76994837075,0.76994837075
No revision,IDA1,19,143.264,8.174739999999999e-07,52.5,34.99677911762194,1.617255459102187e-07,1.3232090119926984e-07,1.3967206237700707e-08,-74.4272491125,-62.323968196476734,-34.79611049102329,41.31784799838104,41.317847994603476,0.707426260722281,0.7074262606576032
No revision,IDA1,20,143.264,8.896636199999999e-07,52.5,34.996779162469956,2.23390325146395e-07,1.8277390239250502e-07,1.929280080809775e-08,-74.42724915008705,-64.70123486362678,-32.41884385847581,41.317847977938335,41.31784792646112,0.7074262603722697,0.7074262594908992
No revision,IDA1,21,130.24,7.161784e-07,52.5,8.23696358522697,0.0,0.0,0.0,-74.42724902779233,-61.70835627986739,-28.15850054614564,51.38954439875826,51.38954439586088,0.3890265319905999,0.38902653196866627
No revision,IDA1,22,130.24,7.161784e-07,52.5,8.23696358522697,0.0,0.0,0.0,-74.42724902779233,-63.167580716382766,-26.699276109630254,51.38954439875826,51.38954439586088,0.3890265319905999,0.38902653196866627
No revision,IDA1,23,137.83,1.0027854837145573e-06,51.542318001561654,3.1797825289112933e-07,3.5874469556947924e-07,2.935183872841194e-07,3.0982496435545935e-08,-74.4272491125,-63.04580432264047,-25.161634964859523,55.3400937,55.3400937,0.20609142741488587,0.20609142779961961
No revision,IDA1,24,125.3,1.5780022971455737e-07,51.54231803412922,1.403953723491934e-08,1.5839477906062846e-08,1.2959572832233238e-08,1.367954910069064e-09,-74.42724915786202,-63.685975263851816,-24.52146405383645,55.3400937,55.3400937,0.20609142741488587,0.20609142779961961
No revision,IDA1,25,130.24,6.1900316e-07,52.5,5.34655913965821,0.0,0.0,0.0,-74.4272490742901,-67.53183942138175,-25.69233243786451,54.67086739953609,54.67086739845365,0.23156342064495905,0.2315634212434503
No revision,IDA1,26,130.24,1.1028234e-06,52.5,5.346558297176601,0.0,0.0,0.0,-74.42724913822106,-67.2667571590621,-25.957414747456973,54.67086738888282,54.67086736294274,0.23156342064495905,0.23156342109304062
No revision,IDA1,27,130.24,6.8894759e-07,52.5,15.690941311052411,0.0,0.0,0.0,-74.42724916125462,-67.05740226398396,-26.9963392622454,49.98640338106213,49.98640333687378,0.1586209461960001,0.1586209462996827
No revision,IDA1,28,130.24,6.842936700000001e-07,52.5,15.69094131570633,0.0,0.0,0.0,-74.42724916259132,-65.65475539583758,-28.39898613145363,49.98640338054292,49.98640333514306,0.1586209461960001,0.15862094629419066
No revision,IDA1,29,130.24,1.2352755952229617e-06,52.5,50.12207025014793,6.927619063656748e-10,5.668051961173703e-10,5.982943736794464e-11,-74.4272491125,-72.75506123448443,-34.827954253015584,39.5053727,39.5053727,0.188724205532683,0.188724205
No revision,IDA1,30,143.264,4.849673152229617e-07,52.5,50.12207109569507,1.4531486255255004e-07,1.1889397845208637e-07,1.2549919947720229e-08,-74.42724917079812,-69.63273595259261,-37.9502795975958,39.5053727,39.5053727,0.188724205532683,0.188724205
No revision,IDA1,31,143.264,9.9257401e-07,52.5,118.74504006987709,2.0159659905273842e-07,1.6494267195224052e-07,1.74106153727365e-08,-74.4272491125,-87.17730985552184,-55.49685923197818,22.538004497884252,22.53800449294751,0.39018436771337156,0.3901843676279053
No revision,IDA1,32,130.24,5.3874804e-07,52.5,118.74503946125196,0.0,0.0,0.0,-74.42724911258263,-81.07336924999397,-61.60079983764732,22.538004496250746,22.538004487502484,0.3901843676850918,0.39018436753363944
No revision,IDA1,33,171.787,3.47749984364043e-08,52.5,136.5000000048409,57.25958601346681,1.4895044622130927e-08,1.5722547101138202e-09,-74.42724912442262,-96.76063820185139,-89.22152191500099,6.0143513,6.0143513,1.06056047325,1.06056047325
No revision,IDA1,34,171.787,3.47749984364043e-08,52.5,136.5000000048409,57.25958601346681,1.4895044622130927e-08,1.5722547101138202e-09,-74.42724912442263,-87.25460481469003,-98.72755530216237,6.0143513,6.0143513,1.06056047325,1.06056047325
No revision,IDA1,35,171.787,4.284999899875521e-06,52.5,136.50000070169247,120.26017119635365,2.1590537650227684e-06,2.2790011964129222e-07,-74.42724911249996,-99.09812396906939,-138.32599431843053,0.0,0.0,1.2955973625,1.2955973625
No revision,IDA1,36,171.787,1.2850000198755203e-06,52.5,136.50000021042587,120.26017035876652,6.474641978684002e-07,6.834344310833113e-08,-74.4272491125,-87.2524374386906,-150.17168084880944,0.0,0.0,1.2955973625,1.2955973625
No revision,IDA1,37,171.787,4.7292999e-06,52.5,195.0,96.20829181370252,2.6372238617900073e-06,2.7837362985561186e-07,-74.42724911249998,-87.1853028438514,-183.86719784364854,0.0,0.0,0.8857301007,0.8857301
No revision,IDA1,38,156.17,3.2706999999999994e-06,52.5,195.0,96.2082867293,0.0,0.0,-74.42724911271421,-76.27939125209434,-194.7731094361911,0.0,0.0,0.8857301007,0.8857301009996944
No revision,IDA1,39,156.17,1.1967296e-07,52.5,195.0,107.41368988032704,0.0,0.0,-74.42724912997848,-69.7479182304793,-211.89634052345852,0.0,0.0,0.5789085723090582,0.5789085712801941
No revision,IDA1,40,171.787,7.9907402e-07,52.5,195.0,107.41369028873254,4.616163129888472e-07,4.872616637104499e-08,-74.4272491125,-62.124157133714,-219.52010155378602,0.0,0.0,0.5789085716942307,0.5789085692307692
No revision,IDA1,41,156.17,4.744249899930988e-06,52.5,195.0,108.03217526374046,3.400673380216223e-09,3.5895996791171243e-10,-74.4272491125,-56.394614311678964,-225.55089417582104,0.0,0.0,0.42028762625,0.42028762625
No revision,IDA1,42,156.17,3.744249999930988e-06,52.5,195.0,108.03217626374035,3.400673380216223e-09,3.5895996791171243e-10,-74.42724911249998,-52.309453085051494,-229.63605540244845,0.0,0.0,0.42028762625,0.42028762625
No revision,IDA1,43,171.787,1.2798990799999999e-06,52.5,195.0,97.0960294886706,7.156849829603375e-07,7.554452597914673e-08,-74.4272491125,-47.89708773554485,-223.37624955195523,0.0,0.0,0.5522787416384616,0.5522787384615384
No revision,IDA1,44,156.17,2.7200999999999996e-06,52.5,195.0,97.0960262799,0.0,0.0,-74.42724911376325,-46.81248163078737,-224.4608556613366,0.0,0.0,0.5522787429970532,0.5522787429901772
No revision,IDA1,45,156.17,3.283538361580353e-06,52.5,195.0,73.9893967186512,8.026509459810112e-10,8.472426652021784e-11,-74.4272491125,-42.955776014774955,-205.33134527272512,0.0,0.0,0.6124852604615385,0.61248526
No revision,IDA1,46,156.17,1.2835383615803527e-06,52.5,195.0,73.98939871865119,8.026509459810112e-10,8.472426652021784e-11,-74.4272491125,-44.04199359539533,-204.24512769210472,0.0,0.0,0.6124852604615385,0.61248526
No revision,IDA1,47,156.17,1.2565e-06,52.5,195.0,44.6841477435,0.0,0.0,-74.42724911317924,-40.54061471381124,-178.40883697569606,0.0,0.0,0.5962757941923077,0.5962757949942435
No revision,IDA1,48,156.17,4.2565e-06,52.5,195.0,44.6841447435,0.0,0.0,-74.42724911318027,-42.85534820320098,-176.0941034863093,0.0,0.0,0.5962757941923077,0.5962757949982982
No revision,IDA2,1,0.0,0.0,52.5,195.0,24.82620901629032,1.5023829857840808e-08,1.5858487072165295e-09,-74.4272491009418,-60.56652229256942,-140.27792396338876,0.0,0.0,1.472743367,1.472743367
No revision,IDA2,2,171.787,1.9647171e-07,52.5,195.0,24.826211115499607,1.9510300413920827e-06,9.470349924719858e-09,-74.42724911249996,-60.77421784278793,-140.07022844471206,0.0,0.0,1.472743367,1.472743367
No revision,IDA2,3,0.0,0.0,52.5,195.0,18.244263018720734,9.088680827428651e-07,9.593618095619131e-08,-74.4272491125,-59.138494916616544,-135.2536797708834,0.0,0.0,1.537581106475,1.5375811
No revision,IDA2,4,0.0,0.0,52.5,195.0,18.244262515282557,4.597166846910175e-07,4.852575560627406e-08,-74.4272491125,-59.625465803459846,-134.76670888404013,0.0,0.0,1.537581106475,1.5375811
No revision,IDA2,5,171.787,2.2173382e-07,52.5,195.0,0.6714783958739653,2.1960551399397975e-06,1.0070894771423025e-08,-74.4272491125,-55.270449918835375,-122.74380616866463,0.0,0.0,2.1350147303076925,2.135014707692308
No revision,IDA2,6,0.0,0.0,52.5,195.0,0.67147572,0.0,0.0,-74.42724914689474,-56.24619530964944,-121.76806086145584,0.0,0.0,2.1350147303076925,2.135014707692308
No revision,IDA2,7,0.0,0.0,52.5,175.51384584775,0.0,0.0,0.0,-74.42724911648695,-51.590065226963254,-107.76709366926073,0.0,0.0,2.8852802174909935,2.885280217469977
No revision,IDA2,8,143.264,7.7334067e-07,52.5,175.51385007204257,3.880052927787853e-07,3.17458878637188e-07,7.024327746725874e-08,-74.4272491125,-53.29377019507272,-106.06338869242731,0.0,0.0,2.8852802145576923,2.885280207692307
No revision,IDA2,9,0.0,0.0,52.5,166.29371953656815,2.5429619080621596e-08,2.0806051975054034e-08,2.196194375144592e-09,-74.4272491125,-51.794759059888676,-96.76300762761133,0.0,0.0,2.0956489525,2.0956489525
No revision,IDA2,10,0.0,0.0,52.5,166.29371953656815,2.5429619080621596e-08,2.0806051975054034e-08,2.196194375144592e-09,-74.4272491125,-54.5056557639328,-94.0521109235672,0.0,0.0,2.0956489525,2.0956489525
No revision,IDA2,11,0.0,0.0,52.5,166.3599200015643,1.201635018151709e-08,9.831559239423074e-09,1.0377756974946577e-09,-74.42724907966496,-57.38268161871411,-89.96768400307093,0.0,0.0,1.4588495735,1.4588495735
No revision,IDA2,12,0.0,0.0,52.5,166.3599200015643,1.201635018151709e-08,9.831559239423074e-09,1.0377756974946577e-09,-74.42724907966495,-61.31875562216524,-86.0316099996198,0.0,0.0,1.4588495735,1.4588495735
No revision,IDA2,13,0.0,0.0,52.5,136.50000007299434,35.95180722965116,2.2459695640019753e-07,2.3707562064465298e-08,-74.4272491125,-68.58549924092036,-85.01897184657967,5.9899999605492635e-05,5.989999868497546e-05,1.5398967313580867,1.5398967076936227
No revision,IDA2,14,0.0,0.0,52.5,136.50000007299434,35.951807229651166,2.2459696047676276e-07,2.37075624947694e-08,-74.4272491125,-73.66674431340392,-79.9377267740961,5.9899999605492635e-05,5.989999868497546e-05,1.5398967313580867,1.5398967076936227
No revision,IDA2,15,0.0,0.0,52.5,136.5000000068225,19.83128802334441,2.09922587750232e-08,2.21584953736356e-09,-74.42724912473685,-74.94663543216761,-70.82188787897057,4.555686,4.555686,1.12655605125,1.12655605125
No revision,IDA2,16,0.0,0.0,52.5,136.5000000068225,19.83128802334441,2.09922587750232e-08,2.21584953736356e-09,-74.42724912473685,-80.0025112035333,-65.76601210760488,4.555686,4.555686,1.12655605125,1.12655605125
No revision,IDA2,17,0.0,0.0,52.5,106.94452002744352,6.85630695017751e-08,5.609705686508871e-08,5.9213560024260304e-09,-74.42724919833404,-76.1406290247234,-54.608229396467586,22.0958468,22.0958468,0.76994837075,0.76994837075
No revision,IDA2,18,143.264,7.4035291e-07,52.5,106.94452029155035,3.2122253148280336e-07,2.628184339404754e-07,6.290870908260574e-08,-74.4272491125,-80.22506645640867,-50.523791831091344,22.0958468,22.0958468,0.76994837075,0.76994837075
No revision,IDA2,19,143.264,2.9404545000000003e-07,52.5,34.996779198880205,1.117264883609405e-07,9.141258593167861e-08,2.3616312403899407e-08,-74.4272491125,-62.323968196476734,-34.79611049102329,41.31784799838104,41.317847994603476,0.707426260722281,0.7074262606576032
No revision,IDA2,20,143.264,4.0616323000000005e-07,52.5,34.99677927471114,1.5432713420042828e-07,1.262676616185322e-07,3.2621053726400624e-08,-74.42724915008705,-64.70123486362678,-32.41884385847581,41.317847977938335,41.31784792646112,0.7074262603722697,0.7074262594908992
No revision,IDA2,21,0.0,0.0,52.5,8.23696358522697,0.0,0.0,0.0,-74.42724902779233,-61.70835627986739,-28.15850054614564,51.38954439875826,51.38954439586088,0.3890265319905999,0.38902653196866627
No revision,IDA2,22,0.0,0.0,52.5,8.23696358522697,0.0,0.0,0.0,-74.42724902779233,-63.167580716382766,-26.699276109630254,51.38954439875826,51.38954439586088,0.3890265319905999,0.38902653196866627
No revision,IDA2,23,137.83,6.5226309e-07,51.54231800257743,5.248076076954165e-07,2.3334593432303396e-07,1.9091940171884601e-07,5.11351002369893e-08,-74.4272491125,-63.04580432264047,-25.161634964859523,55.3400937,55.3400937,0.20609142741488587,0.20609142779961961
No revision,IDA2,24,0.0,0.0,51.54231803412922,1.403953723491934e-08,1.5839477906062846e-08,1.2959572832233238e-08,1.367954910069064e-09,-74.42724915786202,-63.685975263851816,-24.52146405383645,55.3400937,55.3400937,0.20609142741488587,0.20609142779961961
No revision,IDA2,25,0.0,0.0,52.5,5.34655913965821,0.0,0.0,0.0,-74.4272490742901,-67.53183942138175,-25.69233243786451,54.67086739953609,54.67086739845365,0.23156342064495905,0.2315634212434503
No revision,IDA2,26,0.0,0.0,52.5,5.346558297176601,0.0,0.0,0.0,-74.42724913822106,-67.2667571590621,-25.957414747456973,54.67086738888282,54.67086736294274,0.23156342064495905,0.23156342109304062
No revision,IDA2,27,0.0,0.0,52.5,15.690941311052411,0.0,0.0,0.0,-74.42724916125462,-67.05740226398396,-26.9963392622454,49.98640338106213,49.98640333687378,0.1586209461960001,0.1586209462996827
No revision,IDA2,28,0.0,0.0,52.5,15.69094131570633,0.0,0.0,0.0,-74.42724916259132,-65.65475539583758,-28.39898613145363,49.98640338054292,49.98640333514306,0.1586209461960001,0.15862094629419066
No revision,IDA2,29,0.0,0.0,52.5,50.12207025014793,6.927619063656748e-10,5.668051961173703e-10,5.982943736794464e-11,-74.4272491125,-72.75506123448443,-34.827954253015584,39.5053727,39.5053727,0.188724205532683,0.188724205
No revision,IDA2,30,143.264,2.6420784e-07,52.5,50.12207116357935,1.030821091763757e-07,8.43399038715801e-08,2.1452465519777902e-08,-74.42724917079812,-69.63273595259261,-37.9502795975958,39.5053727,39.5053727,0.188724205532683,0.188724205
No revision,IDA2,31,143.264,3.6653827e-07,52.5,118.7450401263144,1.6282203197089466e-07,1.3321802888527748e-07,3.147251821566817e-08,-74.4272491125,-87.17730985552184,-55.49685923197818,22.538004497884252,22.53800449294751,0.39018436771337156,0.3901843676279053
No revision,IDA2,32,0.0,0.0,52.5,118.74503946125196,0.0,0.0,0.0,-74.42724911258263,-81.07336924999397,-61.60079983764732,22.538004496250746,22.538004487502484,0.3901843676850918,0.39018436753363944
No revision,IDA2,33,0.0,0.0,52.5,136.5000000048409,57.25958601346681,1.4895044622130927e-08,1.5722547101138202e-09,-74.42724912442262,-96.76063820185139,-89.22152191500099,6.0143513,6.0143513,1.06056047325,1.06056047325
No revision,IDA2,34,0.0,0.0,52.5,136.5000000048409,57.25958601346681,1.4895044622130927e-08,1.5722547101138202e-09,-74.42724912442263,-87.25460481469003,-98.72755530216237,6.0143513,6.0143513,1.06056047325,1.06056047325
No revision,IDA2,35,171.787,2.2790012e-07,52.5,136.50000073901236,120.26017125998239,2.2738842462711778e-06,1.212099488417988e-08,-74.42724911249996,-99.09812396906939,-138.32599431843053,0.0,0.0,1.2955973625,1.2955973625
No revision,IDA2,36,0.0,0.0,52.5,136.50000021042587,120.26017035876652,6.474641978684002e-07,6.834344310833113e-08,-74.4272491125,-87.2524374386906,-150.17168084880944,0.0,0.0,1.2955973625,1.2955973625
No revision,IDA2,37,171.787,2.7837263000000003e-07,52.5,195.0,96.20829192045936,2.792455221950124e-06,1.6385426761401974e-08,-74.42724911249998,-87.1853028438514,-183.86719784364854,0.0,0.0,0.8857301007,0.8857301
No revision,IDA2,38,0.0,0.0,52.5,195.0,96.2082867293,0.0,0.0,-74.42724911271421,-76.27939125209434,-194.7731094361911,0.0,0.0,0.8857301007,0.8857301009996944
No revision,IDA2,39,0.0,0.0,52.5,195.0,107.41368988032704,0.0,0.0,-74.42724912997848,-69.7479182304793,-211.89634052345852,0.0,0.0,0.5789085723090582,0.5789085712801941
No revision,IDA2,40,0.0,0.0,52.5,195.0,107.41369028873353,4.6161531298884724e-07,4.872616637104499e-08,-74.4272491125,-62.124157133714,-219.52010155378602,0.0,0.0,0.5789085716942307,0.5789085692307692
No revision,IDA2,41,0.0,0.0,52.5,195.0,108.03217526374046,3.400673380216223e-09,3.5895996791171243e-10,-74.4272491125,-56.394614311678964,-225.55089417582104,0.0,0.0,0.42028762625,0.42028762625
No revision,IDA2,42,0.0,0.0,52.5,195.0,108.03217626374035,3.400673380216223e-09,3.5895996791171243e-10,-74.42724911249998,-52.309453085051494,-229.63605540244845,0.0,0.0,0.42028762625,0.42028762625
No revision,IDA2,43,0.0,0.0,52.5,195.0,97.09602948867159,7.156839829603375e-07,7.554452597914673e-08,-74.4272491125,-47.89708773554485,-223.37624955195523,0.0,0.0,0.5522787416384616,0.5522787384615384
No revision,IDA2,44,0.0,0.0,52.5,195.0,97.0960262799,0.0,0.0,-74.42724911376325,-46.81248163078737,-224.4608556613366,0.0,0.0,0.5522787429970532,0.5522787429901772
No revision,IDA2,45,0.0,0.0,52.5,195.0,73.9893967186512,8.026509459810112e-10,8.472426652021784e-11,-74.4272491125,-42.955776014774955,-205.33134527272512,0.0,0.0,0.6124852604615385,0.61248526
No revision,IDA2,46,0.0,0.0,52.5,195.0,73.98939871865119,8.026509459810112e-10,8.472426652021784e-11,-74.4272491125,-44.04199359539533,-204.24512769210472,0.0,0.0,0.6124852604615385,0.61248526
No revision,IDA2,47,0.0,0.0,52.5,195.0,44.6841477435,0.0,0.0,-74.42724911317924,-40.54061471381124,-178.40883697569606,0.0,0.0,0.5962757941923077,0.5962757949942435
No revision,IDA2,48,0.0,0.0,52.5,195.0,44.6841447435,0.0,0.0,-74.42724911318027,-42.85534820320098,-176.0941034863093,0.0,0.0,0.5962757941923077,0.5962757949982982
No revision,IDA3,1,0.0,0.0,52.5,195.0,24.82620901629032,1.5023829857840808e-08,1.5858487072165295e-09,-74.4272491009418,-60.56652229256942,-140.27792396338876,0.0,0.0,1.472743367,1.472743367
No revision,IDA3,2,0.0,0.0,52.5,195.0,24.826211115499607,1.9510300413920827e-06,9.470349924719858e-09,-74.42724911249996,-60.77421784278793,-140.07022844471206,0.0,0.0,1.472743367,1.472743367
No revision,IDA3,3,0.0,0.0,52.5,195.0,18.244263018721732,9.088670827428651e-07,9.593618095619131e-08,-74.4272491125,-59.138494916616544,-135.2536797708834,0.0,0.0,1.537581106475,1.5375811
No revision,IDA3,4,0.0,0.0,52.5,195.0,18.244262515283555,4.5971568469101753e-07,4.852575560627406e-08,-74.4272491125,-59.625465803459846,-134.76670888404013,0.0,0.0,1.537581106475,1.5375811
No revision,IDA3,5,0.0,0.0,52.5,195.0,0.6714783958739653,2.1960551399397975e-06,1.0070894771423025e-08,-74.4272491125,-55.270449918835375,-122.74380616866463,0.0,0.0,2.1350147303076925,2.135014707692308
No revision,IDA3,6,0.0,0.0,52.5,195.0,0.67147572,0.0,0.0,-74.42724914689474,-56.24619530964944,-121.76806086145584,0.0,0.0,2.1350147303076925,2.135014707692308
No revision,IDA3,7,0.0,0.0,52.5,175.51384584775,0.0,0.0,0.0,-74.42724911648695,-51.590065226963254,-107.76709366926073,0.0,0.0,2.8852802174909935,2.885280217469977
No revision,IDA3,8,143.264,7.0546317e-07,52.5,175.51385010339408,3.539493747859448e-07,2.895949393703185e-07,1.0081163226332307e-07,-74.4272491125,-53.29377019507272,-106.06338869242731,0.0,0.0,2.8852802145576923,2.885280207692307
No revision,IDA3,9,0.0,0.0,52.5,166.29371953656815,2.5429619080621596e-08,2.0806051975054034e-08,2.196194375144592e-09,-74.4272491125,-51.794759059888676,-96.76300762761133,0.0,0.0,2.0956489525,2.0956489525
No revision,IDA3,10,0.0,0.0,52.5,166.29371953656815,2.5429619080621596e-08,2.0806051975054034e-08,2.196194375144592e-09,-74.4272491125,-54.5056557639328,-94.0521109235672,0.0,0.0,2.0956489525,2.0956489525
No revision,IDA3,11,0.0,0.0,52.5,166.3599200015643,1.201635018151709e-08,9.831559239423074e-09,1.0377756974946577e-09,-74.42724907966496,-57.38268161871411,-89.96768400307093,0.0,0.0,1.4588495735,1.4588495735
No revision,IDA3,12,0.0,0.0,52.5,166.3599200015643,1.201635018151709e-08,9.831559239423074e-09,1.0377756974946577e-09,-74.42724907966495,-61.31875562216524,-86.0316099996198,0.0,0.0,1.4588495735,1.4588495735
No revision,IDA3,13,0.0,0.0,52.5,136.50000007299434,35.95180722965216,2.2459595640019753e-07,2.3707562064465298e-08,-74.4272491125,-68.58549924092036,-85.01897184657967,5.9899999605492635e-05,5.989999868497546e-05,1.5398967313580867,1.5398967076936227
No revision,IDA3,14,0.0,0.0,52.5,136.50000007299434,35.95180722965217,2.2459596047676276e-07,2.37075624947694e-08,-74.4272491125,-73.66674431340392,-79.9377267740961,5.9899999605492635e-05,5.989999868497546e-05,1.5398967313580867,1.5398967076936227
No revision,IDA3,15,0.0,0.0,52.5,136.5000000068225,19.83128802334441,2.09922587750232e-08,2.21584953736356e-09,-74.42724912473685,-74.94663543216761,-70.82188787897057,4.555686,4.555686,1.12655605125,1.12655605125
No revision,IDA3,16,0.0,0.0,52.5,136.5000000068225,19.83128802334441,2.09922587750232e-08,2.21584953736356e-09,-74.42724912473685,-80.0025112035333,-65.76601210760488,4.555686,4.555686,1.12655605125,1.12655605125
No revision,IDA3,17,0.0,0.0,52.5,106.94452002744352,6.85630695017751e-08,5.609705686508871e-08,5.9213560024260304e-09,-74.42724919833404,-76.1406290247234,-54.608229396467586,22.0958468,22.0958468,0.76994837075,0.76994837075
No revision,IDA3,18,143.264,5.8404096e-07,52.5,106.94452039297516,2.5340227898153176e-07,2.0732914007579864e-07,8.479345118971711e-08,-74.4272491125,-80.22506645640867,-50.523791831091344,22.0958468,22.0958468,0.76994837075,0.76994837075
No revision,IDA3,19,143.264,1.1172549e-07,52.5,34.99677922975571,4.2451589153707806e-08,1.261457056712155e-07,2.728258615148872e-08,-74.4272491125,-62.323968196476734,-34.79611049102329,41.31784799838104,41.317847994603476,0.707426260722281,0.7074262606576032
No revision,IDA3,20,143.264,2.8059379e-07,52.5,34.99677935225214,1.0661536276918282e-07,8.723074953842226e-08,4.182874377526165e-08,-74.42724915008705,-64.70123486362678,-32.41884385847581,41.317847977938335,41.31784792646112,0.7074262603722697,0.7074262594908992
No revision,IDA3,21,0.0,0.0,52.5,8.23696358522697,0.0,0.0,0.0,-74.42724902779233,-61.70835627986739,-28.15850054614564,51.38954439875826,51.38954439586088,0.3890265319905999,0.38902653196866627
No revision,IDA3,22,0.0,0.0,52.5,8.23696358522697,0.0,0.0,0.0,-74.42724902779233,-63.167580716382766,-26.699276109630254,51.38954439875826,51.38954439586088,0.3890265319905999,0.38902653196866627
No revision,IDA3,23,137.83,4.2426533000000003e-07,51.542318003238144,6.593400212806646e-07,1.5178016348722562e-07,1.2418376830773006e-07,6.424338668888528e-08,-74.4272491125,-63.04580432264047,-25.161634964859523,55.3400937,55.3400937,0.20609142741488587,0.20609142779961961
No revision,IDA3,24,0.0,0.0,51.54231803412922,1.403953723491934e-08,1.5839477906062846e-08,1.2959572832233238e-08,1.367954910069064e-09,-74.42724915786202,-63.685975263851816,-24.52146405383645,55.3400937,55.3400937,0.20609142741488587,0.20609142779961961
No revision,IDA3,25,0.0,0.0,52.5,5.34655913965821,0.0,0.0,0.0,-74.4272490742901,-67.53183942138175,-25.69233243786451,54.67086739953609,54.67086739845365,0.23156342064495905,0.2315634212434503
No revision,IDA3,26,0.0,0.0,52.5,5.346558297176601,0.0,0.0,0.0,-74.42724913822106,-67.2667571590621,-25.957414747456973,54.67086738888282,54.67086736294274,0.23156342064495905,0.23156342109304062
No revision,IDA3,27,0.0,0.0,52.5,15.690941311052411,0.0,0.0,0.0,-74.42724916125462,-67.05740226398396,-26.9963392622454,49.98640338106213,49.98640333687378,0.1586209461960001,0.1586209462996827
No revision,IDA3,28,0.0,0.0,52.5,15.69094131570633,0.0,0.0,0.0,-74.42724916259132,-65.65475539583758,-28.39898613145363,49.98640338054292,49.98640333514306,0.1586209461960001,0.15862094629419066
No revision,IDA3,29,0.0,0.0,52.5,50.12207025014793,6.927619063656748e-10,5.668051961173703e-10,5.982943736794464e-11,-74.4272491125,-72.75506123448443,-34.827954253015584,39.5053727,39.5053727,0.188724205532683,0.188724205
No revision,IDA3,30,143.264,1.0308111e-07,52.5,50.12207119006512,4.021764742618582e-08,1.1724525243960654e-07,2.4925807866330918e-08,-74.42724917079812,-69.63273595259261,-37.9502795975958,39.5053727,39.5053727,0.188724205532683,0.188724205
No revision,IDA3,31,143.264,2.9603906000000003e-07,52.5,118.74504017189686,1.3150518308302105e-07,1.0759514706792635e-07,4.2829783846762784e-08,-74.4272491125,-87.17730985552184,-55.49685923197818,22.538004497884252,22.53800449294751,0.39018436771337156,0.3901843676279053
No revision,IDA3,32,0.0,0.0,52.5,118.74503946125196,0.0,0.0,0.0,-74.42724911258263,-81.07336924999397,-61.60079983764732,22.538004496250746,22.538004487502484,0.3901843676850918,0.39018436753363944
No revision,IDA3,33,0.0,0.0,52.5,136.5000000048409,57.25958601346681,1.4895044622130927e-08,1.5722547101138202e-09,-74.42724912442262,-96.76063820185139,-89.22152191500099,6.0143513,6.0143513,1.06056047325,1.06056047325
No revision,IDA3,34,0.0,0.0,52.5,136.5000000048409,57.25958601346681,1.4895044622130927e-08,1.5722547101138202e-09,-74.42724912442263,-87.25460481469003,-98.72755530216237,6.0143513,6.0143513,1.06056047325,1.06056047325
No revision,IDA3,35,0.0,0.0,52.5,136.50000073901236,120.26017125998239,2.2738842462711778e-06,1.212099488417988e-08,-74.42724911249996,-99.09812396906939,-138.32599431843053,0.0,0.0,1.2955973625,1.2955973625
No revision,IDA3,36,0.0,0.0,52.5,136.50000021042587,120.26017035876652,6.474641978684002e-07,6.834344310833113e-08,-74.4272491125,-87.2524374386906,-150.17168084880944,0.0,0.0,1.2955973625,1.2955973625
No revision,IDA3,37,0.0,0.0,52.5,195.0,96.20829192045936,2.792455221950124e-06,1.6385426761401974e-08,-74.42724911249998,-87.1853028438514,-183.86719784364854,0.0,0.0,0.8857301007,0.8857301
No revision,IDA3,38,0.0,0.0,52.5,195.0,96.2082867293,0.0,0.0,-74.42724911271421,-76.27939125209434,-194.7731094361911,0.0,0.0,0.8857301007,0.8857301009996944
No revision,IDA3,39,0.0,0.0,52.5,195.0,107.41368988032704,0.0,0.0,-74.42724912997848,-69.7479182304793,-211.89634052345852,0.0,0.0,0.5789085723090582,0.5789085712801941
No revision,IDA3,40,0.0,0.0,52.5,195.0,107.41369028873453,4.6161431298884727e-07,4.872616637104499e-08,-74.4272491125,-62.124157133714,-219.52010155378602,0.0,0.0,0.5789085716942307,0.5789085692307692
No revision,IDA3,41,0.0,0.0,52.5,195.0,108.03217526374046,3.400673380216223e-09,3.5895996791171243e-10,-74.4272491125,-56.394614311678964,-225.55089417582104,0.0,0.0,0.42028762625,0.42028762625
No revision,IDA3,42,0.0,0.0,52.5,195.0,108.03217626374035,3.400673380216223e-09,3.5895996791171243e-10,-74.42724911249998,-52.309453085051494,-229.63605540244845,0.0,0.0,0.42028762625,0.42028762625
No revision,IDA3,43,0.0,0.0,52.5,195.0,97.09602948867258,7.156829829603375e-07,7.554452597914673e-08,-74.4272491125,-47.89708773554485,-223.37624955195523,0.0,0.0,0.5522787416384616,0.5522787384615384
No revision,IDA3,44,0.0,0.0,52.5,195.0,97.0960262799,0.0,0.0,-74.42724911376325,-46.81248163078737,-224.4608556613366,0.0,0.0,0.5522787429970532,0.5522787429901772
No revision,IDA3,45,0.0,0.0,52.5,195.0,73.9893967186512,8.026509459810112e-10,8.472426652021784e-11,-74.4272491125,-42.955776014774955,-205.33134527272512,0.0,0.0,0.6124852604615385,0.61248526
No revision,IDA3,46,0.0,0.0,52.5,195.0,73.98939871865119,8.026509459810112e-10,8.472426652021784e-11,-74.4272491125,-44.04199359539533,-204.24512769210472,0.0,0.0,0.6124852604615385,0.61248526
No revision,IDA3,47,0.0,0.0,52.5,195.0,44.6841477435,0.0,0.0,-74.42724911317924,-40.54061471381124,-178.40883697569606,0.0,0.0,0.5962757941923077,0.5962757949942435
No revision,IDA3,48,0.0,0.0,52.5,195.0,44.6841447435,0.0,0.0,-74.42724911318027,-42.85534820320098,-176.0941034863093,0.0,0.0,0.5962757941923077,0.5962757949982982
Double revision,DAM,1,156.17,274.240775,52.5,195.0,24.826209,0.0,0.0,-74.4272491009418,-60.56652229256942,-140.27792396338876,0.0,0.0,1.4727433745923078,1.4727433923076922
Double revision,DAM,2,156.17,274.240771,52.5,195.0,24.826209,0.0,0.0,-74.42724802825515,-60.774216946800685,-140.07022638184415,0.0,0.0,1.4727433745923078,1.4727433923076922
Double revision,DAM,3,156.17,267.743115,52.5,195.0,18.244262,0.0,0.0,-74.42724855697276,-59.13849446966493,-135.2536787498373,0.0,0.0,1.537581106475,1.5375811
Double revision,DAM,4,156.17,267.743116,52.5,195.0,18.244262,0.0,0.0,-74.42724883150716,-59.62546557552437,-134.76670836944345,0.0,0.0,1.537581106475,1.5375811
Double revision,DAM,5,156.17,250.94699,52.5,195.0,0.67147572,0.0,0.0,-74.42724768949054,-55.27044884358704,-122.7438037849224,0.0,0.0,2.1350147303076925,2.135014707692308
Double revision,DAM,6,156.17,250.94699500000002,52.5,195.0,0.67147572,0.0,0.0,-74.42724914689474,-56.24619530964944,-121.76806086145584,0.0,0.0,2.1350147303076925,2.135014707692308
Double revision,DAM,7,130.24,231.76471600000002,52.5,175.51385,0.0,0.0,0.0,-74.42725041490837,-51.59006614841109,-107.76709558893054,0.0,0.0,2.8852802145576923,2.885280207692307
Double revision,DAM,8,130.24,231.764711,52.5,175.51385,0.0,0.0,0.0,-74.42724884659194,-53.29377000013452,-106.06338830552353,0.0,0.0,2.8852802145576923,2.885280207692307
Double revision,DAM,9,130.24,221.518062,52.5,166.29372,0.0,0.0,0.0,-74.42724926667266,-51.7947591690229,-96.76300783105442,0.0,0.0,2.095648964442308,2.0956489923076926
Double revision,DAM,10,130.24,221.518062,52.5,166.29372,0.0,0.0,0.0,-74.42724926667266,-54.505655878779024,-94.0521111212983,0.0,0.0,2.095648964442308,2.0956489923076926
Double revision,DAM,11,130.24,220.75642,52.5,166.35992,0.0,0.0,0.0,-74.42724907966496,-57.38268161871411,-89.96768400307093,0.0,0.0,1.4588495791423077,1.458849592307692
Double revision,DAM,12,130.24,220.75642,52.5,166.35992,0.0,0.0,0.0,-74.42724907966495,-61.31875562216524,-86.0316099996198,0.0,0.0,1.4588495791423077,1.458849592307692
Double revision,DAM,13,156.17,226.95375,52.5,136.5,35.951807,0.0,0.0,-74.4272489340643,-68.58549907442317,-85.01897164056255,5.9899999605492635e-05,5.989999868497546e-05,1.5398967313580867,1.5398967076936227
Double revision,DAM,14,156.17,226.95375,52.5,136.5,35.951807,0.0,0.0,-74.4272489340643,-73.66674413457157,-79.93772658041414,5.9899999605492635e-05,5.989999868497546e-05,1.5398967313580867,1.5398967076936227
Double revision,DAM,15,156.17,216.21820300000002,52.5,136.5,19.831288,0.0,0.0,-74.42724912473685,-74.94663543216761,-70.82188787897057,4.55568600987529,4.555686032917632,1.1265560536920178,1.12655605939006
Double revision,DAM,16,156.17,216.21820300000002,52.5,136.5,19.831288,0.0,0.0,-74.42724912473685,-80.0025112035333,-65.76601210760488,4.55568600987529,4.555686032917632,1.1265560536920178,1.12655605939006
Double revision,DAM,17,130.24,189.17005100000003,52.5,106.94452,0.0,0.0,0.0,-74.42724919833404,-76.1406290247234,-54.608229396467586,22.095846835239364,22.09584691746454,0.7699483719779452,0.7699483748431507
Double revision,DAM,18,130.24,189.17005,52.5,106.94452,0.0,0.0,0.0,-74.42724880733513,-80.2250661801149,-50.52379163207497,22.095846835239364,22.09584691746454,0.7699483719779452,0.7699483748431507
Double revision,DAM,19,130.24,142.129635,52.5,34.996779,0.0,0.0,0.0,-74.42724868686439,-62.32396798059986,-34.79611031506076,41.31784790947871,41.31784769826237,0.7074262592001338,0.7074262555837794
Double revision,DAM,20,130.24,142.12963500000004,52.5,34.996779,0.0,0.0,0.0,-74.4272486868644,-64.70123461380567,-32.41884368185495,41.31784790947871,41.31784769826237,0.7074262592001338,0.7074262555837794
Double revision,DAM,21,130.24,128.049106,52.5,8.2369641,0.0,0.0,0.0,-74.42724891109462,-61.70835623130542,-28.158500509999936,51.389544234728056,51.389543849093535,0.3890265307488667,0.38902652782955566
Double revision,DAM,22,130.24,128.04910599999997,52.5,8.2369641,0.0,0.0,0.0,-74.42724891109462,-63.16758066552562,-26.69927607577973,51.389544234728056,51.389543849093535,0.3890265307488667,0.38902652782955566
Double revision,DAM,23,125.3,123.752358,51.542318,0.0,0.0,0.0,0.0,-74.42724862560308,-63.045804127093334,-25.161634836378582,55.34009374427549,55.340093847584996,0.20609142741488587,0.20609142779961961
Double revision,DAM,24,125.3,123.75235900000001,51.542318,0.0,0.0,0.0,0.0,-74.42724922602473,-63.68597529181453,-24.521464071235762,55.34009374427549,55.340093847584996,0.20609142741488587,0.20609142779961961
Double revision,DAM,25,130.24,129.219719,52.5,5.3465594,0.0,0.0,0.0,-74.42724886809597,-67.53183932498729,-25.69233238179173,54.67086725715312,54.67086692384372,0.23156342064495905,0.23156341923319687
Double revision,DAM,26,130.24,129.21972,52.5,5.3465594,0.0,0.0,0.0,-74.42724944299516,-67.26675730045454,-25.957414831425282,54.67086725715312,54.67086692384372,0.23156342064495905,0.23156341923319687
Double revision,DAM,27,130.24,133.379474,52.5,15.690942000000001,0.0,0.0,0.0,-74.42724935913209,-67.05740236265522,-26.99633932076267,49.98640330420015,49.98640308066717,0.1586209461960001,0.15862094548666694
Double revision,DAM,28,130.24,133.37947400000002,52.5,15.690942000000001,0.0,0.0,0.0,-74.4272493591321,-65.65475549013358,-28.398986193284333,49.98640330420015,49.98640308066717,0.1586209461960001,0.15862094548666694
Double revision,DAM,29,130.24,154.224398,52.5,50.122071,0.0,0.0,0.0,-74.42724970686987,-72.75506162680524,-34.82795449982488,39.50537281150578,39.50537307168593,0.188724205532683,0.18872420677560992
Double revision,DAM,30,130.24,154.224397,52.5,50.122071,0.0,0.0,0.0,-74.42724922501347,-69.6327359861002,-37.95027962238634,39.50537281150578,39.50537307168593,0.188724205532683,0.18872420677560992
Double revision,DAM,31,130.24,201.051685,52.5,118.74504,0.0,0.0,0.0,-74.4272487462148,-87.17730949189583,-55.49685896931437,22.53800437567353,22.538004085578432,0.39018436559762465,0.39018436057541556
Double revision,DAM,32,130.24,201.051686,52.5,118.74504,0.0,0.0,0.0,-74.42724911524,-81.07336925241343,-61.60079983977157,22.53800437567353,22.538004085578432,0.39018436559762465,0.39018436057541556
Double revision,DAM,33,156.17,255.456971,52.5,136.5,57.259586,0.0,0.0,-74.42724912442262,-96.76063820185139,-89.22152191500099,6.014351306822017,6.0143513227400565,1.0605604744529828,1.0605604772599428
Double revision,DAM,34,156.17,255.456971,52.5,136.5,57.259586,0.0,0.0,-74.42724912442263,-87.25460481469003,-98.72755530216237,6.014351306822017,6.0143513227400565,1.0605604744529828,1.0605604772599428
Double revision,DAM,35,156.17,310.944445,52.5,136.5,120.26017000000002,0.0,0.0,-74.42724810673884,-99.09812261578779,-138.32599243122337,0.0,0.0,1.2955973714423075,1.2955973923076922
Double revision,DAM,36,156.17,310.944448,52.5,136.5,120.26017000000002,0.0,0.0,-74.42724881731486,-87.25243708898714,-150.17168024744802,0.0,0.0,1.2955973714423075,1.2955973923076922
Double revision,DAM,37,156.17,344.859734,52.5,195.0,96.20829,0.0,0.0,-74.42724809911566,-87.1853016482191,-183.86719532336525,0.0,0.0,0.8857301007,0.8857301
Double revision,DAM,38,156.17,344.859742,52.5,195.0,96.20829,0.0,0.0,-74.42724981333863,-76.27939197531808,-194.77311128204326,0.0,0.0,0.8857301007,0.8857301
Double revision,DAM,39,156.17,355.666272,52.5,195.0,107.41369,0.0,0.0,-74.42724915434962,-69.74791825342528,-211.8963405931501,0.0,0.0,0.5789085716942307,0.5789085692307692
Double revision,DAM,40,156.17,355.666271,52.5,195.0,107.41369,0.0,0.0,-74.42724894606475,-62.124156994139724,-219.52010106072052,0.0,0.0,0.5789085716942307,0.5789085692307692
Double revision,DAM,41,156.17,356.078561,52.5,195.0,108.03217999999998,0.0,0.0,-74.42725009955556,-56.394615062128054,-225.55089717669134,0.0,0.0,0.4202876276057692,0.4202876307692307
Double revision,DAM,42,156.17,356.07856000000004,52.5,195.0,108.03217999999998,0.0,0.0,-74.4272498912446,-52.309453634234686,-229.63605781289573,0.0,0.0,0.4202876276057692,0.4202876307692307
Double revision,DAM,43,156.17,345.31399,52.5,195.0,97.096029,0.0,0.0,-74.42724883786494,-47.89708755801516,-223.3762487242199,0.0,0.0,0.5522787416384616,0.5522787384615384
Double revision,DAM,44,156.17,345.313994,52.5,195.0,97.096029,0.0,0.0,-74.42724969616648,-46.81248199873954,-224.46085742519395,0.0,0.0,0.5522787416384616,0.5522787384615384
Double revision,DAM,45,156.17,322.285634,52.5,195.0,73.9894,0.0,0.0,-74.42724986668851,-42.955776452215666,-205.33134736309583,0.0,0.0,0.6124852604615385,0.6124852615384616
Double revision,DAM,46,156.17,322.28563199999996,52.5,195.0,73.9894,0.0,0.0,-74.42724940709769,-44.04199377058723,-204.24512850431503,0.0,0.0,0.6124852604615385,0.6124852615384616
Double revision,DAM,47,156.17,292.959309,52.5,195.0,44.684149,0.0,0.0,-74.4272494301834,-40.54061488731782,-178.40883773899878,0.0,0.0,0.5962757941923077,0.5962757923076923
Double revision,DAM,48,156.17,292.959312,52.5,195.0,44.684149,0.0,0.0,-74.42725018867935,-42.855348825466535,-176.0941060423541,0.0,0.0,0.5962757941923077,0.5962757923076923
Double revision,IDA1,1,140.553,24.826209,52.5,195.0,0.0,0.0,0.0,-71.48949841747589,-58.175874453155934,-134.7409523304276,0.0,0.0,8.453162700699995,8.453162710359479
Double revision,IDA1,2,140.553,24.826209,52.5,195.0,0.0,0.0,0.0,-71.4894976173407,-58.37537129269421,-134.5414533139045,0.0,0.0,8.453163212139966,8.45316322179945
Double revision,IDA1,3,140.553,18.244262,52.5,195.0,0.0,0.0,0.0,-71.20833814255316,-56.58080868418052,-129.4040808748105,0.0,0.0,4.846615068440757,4.846615063103437
Double revision,IDA1,4,140.553,18.244262,52.5,195.0,0.0,0.0,0.0,-71.208338399851,-57.04671873053407,-128.93817150742302,0.0,0.0,4.846615036572713,4.846615031235393
Double revision,IDA1,5,140.553,0.67147572,52.5,195.0,0.0,0.0,0.0,-74.29822609528105,-55.17463606483524,-122.53102416828563,0.0,0.0,2.2519455954357315,2.2519455729661955
Double revision,IDA1,6,140.553,0.67147572,52.5,195.0,0.0,0.0,0.0,-74.29822754948216,-56.14869104809777,-121.55697271959157,0.0,0.0,2.251945589820518,2.251945567350982
Double revision,IDA1,7,130.24,77.676634,52.5,97.83721599999998,0.0,0.0,0.0,-58.80267761630705,-40.759721872744855,-85.1434621311161,0.0,0.0,17.184321445083995,17.184321445083995
Double revision,IDA1,8,130.24,77.676629,52.5,97.83722099999999,0.0,0.0,0.0,-58.80267781745598,-42.10576685054557,-83.797417583998,0.0,0.0,17.184321260999774,17.184321260999774
Double revision,IDA1,9,130.24,60.585255000000004,52.5,105.708465,0.0,0.0,0.0,-64.28088260386856,-44.73378858315468,-83.571697300083,0.0,0.0,17.188952888553132,17.188952888553132
Double revision,IDA1,10,130.24,60.585255000000004,52.5,105.708465,0.0,0.0,0.0,-64.28088250338504,-47.07511960619913,-81.23036607647211,0.0,0.0,17.188953038028146,17.188953038028146
Double revision,IDA1,11,130.24,41.469409,52.5,124.89051099999999,0.0,0.0,0.0,-70.6983144575571,-54.5077094704478,-85.46014656389958,0.0,0.0,16.63783168095224,16.63783168095224
Double revision,IDA1,12,130.24,41.469409,52.5,124.89051099999999,0.0,0.0,0.0,-70.6983144665491,-58.24657932816869,-81.721276723981,0.0,0.0,16.6378316443494,16.637831644349404
Double revision,IDA1,13,156.17,26.26855479,52.5,136.5,35.631559610000004,0.0,0.0,-82.8965142489818,-76.39001686740575,-94.69349593266247,5.9899999605492635e-05,5.989999868497546e-05,14.674173719525857,14.674173719525855
Double revision,IDA1,14,156.17,26.26855469,52.5,136.5,35.631559610000004,0.0,0.0,-82.89651421634281,-82.04946965078896,-89.03404308191823,5.9899999605492635e-05,5.989999868497546e-05,14.674173719525857,14.674173719525855
Double revision,IDA1,15,171.787,77.78801444279293,52.5,143.61394103646612,44.17297029937376,21.889049342972623,2.310510763980443,-99.51861735648511,-100.213102344593,-94.69779473479693,2.7785498000000004,2.7785498000000004,12.192972056541038,12.19297205654104
Double revision,IDA1,16,171.787,77.78801444279293,52.5,143.61394103646612,44.17297029937376,21.889049342972623,2.310510763980443,-99.51861735648511,-106.97344579687407,-87.93745128251584,2.7785498000000004,2.7785498000000004,12.192972056541038,12.19297205654104
Double revision,IDA1,17,143.264,108.99680575270389,52.5,122.57786714076799,39.058743089799286,31.95715343710851,3.3732550850281204,-111.04251501414849,-113.59881003772585,-81.47332056765066,18.066712999999996,18.066712999999996,10.257101773410549,10.257101773410549
Double revision,IDA1,18,143.264,108.99680575270389,52.5,122.57786731442843,39.05874352367686,31.95715379209925,3.3732551224993648,-111.04251465140035,-119.69262902529027,-75.37950094283437,18.066712999999996,18.066712999999996,10.257101773410549,10.257101773410549
Double revision,IDA1,19,143.264,121.62865660774106,52.5,64.5458134354781,40.62910443412376,33.24199453701035,3.5088772011288705,-123.0133159407427,-103.00901997392752,-57.51099206785479,36.496520000000004,36.496520000000004,8.057249257391955,8.057249257391955
Double revision,IDA1,20,143.264,121.62865560774108,52.5,64.5458134354781,40.62910443412376,33.24199453701035,3.5088772011288705,-123.01331550688431,-106.93816458861974,-53.58184688702098,36.496520000000004,36.496520000000004,8.057249257391955,8.057249257391955
Double revision,IDA1,21,143.264,78.22163288382158,52.5,29.393535123972462,24.92166398369166,20.390452350293177,2.1523255258642795,-103.83409596465609,-86.08985912887846,-39.284166558865444,44.735735600000005,44.735735600000005,5.189336329289211,5.189336329289211
Double revision,IDA1,22,143.264,78.22163288382157,52.5,29.393535123972462,24.92166398369166,20.390452350293177,2.1523255258642795,-103.83409596465609,-88.12563570472734,-37.248389983016544,44.735735600000005,44.735735600000005,5.189336329289211,5.189336329289211
Double revision,IDA1,23,137.83,49.360373691860474,51.61139104656633,14.064422303472895,15.867553368020705,12.982543664744211,1.3703796090563336,-88.43393364748698,-74.91058103992793,-29.896877601660076,45.963259300000004,45.963259300000004,2.7092920276072525,2.7092920276072525
Double revision,IDA1,24,137.83,49.36037179186048,51.61139104500902,14.064421986377907,15.86755301027251,12.982543372041146,1.3703795781598986,-88.43393323561591,-75.67122727282143,-29.13623088063768,45.963259300000004,45.963259300000004,2.7092920276072525,2.7092920276072525
Double revision,IDA1,25,143.264,39.16680778099685,52.5,16.588210845353228,13.040434753798557,10.669446616744274,1.1262193651007844,-81.46805122887544,-73.92033725041397,-28.12282169558559,43.017357999999994,43.017357999999994,1.7760914199390776,1.7760914199390778
Double revision,IDA1,26,143.264,39.16680678099685,52.5,16.58821053375811,13.040434392344919,10.66944632100948,1.1262193338843338,-81.46805122887544,-73.630178229203,-28.412980716796554,43.017357999999994,43.017357999999994,1.7760914199390776,1.7760914199390778
Double revision,IDA1,27,143.264,71.39411388486734,52.5,36.18925108261756,25.150028941515394,20.577296406694416,2.1720479540399658,-90.44479656946726,-81.48887909153574,-32.806242881547,32.41880999999999,32.41880999999999,1.656836345841334,1.6568363458413338
Double revision,IDA1,28,143.264,71.39411358486734,52.5,36.18925108261756,25.150028941515394,20.577296406694416,2.1720479540399658,-90.44479643694089,-79.78436735911468,-34.51075444649445,32.41880999999999,32.41880999999999,1.656836345841334,1.6568363458413338
Double revision,IDA1,29,143.264,103.58824148319172,52.5,75.98630158346398,39.275345579809304,32.134373656207615,3.3919616637108034,-98.98757679353808,-96.76358184596063,-46.32086819400129,17.7421327,17.7421327,1.6498894061541463,1.6498894061541463
Double revision,IDA1,30,143.264,103.58824248319172,52.5,75.98630184039536,39.275345969964675,32.13437397542564,3.39196169740604,-98.9875767935381,-92.61091705090534,-50.47353298905659,17.7421327,17.7421327,1.6498894061541463,1.6498894061541463
Double revision,IDA1,31,143.264,105.61196846125196,52.5,134.638282712195,45.85293070356212,37.51603421200538,3.960025833489456,-99.11189053637595,-116.0906535534588,-73.90302211759027,5.734094500000001,5.734094500000001,1.5850516630865201,1.5850516630865201
Double revision,IDA1,32,143.264,105.61196646125197,52.5,134.6382825582239,45.852930259346486,37.51603384855622,3.9600257951253783,-99.11189019355345,-107.9622714333242,-82.03140358054735,5.734094500000001,5.734094500000001,1.5850516630865201,1.5850516630865201
Double revision,IDA1,33,171.787,80.21380262956208,52.5,147.57921036190342,88.08070191605559,34.0898780366259,3.598376014977178,-94.17089503983682,-122.42876112354475,-112.88971007789344,0.4474285,0.4474285,1.3731711008564629,1.3731711008564629
Double revision,IDA1,34,171.787,80.21380162956207,52.5,147.57921040366523,88.08070203223224,34.08987816512377,3.5983760285408426,-94.17089475402824,-110.40101983502936,-124.91745065221743,0.4474285,0.4474285,1.3731711008564629,1.3731711008564629
Double revision,IDA1,35,171.787,81.33990600000001,52.5,149.80014180949533,142.93630475307617,40.9235132599856,4.319704177442924,-93.84003918966361,-124.94579536082567,-174.40543460326074,0.0,0.0,1.355803801375,1.3558038013749998
Double revision,IDA1,36,171.787,81.33990499999999,52.5,149.80014131822873,142.93630391548902,40.92351174839603,4.319704017886248,-93.84003966698874,-110.01041000335792,-189.34082148340335,0.0,0.0,1.355803801375,1.3558038013749998
Double revision,IDA1,37,171.787,69.04506599999999,52.5,195.0,122.18289147558951,37.768508615044674,3.986675909365827,-89.30173590414874,-104.60952113810194,-220.6135540284493,0.0,0.0,1.54337021035,1.54337021035
Double revision,IDA1,38,171.787,69.045058,52.5,195.0,122.18288840756252,37.76850415396356,3.986675438473931,-89.30173590414873,-91.52403365342124,-233.69904151313,0.0,0.0,1.54337021035,1.54337021035
Double revision,IDA1,39,171.787,52.237471000000006,52.5,195.0,125.995944309516,29.708814292900094,3.135930397583899,-85.34609882923178,-79.98028668276307,-242.98259348893015,0.0,0.0,0.9841444904625,0.9841444904625
Double revision,IDA1,40,171.787,52.2374717,52.5,195.0,125.99594467084867,29.708814870589148,3.1359304585621874,-85.34609876652478,-71.23808166692787,-251.72479826747235,0.0,0.0,0.9841444904625,0.9841444904625
Double revision,IDA1,41,171.787,35.177835200000004,52.5,195.0,120.52997403441152,20.091513134703135,2.1207708308853306,-81.77402240113557,-61.961371796181574,-247.8152033410578,0.0,0.0,0.6541666791874999,0.6541666791874999
Double revision,IDA1,42,171.787,35.17783709999999,52.5,195.0,120.52997439447392,20.09151371354116,2.1207708919849004,-81.77402258909756,-57.472961169566176,-252.30361467971127,0.0,0.0,0.6541666791874999,0.6541666791874999
Double revision,IDA1,43,171.787,24.3280389,52.5,195.0,105.86822855960233,12.84739547372654,1.3561139666711348,-79.66492873354171,-51.267756453402605,-239.09593883315569,0.0,0.0,1.2284439900500002,1.2284439900500002
Double revision,IDA1,44,171.787,24.3280354,52.5,195.0,105.86822695602882,12.84739312520006,1.3561137187711174,-79.6649288411887,-50.106823272421785,-240.2568724064895,0.0,0.0,1.2284439900500002,1.2284439900500002
Double revision,IDA1,45,171.787,16.9948182,52.5,195.0,80.38595874904655,7.8855958048825165,0.8323684460709322,-78.34674550956306,-45.21791805724743,-216.14452831518952,0.0,0.0,1.552632741,1.552632741
Double revision,IDA1,46,171.787,16.9948203,52.5,195.0,80.38595959545881,7.885596848328718,0.8323685562124757,-78.34674553262595,-46.36133816732,-215.00110828205402,0.0,0.0,1.552632741,1.552632741
Double revision,IDA1,47,171.787,9.0663035,52.5,195.0,47.696246497557325,3.0925757509531704,0.3264385514895013,-76.72729584696062,-41.79345301656858,-183.9222566929708,0.0,0.0,1.91387169325,1.91387169325
Double revision,IDA1,48,171.787,9.0663006,52.5,195.0,47.69624509246707,3.092574308321236,0.32643839921168605,-76.72729587232979,-44.179719396834095,-181.53599038733608,0.0,0.0,1.91387169325,1.91387169325
Double revision,IDA2,1,0.0,0.0,52.5,195.0,0.0,0.0,0.0,-71.48949841747589,-58.175874453155934,-134.7409523304276,0.0,0.0,8.453162700699995,8.453162710359479
Double revision,IDA2,2,0.0,0.0,52.5,195.0,0.0,0.0,0.0,-71.4894976173407,-58.37537129269421,-134.5414533139045,0.0,0.0,8.453163212139966,8.45316322179945
Double revision,IDA2,3,0.0,0.0,52.5,195.0,0.0,0.0,0.0,-71.20833814255316,-56.58080868418052,-129.4040808748105,0.0,0.0,4.846615068440757,4.846615063103437
Double revision,IDA2,4,0.0,0.0,52.5,195.0,0.0,0.0,0.0,-71.208338399851,-57.04671873053407,-128.93817150742302,0.0,0.0,4.846615036572713,4.846615031235393
Double revision,IDA2,5,0.0,0.0,52.5,195.0,0.0,0.0,0.0,-74.29822609528105,-55.17463606483524,-122.53102416828563,0.0,0.0,2.2519455954357315,2.2519455729661955
Double revision,IDA2,6,0.0,0.0,52.5,195.0,0.0,0.0,0.0,-74.29822754948216,-56.14869104809777,-121.55697271959157,0.0,0.0,2.251945589820518,2.251945567350982
Double revision,IDA2,7,143.264,19.419156730167987,52.5,101.4926893509935,8.276874170449602,6.771987957640584,0.7148209510842839,-62.70882039645291,-43.467307645502636,-90.79936987821246,0.0,0.0,13.60956123,13.60956123
Double revision,IDA2,8,143.264,19.419155761999544,52.5,101.49269412898857,8.27687409370504,6.771987894849578,0.7148209444563444,-62.708820406586746,-44.90276751866993,-89.36391002674287,0.0,0.0,13.60956123,13.60956123
Double revision,IDA2,9,143.264,15.146313952106265,52.5,108.36921681121301,6.5556650859105465,5.363725979381356,0.5661710756013654,-66.81747425498378,-46.49903121901038,-86.86952491311209,0.0,0.0,13.4156268625,13.4156268625
Double revision,IDA2,10,143.264,15.146314551056292,52.5,108.3692169164305,6.5556653451495785,5.36372619148602,0.5661710979901908,-66.81747425463332,-48.932753718111385,-84.43580241331158,0.0,0.0,13.4156268625,13.4156268625
Double revision,IDA2,11,143.264,10.36735183540448,52.5,126.3765785532032,4.66320417347083,3.8153488692034068,0.40273126952702626,-71.63054808537625,-55.22645248622724,-86.587030890301,0.0,0.0,12.84308624825,12.84308624825
Double revision,IDA2,12,143.264,10.367351782198806,52.5,126.37657854270982,4.663204140543135,3.815348842262565,0.4027312666832708,-71.63054810108014,-59.014623386302354,-82.79886002131632,0.0,0.0,12.84308624825,12.84308624825
Double revision,IDA2,13,171.787,6.567137935551711,52.5,136.5105994816594,35.66496490747835,0.03261378972118621,0.0034425666927918775,-80.77919796886371,-74.43888746447261,-92.27486491571369,5.9899999605492635e-05,5.989999868497546e-05,11.39060475175,11.39060475175
Double revision,IDA2,14,171.787,6.567137935551711,52.5,136.51059949489863,35.66496494920309,0.03261383045729353,0.0034425709927143173,-80.7791979362247,-79.9537883123278,-86.75996400049749,5.9899999605492635e-05,5.989999868497546e-05,11.39060475175,11.39060475175
Double revision,IDA2,15,156.19,19.447003,52.5,143.61394103646612,44.17297029937376,10.285765342972622,-3.6019556670652264e-08,-93.24577539936773,-93.89648571809504,-88.72881811677307,3.222833849180403,3.222833849180403,9.42636795654104,9.42636795654104
Double revision,IDA2,16,156.19,19.447003,52.5,143.61394103646612,44.17297029937376,10.285765342972622,-3.6019556670652264e-08,-93.24577536711163,-100.23071222232174,-82.39459154937163,3.2228338514649923,3.2228338514649923,9.42636795654104,9.42636795654104
Double revision,IDA2,17,143.264,79.1327278450711,52.5,131.58798345314878,22.511098646343118,18.418171983371643,1.944140314911451,-101.88869841033971,-104.23426463487938,-74.75704766546927,19.07399644558168,19.07399644558168,7.885313400875,7.885313400875
Double revision,IDA2,18,143.264,79.1327298450711,52.5,131.5879839741301,22.511098947975835,18.418172048343866,1.9441404273251852,-101.88869841033971,-109.82573853792564,-69.165573762423,19.07399644558168,19.07399644558168,7.885313400875,7.885313400875
Double revision,IDA2,19,143.264,81.0548877480339,52.5,78.54193402701273,19.244278836104296,15.745318229539869,1.662005863118098,-110.86679909773527,-92.83775691572559,-51.8322716100893,37.701852020512575,37.701852020512575,6.219793483375,6.219793483375
Double revision,IDA2,20,143.264,81.0548877480339,52.5,78.54193430335526,19.24427921606764,15.745318540418971,1.6620058959331143,-110.86679941730515,-96.37893259480325,-48.2910963480182,37.70185198880078,37.70185198880078,6.219793483375,6.219793483375
Double revision,IDA2,21,143.264,49.864596430578416,52.5,38.73817288637955,11.007640215189738,9.006251448791604,0.9506598640391135,-96.48238425351308,-79.99448342701014,-36.502750062962114,46.39918779554268,46.39918779554268,3.989258864,3.989258864
Double revision,IDA2,22,143.264,49.864596430578416,52.5,38.73817288637955,11.007640215189738,9.006251448791604,0.9506598640391135,-96.48238421591881,-81.88612193657248,-34.611111508006736,46.399187804049035,46.399187804049035,3.989258864,3.989258864
Double revision,IDA2,23,137.83,31.472076869214504,51.641185545501024,20.131078346151337,6.844432826427154,5.599989857985849,0.5911100850096179,-84.93226227413173,-71.9443866576386,-28.71306686145544,48.307467902075395,48.307467902075395,2.083491893,2.083491893
Double revision,IDA2,24,137.83,31.472075869214507,51.64118554394371,20.131078029056347,6.844432468678958,5.599990565282783,0.5911100541131828,-84.93226227413174,-72.674914325221,-27.98253919387306,48.307467902075395,48.307467902075395,2.083491893,2.083491893
Double revision,IDA2,25,143.264,25.608365388378157,52.5,21.51660581441733,5.716990121934814,4.67753719067394,0.49374004234891566,-79.70785071980931,-72.32321281579387,-27.515199390666616,45.930735330697395,45.930735330697395,1.38995942575,1.38995942575
Double revision,IDA2,26,143.264,25.608363288378154,52.5,21.516605191227093,5.71699039902754,4.67753759920435,0.49374007991601465,-79.7078506874517,-72.03932294754097,-27.79908921838986,45.93073538425376,45.93073538425376,1.38995942575,1.38995942575
Double revision,IDA2,27,143.264,48.648480757182675,52.5,45.41978213037895,11.325232772237781,9.26609999546728,0.9780882439659901,-86.44040962371483,-77.88100980513056,-31.353766943551477,36.81070831492343,36.81070831492343,1.28228246725,1.28228246725
Double revision,IDA2,28,143.264,48.648480757182675,52.5,45.41978243007198,11.325233139940723,9.266100296315141,0.9780882757221532,-86.44040962371483,-76.25196437806343,-32.98281237061863,36.810708314923424,36.810708314923424,1.28228246725,1.28228246725
Double revision,IDA2,29,143.264,75.53226435255829,52.5,88.73914247480499,19.365440647751555,15.844451439069452,1.6724698741239978,-92.84749505496023,-90.76145187069136,-43.447639793772126,23.18294269296186,23.18294269296186,1.284598079875,1.284598079875
Double revision,IDA2,30,143.264,75.53226435255829,52.5,88.73914298866774,19.365441428062294,15.844452077505508,1.6724699415144708,-92.84749505496025,-86.8663719372974,-47.3427197271661,23.182942692961852,23.182942692961852,1.284598079875,1.284598079875
Double revision,IDA2,31,143.264,87.92642449842303,52.5,144.1111142881291,27.329670412267536,22.360639882764357,2.360289776514014,-92.94072995116686,-108.86231736046355,-69.3014812252538,9.935072014729595,9.935072014729595,1.286334813875,1.286334813875
Double revision,IDA2,32,143.264,87.92642349842303,52.5,144.111114134158,27.329670968051897,22.360639519315193,2.360289738149936,-92.9407299745398,-101.240045943299,-76.9237526872234,9.935071998818607,9.935071998818607,1.286334813875,1.286334813875
Double revision,IDA2,33,156.19,20.053451312462926,52.5,147.57921036196785,88.08070191623486,17.79110803682418,1.4998108088803974e-08,-89.23498334495795,-116.01173011238568,-106.97266277820232,1.839159197135468,1.839159197135468,1.295018444625,1.295018444625
Double revision,IDA2,34,156.19,20.053450312462925,52.5,147.57921040372966,88.08070203241151,17.791109165322055,2.8561772502655458e-08,-89.23498332034418,-104.61441604924774,-118.36997677983425,1.8391592040755715,1.8391592040755715,1.295018444625,1.295018444625
Double revision,IDA2,35,156.19,20.33497542,52.5,149.80014180949533,142.93630475307617,24.938345259985596,-2.2557076206908278e-08,-88.98684177501133,-118.48387765221047,-165.38557472652823,0.0,0.0,1.3407521913749998,1.3407521913749998
Double revision,IDA2,36,156.19,20.33497722,52.5,149.80014131822873,142.93630391548902,24.93834174839603,1.7886248038223584e-08,-88.98684179887758,-104.32091659315692,-179.5485358617155,0.0,0.0,1.3407521913749998,1.3407521913749998
Double revision,IDA2,37,156.19,17.261264960000002,52.5,195.0,122.18289147558951,24.822739615044675,9.365827224883105e-09,-85.58311418850116,-100.25346654376376,-211.42696493843508,0.0,0.0,1.37896018035,1.37896018035
Double revision,IDA2,38,156.19,17.26126546,52.5,195.0,122.18288840756252,24.822734153963562,3.8473930707993986e-08,-85.5831142100443,-87.71287305693676,-223.96755850371892,0.0,0.0,1.37896018035,1.37896018035
Double revision,IDA2,39,156.19,13.05936776,52.5,195.0,125.995944309516,19.987994892900094,-2.416101541058424e-09,-82.61638640009716,-77.42219456562331,-235.2110302352045,0.0,0.0,0.8828355104625,0.8828355104625
Double revision,IDA2,40,156.19,13.05936756,52.5,195.0,125.99594467084867,19.987995770589148,-4.1437812736688784e-08,-82.61638640009717,-68.95960057292073,-243.6736242279071,0.0,0.0,0.8828355104625,0.8828355104625
Double revision,IDA2,41,156.19,8.794459626,52.5,195.0,120.52997403441152,13.534763834703135,3.088533073736244e-08,-79.93732915929779,-60.569682485916395,-242.24912629316077,0.0,0.0,0.5956969161875,0.5956969161875
Double revision,IDA2,42,156.19,8.794460526,52.5,195.0,120.52997439447392,13.53476361354116,-8.01509969505787e-09,-79.9373291592978,-56.182084105810816,-246.6367246732664,0.0,0.0,0.5956969161875,0.5956969161875
Double revision,IDA2,43,156.19,6.0820091266,52.5,195.0,105.86822856212223,8.459582977417082,-3.293930794789901e-08,-78.35550890686896,-50.42508932451267,-235.16601674871836,0.0,0.0,1.05940267675,1.05940267675
Double revision,IDA2,44,156.19,6.0820096266000006,52.5,195.0,105.86822695854872,8.459579828890602,1.9160674602503036e-08,-78.35550888964545,-49.283237849629835,-236.30786816082468,0.0,0.0,1.05940267675,1.05940267675
Double revision,IDA2,45,156.19,4.2487055942500005,52.5,195.0,80.38595875084518,4.93933240709984,-3.6950170700933427e-09,-77.36687135967425,-44.652382517412164,-213.4412324149136,0.0,0.0,1.3175958688749998,1.3175958688749998
Double revision,IDA2,46,156.19,4.248705704250001,52.5,195.0,80.38595959725744,4.939333450546041,-3.5534735154385544e-09,-77.36687136889941,-45.781501989606305,-212.31211297349427,0.0,0.0,1.3175958688749998,1.3175958688749998
Double revision,IDA2,47,156.19,2.2665761137499993,52.5,195.0,47.69624649931369,1.8112361527564602,1.6798485380498107e-09,-76.15228417327116,-41.48024344619284,-182.543901787036,0.0,0.0,1.5844727113750001,1.5844727113750001
Double revision,IDA2,48,156.19,2.2665762637499998,52.5,195.0,47.696245094223436,1.8112344101245257,-5.979667316857729e-10,-76.15228416058658,-43.84862658578312,-180.17551861013027,0.0,0.0,1.5844727113750001,1.5844727113750001
Double revision,IDA3,1,0.0,0.0,52.5,195.0,0.0,0.0,0.0,-71.48949841747589,-58.175874453155934,-134.7409523304276,0.0,0.0,8.453162700699995,8.453162710359479
Double revision,IDA3,2,0.0,0.0,52.5,195.0,0.0,0.0,0.0,-71.4894976173407,-58.37537129269421,-134.5414533139045,0.0,0.0,8.453163212139966,8.45316322179945
Double revision,IDA3,3,0.0,0.0,52.5,195.0,0.0,0.0,0.0,-71.20833814255316,-56.58080868418052,-129.4040808748105,0.0,0.0,4.846615068440757,4.846615063103437
Double revision,IDA3,4,0.0,0.0,52.5,195.0,0.0,0.0,0.0,-71.208338399851,-57.04671873053407,-128.93817150742302,0.0,0.0,4.846615036572713,4.846615031235393
Double revision,IDA3,5,0.0,0.0,52.5,195.0,0.0,0.0,0.0,-74.29822609528105,-55.17463606483524,-122.53102416828563,0.0,0.0,2.2519455954357315,2.2519455729661955
Double revision,IDA3,6,0.0,0.0,52.5,195.0,0.0,0.0,0.0,-74.29822754948216,-56.14869104809777,-121.55697271959157,0.0,0.0,2.251945589820518,2.251945567350982
Double revision,IDA3,7,143.264,35.182840525,52.5,108.11552783330346,14.995705179021943,12.269213310108864,1.2950836327337134,-66.61496330394215,-46.17489350652989,-96.45527780969597,0.0,0.0,10.0348008925,10.0348008925
Double revision,IDA3,8,143.264,35.182840315,52.5,108.1155323346416,14.995705347538777,12.26921346616809,1.2950836486510762,-66.61496331407598,-47.699768414755496,-94.93040292316807,0.0,0.0,10.0348008925,10.0348008925
Double revision,IDA3,9,143.264,27.63187592,52.5,113.22330633999528,11.959696908268302,9.78520655221952,1.0328829116231715,-69.3540658727213,-48.26427383163816,-90.16735248274678,0.0,0.0,9.6423008925,9.6423008925
Double revision,IDA3,10,143.264,27.631876339999998,52.5,113.22330644521277,11.959696967507337,9.785206564324184,1.032882914011997,-69.35406587237087,-50.79038773224907,-87.64123858143634,0.0,0.0,9.6423008925,9.6423008925
Double revision,IDA3,11,143.264,19.248636626499998,52.5,129.1356991027429,8.65797950743567,7.0838014060837295,0.7477345956421715,-72.56278177024637,-55.945195545992426,-87.71391528566566,0.0,0.0,9.04834069,9.04834069
Double revision,IDA3,12,143.264,19.2486363465,52.5,129.13569909224952,8.657979574507973,7.083801479142888,0.7477345927984158,-72.56278175910275,-59.782667463790155,-83.87644334580591,0.0,0.0,9.04834069,9.04834069
Double revision,IDA3,13,171.787,6.570581240200002,52.5,136.52165484815137,35.69980697035127,0.06663030200419451,0.0035906318448871975,-78.66188168874561,-72.48775806153948,-89.85623389876494,5.9899999605492635e-05,5.989999868497546e-05,8.107035415,8.107035415
Double revision,IDA3,14,171.787,6.570581244500001,52.5,136.52165487462983,35.69980705380075,0.06663038347640843,0.003590636144732,-78.66188165610662,-77.85810697386661,-84.48588491907677,5.9899999605492635e-05,5.989999868497546e-05,8.107035415,8.107035415
Double revision,IDA3,15,156.17,19.4470035,52.5,143.61394103646612,40.54493979937376,3.42972622746629e-07,-3.6019556670652264e-08,-86.97293327534635,-87.57986892352838,-82.75984133993028,3.6671179014649917,3.6671179014649917,6.659763956541039,6.659763956541039
Double revision,IDA3,16,156.17,19.4470034,52.5,143.61394103646612,40.54493989937376,3.42972622746629e-07,-3.6019556670652264e-08,-86.97293327534635,-93.48797853770755,-76.85173172575111,3.667117901464992,3.667117901464992,6.659763956541039,6.659763956541039
Double revision,IDA3,17,143.264,47.61698798675,52.5,134.52643393267678,9.151441099957117,7.487542974023457,0.7903517778676379,-92.73488189033155,-94.8697193177627,-68.04077482477348,20.081279906671362,20.081279906671362,5.5135250575,5.5135250575
Double revision,IDA3,18,143.264,47.61698808675,52.5,134.52643443620167,9.151441408433035,7.487543053019937,0.7903517868703698,-92.73488192392452,-99.95884778609359,-62.951646415456494,20.081279902974803,20.081279902974803,5.5135250575,5.5135250575
Double revision,IDA3,19,143.264,40.326514381749995,52.5,80.85783907904455,3.9922625014966577,3.2663969720404893,0.344786284943299,-98.72028228719378,-82.66649388471004,-46.15355116750224,38.90718402844052,38.90718402844052,4.3823377425,4.3823377425
Double revision,IDA3,20,143.264,40.32651538175,52.5,80.85783935453458,3.9922628819076156,3.266396283285818,0.344786317796973,-98.72028236708626,-85.81969976588165,-43.000345390582254,38.907184020512574,38.907184020512574,4.3823377425,4.3823377425
Double revision,IDA3,21,143.264,23.364706148,52.5,39.81205130048945,1.4362587565903127,1.1751206710748727,0.12404051424537299,-89.1306725464085,-73.89910772849014,-33.72133356858667,48.062639995542675,48.062639995542675,2.78918142,2.78918142
Double revision,IDA3,22,143.264,23.364706148,52.5,39.812051328680425,1.4362587942943321,1.1751207019236167,0.12404051750162937,-89.13067250881423,-75.64660820375197,-31.973833047931823,48.06264000404903,48.06264000404903,2.78918142,2.78918142
Double revision,IDA3,23,137.83,14.2871331005,51.64406016916559,20.71639958492367,0.7134743216265296,0.5837516561881033,0.06161822967109132,-81.43059121922111,-68.9781925450972,-27.529256228907446,50.65167650207539,50.65167650207539,1.45769173775,1.45769173775
Double revision,IDA3,24,137.83,14.2871334605,51.64406016808594,20.716399365088797,0.7134743823367415,0.5837517570583515,0.061618249005155,-81.43059121922111,-69.67860129767733,-26.828847476327333,50.65167650207538,50.65167650207538,1.45769173775,1.45769173775
Double revision,IDA3,25,143.264,11.660531343,52.5,22.074056927195194,0.6885518159937583,0.563360550033674,0.05946583915236936,-77.94765016635522,-70.72608834089817,-26.907577070424892,48.84411271640163,48.84411271640163,1.00382742425,1.00382742425
Double revision,IDA3,26,143.264,11.660532083,52.5,22.074056574563343,0.6885521239106547,0.5633608286541714,0.059465865246829064,-77.94765017534343,-70.44846769237404,-27.185197730207292,48.84411270152488,48.84411270152488,1.00382742425,1.00382742425
Double revision,IDA3,27,143.264,22.3185289205,52.5,46.64210456862146,1.7052242592073963,1.3951836629098384,0.1472693918112986,-82.43602275243298,-74.27314058582186,-29.901291032568025,41.20260671413643,41.20260671413643,0.9077286269999999,0.9077286269999999
Double revision,IDA3,28,143.264,22.3185292605,52.5,46.6421050595152,1.7052248940603292,1.3951838823349627,0.14726940663950638,-82.43602275243299,-72.71956134579926,-31.454870272590647,41.20260671413642,41.20260671413642,0.9077286269999999,0.9077286269999999
Double revision,IDA3,29,143.264,37.61294448325,52.5,91.28827157759882,4.813092692382476,3.9379856574038428,0.41567619161485037,-86.70741307678773,-84.75932166121046,-40.57441128142553,28.62375269296186,28.62375269296186,0.9193067882500001,0.9193067882500001
Double revision,IDA3,30,143.264,37.61294548325,52.5,91.2882725247313,4.81309429532009,3.93798596889825,0.4156763300503714,-86.70741307678774,-81.12182659952917,-44.21190634310684,28.623752692961855,28.623752692961855,0.9193067882500001,0.9193067882500001
Double revision,IDA3,31,143.264,52.64803343075,52.5,147.30752057723637,12.101909200475415,9.901561590020128,1.0451648226931067,-86.76956966439873,-101.6339815170349,-64.69994055545057,14.136049514729597,14.136049514729597,0.9876179985,0.9876179985
Double revision,IDA3,32,143.264,52.64803433075,52.5,147.3075204329364,12.101908721350135,9.901561249399743,1.0451648867387333,-86.76956966439872,-94.51782035400896,-71.81610171847652,14.136049514729606,14.136049514729606,0.9876179985,0.9876179985
Double revision,IDA3,33,156.17,20.05345041425,52.5,147.57921036200074,85.97466481632632,3.6936651071073356e-08,1.501128243979381e-08,-84.2990719129113,-109.59469944292694,-101.05561579358793,3.2308899040755756,3.2308899040755756,1.2168657875,1.2168657875
Double revision,IDA3,34,156.17,20.05345021425,52.5,147.57921040376254,85.97466613250297,1.654345282986469e-07,2.8574946853683392e-08,-84.29907193752508,-98.82781232309753,-111.82250297492332,3.2308898971354663,3.2308898971354663,1.2168657875,1.2168657875
Double revision,IDA3,35,156.19,20.33497522,52.5,149.80014180949533,142.93630475307617,4.633473259985596,-2.2557076206908278e-08,-84.13364424102777,-112.02195978470846,-156.3657146280138,0.0,0.0,1.3257005813749998,1.3257005813749998
Double revision,IDA3,36,156.19,20.33497522,52.5,149.80014131822873,142.93630391548902,4.633469748396031,1.7886248038223584e-08,-84.13364421716149,-98.63142351870218,-169.75625081788633,0.0,0.0,1.3257005813749998,1.3257005813749998
Double revision,IDA3,37,156.19,17.261265060000003,52.5,195.0,122.18289147558951,7.890294615044674,9.365827224883105e-09,-81.86449249439673,-95.8974119746616,-202.24037590164167,0.0,0.0,1.21455015035,1.21455015035
Double revision,IDA3,38,156.19,17.261265060000003,52.5,195.0,122.18288840756252,7.890289153963561,3.8473930707993986e-08,-81.86449251593987,-83.90171246045226,-214.23607549430784,0.0,0.0,1.21455015035,1.21455015035
Double revision,IDA3,39,156.19,13.05936796,52.5,195.0,125.995944309516,7.131244892900094,-2.416101541058424e-09,-79.88667397096256,-74.86410244848356,-227.43946698147886,0.0,0.0,0.7815265304625,0.7815265304625
Double revision,IDA3,40,156.19,13.059367960000001,52.5,195.0,125.99594467084867,7.131245770589146,-4.1437812736688784e-08,-79.8866739918649,-66.68111944401939,-235.62245006504074,0.0,0.0,0.7815265304625,0.7815265304625
Double revision,IDA3,41,156.19,8.794460126375,52.5,195.0,120.52997403454243,4.857243234922219,3.091033641296638e-08,-78.10063579215202,-59.17799308070354,-236.6830488655194,0.0,0.0,0.537227153,0.537227153
Double revision,IDA3,42,156.19,8.794460126375,52.5,195.0,120.52997439460484,4.857243013760245,-7.990094019393953e-09,-78.10063579215203,-54.89120708609035,-240.96983486013264,0.0,0.0,0.537227153,0.537227153
Double revision,IDA3,43,156.19,6.0820096225,52.5,195.0,105.86822856305874,2.715655978824663,-3.278340267794787e-08,-77.04608898116099,-49.582422131889366,-231.23609436704965,0.0,0.0,0.8903613655,0.8903613655
Double revision,IDA3,44,156.19,6.0820095225,52.5,195.0,105.86822695948523,2.7156529302981838,1.931657986962161e-08,-77.04608896178453,-48.459652441733354,-232.35886398658207,0.0,0.0,0.8903613655,0.8903613655
Double revision,IDA3,45,156.19,4.24870534,52.5,195.0,80.38595875084518,1.1607008070998401,-3.6950170700933427e-09,-76.38699728128039,-44.08684701884029,-210.73793671187934,0.0,0.0,1.0825589988749997,1.0825589988749997
Double revision,IDA3,46,156.19,4.24870534,52.5,195.0,80.38595959725744,1.1607018505460407,-3.5534735154385544e-09,-76.38699728128039,-45.20166585692889,-209.6231178737907,0.0,0.0,1.0825589988749997,1.0825589988749997
Double revision,IDA3,47,156.19,2.2665762442500004,52.5,195.0,47.69624650129557,0.20345785480603418,1.898391541693512e-09,-75.57727249450784,-41.16703387305337,-181.16554686893878,0.0,0.0,1.25507373925,1.25507373925
Double revision,IDA3,48,156.19,2.26657614425,52.5,195.0,47.69624509620532,0.2034562121740997,-3.794237298789958e-10,-75.57727248182326,-43.517533793722066,-178.81504691095463,0.0,0.0,1.25507373925,1.25507373925
Reverse revision,DAM,1,156.17,274.240775,52.5,195.0,24.826209,0.0,0.0,-74.4272491009418,-60.56652229256942,-140.27792396338876,0.0,0.0,1.4727433745923078,1.4727433923076922
Reverse revision,DAM,2,156.17,274.240771,52.5,195.0,24.826209,0.0,0.0,-74.42724802825515,-60.774216946800685,-140.07022638184415,0.0,0.0,1.4727433745923078,1.4727433923076922
Reverse revision,DAM,3,156.17,267.743115,52.5,195.0,18.244262,0.0,0.0,-74.42724855697276,-59.13849446966493,-135.2536787498373,0.0,0.0,1.537581106475,1.5375811
Reverse revision,DAM,4,156.17,267.743116,52.5,195.0,18.244262,0.0,0.0,-74.42724883150716,-59.62546557552437,-134.76670836944345,0.0,0.0,1.537581106475,1.5375811
Reverse revision,DAM,5,156.17,250.94699,52.5,195.0,0.67147572,0.0,0.0,-74.42724768949054,-55.27044884358704,-122.7438037849224,0.0,0.0,2.1350147303076925,2.135014707692308
Reverse revision,DAM,6,156.17,250.94699500000002,52.5,195.0,0.67147572,0.0,0.0,-74.42724914689474,-56.24619530964944,-121.76806086145584,0.0,0.0,2.1350147303076925,2.135014707692308
Reverse revision,DAM,7,130.24,231.76471600000002,52.5,175.51385,0.0,0.0,0.0,-74.42725041490837,-51.59006614841109,-107.76709558893054,0.0,0.0,2.8852802145576923,2.885280207692307
Reverse revision,DAM,8,130.24,231.764711,52.5,175.51385,0.0,0.0,0.0,-74.42724884659194,-53.29377000013452,-106.06338830552353,0.0,0.0,2.8852802145576923,2.885280207692307
Reverse revision,DAM,9,130.24,221.518062,52.5,166.29372,0.0,0.0,0.0,-74.42724926667266,-51.7947591690229,-96.76300783105442,0.0,0.0,2.095648964442308,2.0956489923076926
Reverse revision,DAM,10,130.24,221.518062,52.5,166.29372,0.0,0.0,0.0,-74.42724926667266,-54.505655878779024,-94.0521111212983,0.0,0.0,2.095648964442308,2.0956489923076926
Reverse revision,DAM,11,130.24,220.75642,52.5,166.35992,0.0,0.0,0.0,-74.42724907966496,-57.38268161871411,-89.96768400307093,0.0,0.0,1.4588495791423077,1.458849592307692
Reverse revision,DAM,12,130.24,220.75642,52.5,166.35992,0.0,0.0,0.0,-74.42724907966495,-61.31875562216524,-86.0316099996198,0.0,0.0,1.4588495791423077,1.458849592307692
Reverse revision,DAM,13,156.17,226.95375,52.5,136.5,35.951807,0.0,0.0,-74.4272489340643,-68.58549907442317,-85.01897164056255,5.9899999605492635e-05,5.989999868497546e-05,1.5398967313580867,1.5398967076936227
Reverse revision,DAM,14,156.17,226.95375,52.5,136.5,35.951807,0.0,0.0,-74.4272489340643,-73.66674413457157,-79.93772658041414,5.9899999605492635e-05,5.989999868497546e-05,1.5398967313580867,1.5398967076936227
Reverse revision,DAM,15,156.17,216.21820300000002,52.5,136.5,19.831288,0.0,0.0,-74.42724912473685,-74.94663543216761,-70.82188787897057,4.55568600987529,4.555686032917632,1.1265560536920178,1.12655605939006
Reverse revision,DAM,16,156.17,216.21820300000002,52.5,136.5,19.831288,0.0,0.0,-74.42724912473685,-80.0025112035333,-65.76601210760488,4.55568600987529,4.555686032917632,1.1265560536920178,1.12655605939006
Reverse revision,DAM,17,130.24,189.17005100000003,52.5,106.94452,0.0,0.0,0.0,-74.42724919833404,-76.1406290247234,-54.608229396467586,22.095846835239364,22.09584691746454,0.7699483719779452,0.7699483748431507
Reverse revision,DAM,18,130.24,189.17005,52.5,106.94452,0.0,0.0,0.0,-74.42724880733513,-80.2250661801149,-50.52379163207497,22.095846835239364,22.09584691746454,0.7699483719779452,0.7699483748431507
Reverse revision,DAM,19,130.24,142.129635,52.5,34.996779,0.0,0.0,0.0,-74.42724868686439,-62.32396798059986,-34.79611031506076,41.31784790947871,41.31784769826237,0.7074262592001338,0.7074262555837794
Reverse revision,DAM,20,130.24,142.12963500000004,52.5,34.996779,0.0,0.0,0.0,-74.4272486868644,-64.70123461380567,-32.41884368185495,41.31784790947871,41.31784769826237,0.7074262592001338,0.7074262555837794
Reverse revision,DAM,21,130.24,128.049106,52.5,8.2369641,0.0,0.0,0.0,-74.42724891109462,-61.70835623130542,-28.158500509999936,51.389544234728056,51.389543849093535,0.3890265307488667,0.38902652782955566
Reverse revision,DAM,22,130.24,128.04910599999997,52.5,8.2369641,0.0,0.0,0.0,-74.42724891109462,-63.16758066552562,-26.69927607577973,51.389544234728056,51.389543849093535,0.3890265307488667,0.38902652782955566
Reverse revision,DAM,23,125.3,123.752358,51.542318,0.0,0.0,0.0,0.0,-74.42724862560308,-63.045804127093334,-25.161634836378582,55.34009374427549,55.340093847584996,0.20609142741488587,0.20609142779961961
Reverse revision,DAM,24,125.3,123.75235900000001,51.542318,0.0,0.0,0.0,0.0,-74.42724922602473,-63.68597529181453,-24.521464071235762,55.34009374427549,55.340093847584996,0.20609142741488587,0.20609142779961961
Reverse revision,DAM,25,130.24,129.219719,52.5,5.3465594,0.0,0.0,0.0,-74.42724886809597,-67.53183932498729,-25.69233238179173,54.67086725715312,54.67086692384372,0.23156342064495905,0.23156341923319687
Reverse revision,DAM,26,130.24,129.21972,52.5,5.3465594,0.0,0.0,0.0,-74.42724944299516,-67.26675730045454,-25.957414831425282,54.67086725715312,54.67086692384372,0.23156342064495905,0.23156341923319687
Reverse revision,DAM,27,130.24,133.379474,52.5,15.690942000000001,0.0,0.0,0.0,-74.42724935913209,-67.05740236265522,-26.99633932076267,49.98640330420015,49.98640308066717,0.1586209461960001,0.15862094548666694
Reverse revision,DAM,28,130.24,133.37947400000002,52.5,15.690942000000001,0.0,0.0,0.0,-74.4272493591321,-65.65475549013358,-28.398986193284333,49.98640330420015,49.98640308066717,0.1586209461960001,0.15862094548666694
Reverse revision,DAM,29,130.24,154.224398,52.5,50.122071,0.0,0.0,0.0,-74.42724970686987,-72.75506162680524,-34.82795449982488,39.50537281150578,39.50537307168593,0.188724205532683,0.18872420677560992
Reverse revision,DAM,30,130.24,154.224397,52.5,50.122071,0.0,0.0,0.0,-74.42724922501347,-69.6327359861002,-37.95027962238634,39.50537281150578,39.50537307168593,0.188724205532683,0.18872420677560992
Reverse revision,DAM,31,130.24,201.051685,52.5,118.74504,0.0,0.0,0.0,-74.4272487462148,-87.17730949189583,-55.49685896931437,22.53800437567353,22.538004085578432,0.39018436559762465,0.39018436057541556
Reverse revision,DAM,32,130.24,201.051686,52.5,118.74504,0.0,0.0,0.0,-74.42724911524,-81.07336925241343,-61.60079983977157,22.53800437567353,22.538004085578432,0.39018436559762465,0.39018436057541556
Reverse revision,DAM,33,156.17,255.456971,52.5,136.5,57.259586,0.0,0.0,-74.42724912442262,-96.76063820185139,-89.22152191500099,6.014351306822017,6.0143513227400565,1.0605604744529828,1.0605604772599428
Reverse revision,DAM,34,156.17,255.456971,52.5,136.5,57.259586,0.0,0.0,-74.42724912442263,-87.25460481469003,-98.72755530216237,6.014351306822017,6.0143513227400565,1.0605604744529828,1.0605604772599428
Reverse revision,DAM,35,156.17,310.944445,52.5,136.5,120.26017000000002,0.0,0.0,-74.42724810673884,-99.09812261578779,-138.32599243122337,0.0,0.0,1.2955973714423075,1.2955973923076922
Reverse revision,DAM,36,156.17,310.944448,52.5,136.5,120.26017000000002,0.0,0.0,-74.42724881731486,-87.25243708898714,-150.17168024744802,0.0,0.0,1.2955973714423075,1.2955973923076922
Reverse revision,DAM,37,156.17,344.859734,52.5,195.0,96.20829,0.0,0.0,-74.42724809911566,-87.1853016482191,-183.86719532336525,0.0,0.0,0.8857301007,0.8857301
Reverse revision,DAM,38,156.17,344.859742,52.5,195.0,96.20829,0.0,0.0,-74.42724981333863,-76.27939197531808,-194.77311128204326,0.0,0.0,0.8857301007,0.8857301
Reverse revision,DAM,39,156.17,355.666272,52.5,195.0,107.41369,0.0,0.0,-74.42724915434962,-69.74791825342528,-211.8963405931501,0.0,0.0,0.5789085716942307,0.5789085692307692
Reverse revision,DAM,40,156.17,355.666271,52.5,195.0,107.41369,0.0,0.0,-74.42724894606475,-62.124156994139724,-219.52010106072052,0.0,0.0,0.5789085716942307,0.5789085692307692
Reverse revision,DAM,41,156.17,356.078561,52.5,195.0,108.03217999999998,0.0,0.0,-74.42725009955556,-56.394615062128054,-225.55089717669134,0.0,0.0,0.4202876276057692,0.4202876307692307
Reverse revision,DAM,42,156.17,356.07856000000004,52.5,195.0,108.03217999999998,0.0,0.0,-74.4272498912446,-52.309453634234686,-229.63605781289573,0.0,0.0,0.4202876276057692,0.4202876307692307
Reverse revision,DAM,43,156.17,345.31399,52.5,195.0,97.096029,0.0,0.0,-74.42724883786494,-47.89708755801516,-223.3762487242199,0.0,0.0,0.5522787416384616,0.5522787384615384
Reverse revision,DAM,44,156.17,345.313994,52.5,195.0,97.096029,0.0,0.0,-74.42724969616648,-46.81248199873954,-224.46085742519395,0.0,0.0,0.5522787416384616,0.5522787384615384
Reverse revision,DAM,45,156.17,322.285634,52.5,195.0,73.9894,0.0,0.0,-74.42724986668851,-42.955776452215666,-205.33134736309583,0.0,0.0,0.6124852604615385,0.6124852615384616
Reverse revision,DAM,46,156.17,322.28563199999996,52.5,195.0,73.9894,0.0,0.0,-74.42724940709769,-44.04199377058723,-204.24512850431503,0.0,0.0,0.6124852604615385,0.6124852615384616
Reverse revision,DAM,47,156.17,292.959309,52.5,195.0,44.684149,0.0,0.0,-74.4272494301834,-40.54061488731782,-178.40883773899878,0.0,0.0,0.5962757941923077,0.5962757923076923
Reverse revision,DAM,48,156.17,292.959312,52.5,195.0,44.684149,0.0,0.0,-74.42725018867935,-42.855348825466535,-176.0941060423541,0.0,0.0,0.5962757941923077,0.5962757923076923
Reverse revision,IDA1,1,171.787,14.892270466900001,52.5,195.0,32.20006542713711,6.8005757847101505,0.7178385550527381,-77.65738958165785,-63.19510762664328,-146.36598184859884,0.0,0.0,0.0,0.0
Reverse revision,IDA1,2,171.787,14.8922743669,52.5,195.0,32.200067407723296,6.800577611315614,0.7178387478610926,-77.65738955462012,-63.41181712575323,-146.14927227652663,0.0,0.0,0.0,0.0
Reverse revision,IDA1,3,171.787,36.159855606475,52.5,195.0,36.44851407464215,16.241249968492028,1.7143541633408252,-83.58731103093896,-66.41690815449766,-151.89989599103833,0.0,0.0,0.0,0.0
Reverse revision,IDA1,4,171.787,36.159854506475,52.5,195.0,36.44851357120397,16.24124951934063,1.7143541159303999,-83.58731100325225,-66.96381249149961,-151.35299158172313,0.0,0.0,0.0,0.0
Reverse revision,IDA1,5,171.787,38.198466337999996,52.5,195.0,20.69882931255108,16.436182473270385,1.7349303721785405,-84.43035799033521,-62.69886269584602,-139.24071653181875,0.0,0.0,0.0,0.0
Reverse revision,IDA1,6,171.787,38.198461538000004,52.5,195.0,20.698826691064475,16.43618032185123,1.7349301450842967,-84.43035804930116,-63.80574941703761,-138.13382995166126,0.0,0.0,0.0,0.0
Reverse revision,IDA1,7,143.264,30.30982972225,52.5,176.86080675700674,15.207236244280464,12.442284199865833,1.313352221096949,-82.2395349441127,-57.00523695771855,-119.07890955041874,0.0,0.0,0.0,0.0
Reverse revision,IDA1,8,143.264,30.30983452225,52.5,176.86080697920477,15.207238752911579,12.442286252382202,1.3133524377514545,-82.239534880441,-58.88777195356255,-117.19637441824644,0.0,0.0,0.0,0.0
Reverse revision,IDA1,9,143.264,19.390621056750003,52.5,167.53701860764593,9.528427009076129,7.79598573469865,0.822909605329302,-79.50043233687695,-55.325244277420964,-103.35866275245206,0.0,0.0,0.0,0.0
Reverse revision,IDA1,10,143.264,19.39062105675,52.5,167.53701860764593,9.528427009076129,7.79598573469865,0.822909605329302,-79.50043233687695,-58.22092378408067,-100.46298324579234,0.0,0.0,0.0,0.0
Reverse revision,IDA1,11,143.264,8.47342147145,52.5,166.9020507868948,4.1644008367593,3.4072370482576084,0.3596527995383031,-76.29171645587935,-58.82016774353724,-92.22145280203341,0.0,0.0,0.0,0.0
Reverse revision,IDA1,12,143.264,8.473421471450001,52.5,166.9020507868948,4.1644008367593,3.4072370482576084,0.3596527995383031,-76.29171645587934,-62.85484382703465,-88.18677671853601,0.0,0.0,0.0,0.0
Reverse revision,IDA1,13,156.17,12.97415283905171,52.5,136.5000000051739,26.05744761627772,1.5919683983206862e-08,1.68041108711628e-09,-70.19261656827322,-64.68324044980693,-80.18170983096987,5.9899999605492635e-05,5.989999868497546e-05,2.220446049250313e-16,0.0
Reverse revision,IDA1,14,156.17,12.97415283905171,52.5,136.5000000051739,26.05744761627772,1.5919683983206862e-08,1.68041108711628e-09,-70.19261653563423,-69.47538162002193,-75.38956859339385,5.9899999605492635e-05,5.989999868497546e-05,2.220446049250313e-16,0.0
Reverse revision,IDA1,15,140.553,22.0844002,52.5,136.5,0.0,0.0,0.0,-67.30368625814168,-67.77336118909979,-64.0434004758998,5.060223710050245,5.060223720008918,-4.3458960874431796e-08,-4.34589610964764e-08
Reverse revision,IDA1,16,140.553,22.0844002,52.5,136.5,0.0,0.0,0.0,-67.30368632265385,-72.34533027083639,-59.47143152051268,5.060223705481067,5.060223715439741,-4.3458960874431796e-08,-4.34589610964764e-08
Reverse revision,IDA1,17,130.24,54.498402746821085,52.5,53.98601400118456,2.959520428458402e-09,2.4214258051023287e-09,2.555949460941347e-10,-56.11961592696603,-57.411538168648846,-41.17568354759043,24.110413738192094,24.110413738192094,0.0,-1.1102230246251565e-16
Reverse revision,IDA1,18,130.24,54.49840174682109,52.5,53.986015001184555,2.959520428458402e-09,2.4214258051023287e-09,2.555949460941347e-10,-56.11961626289573,-60.49128508556986,-38.09593722080846,24.11041370122648,24.11041370122648,0.0,-1.1102230246251565e-16
Reverse revision,IDA1,19,125.3,60.81432751999999,28.097304,0.0,0.0,0.0,0.0,-50.134215401451684,-41.98144205911033,-23.438669563788714,43.7285120247834,43.7285120247834,-2.608043558893769e-09,-2.6080434478714665e-09
Reverse revision,IDA1,20,125.3,60.81432751999999,28.097304,0.0,0.0,0.0,0.0,-50.13421580091402,-43.582769871278586,-21.837342272878647,43.72851198514366,43.728511985143655,-2.608043558893769e-09,-2.6080434478714665e-09
Reverse revision,IDA1,21,125.3,39.11081716,22.4042,0.0,0.0,0.0,0.0,-59.72382587444946,-49.517605064131985,-22.595667650279054,54.716448760141056,54.716448760141056,-7.107888166935084e-10,-7.107888166935084e-10
Reverse revision,IDA1,22,125.3,39.11081716,22.4042,0.0,0.0,0.0,0.0,-59.72382587444946,-50.68855343716609,-21.42471927724494,54.716448760141056,54.716448760141056,-7.107888166935084e-10,-7.107888166935084e-10
Reverse revision,IDA1,23,125.3,24.680184860000004,27.274316,0.0,0.0,0.0,0.0,-67.42390700188832,-57.113416096888145,-22.794013699496322,60.02851090052914,60.02851090052914,-2.3927472503348923e-09,-2.3927472503348923e-09
Reverse revision,IDA1,24,125.3,24.68018586,27.274315,0.0,0.0,0.0,0.0,-67.42390697351196,-57.69334916519795,-22.214080597556265,60.02851091952582,60.02851091952582,-2.3927472503348923e-09,-2.3927472503348923e-09
Reverse revision,IDA1,25,125.3,19.583404240000004,38.726282,0.0,0.0,0.0,0.0,-70.90684804763477,-64.33759052760112,-24.477087822285192,60.49762210182146,60.49762210182146,-6.092201743079784e-11,-6.092198967522222e-11
Reverse revision,IDA1,26,125.3,19.58340524,38.726281,0.0,0.0,0.0,0.0,-70.90684804763477,-64.08504660005761,-24.72963174982871,60.49762210182146,60.49762210182146,-6.092201743079784e-11,-6.092198967522222e-11
Reverse revision,IDA1,27,125.3,35.6970579,32.811126,1.7763568394002505e-15,0.0,0.0,0.0,-66.41847545018382,-59.841663873356474,-24.091387454968007,58.770200110412816,58.770200110412816,-4.158666494502583e-09,-4.158666494502583e-09
Reverse revision,IDA1,28,125.3,35.6970579,32.811126,1.7763568394002505e-15,0.0,0.0,0.0,-66.4184754726192,-58.589949397856515,-25.343101958819595,58.770200085806316,58.770200085806316,-4.158666494502583e-09,-4.158666494502583e-09
Reverse revision,IDA1,29,125.3,51.79412212,51.2053973,0.0,0.0,0.0,0.0,-62.14708488356797,-60.75080054906,-29.081497100766327,50.386992941543014,50.386992941543014,-3.845853524531151e-09,-3.845853580042302e-09
Reverse revision,IDA1,30,125.3,51.79412112,51.2053983,0.0,0.0,0.0,0.0,-62.147085002115844,-58.1436450969091,-31.68865272427567,50.38699283649615,50.38699283649615,-3.845853524531151e-09,-3.845853580042302e-09
Reverse revision,IDA1,31,130.24,52.805982730000004,52.5,66.719426,0.0,0.0,0.0,-62.08492866662052,-72.72063831819011,-46.29377798755932,30.939959413098464,30.939959413098457,-1.9134799300601912e-09,-1.91347987454904e-09
Reverse revision,IDA1,32,130.24,52.80598373,52.5,66.719425,0.0,0.0,0.0,-62.084928456263896,-67.6289180321742,-51.385497870329694,30.939959556297378,30.93995955629738,-1.9134799300601912e-09,-1.91347987454904e-09
Reverse revision,IDA1,33,156.17,40.10690064,52.5,136.5,17.465296000000002,0.0,0.0,-64.55542634974479,-83.92657697962967,-77.38742805295226,8.797812685306905,8.797812685306905,0.9042551558564629,0.9042551558564629
Reverse revision,IDA1,34,156.17,40.10690064,52.5,136.5,17.465296000000002,0.0,0.0,-64.55542610360705,-75.68139706369553,-85.63260735382629,8.79781275470796,8.797812754707959,0.9042551558564629,0.9042551558564629
Reverse revision,IDA1,35,156.17,40.66994647725001,52.5,136.50000000004093,79.6504300000698,1.2596588460289145e-10,1.3296398930305208e-11,-64.7208542005585,-86.1742884418099,-120.28627441138158,0.0,0.0,1.2654941432499998,1.2654941432499998
Reverse revision,IDA1,36,156.17,40.66994947725,52.5,136.50000000004093,79.65042700006981,1.2596588460289145e-10,1.3296398930305208e-11,-64.7208540334947,-75.87345138875631,-130.587110931499,0.0,0.0,1.2654941432499998,1.2654941432499998
Reverse revision,IDA1,37,156.17,34.5225261072,52.5,195.0,62.34340400276123,4.014972897982479e-09,4.2380269478703944e-10,-66.99000563180635,-78.47319359730889,-165.49401954158475,0.0,0.0,0.5569100467500001,0.5569100467500001
Reverse revision,IDA1,38,156.17,34.5225341072,52.5,195.0,62.34339600276123,4.014972897982479e-09,4.2380269478703944e-10,-66.99000569643583,-68.65707003035574,-175.3101433439084,0.0,0.0,0.5569100467500001,0.5569100467500001
Reverse revision,IDA1,39,156.17,26.11873592,52.5,195.0,81.70019,0.0,0.0,-68.96782417081478,-64.63173390157188,-196.35321372853835,0.0,0.0,0.3762906104624999,0.37629061046249995
Reverse revision,IDA1,40,156.17,26.118734919999998,52.5,195.0,81.700191,0.0,0.0,-68.96782423352178,-57.56719482373139,-203.41775304367184,0.0,0.0,0.3762906104624999,0.37629061046249995
Reverse revision,IDA1,41,156.17,17.58892506,52.5,195.0,90.67713399999998,0.0,0.0,-70.75386236533826,-53.61123549150132,-214.41873928153535,0.0,0.0,0.30334809918749994,0.30334809918749994
Reverse revision,IDA1,42,156.17,17.58892406,52.5,195.0,90.67713499999998,0.0,0.0,-70.75386238622295,-49.72769905124337,-218.3022758009087,0.0,0.0,0.30334809918749994,0.30334809918749994
Reverse revision,IDA1,43,156.17,12.16401724,52.5,195.0,85.608177,0.0,0.0,-71.80840926541146,-46.21175335308311,-215.51640480160543,0.0,0.0,0.21419612005,0.21419612005
Reverse revision,IDA1,44,156.17,12.16402124,52.5,195.0,85.608173,0.0,0.0,-71.80840926541146,-45.165310819626384,-216.56284733506214,0.0,0.0,0.21419612005,0.21419612005
Reverse revision,IDA1,45,156.17,8.4974138805,52.5,195.0,66.43213360021161,2.608615140016537e-10,2.753538203350789e-11,-72.46750096539868,-41.824705023221725,-199.9247538933796,0.0,0.0,0.14241152075000008,0.14241152075000008
Reverse revision,IDA1,46,156.17,8.4974118805,52.5,195.0,66.43213560021161,2.608615140016537e-10,2.753538203350789e-11,-72.46750094233579,-42.882321333042924,-198.86713750662125,0.0,0.0,0.14241152075000008,0.14241152075000008
Reverse revision,IDA1,47,156.17,4.5331536865,52.5,195.0,41.34354690304436,3.1257025684177513e-09,3.299352711107626e-10,-73.27722574647473,-39.9141955625313,-175.65212711749396,0.0,0.0,0.0,0.0
Reverse revision,IDA1,48,156.17,4.5331566865,52.5,195.0,41.34354390304436,3.1257025684177513e-09,3.299352711107626e-10,-73.27722574901165,-42.193162615252476,-173.37316007223586,0.0,0.0,0.0,0.0
Reverse revision,IDA2,1,156.19,2.9866959599999996,52.5,195.0,32.20006542713711,4.5317183847101505,-4.9472618224299936e-09,-76.84985444928807,-62.53796128323262,-144.84396735437926,0.0,0.0,0.0,0.0
Reverse revision,IDA2,2,156.19,2.98669585,52.5,195.0,32.200067407723296,4.531720511315614,-2.138907273518953e-09,-76.84985446551073,-62.75241732250313,-144.62951135888613,0.0,0.0,0.0,0.0
Reverse revision,IDA2,3,156.19,8.2711726,52.5,195.0,36.44851407464215,9.684431568492027,-3.665917480688563e-08,-81.29729564660438,-64.59730492073123,-147.73834210913935,0.0,0.0,0.0,0.0
Reverse revision,IDA2,4,156.19,8.2711724,52.5,195.0,36.44851357120397,9.684431219340631,1.593039988811995e-08,-81.29729561891767,-65.12922589027178,-147.20642106728553,0.0,0.0,0.0,0.0
Reverse revision,IDA2,5,156.19,8.4821079,52.5,195.0,20.69882931255108,9.689004973270386,-2.7821459580579244e-08,-81.9295808016861,-60.84175952447296,-135.11648899184092,0.0,0.0,0.0,0.0
Reverse revision,IDA2,6,156.19,8.482108,52.5,195.0,20.698826691064475,9.689002421851228,4.5084296740327545e-08,-81.92958083116909,-61.91586089572165,-134.0423876911093,0.0,0.0,0.0,0.0
Reverse revision,IDA2,7,143.264,28.9628722,52.5,177.8752763917993,11.453433562527803,9.370991096613654,0.9891601713092193,-80.28646347445017,-55.65144401617123,-116.2509555616286,0.0,0.0,0.0,0.0
Reverse revision,IDA2,8,143.264,28.9628774,52.5,177.87527684508328,11.453435680135277,9.370993283747048,0.9891604132844102,-80.28646347445016,-57.489271539713954,-114.41312803808587,0.0,0.0,0.0,0.0
Reverse revision,IDA2,9,143.264,18.14732231,52.5,168.45695900683685,7.050265241004526,5.7683988608218835,0.6088865380867547,-78.2321365280082,-54.44262297110707,-101.70974896763471,0.0,0.0,0.0,0.0
Reverse revision,IDA2,10,143.264,18.14732231,52.5,168.45695900683685,7.050265241004526,5.7683988608218835,0.6088865380867547,-78.2321365280082,-57.29210677701182,-98.86026516172996,0.0,0.0,0.0,0.0
Reverse revision,IDA2,11,143.264,7.9312906,52.5,167.32063197527455,3.215349345963247,2.630740392151748,0.27768925806046224,-75.82559961680023,-58.46079621624204,-91.65801060840772,0.0,0.0,0.0,0.0
Reverse revision,IDA2,12,143.264,7.9312906,52.5,167.32063197527455,3.215349345963247,2.630740392151748,0.27768925806046224,-75.82559962015617,-62.47082178276099,-87.64798504853283,0.0,0.0,0.0,0.0
Reverse revision,IDA2,13,171.787,3.24353829,52.5,136.92031259985706,27.450892016603984,1.2932695380217132,0.1365117845689586,-71.25127468874888,-65.65880513322719,-81.39102531707395,5.9899999605492635e-05,5.989999868497546e-05,2.220446049250313e-16,0.0
Reverse revision,IDA2,14,171.787,3.2435385,52.5,136.9203126128155,27.450892059564612,1.293269577893896,0.136511788777689,-71.25127472465176,-70.52322233771073,-76.52660818668751,5.9899999605492635e-05,5.989999868497546e-05,2.220446049250313e-16,0.0
Reverse revision,IDA2,15,0.0,0.0,52.5,136.5,0.0,0.0,0.0,-67.30368625814168,-67.77336118909979,-64.0434004758998,5.060223710050245,5.060223720008918,-4.3458960874431796e-08,-4.34589610964764e-08
Reverse revision,IDA2,16,0.0,0.0,52.5,136.5,0.0,0.0,0.0,-67.30368632265385,-72.34533027083639,-59.47143152051268,5.060223705481067,5.060223715439741,-4.3458960874431796e-08,-4.34589610964764e-08
Reverse revision,IDA2,17,143.264,13.624601726384185,52.5,57.41674862020241,5.35238835527597,4.379226836134885,0.46225172159201555,-60.69652449932878,-62.09381114675662,-44.5338201971199,23.606771975,23.606771975,0.0,-1.1102230246251565e-16
Reverse revision,IDA2,18,143.264,13.62460075245296,52.5,57.41674933157893,5.352387942942552,4.379226498771179,0.4622516859814022,-60.69652450878517,-65.42473046437664,-41.20290089611224,23.606771975,23.606771975,0.0,-1.1102230246251565e-16
Reverse revision,IDA2,19,143.264,15.203582649566806,28.678455078455553,4.643931977795919,5.239307872385139,4.286706441042387,0.4524856798878075,-56.20747400539831,-47.06707374098553,-26.278029877966887,43.125845999999996,43.125845999999996,-2.608043558893769e-09,-2.6080434478714665e-09
Reverse revision,IDA2,20,143.264,15.203581570287325,28.67845503720051,4.643931648130177,5.23930750045456,4.286706136735549,0.4524856477665301,-56.20747397100225,-48.86238597711168,-24.482717596957325,43.125845999999996,43.125845999999996,-2.608043558893769e-09,-2.6080434478714665e-09
Reverse revision,IDA2,21,143.264,9.777703720282116,22.861069638996042,2.9601997489426455,3.339712537268626,2.7324920759470572,0.28842971912774495,-63.39968156944744,-52.56529278193307,-23.986375837479986,53.8847227,53.8847227,-7.107888166935084e-10,-7.107888166935084e-10
Reverse revision,IDA2,22,143.264,9.777703720282116,22.861069638996042,2.9601997489426455,3.339712537268626,2.7324920759470572,0.28842971912774495,-63.39968156944744,-53.80831016900882,-22.743358450404234,53.8847227,53.8847227,-7.107888166935084e-10,-7.107888166935084e-10
Reverse revision,IDA2,23,137.83,6.170046521058298,27.51780378091495,1.8822132743126263,2.1235226684552706,1.7374276378270395,0.18339513954840975,-69.17474253849632,-58.5965131609119,-23.38591901886457,58.85640659999999,58.85640659999999,-2.3927472503348923e-09,-2.3927472503348923e-09
Reverse revision,IDA2,24,137.83,6.170046609051657,27.517802795632033,1.8822133134638879,2.1235227126259244,1.7374276739666654,0.18339514336314802,-69.17474253300169,-59.19150570638102,-22.79092646688347,58.85640659999999,58.85640659999999,-2.3927472503348923e-09,-2.3927472503348923e-09
Reverse revision,IDA2,25,143.264,4.895851013642929,38.83369980015531,1.5207564892998133,1.7157252699792769,1.4037752208921355,0.14817627331639208,-71.78694831801536,-65.13615275929047,-24.78089898021525,59.040933425,59.040933425,-6.092201743079784e-11,-6.092198967522222e-11
Reverse revision,IDA2,26,143.264,4.895851013642929,38.83369880778295,1.5207564868773538,1.7157252672462455,1.4037752186560188,0.14817627308035755,-71.78694831801536,-64.88047424058921,-25.036577498916518,59.040933425,59.040933425,-6.092201743079784e-11,-6.092198967522222e-11
Reverse revision,IDA2,27,143.264,8.924264320825628,33.08840515693195,2.746192372490666,3.0982683176817756,2.534946805375998,0.26757771834524424,-68.42066886338935,-61.64559846279701,-24.817625402321944,56.574250925,56.574250925,-4.158666494502583e-09,-4.158666494502583e-09
Reverse revision,IDA2,28,143.264,8.92426426161263,33.08840515229586,2.746192326574546,3.0982682658789726,2.5349467629918863,0.2675777138713658,-68.4206688814072,-60.35615089030073,-26.107072997587395,56.574250925,56.574250925,-4.158666494502583e-09,-4.158666494502583e-09
Reverse revision,IDA2,29,143.264,12.948531583086012,51.232641491230474,4.10366615946552,4.629777205550844,3.787999531814326,0.3998443950248456,-65.21712617934263,-63.751865953598355,-30.518111500453323,47.66658770000001,47.66658770000001,-3.845853524531151e-09,-3.845853580042302e-09
Reverse revision,IDA2,30,143.264,12.94853097299228,51.23264246915706,4.103666004475356,4.629777030690145,3.7879993887464822,0.3998443799232398,-65.21712613432335,-61.01591789969477,-33.25405948928249,47.66658770000001,47.66658770000001,-3.845853524531151e-09,-3.845853580042302e-09
Reverse revision,IDA2,31,143.264,13.201495326196927,52.5,69.81380844029991,5.306837314790793,4.341957803010649,0.4583177680955685,-65.17050867287558,-76.334806079284,-48.59454822021036,28.839470749999997,28.839470749999997,-1.9134799300601912e-09,-1.91347987454904e-09
Reverse revision,IDA2,32,143.264,13.201496212594765,52.5,69.81380766653622,5.306837661414986,4.3419580866122605,0.4583177980312942,-65.17050866821246,-70.99003088877626,-53.93932340177906,28.839470749999997,28.839470749999997,-1.9134799300601912e-09,-1.91347987454904e-09
Reverse revision,IDA2,33,171.787,10.02672507061381,52.5,137.76510343376378,21.8452506920809,3.8926259500424245,0.4108882947267004,-67.02338202488036,-87.1350922612021,-80.34595149624425,8.10194735,8.10194735,0.9433314878564629,0.9433314878564629
Reverse revision,IDA2,34,171.787,10.02672600941592,52.5,137.7651035531459,21.84525110539756,3.8926263173720597,0.4108883335003841,-67.0233820073895,-78.57469917574551,-88.90634453799386,8.10194735,8.10194735,0.9433314878564629,0.9433314878564629
Reverse revision,IDA2,35,171.787,10.167487,52.5,137.99281912637542,83.2319090166316,4.593289619616743,0.48484723762621174,-67.14745278855337,-89.40524713723073,-124.79620412796591,0.0,0.0,1.2730199480499997,1.2730199480499997
Reverse revision,IDA2,36,171.787,10.1674876,52.5,137.99281926215926,83.23190641895062,4.593290037413173,0.48484728172694597,-67.1474527646871,-78.71819785603655,-135.48325333302637,0.0,0.0,1.2730199480499997,1.2730199480499997
Reverse revision,IDA2,37,171.787,8.630633,52.5,195.0,66.08581597521817,4.272793988727295,0.4510171432545478,-68.84931655425962,-80.65122097018602,-170.08731424625435,0.0,0.0,0.6391150607500001,0.6391150607500001
Reverse revision,IDA2,38,171.787,8.6306328,52.5,195.0,66.0858079485637,4.27279374148008,0.4510171171562306,-68.84931657580277,-70.56265036171688,-180.17588493318033,0.0,0.0,0.6391150607500001,0.6391150607500001
Reverse revision,IDA2,39,171.787,6.5296842999999996,52.5,195.0,84.33595514495723,3.430501647777388,0.362108507265391,-70.33268046899143,-65.91078003849447,-200.2389955934391,0.0,0.0,0.4269451034624999,0.4269451034624999
Reverse revision,IDA2,40,171.787,6.5296840000000005,52.5,195.0,84.33595601070706,3.430501497852909,0.36210849144002927,-70.33268046899143,-58.70643541435271,-207.44334021758087,0.0,0.0,0.4269451034624999,0.4269451034624999
Reverse revision,IDA2,41,171.787,4.39723027,52.5,195.0,92.38612536445643,2.378685650240395,0.2510834853031528,-71.67220908441506,-54.3070802210096,-217.20177810295027,0.0,0.0,0.33258298118749996,0.33258298118749996
Reverse revision,IDA2,42,171.787,4.39723024,52.5,195.0,92.3861263170578,2.37868560266127,0.2510834802809119,-71.67220909903435,-50.37313758165322,-221.13572079768744,0.0,0.0,0.33258298118749996,0.33258298118749996
Reverse revision,IDA2,43,171.787,3.04100475,52.5,195.0,86.76587904992483,1.5505881558468817,0.16367319422828197,-72.46311922826544,-46.633086949394766,-217.4813659924398,0.0,0.0,0.29871677605,0.29871677605
Reverse revision,IDA2,44,171.787,3.04100476,52.5,195.0,86.76587507049236,1.550588137243088,0.1636731922645482,-72.46311923041837,-45.57710352425169,-218.5373494254299,0.0,0.0,0.29871677605,0.29871677605
Reverse revision,IDA2,45,171.787,2.12435256,52.5,195.0,67.25506220107243,0.9645712457133921,0.10181585371419137,-72.9574379861453,-42.10747276185905,-201.27640169399567,0.0,0.0,0.2599299507500001,0.2599299507500001
Reverse revision,IDA2,46,171.787,2.12435272,52.5,195.0,67.25506423858013,0.9645713022390842,0.1018158596807922,-72.95743799998303,-43.172239407570046,-200.21163509444688,0.0,0.0,0.2599299507500001,0.2599299507500001
Reverse revision,IDA2,47,171.787,1.1332880699999999,52.5,195.0,41.78299377346818,0.44275163791823496,0.04673489511359146,-73.564731582051,-40.07080034702823,-176.34130456742076,0.0,0.0,0.10217734,0.10217734
Reverse revision,IDA2,48,171.787,1.13328806,52.5,195.0,41.78299077262586,0.4427516296349,0.04673489423923944,-73.564731582051,-42.3587090076311,-174.05339590681788,0.0,0.0,0.10217734,0.10217734
Reverse revision,IDA3,1,156.19,2.9866959,52.5,195.0,32.20006542713711,1.5450224847101506,-4.9472618224299936e-09,-76.04231932502964,-61.88081494642269,-143.32195287544764,0.0,0.0,0.0,0.0
Reverse revision,IDA3,2,156.19,2.9866959,52.5,195.0,32.200067407723296,1.5450246113156139,-2.138907273518953e-09,-76.04231933584474,-62.09301748613617,-143.10975036491908,0.0,0.0,0.0,0.0
Reverse revision,IDA3,3,156.19,8.271173,52.5,195.0,36.44851407464215,1.4132585684920276,-3.665917480688563e-08,-79.00728015152295,-62.777701598967454,-143.57678802598457,0.0,0.0,0.0,0.0
Reverse revision,IDA3,4,156.19,8.2711729,52.5,195.0,36.44851357120397,1.4132583193406312,1.593039988811995e-08,-79.00728012383624,-63.29463920032198,-143.05985035231677,0.0,0.0,0.0,0.0
Reverse revision,IDA3,5,156.19,8.482108,52.5,195.0,20.69882931255108,1.2068969732703856,-2.7821459580579244e-08,-79.42880358355404,-58.98465633120556,-130.9922614032404,0.0,0.0,0.0,0.0
Reverse revision,IDA3,6,156.19,8.4821081,52.5,195.0,20.698826691064475,1.2068943218512285,4.5084296740327545e-08,-79.42880358355404,-60.025972352124796,-129.9509453823212,0.0,0.0,0.0,0.0
Reverse revision,IDA3,7,143.264,21.81358527,52.5,178.52332687641754,7.892022028838037,6.457109287231119,0.6815837597632849,-78.33339200478761,-54.297651074623936,-113.42300157283846,0.0,0.0,0.0,0.0
Reverse revision,IDA3,8,143.264,21.81358971,52.5,178.52332752703373,7.892024678338516,6.457111328711975,0.6815839781657862,-78.33339203662345,-56.09077110306923,-111.6298816125573,0.0,0.0,0.0,0.0
Reverse revision,IDA3,9,143.264,13.42755064,52.5,169.04834942682197,4.744612126231776,3.8819553026728935,0.40976195102336505,-76.96384071913943,-53.56000166479318,-100.06083518281737,0.0,0.0,0.0,0.0
Reverse revision,IDA3,10,143.264,13.42755064,52.5,169.04834942682197,4.744612126231776,3.8819553026728935,0.40976195102336505,-76.96384071913944,-56.36328976994297,-97.25754707766757,0.0,0.0,0.0,0.0
Reverse revision,IDA3,11,143.264,6.12377896,52.5,167.6181145573519,2.3298819122576995,1.9062669734699824,0.20121706837042844,-75.35948278443297,-58.10142469412164,-91.09456842289538,0.0,0.0,0.0,0.0
Reverse revision,IDA3,12,143.264,6.12377896,52.5,167.61811455106906,2.3298818630505944,1.9062669332096238,0.2012170641207239,-75.35948278443297,-62.08679973848735,-87.10919337852968,0.0,0.0,0.0,0.0
Reverse revision,IDA3,13,171.787,3.38005008,52.5,137.3583150207596,28.902982742545845,2.6409692946448784,0.14225720110140386,-72.30993281248844,-66.63436981965519,-82.6003408069064,5.9899999605492635e-05,5.989999868497546e-05,2.220446049250313e-16,0.0
Reverse revision,IDA3,14,171.787,3.3800499899999994,52.5,137.3583150207596,28.902982742545845,2.640969294644879,0.14225719110140383,-72.30993281575233,-71.5710629584831,-77.66364767481457,5.9899999605492635e-05,5.989999868497546e-05,2.220446049250313e-16,0.0
Reverse revision,IDA3,15,171.787,2.637396210059163,52.5,136.82311555907532,1.2151354358387767,0.9942017202317264,0.1049435149133489,-68.15440702179647,-68.63001865916965,-64.85291112217514,4.99997005,4.99997005,-4.3458960874431796e-08,-4.34589610964764e-08
Reverse revision,IDA3,16,171.787,2.637396010920808,52.5,136.82311553345312,1.2151353394818383,0.9942016413942313,0.1049435065916133,-68.15440702208771,-73.25977750755293,-60.22315227436228,4.99997005,4.99997005,-4.3458960874431796e-08,-4.34589610964764e-08
Reverse revision,IDA3,17,143.264,23.818467570000003,52.5,63.4143435366059,9.357021333298011,7.655744799971099,0.8081063933302826,-65.2734327089434,-66.7760837537655,-47.891956580496405,23.10313025,23.10313025,0.0,-1.1102230246251565e-16
Reverse revision,IDA3,18,143.264,23.81846664,52.5,63.41434396435582,9.357021044825807,7.655744454857479,0.808106355234956,-65.27343268212496,-70.35817576498226,-44.30986452216682,23.10313025,23.10313025,0.0,-1.1102230246251565e-16
Reverse revision,IDA3,19,143.264,25.182082079999997,29.641030417725535,12.335794842360013,8.677999101636935,7.100181146793857,0.7494635610504626,-62.280732392415736,-52.15270524120833,-29.117390090726655,42.523179999999996,42.523179999999996,-2.608043558893769e-09,-2.6080434478714665e-09
Reverse revision,IDA3,20,143.264,25.182081349999997,29.64103033824588,12.335794207244433,8.677998785096282,7.100180860533324,0.7494635291674063,-62.28073235801968,-54.14200227152607,-27.128093015525508,42.523179999999996,42.523179999999996,-2.608043558893769e-09,-2.6080434478714665e-09
Reverse revision,IDA3,21,143.264,16.138338319999995,23.615144108662758,7.846081552550119,5.512276943902698,4.510044717738571,0.47606027742796037,-67.07553735504787,-55.61298057485353,-25.377084058959085,53.0529966,53.0529966,-7.107888166935084e-10,-7.107888166935084e-10
Reverse revision,IDA3,22,143.264,16.138338419999993,23.615144108662758,7.846081552550119,5.512276943902698,4.510044717738571,0.47606027742796037,-67.0755374003491,-56.92806701619515,-24.061997672316238,53.0529966,53.0529966,-7.107888166935084e-10,-7.107888166935084e-10
Reverse revision,IDA3,23,137.83,10.214391849999988,27.920893063418745,4.9981807179799835,3.5154504177210066,2.876277678135369,0.3036070838031779,-70.92557802476453,-60.07961018229383,-23.97782432121443,57.6843023,57.6843023,-2.3927472503348923e-09,-2.3927472503348923e-09
Reverse revision,IDA3,24,137.83,10.214391999999988,27.920892097430848,4.998180782762306,3.515450490808755,2.876277637934436,0.3036070901153015,-70.92557804215163,-60.68966220448928,-23.36777231962528,57.6843023,57.6843023,-2.3927472503348923e-09,-2.3927472503348923e-09
Reverse revision,IDA3,25,143.264,8.163527760000004,39.012812314568784,4.0565235429470015,2.8608653638376422,2.340708070412617,0.2470747418768873,-72.66704857951714,-65.9347149829236,-25.08471013508034,57.584244749999996,57.584244749999996,-6.092201743079784e-11,-6.092198967522222e-11
Reverse revision,IDA3,26,143.264,8.163527760000004,39.01281133491504,4.0565235364852406,2.8608653565474516,2.340708064447915,0.24707474124727993,-72.66704857951714,-65.67590187309621,-25.343523244907733,57.584244749999996,57.584244749999996,-6.092201743079784e-11,-6.092198967522222e-11
Reverse revision,IDA3,27,143.264,14.825057119999991,33.54902344799401,7.308188490557271,5.146867432936407,4.211073345129787,0.4445021842081442,-70.42286227659488,-63.44953305223754,-25.543863349675878,54.378301750000006,54.378301750000006,-4.158666494502583e-09,-4.158666494502583e-09
Reverse revision,IDA3,28,143.264,14.825057099999992,33.549023443357925,7.308188444641152,5.146867381133605,4.2110733027456755,0.44450218973426586,-70.42286229019518,-62.12235238274495,-26.87104403635519,54.378301750000006,54.378301750000006,-4.158666494502583e-09,-4.158666494502583e-09
Reverse revision,IDA3,29,143.264,21.766151400000012,51.27843828146649,11.00182425540034,7.782537344554228,6.367530581908005,0.6721282197569562,-68.287167147983,-66.75293103835227,-31.95472574705904,44.9461827,44.9461827,-3.845853524531151e-09,-3.845853580042302e-09
Reverse revision,IDA3,30,143.264,21.766151180000012,51.27843922409234,11.001824111621321,7.782537382342004,6.367530549188913,0.6721282257477184,-68.28716714385551,-63.888190587707676,-34.819466191737426,44.9461827,44.9461827,-3.845853524531151e-09,-3.845853580042302e-09
Reverse revision,IDA3,31,143.264,23.308608769999996,52.5,75.23438211247375,9.296233814604047,7.606009475585129,0.8028565535339859,-68.25608881625965,-79.94897400099832,-50.89531855511198,26.738982,26.738982,0.0914675520865201,0.0914675520865201
Reverse revision,IDA3,32,143.264,23.308609599999993,52.5,75.23438160545747,9.2962341462296,7.606009774187853,0.802856586719829,-68.25608884587876,-74.35114370803478,-56.49314890485424,26.738982,26.738982,0.0914675520865201,0.0914675520865201
Reverse revision,IDA3,33,171.787,10.43761339,52.5,139.08245721496894,26.406102967972682,7.946022199904478,0.42785849776769497,-69.49133770001593,-90.34360754277454,-83.30447493953625,7.4060820000000005,7.4060820000000005,0.982407815856463,0.982407815856463
Reverse revision,IDA3,34,171.787,10.437613529999998,52.5,139.0824573470675,26.406103425315305,7.946022606361595,0.4278585006715017,-69.49133771110593,-81.46800105324854,-92.18008145677439,7.4060820000000005,7.4060820000000005,0.982407815856463,0.982407815856463
Reverse revision,IDA3,35,171.787,10.652334939999998,52.5,139.55693054542246,86.9844280780912,9.405940139761489,0.5080019969748237,-69.57405154361201,-92.63620605509304,-129.30613415504493,0.0,0.0,1.2805457528499997,1.2805457528499997
Reverse revision,IDA3,36,171.787,10.65233508,52.5,139.55693081645256,86.98442588509549,9.405940973700247,0.5080020450016929,-69.57405154361201,-81.5629443792745,-140.37939583086353,0.0,0.0,1.2805457528499997,1.2805457528499997
Reverse revision,IDA3,37,171.787,9.08164994,52.5,195.0,70.02759551428908,8.773210305145568,0.47504394776536574,-70.70862743362657,-82.8292482925911,-174.68060884448232,0.0,0.0,0.7213200737500001,0.7213200737500001
Reverse revision,IDA3,38,171.787,9.08164972,52.5,195.0,70.02758755503282,8.773209906482876,0.4750439256843035,-70.70862741208342,-72.4682306489195,-185.04162640969707,0.0,0.0,0.7213200737500001,0.7213200737500001
Reverse revision,IDA3,39,171.787,6.89179241,52.5,195.0,87.12019200541722,7.054242236306033,0.382505948276748,-71.69753668355874,-67.18982609706433,-204.12477722030195,0.0,0.0,0.4775995934624999,0.4775995934624999
Reverse revision,IDA3,40,171.787,6.891792389999999,52.5,195.0,87.12019285928966,7.054242097124936,0.3825059535854098,-71.69753668355874,-59.84567598752693,-211.46892732983935,0.0,0.0,0.4775995934624999,0.4775995934624999
Reverse revision,IDA3,41,171.787,4.64831357,52.5,195.0,94.19401575582604,4.895025416840751,0.2656136373331903,-72.59055576381103,-55.00292492045111,-219.9848168041128,0.0,0.0,0.3618178631875,0.3618178631875
Reverse revision,IDA3,42,171.787,4.64831355,52.5,195.0,94.19401666056525,4.895025322101766,0.2656136373329642,-72.59055577634184,-51.01857608710996,-223.96916568492318,0.0,0.0,0.3618178631875,0.3618178631875
Reverse revision,IDA3,43,171.787,3.20467794,52.5,195.0,87.9895585420266,3.1895443338452845,0.1730009341281134,-73.11782919111943,-47.054420545706414,-219.44632718327418,0.0,0.0,0.38323743205000005,0.38323743205000005
Reverse revision,IDA3,44,171.787,3.2046779499999998,52.5,195.0,87.98955458433379,3.1895442955774675,0.1730009300887327,-73.11782919542532,-45.988896228876996,-220.51185151579767,0.0,0.0,0.38323743205000005,0.38323743205000005
Reverse revision,IDA3,45,171.787,2.2261685399999998,52.5,195.0,68.1223387190825,1.9811235811816732,0.10730275023584325,-73.44737503687365,-42.390240517800365,-202.62804957732598,0.0,0.0,0.3774483907500001,0.3774483907500001
Reverse revision,IDA3,46,171.787,2.22616845,52.5,195.0,68.12234075021495,1.9811236434739277,0.1073027468111368,-73.4473750276485,-43.46215746435559,-201.55613259999586,0.0,0.0,0.3774483907500001,0.3774483907500001
Reverse revision,IDA3,47,171.787,1.1800229949999999,52.5,195.0,42.18539513818473,0.8481791743555211,0.04279512895974944,-73.85223742523802,-40.22740513567076,-177.0304820355912,0.0,0.0,0.26687682,0.26687682
Reverse revision,IDA3,48,171.787,1.180022994,52.5,195.0,42.18539214090297,0.8481791628515801,0.04279512874544457,-73.85223742523803,-42.52425540585277,-174.73363176540917,0.0,0.0,0.26687682,0.26687682
