scenario,stage,participant,period,side,quantity_mwh,price_eur_mwh,cash_eur,order
Baseline,FM,PV_C,13,sell,3.594e-05,85.0,0.0030548999999999997,PV_COM
Baseline,FM,COM,13,buy,3.594e-05,85.0,-0.0030548999999999997,PV_COM
Baseline,FM,PV_C,14,sell,3.594e-05,85.0,0.0030548999999999997,PV_COM
Baseline,FM,COM,14,buy,3.594e-05,85.0,-0.0030548999999999997,PV_COM
Baseline,FM,PV_C,15,sell,2.7334115999999997,85.0,232.33998599999998,PV_COM
Baseline,FM,COM,15,buy,2.7334115999999997,85.0,-232.33998599999998,PV_COM
Baseline,FM,PV_C,16,sell,2.7334115999999997,85.0,232.33998599999998,PV_COM
Baseline,FM,COM,16,buy,2.7334115999999997,85.0,-232.33998599999998,PV_COM
Baseline,FM,PV_C,17,sell,13.25750808,85.0,1126.8881867999999,PV_COM
Baseline,FM,COM,17,buy,13.25750808,85.0,-1126.8881867999999,PV_COM
Baseline,FM,PV_C,18,sell,13.25750808,85.0,1126.8881867999999,PV_COM
Baseline,FM,COM,18,buy,13.25750808,85.0,-1126.8881867999999,PV_COM
Baseline,FM,PV_C,19,sell,24.790708799999997,85.0,2107.210248,PV_COM
Baseline,FM,COM,19,buy,24.790708799999997,85.0,-2107.210248,PV_COM
Baseline,FM,PV_C,20,sell,24.790708799999997,85.0,2107.210248,PV_COM
Baseline,FM,COM,20,buy,24.790708799999997,85.0,-2107.210248,PV_COM
Baseline,FM,PV_C,21,sell,30.83372664,85.0,2620.8667643999997,PV_COM
Baseline,FM,COM,21,buy,30.83372664,85.0,-2620.8667643999997,PV_COM
Baseline,FM,PV_C,22,sell,30.83372664,85.0,2620.8667643999997,PV_COM
Baseline,FM,COM,22,buy,30.83372664,85.0,-2620.8667643999997,PV_COM
Baseline,FM,PV_C,23,sell,33.20405622,85.0,2822.3447787,PV_COM
Baseline,FM,COM,23,buy,33.20405622,85.0,-2822.3447787,PV_COM
Baseline,FM,PV_C,24,sell,33.20405622,85.0,2822.3447787,PV_COM
Baseline,FM,COM,24,buy,33.20405622,85.0,-2822.3447787,PV_COM
Baseline,FM,PV_C,25,sell,32.802520439999995,85.0,2788.2142373999995,PV_COM
Baseline,FM,COM,25,buy,32.802520439999995,85.0,-2788.2142373999995,PV_COM
Baseline,FM,PV_C,26,sell,32.802520439999995,85.0,2788.2142373999995,PV_COM
Baseline,FM,COM,26,buy,32.802520439999995,85.0,-2788.2142373999995,PV_COM
Baseline,FM,PV_C,27,sell,29.991842039999998,85.0,2549.3065733999997,PV_COM
Baseline,FM,COM,27,buy,29.991842039999998,85.0,-2549.3065733999997,PV_COM
Baseline,FM,PV_C,28,sell,29.991842039999998,85.0,2549.3065733999997,PV_COM
Baseline,FM,COM,28,buy,29.991842039999998,85.0,-2549.3065733999997,PV_COM
Baseline,FM,PV_C,29,sell,23.70322362,85.0,2014.7740076999999,PV_COM
Baseline,FM,COM,29,buy,23.70322362,85.0,-2014.7740076999999,PV_COM
Baseline,FM,PV_C,30,sell,23.70322362,85.0,2014.7740076999999,PV_COM
Baseline,FM,COM,30,buy,23.70322362,85.0,-2014.7740076999999,PV_COM
Baseline,FM,PV_C,31,sell,13.5228027,85.0,1149.4382295,PV_COM
Baseline,FM,COM,31,buy,13.5228027,85.0,-1149.4382295,PV_COM
Baseline,FM,PV_C,32,sell,13.5228027,85.0,1149.4382295,PV_COM
Baseline,FM,COM,32,buy,13.5228027,85.0,-1149.4382295,PV_COM
Baseline,FM,PV_C,33,sell,3.6086107800000002,85.0,306.7319163,PV_COM
Baseline,FM,COM,33,buy,3.6086107800000002,85.0,-306.7319163,PV_COM
Baseline,FM,PV_C,34,sell,3.6086107800000002,85.0,306.7319163,PV_COM
Baseline,FM,COM,34,buy,3.6086107800000002,85.0,-306.7319163,PV_COM
Baseline,FM,PV_C,13,sell,5.99e-06,90.0,0.0005391,PV_RESI
Baseline,FM,RESI,13,buy,5.99e-06,90.0,-0.0005391,PV_RESI
Baseline,FM,PV_C,14,sell,5.99e-06,90.0,0.0005391,PV_RESI
Baseline,FM,RESI,14,buy,5.99e-06,90.0,-0.0005391,PV_RESI
Baseline,FM,PV_C,15,sell,0.4555686,90.0,41.001174,PV_RESI
Baseline,FM,RESI,15,buy,0.4555686,90.0,-41.001174,PV_RESI
Baseline,FM,PV_C,16,sell,0.4555686,90.0,41.001174,PV_RESI
Baseline,FM,RESI,16,buy,0.4555686,90.0,-41.001174,PV_RESI
Baseline,FM,PV_C,17,sell,2.2095846800000003,90.0,198.86262120000004,PV_RESI
Baseline,FM,RESI,17,buy,2.2095846800000003,90.0,-198.86262120000004,PV_RESI
Baseline,FM,PV_C,18,sell,2.2095846800000003,90.0,198.86262120000004,PV_RESI
Baseline,FM,RESI,18,buy,2.2095846800000003,90.0,-198.86262120000004,PV_RESI
Baseline,FM,PV_C,19,sell,4.1317848,90.0,371.860632,PV_RESI
Baseline,FM,RESI,19,buy,4.1317848,90.0,-371.860632,PV_RESI
Baseline,FM,PV_C,20,sell,4.1317848,90.0,371.860632,PV_RESI
Baseline,FM,RESI,20,buy,4.1317848,90.0,-371.860632,PV_RESI
Baseline,FM,PV_C,21,sell,5.13895444,90.0,462.5058996,PV_RESI
Baseline,FM,RESI,21,buy,5.13895444,90.0,-462.5058996,PV_RESI
Baseline,FM,PV_C,22,sell,5.13895444,90.0,462.5058996,PV_RESI
Baseline,FM,RESI,22,buy,5.13895444,90.0,-462.5058996,PV_RESI
Baseline,FM,PV_C,23,sell,5.534009369999999,90.0,498.0608432999999,PV_RESI
Baseline,FM,RESI,23,buy,5.534009369999999,90.0,-498.0608432999999,PV_RESI
Baseline,FM,PV_C,24,sell,5.534009369999999,90.0,498.0608432999999,PV_RESI
Baseline,FM,RESI,24,buy,5.534009369999999,90.0,-498.0608432999999,PV_RESI
Baseline,FM,PV_C,25,sell,5.46708674,90.0,492.0378066,PV_RESI
Baseline,FM,RESI,25,buy,5.46708674,90.0,-492.0378066,PV_RESI
Baseline,FM,PV_C,26,sell,5.46708674,90.0,492.0378066,PV_RESI
Baseline,FM,RESI,26,buy,5.46708674,90.0,-492.0378066,PV_RESI
Baseline,FM,PV_C,27,sell,4.998640340000001,90.0,449.87763060000003,PV_RESI
Baseline,FM,RESI,27,buy,4.998640340000001,90.0,-449.87763060000003,PV_RESI
Baseline,FM,PV_C,28,sell,4.998640340000001,90.0,449.87763060000003,PV_RESI
Baseline,FM,RESI,28,buy,4.998640340000001,90.0,-449.87763060000003,PV_RESI
Baseline,FM,PV_C,29,sell,3.9505372700000003,90.0,355.5483543,PV_RESI
Baseline,FM,RESI,29,buy,3.9505372700000003,90.0,-355.5483543,PV_RESI
Baseline,FM,PV_C,30,sell,3.9505372700000003,90.0,355.5483543,PV_RESI
Baseline,FM,RESI,30,buy,3.9505372700000003,90.0,-355.5483543,PV_RESI
Baseline,FM,PV_C,31,sell,2.25380045,90.0,202.8420405,PV_RESI
Baseline,FM,RESI,31,buy,2.25380045,90.0,-202.8420405,PV_RESI
Baseline,FM,PV_C,32,sell,2.25380045,90.0,202.8420405,PV_RESI
Baseline,FM,RESI,32,buy,2.25380045,90.0,-202.8420405,PV_RESI
Baseline,FM,PV_C,33,sell,0.60143513,90.0,54.129161700000004,PV_RESI
Baseline,FM,RESI,33,buy,0.60143513,90.0,-54.129161700000004,PV_RESI
Baseline,FM,PV_C,34,sell,0.60143513,90.0,54.129161700000004,PV_RESI
Baseline,FM,RESI,34,buy,0.60143513,90.0,-54.129161700000004,PV_RESI
Baseline,FM,W_C,1,sell,0.8836460202,100.0,88.36460202,W_IND
Baseline,FM,IND,1,buy,0.8836460202,100.0,-88.36460202,W_IND
Baseline,FM,W_C,2,sell,0.8836460202,100.0,88.36460202,W_IND
Baseline,FM,IND,2,buy,0.8836460202,100.0,-88.36460202,W_IND
Baseline,FM,W_C,3,sell,0.9225486655499999,100.0,92.25486655499999,W_IND
Baseline,FM,IND,3,buy,0.9225486655499999,100.0,-92.25486655499999,W_IND
Baseline,FM,W_C,4,sell,0.9225486655499999,100.0,92.25486655499999,W_IND
Baseline,FM,IND,4,buy,0.9225486655499999,100.0,-92.25486655499999,W_IND
Baseline,FM,W_C,5,sell,1.2810088439999998,100.0,128.10088439999998,W_IND
Baseline,FM,IND,5,buy,1.2810088439999998,100.0,-128.10088439999998,W_IND
Baseline,FM,W_C,6,sell,1.2810088439999998,100.0,128.10088439999998,W_IND
Baseline,FM,IND,6,buy,1.2810088439999998,100.0,-128.10088439999998,W_IND
Baseline,FM,W_C,7,sell,1.7311681305,100.0,173.11681305,W_IND
Baseline,FM,IND,7,buy,1.7311681305,100.0,-173.11681305,W_IND
Baseline,FM,W_C,8,sell,1.7311681305,100.0,173.11681305,W_IND
Baseline,FM,IND,8,buy,1.7311681305,100.0,-173.11681305,W_IND
Baseline,FM,W_C,9,sell,1.2573893715,100.0,125.73893715,W_IND
Baseline,FM,IND,9,buy,1.2573893715,100.0,-125.73893715,W_IND
Baseline,FM,W_C,10,sell,1.2573893715,100.0,125.73893715,W_IND
Baseline,FM,IND,10,buy,1.2573893715,100.0,-125.73893715,W_IND
Baseline,FM,W_C,11,sell,0.8753097440999998,100.0,87.53097440999998,W_IND
Baseline,FM,IND,11,buy,0.8753097440999998,100.0,-87.53097440999998,W_IND
Baseline,FM,W_C,12,sell,0.8753097440999998,100.0,87.53097440999998,W_IND
Baseline,FM,IND,12,buy,0.8753097440999998,100.0,-87.53097440999998,W_IND
Baseline,FM,W_C,13,sell,0.9239380449,100.0,92.39380449,W_IND
Baseline,FM,IND,13,buy,0.9239380449,100.0,-92.39380449,W_IND
Baseline,FM,W_C,14,sell,0.9239380449,100.0,92.39380449,W_IND
Baseline,FM,IND,14,buy,0.9239380449,100.0,-92.39380449,W_IND
Baseline,FM,W_C,15,sell,0.6759336307499999,100.0,67.59336307499998,W_IND
Baseline,FM,IND,15,buy,0.6759336307499999,100.0,-67.59336307499998,W_IND
Baseline,FM,W_C,16,sell,0.6759336307499999,100.0,67.59336307499998,W_IND
Baseline,FM,IND,16,buy,0.6759336307499999,100.0,-67.59336307499998,W_IND
Baseline,FM,W_C,17,sell,0.46196902245,100.0,46.196902245,W_IND
Baseline,FM,IND,17,buy,0.46196902245,100.0,-46.196902245,W_IND
Baseline,FM,W_C,18,sell,0.46196902245,100.0,46.196902245,W_IND
Baseline,FM,IND,18,buy,0.46196902245,100.0,-46.196902245,W_IND
Baseline,FM,W_C,19,sell,0.42445575645000005,100.0,42.445575645000005,W_IND
Baseline,FM,IND,19,buy,0.42445575645000005,100.0,-42.445575645000005,W_IND
Baseline,FM,W_C,20,sell,0.42445575645000005,100.0,42.445575645000005,W_IND
Baseline,FM,IND,20,buy,0.42445575645000005,100.0,-42.445575645000005,W_IND
Baseline,FM,W_C,21,sell,0.2334159192,100.0,23.34159192,W_IND
Baseline,FM,IND,21,buy,0.2334159192,100.0,-23.34159192,W_IND
Baseline,FM,W_C,22,sell,0.2334159192,100.0,23.34159192,W_IND
Baseline,FM,IND,22,buy,0.2334159192,100.0,-23.34159192,W_IND
Baseline,FM,W_C,23,sell,0.12365485634999998,100.0,12.365485634999999,W_IND
Baseline,FM,IND,23,buy,0.12365485634999998,100.0,-12.365485634999999,W_IND
Baseline,FM,W_C,24,sell,0.12365485634999998,100.0,12.365485634999999,W_IND
Baseline,FM,IND,24,buy,0.12365485634999998,100.0,-12.365485634999999,W_IND
Baseline,FM,W_C,25,sell,0.13893805275,100.0,13.893805275000002,W_IND
Baseline,FM,IND,25,buy,0.13893805275,100.0,-13.893805275000002,W_IND
Baseline,FM,W_C,26,sell,0.13893805275,100.0,13.893805275000002,W_IND
Baseline,FM,IND,26,buy,0.13893805275,100.0,-13.893805275000002,W_IND
Baseline,FM,W_C,27,sell,0.09517256789999999,100.0,9.51725679,W_IND
Baseline,FM,IND,27,buy,0.09517256789999999,100.0,-9.51725679,W_IND
Baseline,FM,W_C,28,sell,0.09517256789999999,100.0,9.51725679,W_IND
Baseline,FM,IND,28,buy,0.09517256789999999,100.0,-9.51725679,W_IND
Baseline,FM,W_C,29,sell,0.113234523,100.0,11.3234523,W_IND
Baseline,FM,IND,29,buy,0.113234523,100.0,-11.3234523,W_IND
Baseline,FM,W_C,30,sell,0.113234523,100.0,11.3234523,W_IND
Baseline,FM,IND,30,buy,0.113234523,100.0,-11.3234523,W_IND
Baseline,FM,W_C,31,sell,0.23411062065,100.0,23.411062065,W_IND
Baseline,FM,IND,31,buy,0.23411062065,100.0,-23.411062065,W_IND
Baseline,FM,W_C,32,sell,0.23411062065,100.0,23.411062065,W_IND
Baseline,FM,IND,32,buy,0.23411062065,100.0,-23.411062065,W_IND
Baseline,FM,W_C,33,sell,0.63633628395,100.0,63.633628394999995,W_IND
Baseline,FM,IND,33,buy,0.63633628395,100.0,-63.633628394999995,W_IND
Baseline,FM,W_C,34,sell,0.63633628395,100.0,63.633628394999995,W_IND
Baseline,FM,IND,34,buy,0.63633628395,100.0,-63.633628394999995,W_IND
Baseline,FM,W_C,35,sell,0.7773584174999999,100.0,77.73584174999999,W_IND
Baseline,FM,IND,35,buy,0.7773584174999999,100.0,-77.73584174999999,W_IND
Baseline,FM,W_C,36,sell,0.7773584174999999,100.0,77.73584174999999,W_IND
Baseline,FM,IND,36,buy,0.7773584174999999,100.0,-77.73584174999999,W_IND
Baseline,FM,W_C,37,sell,0.5314380606,100.0,53.143806059999996,W_IND
Baseline,FM,IND,37,buy,0.5314380606,100.0,-53.143806059999996,W_IND
Baseline,FM,W_C,38,sell,0.5314380606,100.0,53.143806059999996,W_IND
Baseline,FM,IND,38,buy,0.5314380606,100.0,-53.143806059999996,W_IND
Baseline,FM,W_C,39,sell,0.34734514364999997,100.0,34.734514364999995,W_IND
Baseline,FM,IND,39,buy,0.34734514364999997,100.0,-34.734514364999995,W_IND
Baseline,FM,W_C,40,sell,0.34734514364999997,100.0,34.734514364999995,W_IND
Baseline,FM,IND,40,buy,0.34734514364999997,100.0,-34.734514364999995,W_IND
Baseline,FM,W_C,41,sell,0.25217257574999996,100.0,25.217257574999998,W_IND
Baseline,FM,IND,41,buy,0.25217257574999996,100.0,-25.217257574999998,W_IND
Baseline,FM,W_C,42,sell,0.25217257574999996,100.0,25.217257574999998,W_IND
Baseline,FM,IND,42,buy,0.25217257574999996,100.0,-25.217257574999998,W_IND
Baseline,FM,W_C,43,sell,0.3313672458,100.0,33.13672458,W_IND
Baseline,FM,IND,43,buy,0.3313672458,100.0,-33.13672458,W_IND
Baseline,FM,W_C,44,sell,0.3313672458,100.0,33.13672458,W_IND
Baseline,FM,IND,44,buy,0.3313672458,100.0,-33.13672458,W_IND
Baseline,FM,W_C,45,sell,0.367491156,100.0,36.749115599999996,W_IND
Baseline,FM,IND,45,buy,0.367491156,100.0,-36.749115599999996,W_IND
Baseline,FM,W_C,46,sell,0.367491156,100.0,36.749115599999996,W_IND
Baseline,FM,IND,46,buy,0.367491156,100.0,-36.749115599999996,W_IND
Baseline,FM,W_C,47,sell,0.357765477,100.0,35.7765477,W_IND
Baseline,FM,IND,47,buy,0.357765477,100.0,-35.7765477,W_IND
Baseline,FM,W_C,48,sell,0.357765477,100.0,35.7765477,W_IND
Baseline,FM,IND,48,buy,0.357765477,100.0,-35.7765477,W_IND
Baseline,FM,W_C,1,sell,0.14727433670000004,105.0,15.463805353500003,W_RESI
Baseline,FM,RESI,1,buy,0.14727433670000004,105.0,-15.463805353500003,W_RESI
Baseline,FM,W_C,2,sell,0.14727433670000004,105.0,15.463805353500003,W_RESI
Baseline,FM,RESI,2,buy,0.14727433670000004,105.0,-15.463805353500003,W_RESI
Baseline,FM,W_C,3,sell,0.15375811092500002,105.0,16.144601647125004,W_RESI
Baseline,FM,RESI,3,buy,0.15375811092500002,105.0,-16.144601647125004,W_RESI
Baseline,FM,W_C,4,sell,0.15375811092500002,105.0,16.144601647125004,W_RESI
Baseline,FM,RESI,4,buy,0.15375811092500002,105.0,-16.144601647125004,W_RESI
Baseline,FM,W_C,5,sell,0.213501474,105.0,22.41765477,W_RESI
Baseline,FM,RESI,5,buy,0.213501474,105.0,-22.41765477,W_RESI
Baseline,FM,W_C,6,sell,0.213501474,105.0,22.41765477,W_RESI
Baseline,FM,RESI,6,buy,0.213501474,105.0,-22.41765477,W_RESI
Baseline,FM,W_C,7,sell,0.28852802175000003,105.0,30.295442283750003,W_RESI
Baseline,FM,RESI,7,buy,0.28852802175000003,105.0,-30.295442283750003,W_RESI
Baseline,FM,W_C,8,sell,0.28852802175000003,105.0,30.295442283750003,W_RESI
Baseline,FM,RESI,8,buy,0.28852802175000003,105.0,-30.295442283750003,W_RESI
Baseline,FM,W_C,9,sell,0.20956489525000002,105.0,22.004314001250002,W_RESI
Baseline,FM,RESI,9,buy,0.20956489525000002,105.0,-22.004314001250002,W_RESI
Baseline,FM,W_C,10,sell,0.20956489525000002,105.0,22.004314001250002,W_RESI
Baseline,FM,RESI,10,buy,0.20956489525000002,105.0,-22.004314001250002,W_RESI
Baseline,FM,W_C,11,sell,0.14588495735,105.0,15.31792052175,W_RESI
Baseline,FM,RESI,11,buy,0.14588495735,105.0,-15.31792052175,W_RESI
Baseline,FM,W_C,12,sell,0.14588495735,105.0,15.31792052175,W_RESI
Baseline,FM,RESI,12,buy,0.14588495735,105.0,-15.31792052175,W_RESI
Baseline,FM,W_C,13,sell,0.15398967415,105.0,16.168915785750002,W_RESI
Baseline,FM,RESI,13,buy,0.15398967415,105.0,-16.168915785750002,W_RESI
Baseline,FM,W_C,14,sell,0.15398967415,105.0,16.168915785750002,W_RESI
Baseline,FM,RESI,14,buy,0.15398967415,105.0,-16.168915785750002,W_RESI
Baseline,FM,W_C,15,sell,0.112655605125,105.0,11.828838538125,W_RESI
Baseline,FM,RESI,15,buy,0.112655605125,105.0,-11.828838538125,W_RESI
Baseline,FM,W_C,16,sell,0.112655605125,105.0,11.828838538125,W_RESI
Baseline,FM,RESI,16,buy,0.112655605125,105.0,-11.828838538125,W_RESI
Baseline,FM,W_C,17,sell,0.076994837075,105.0,8.084457892875001,W_RESI
Baseline,FM,RESI,17,buy,0.076994837075,105.0,-8.084457892875001,W_RESI
Baseline,FM,W_C,18,sell,0.076994837075,105.0,8.084457892875001,W_RESI
Baseline,FM,RESI,18,buy,0.076994837075,105.0,-8.084457892875001,W_RESI
Baseline,FM,W_C,19,sell,0.07074262607500001,105.0,7.427975737875001,W_RESI
Baseline,FM,RESI,19,buy,0.07074262607500001,105.0,-7.427975737875001,W_RESI
Baseline,FM,W_C,20,sell,0.07074262607500001,105.0,7.427975737875001,W_RESI
Baseline,FM,RESI,20,buy,0.07074262607500001,105.0,-7.427975737875001,W_RESI
Baseline,FM,W_C,21,sell,0.0389026532,105.0,4.084778586,W_RESI
Baseline,FM,RESI,21,buy,0.0389026532,105.0,-4.084778586,W_RESI
Baseline,FM,W_C,22,sell,0.0389026532,105.0,4.084778586,W_RESI
Baseline,FM,RESI,22,buy,0.0389026532,105.0,-4.084778586,W_RESI
Baseline,FM,W_C,23,sell,0.020609142724999998,105.0,2.1639599861249996,W_RESI
Baseline,FM,RESI,23,buy,0.020609142724999998,105.0,-2.1639599861249996,W_RESI
Baseline,FM,W_C,24,sell,0.020609142724999998,105.0,2.1639599861249996,W_RESI
Baseline,FM,RESI,24,buy,0.020609142724999998,105.0,-2.1639599861249996,W_RESI
Baseline,FM,W_C,25,sell,0.023156342125000003,105.0,2.4314159231250003,W_RESI
Baseline,FM,RESI,25,buy,0.023156342125000003,105.0,-2.4314159231250003,W_RESI
Baseline,FM,W_C,26,sell,0.023156342125000003,105.0,2.4314159231250003,W_RESI
Baseline,FM,RESI,26,buy,0.023156342125000003,105.0,-2.4314159231250003,W_RESI
Baseline,FM,W_C,27,sell,0.015862094650000002,105.0,1.66551993825,W_RESI
Baseline,FM,RESI,27,buy,0.015862094650000002,105.0,-1.66551993825,W_RESI
Baseline,FM,W_C,28,sell,0.015862094650000002,105.0,1.66551993825,W_RESI
Baseline,FM,RESI,28,buy,0.015862094650000002,105.0,-1.66551993825,W_RESI
Baseline,FM,W_C,29,sell,0.0188724205,105.0,1.9816041525,W_RESI
Baseline,FM,RESI,29,buy,0.0188724205,105.0,-1.9816041525,W_RESI
Baseline,FM,W_C,30,sell,0.0188724205,105.0,1.9816041525,W_RESI
Baseline,FM,RESI,30,buy,0.0188724205,105.0,-1.9816041525,W_RESI
Baseline,FM,W_C,31,sell,0.039018436775000005,105.0,4.096935861375001,W_RESI
Baseline,FM,RESI,31,buy,0.039018436775000005,105.0,-4.096935861375001,W_RESI
Baseline,FM,W_C,32,sell,0.039018436775000005,105.0,4.096935861375001,W_RESI
Baseline,FM,RESI,32,buy,0.039018436775000005,105.0,-4.096935861375001,W_RESI
Baseline,FM,W_C,33,sell,0.10605604732500001,105.0,11.135884969125001,W_RESI
Baseline,FM,RESI,33,buy,0.10605604732500001,105.0,-11.135884969125001,W_RESI
Baseline,FM,W_C,34,sell,0.10605604732500001,105.0,11.135884969125001,W_RESI
Baseline,FM,RESI,34,buy,0.10605604732500001,105.0,-11.135884969125001,W_RESI
Baseline,FM,W_C,35,sell,0.12955973625,105.0,13.60377230625,W_RESI
Baseline,FM,RESI,35,buy,0.12955973625,105.0,-13.60377230625,W_RESI
Baseline,FM,W_C,36,sell,0.12955973625,105.0,13.60377230625,W_RESI
Baseline,FM,RESI,36,buy,0.12955973625,105.0,-13.60377230625,W_RESI
Baseline,FM,W_C,37,sell,0.08857301010000002,105.0,9.300166060500002,W_RESI
Baseline,FM,RESI,37,buy,0.08857301010000002,105.0,-9.300166060500002,W_RESI
Baseline,FM,W_C,38,sell,0.08857301010000002,105.0,9.300166060500002,W_RESI
Baseline,FM,RESI,38,buy,0.08857301010000002,105.0,-9.300166060500002,W_RESI
Baseline,FM,W_C,39,sell,0.057890857275,105.0,6.078540013875,W_RESI
Baseline,FM,RESI,39,buy,0.057890857275,105.0,-6.078540013875,W_RESI
Baseline,FM,W_C,40,sell,0.057890857275,105.0,6.078540013875,W_RESI
Baseline,FM,RESI,40,buy,0.057890857275,105.0,-6.078540013875,W_RESI
Baseline,FM,W_C,41,sell,0.042028762625,105.0,4.413020075625,W_RESI
Baseline,FM,RESI,41,buy,0.042028762625,105.0,-4.413020075625,W_RESI
Baseline,FM,W_C,42,sell,0.042028762625,105.0,4.413020075625,W_RESI
Baseline,FM,RESI,42,buy,0.042028762625,105.0,-4.413020075625,W_RESI
Baseline,FM,W_C,43,sell,0.05522787430000001,105.0,5.7989268015,W_RESI
Baseline,FM,RESI,43,buy,0.05522787430000001,105.0,-5.7989268015,W_RESI
Baseline,FM,W_C,44,sell,0.05522787430000001,105.0,5.7989268015,W_RESI
Baseline,FM,RESI,44,buy,0.05522787430000001,105.0,-5.7989268015,W_RESI
Baseline,FM,W_C,45,sell,0.061248526000000005,105.0,6.43109523,W_RESI
Baseline,FM,RESI,45,buy,0.061248526000000005,105.0,-6.43109523,W_RESI
Baseline,FM,W_C,46,sell,0.061248526000000005,105.0,6.43109523,W_RESI
Baseline,FM,RESI,46,buy,0.061248526000000005,105.0,-6.43109523,W_RESI
Baseline,FM,W_C,47,sell,0.05962757950000001,105.0,6.2608958475000005,W_RESI
Baseline,FM,RESI,47,buy,0.05962757950000001,105.0,-6.2608958475000005,W_RESI
Baseline,FM,W_C,48,sell,0.05962757950000001,105.0,6.2608958475000005,W_RESI
Baseline,FM,RESI,48,buy,0.05962757950000001,105.0,-6.2608958475000005,W_RESI
Baseline,DAM,IND,1,buy,73.543603,156.17,-11485.30448051,DAM_IND_1
Baseline,DAM,COM,1,buy,60.566522,156.17,-9458.67374074,DAM_COM_1
Baseline,DAM,RESI,1,buy,140.13065,156.17,-21884.203610499997,DAM_RESI_1
Baseline,DAM,W_C,1,sell,0.44182301,156.17,68.99949947169999,DAM_W_C_1
Baseline,DAM,W_A,1,sell,1.4727434,156.17,229.99833677799998,DAM_W_A_1
Baseline,DAM,DKL_ICE_H,1,sell,36.75,156.17,5739.2474999999995,DAM_DKL_ICE_H_FLEX_1
Baseline,DAM,VAS_ST_H,1,sell,136.5,156.17,21317.204999999998,DAM_VAS_ST_H_FLEX_1
Baseline,DAM,VAS_CCGT_D,1,sell,24.826209,156.17,3877.1090595299993,DAM_VAS_CCGT_D_FLEX_1
Baseline,DAM,IND,2,buy,73.543603,156.17,-11485.30448051,DAM_IND_2
Baseline,DAM,COM,2,buy,60.774218,156.17,-9491.109625059999,DAM_COM_2
Baseline,DAM,RESI,2,buy,139.92295,156.17,-21851.767101499998,DAM_RESI_2
Baseline,DAM,W_C,2,sell,0.44182301,156.17,68.99949947169999,DAM_W_C_2
Baseline,DAM,W_A,2,sell,1.4727434,156.17,229.99833677799998,DAM_W_A_2
Baseline,DAM,DKL_ICE_H,2,sell,36.75,156.17,5739.2474999999995,DAM_DKL_ICE_H_FLEX_2
Baseline,DAM,VAS_ST_H,2,sell,136.5,156.17,21317.204999999998,DAM_VAS_ST_H_FLEX_2
Baseline,DAM,VAS_CCGT_D,2,sell,24.826209,156.17,3877.1090595299993,DAM_VAS_CCGT_D_FLEX_2
Baseline,DAM,IND,3,buy,73.5047,156.17,-11479.228998999999,DAM_IND_3
Baseline,DAM,COM,3,buy,59.138495,156.17,-9235.65876415,DAM_COM_3
Baseline,DAM,RESI,3,buy,135.09992,156.17,-21098.554506399996,DAM_RESI_3
Baseline,DAM,W_C,3,sell,0.46127433,156.17,72.0372121161,DAM_W_C_3
Baseline,DAM,W_A,3,sell,1.5375811,156.17,240.12404038699998,DAM_W_A_3
Baseline,DAM,DKL_ICE_H,3,sell,36.75,156.17,5739.2474999999995,DAM_DKL_ICE_H_FLEX_3
Baseline,DAM,VAS_ST_H,3,sell,136.5,156.17,21317.204999999998,DAM_VAS_ST_H_FLEX_3
Baseline,DAM,VAS_CCGT_D,3,sell,18.244262,156.17,2849.20639654,DAM_VAS_CCGT_D_FLEX_3
Baseline,DAM,IND,4,buy,73.5047,156.17,-11479.228998999999,DAM_IND_4
Baseline,DAM,COM,4,buy,59.625466,156.17,-9311.70902522,DAM_COM_4
Baseline,DAM,RESI,4,buy,134.61295,156.17,-21022.5044015,DAM_RESI_4
Baseline,DAM,W_C,4,sell,0.46127433,156.17,72.0372121161,DAM_W_C_4
Baseline,DAM,W_A,4,sell,1.5375811,156.17,240.12404038699998,DAM_W_A_4
Baseline,DAM,DKL_ICE_H,4,sell,36.75,156.17,5739.2474999999995,DAM_DKL_ICE_H_FLEX_4
Baseline,DAM,VAS_ST_H,4,sell,136.5,156.17,21317.204999999998,DAM_VAS_ST_H_FLEX_4
Baseline,DAM,VAS_CCGT_D,4,sell,18.244262,156.17,2849.20639654,DAM_VAS_CCGT_D_FLEX_4
Baseline,DAM,IND,5,buy,73.14624,156.17,-11423.2483008,DAM_IND_5
Baseline,DAM,COM,5,buy,55.27045,156.17,-8631.586176499999,DAM_COM_5
Baseline,DAM,RESI,5,buy,122.5303,156.17,-19135.556951,DAM_RESI_5
Baseline,DAM,W_C,5,sell,0.64050442,156.17,100.02757527139998,DAM_W_C_5
Baseline,DAM,W_A,5,sell,2.1350147,156.17,333.425245699,DAM_W_A_5
Baseline,DAM,DKL_ICE_H,5,sell,36.75,156.17,5739.2474999999995,DAM_DKL_ICE_H_FLEX_5
Baseline,DAM,VAS_ST_H,5,sell,136.5,156.17,21317.204999999998,DAM_VAS_ST_H_FLEX_5
Baseline,DAM,VAS_CCGT_D,5,sell,0.67147572,156.17,104.86436319239999,DAM_VAS_CCGT_D_FLEX_5
Baseline,DAM,IND,6,buy,73.14624,156.17,-11423.2483008,DAM_IND_6
Baseline,DAM,COM,6,buy,56.246195,156.17,-8783.96827315,DAM_COM_6
Baseline,DAM,RESI,6,buy,121.55456,156.17,-18983.175635199997,DAM_RESI_6
Baseline,DAM,W_C,6,sell,0.64050442,156.17,100.02757527139998,DAM_W_C_6
Baseline,DAM,W_A,6,sell,2.1350147,156.17,333.425245699,DAM_W_A_6
Baseline,DAM,DKL_ICE_H,6,sell,36.75,156.17,5739.2474999999995,DAM_DKL_ICE_H_FLEX_6
Baseline,DAM,VAS_ST_H,6,sell,136.5,156.17,21317.204999999998,DAM_VAS_ST_H_FLEX_6
Baseline,DAM,VAS_CCGT_D,6,sell,0.67147572,156.17,104.86436319239999,DAM_VAS_CCGT_D_FLEX_6
Baseline,DAM,IND,7,buy,72.696081,130.24,-9467.937589440002,DAM_IND_7
Baseline,DAM,COM,7,buy,51.590065,130.24,-6719.090065600001,DAM_COM_7
Baseline,DAM,RESI,7,buy,107.47857,130.24,-13998.008956800002,DAM_RESI_7
Baseline,DAM,W_C,7,sell,0.86558407,130.24,112.73366927680001,DAM_W_C_7
Baseline,DAM,W_A,7,sell,2.8852802,130.24,375.77889324800003,DAM_W_A_7
Baseline,DAM,DKL_ICE_H,7,sell,36.75,130.24,4786.320000000001,DAM_DKL_ICE_H_FLEX_7
Baseline,DAM,VAS_ST_H,7,sell,117.01385,130.24,15239.883824000002,DAM_VAS_ST_H_FLEX_7
Baseline,DAM,IND,8,buy,72.696081,130.24,-9467.937589440002,DAM_IND_8
Baseline,DAM,COM,8,buy,53.29377,130.24,-6940.980604800001,DAM_COM_8
Baseline,DAM,RESI,8,buy,105.77486,130.24,-13776.1177664,DAM_RESI_8
Baseline,DAM,W_C,8,sell,0.86558407,130.24,112.73366927680001,DAM_W_C_8
Baseline,DAM,W_A,8,sell,2.8852802,130.24,375.77889324800003,DAM_W_A_8
Baseline,DAM,DKL_ICE_H,8,sell,36.75,130.24,4786.320000000001,DAM_DKL_ICE_H_FLEX_8
Baseline,DAM,VAS_ST_H,8,sell,117.01385,130.24,15239.883824000002,DAM_VAS_ST_H_FLEX_8
Baseline,DAM,IND,9,buy,73.16986,130.24,-9529.6425664,DAM_IND_9
Baseline,DAM,COM,9,buy,51.794759,130.24,-6745.74941216,DAM_COM_9
Baseline,DAM,RESI,9,buy,96.553443,130.24,-12575.120416320002,DAM_RESI_9
Baseline,DAM,W_C,9,sell,0.62869469,130.24,81.88119642560001,DAM_W_C_9
Baseline,DAM,W_A,9,sell,2.095649,130.24,272.93732576,DAM_W_A_9
Baseline,DAM,DKL_ICE_H,9,sell,36.75,130.24,4786.320000000001,DAM_DKL_ICE_H_FLEX_9
Baseline,DAM,VAS_ST_H,9,sell,107.79372,130.24,14039.054092800001,DAM_VAS_ST_H_FLEX_9
Baseline,DAM,IND,10,buy,73.16986,130.24,-9529.6425664,DAM_IND_10
Baseline,DAM,COM,10,buy,54.505656,130.24,-7098.816637440001,DAM_COM_10
Baseline,DAM,RESI,10,buy,93.842546,130.24,-12222.05319104,DAM_RESI_10
Baseline,DAM,W_C,10,sell,0.62869469,130.24,81.88119642560001,DAM_W_C_10
Baseline,DAM,W_A,10,sell,2.095649,130.24,272.93732576,DAM_W_A_10
Baseline,DAM,DKL_ICE_H,10,sell,36.75,130.24,4786.320000000001,DAM_DKL_ICE_H_FLEX_10
Baseline,DAM,VAS_ST_H,10,sell,107.79372,130.24,14039.054092800001,DAM_VAS_ST_H_FLEX_10
Baseline,DAM,IND,11,buy,73.551939,130.24,-9579.404535360001,DAM_IND_11
Baseline,DAM,COM,11,buy,57.382682,130.24,-7473.520503680001,DAM_COM_11
Baseline,DAM,RESI,11,buy,89.821799,130.24,-11698.39110176,DAM_RESI_11
Baseline,DAM,W_C,11,sell,0.43765487,130.24,57.0001702688,DAM_W_C_11
Baseline,DAM,W_A,11,sell,1.4588496,130.24,190.000571904,DAM_W_A_11
Baseline,DAM,DKL_ICE_H,11,sell,36.75,130.24,4786.320000000001,DAM_DKL_ICE_H_FLEX_11
Baseline,DAM,VAS_ST_H,11,sell,107.85992,130.24,14047.6759808,DAM_VAS_ST_H_FLEX_11
Baseline,DAM,IND,12,buy,73.551939,130.24,-9579.404535360001,DAM_IND_12
Baseline,DAM,COM,12,buy,61.318756,130.24,-7986.154781440001,DAM_COM_12
Baseline,DAM,RESI,12,buy,85.885725,130.24,-11185.756824,DAM_RESI_12
Baseline,DAM,W_C,12,sell,0.43765487,130.24,57.0001702688,DAM_W_C_12
Baseline,DAM,W_A,12,sell,1.4588496,130.24,190.000571904,DAM_W_A_12
Baseline,DAM,DKL_ICE_H,12,sell,36.75,130.24,4786.320000000001,DAM_DKL_ICE_H_FLEX_12
Baseline,DAM,VAS_ST_H,12,sell,107.85992,130.24,14047.6759808,DAM_VAS_ST_H_FLEX_12
Baseline,DAM,IND,13,buy,73.503311,156.17,-11479.012078869999,DAM_IND_13
Baseline,DAM,COM,13,buy,68.585463,156.17,-10710.99175671,DAM_COM_13
Baseline,DAM,RESI,13,buy,84.864976,156.17,-13253.363301919999,DAM_RESI_13
Baseline,DAM,PV_C,13,sell,1.797e-05,156.17,0.0028063749,DAM_PV_C_13
Baseline,DAM,PV_A,13,sell,5.99e-05,156.17,0.009354583,DAM_PV_A_13
Baseline,DAM,W_C,13,sell,0.46196902,156.17,72.1457018534,DAM_W_C_13
Baseline,DAM,W_A,13,sell,1.5398967,156.17,240.48566763899996,DAM_W_A_13
Baseline,DAM,DKL_ICE_H,13,sell,36.75,156.17,5739.2474999999995,DAM_DKL_ICE_H_FLEX_13
Baseline,DAM,VAS_ST_H,13,sell,136.5,156.17,21317.204999999998,DAM_VAS_ST_H_FLEX_13
Baseline,DAM,VAS_CCGT_D,13,sell,35.951807,156.17,5614.59369919,DAM_VAS_CCGT_D_FLEX_13
Baseline,DAM,IND,14,buy,73.503311,156.17,-11479.012078869999,DAM_IND_14
Baseline,DAM,COM,14,buy,73.666708,156.17,-11504.52978836,DAM_COM_14
Baseline,DAM,RESI,14,buy,79.783731,156.17,-12459.82527027,DAM_RESI_14
Baseline,DAM,PV_C,14,sell,1.797e-05,156.17,0.0028063749,DAM_PV_C_14
Baseline,DAM,PV_A,14,sell,5.99e-05,156.17,0.009354583,DAM_PV_A_14
Baseline,DAM,W_C,14,sell,0.46196902,156.17,72.1457018534,DAM_W_C_14
Baseline,DAM,W_A,14,sell,1.5398967,156.17,240.48566763899996,DAM_W_A_14
Baseline,DAM,DKL_ICE_H,14,sell,36.75,156.17,5739.2474999999995,DAM_DKL_ICE_H_FLEX_14
Baseline,DAM,VAS_ST_H,14,sell,136.5,156.17,21317.204999999998,DAM_VAS_ST_H_FLEX_14
Baseline,DAM,VAS_CCGT_D,14,sell,35.951807,156.17,5614.59369919,DAM_VAS_CCGT_D_FLEX_14
Baseline,DAM,IND,15,buy,73.751315,156.17,-11517.74286355,DAM_IND_15
Baseline,DAM,COM,15,buy,72.213224,156.17,-11277.53919208,DAM_COM_15
Baseline,DAM,RESI,15,buy,70.253664,156.17,-10971.51470688,DAM_RESI_15
Baseline,DAM,PV_C,15,sell,1.3667058,156.17,213.438444786,DAM_PV_C_15
Baseline,DAM,PV_A,15,sell,4.555686,156.17,711.4614826199999,DAM_PV_A_15
Baseline,DAM,W_C,15,sell,0.33796682,156.17,52.780278279399994,DAM_W_C_15
Baseline,DAM,W_A,15,sell,1.1265561,156.17,175.93426613699998,DAM_W_A_15
Baseline,DAM,DKL_ICE_H,15,sell,36.75,156.17,5739.2474999999995,DAM_DKL_ICE_H_FLEX_15
Baseline,DAM,VAS_ST_H,15,sell,136.5,156.17,21317.204999999998,DAM_VAS_ST_H_FLEX_15
Baseline,DAM,VAS_CCGT_D,15,sell,19.831288,156.17,3097.05224696,DAM_VAS_CCGT_D_FLEX_15
Baseline,DAM,IND,16,buy,73.751315,156.17,-11517.74286355,DAM_IND_16
Baseline,DAM,COM,16,buy,77.2691,156.17,-12067.115346999999,DAM_COM_16
Baseline,DAM,RESI,16,buy,65.197788,156.17,-10181.93855196,DAM_RESI_16
Baseline,DAM,PV_C,16,sell,1.3667058,156.17,213.438444786,DAM_PV_C_16
Baseline,DAM,PV_A,16,sell,4.555686,156.17,711.4614826199999,DAM_PV_A_16
Baseline,DAM,W_C,16,sell,0.33796682,156.17,52.780278279399994,DAM_W_C_16
Baseline,DAM,W_A,16,sell,1.1265561,156.17,175.93426613699998,DAM_W_A_16
Baseline,DAM,DKL_ICE_H,16,sell,36.75,156.17,5739.2474999999995,DAM_DKL_ICE_H_FLEX_16
Baseline,DAM,VAS_ST_H,16,sell,136.5,156.17,21317.204999999998,DAM_VAS_ST_H_FLEX_16
Baseline,DAM,VAS_CCGT_D,16,sell,19.831288,156.17,3097.05224696,DAM_VAS_CCGT_D_FLEX_16
Baseline,DAM,IND,17,buy,73.96528,130.24,-9633.238067200002,DAM_IND_17
Baseline,DAM,COM,17,buy,62.883121,130.24,-8189.897679040001,DAM_COM_17
Baseline,DAM,RESI,17,buy,52.32165,130.24,-6814.371696,DAM_RESI_17
Baseline,DAM,PV_C,17,sell,6.628754,130.24,863.32892096,DAM_PV_C_17
Baseline,DAM,PV_A,17,sell,22.095847,130.24,2877.76311328,DAM_PV_A_17
Baseline,DAM,W_C,17,sell,0.23098451,130.24,30.083422582400004,DAM_W_C_17
Baseline,DAM,W_A,17,sell,0.76994837,130.24,100.27807570880002,DAM_W_A_17
Baseline,DAM,DKL_ICE_H,17,sell,36.75,130.24,4786.320000000001,DAM_DKL_ICE_H_FLEX_17
Baseline,DAM,VAS_ST_H,17,sell,106.94452,130.24,13928.4542848,DAM_VAS_ST_H_FLEX_17
Baseline,DAM,IND,18,buy,73.96528,130.24,-9633.238067200002,DAM_IND_18
Baseline,DAM,COM,18,buy,66.967558,130.24,-8721.85475392,DAM_COM_18
Baseline,DAM,RESI,18,buy,48.237212,130.24,-6282.414490880001,DAM_RESI_18
Baseline,DAM,PV_C,18,sell,6.628754,130.24,863.32892096,DAM_PV_C_18
Baseline,DAM,PV_A,18,sell,22.095847,130.24,2877.76311328,DAM_PV_A_18
Baseline,DAM,W_C,18,sell,0.23098451,130.24,30.083422582400004,DAM_W_C_18
Baseline,DAM,W_A,18,sell,0.76994837,130.24,100.27807570880002,DAM_W_A_18
Baseline,DAM,DKL_ICE_H,18,sell,36.75,130.24,4786.320000000001,DAM_DKL_ICE_H_FLEX_18
Baseline,DAM,VAS_ST_H,18,sell,106.94452,130.24,13928.4542848,DAM_VAS_ST_H_FLEX_18
Baseline,DAM,IND,19,buy,74.002793,130.24,-9638.12376032,DAM_IND_19
Baseline,DAM,COM,19,buy,37.533259,130.24,-4888.331652160001,DAM_COM_19
Baseline,DAM,RESI,19,buy,30.593583,130.24,-3984.5082499200003,DAM_RESI_19
Baseline,DAM,PV_C,19,sell,12.395354,130.24,1614.37090496,DAM_PV_C_19
Baseline,DAM,PV_A,19,sell,41.317848,130.24,5381.23652352,DAM_PV_A_19
Baseline,DAM,W_C,19,sell,0.21222788,130.24,27.640559091200004,DAM_W_C_19
Baseline,DAM,W_A,19,sell,0.70742626,130.24,92.1351961024,DAM_W_A_19
Baseline,DAM,DKL_ICE_H,19,sell,36.75,130.24,4786.320000000001,DAM_DKL_ICE_H_FLEX_19
Baseline,DAM,VAS_ST_H,19,sell,34.996779,130.24,4557.98049696,DAM_VAS_ST_H_FLEX_19
Baseline,DAM,IND,20,buy,74.002793,130.24,-9638.12376032,DAM_IND_20
Baseline,DAM,COM,20,buy,39.910526,130.24,-5197.94690624,DAM_COM_20
Baseline,DAM,RESI,20,buy,28.216316,130.24,-3674.89299584,DAM_RESI_20
Baseline,DAM,PV_C,20,sell,12.395354,130.24,1614.37090496,DAM_PV_C_20
Baseline,DAM,PV_A,20,sell,41.317848,130.24,5381.23652352,DAM_PV_A_20
Baseline,DAM,W_C,20,sell,0.21222788,130.24,27.640559091200004,DAM_W_C_20
Baseline,DAM,W_A,20,sell,0.70742626,130.24,92.1351961024,DAM_W_A_20
Baseline,DAM,DKL_ICE_H,20,sell,36.75,130.24,4786.320000000001,DAM_DKL_ICE_H_FLEX_20
Baseline,DAM,VAS_ST_H,20,sell,34.996779,130.24,4557.98049696,DAM_VAS_ST_H_FLEX_20
Baseline,DAM,IND,21,buy,74.193833,130.24,-9663.004809920001,DAM_IND_21
Baseline,DAM,COM,21,buy,30.87463,130.24,-4021.1118112000004,DAM_COM_21
Baseline,DAM,RESI,21,buy,22.980643,130.24,-2992.99894432,DAM_RESI_21
Baseline,DAM,PV_C,21,sell,15.416863,130.24,2007.8922371200001,DAM_PV_C_21
Baseline,DAM,PV_A,21,sell,51.389544,130.24,6692.974210560001,DAM_PV_A_21
Baseline,DAM,W_C,21,sell,0.11670796,130.24,15.2000447104,DAM_W_C_21
Baseline,DAM,W_A,21,sell,0.38902653,130.24,50.6668152672,DAM_W_A_21
Baseline,DAM,DKL_ICE_H,21,sell,36.75,130.24,4786.320000000001,DAM_DKL_ICE_H_FLEX_21
Baseline,DAM,VAS_ST_H,21,sell,8.2369641,130.24,1072.7822043840001,DAM_VAS_ST_H_FLEX_21
Baseline,DAM,IND,22,buy,74.193833,130.24,-9663.004809920001,DAM_IND_22
Baseline,DAM,COM,22,buy,32.333854,130.24,-4211.1611449600005,DAM_COM_22
Baseline,DAM,RESI,22,buy,21.521419,130.24,-2802.9496105600006,DAM_RESI_22
Baseline,DAM,PV_C,22,sell,15.416863,130.24,2007.8922371200001,DAM_PV_C_22
Baseline,DAM,PV_A,22,sell,51.389544,130.24,6692.974210560001,DAM_PV_A_22
Baseline,DAM,W_C,22,sell,0.11670796,130.24,15.2000447104,DAM_W_C_22
Baseline,DAM,W_A,22,sell,0.38902653,130.24,50.6668152672,DAM_W_A_22
Baseline,DAM,DKL_ICE_H,22,sell,36.75,130.24,4786.320000000001,DAM_DKL_ICE_H_FLEX_22
Baseline,DAM,VAS_ST_H,22,sell,8.2369641,130.24,1072.7822043840001,DAM_VAS_ST_H_FLEX_22
Baseline,DAM,IND,23,buy,74.303594,125.3,-9310.2403282,DAM_IND_23
Baseline,DAM,COM,23,buy,29.841748,125.3,-3739.1710243999996,DAM_COM_23
Baseline,DAM,RESI,23,buy,19.607016,125.3,-2456.7591048,DAM_RESI_23
Baseline,DAM,PV_C,23,sell,16.602028,125.3,2080.2341084,DAM_PV_C_23
Baseline,DAM,PV_A,23,sell,55.340094,125.3,6934.1137782,DAM_PV_A_23
Baseline,DAM,W_C,23,sell,0.061827428,125.3,7.746976728399999,DAM_W_C_23
Baseline,DAM,W_A,23,sell,0.20609143,125.3,25.823256178999998,DAM_W_A_23
Baseline,DAM,DKL_ICE_H,23,sell,35.792318,125.3,4484.7774454,DAM_DKL_ICE_H_FLEX_23
Baseline,DAM,IND,24,buy,74.303594,125.3,-9310.2403282,DAM_IND_24
Baseline,DAM,COM,24,buy,30.481919,125.3,-3819.3844507,DAM_COM_24
Baseline,DAM,RESI,24,buy,18.966846,125.3,-2376.5458038,DAM_RESI_24
Baseline,DAM,PV_C,24,sell,16.602028,125.3,2080.2341084,DAM_PV_C_24
Baseline,DAM,PV_A,24,sell,55.340094,125.3,6934.1137782,DAM_PV_A_24
Baseline,DAM,W_C,24,sell,0.061827428,125.3,7.746976728399999,DAM_W_C_24
Baseline,DAM,W_A,24,sell,0.20609143,125.3,25.823256178999998,DAM_W_A_24
Baseline,DAM,DKL_ICE_H,24,sell,35.792318,125.3,4484.7774454,DAM_DKL_ICE_H_FLEX_24
Baseline,DAM,IND,25,buy,74.288311,130.24,-9675.30962464,DAM_IND_25
Baseline,DAM,COM,25,buy,34.729319,130.24,-4523.14650656,DAM_COM_25
Baseline,DAM,RESI,25,buy,20.202089,130.24,-2631.12007136,DAM_RESI_25
Baseline,DAM,PV_C,25,sell,16.40126,130.24,2136.1001024,DAM_PV_C_25
Baseline,DAM,PV_A,25,sell,54.670867,130.24,7120.333718080001,DAM_PV_A_25
Baseline,DAM,W_C,25,sell,0.069469026,130.24,9.047645946240001,DAM_W_C_25
Baseline,DAM,W_A,25,sell,0.23156342,130.24,30.1588198208,DAM_W_A_25
Baseline,DAM,DKL_ICE_H,25,sell,36.75,130.24,4786.320000000001,DAM_DKL_ICE_H_FLEX_25
Baseline,DAM,VAS_ST_H,25,sell,5.3465594,130.24,696.3358962560001,DAM_VAS_ST_H_FLEX_25
Baseline,DAM,IND,26,buy,74.288311,130.24,-9675.30962464,DAM_IND_26
Baseline,DAM,COM,26,buy,34.464237,130.24,-4488.62222688,DAM_COM_26
Baseline,DAM,RESI,26,buy,20.467172,130.24,-2665.6444812800005,DAM_RESI_26
Baseline,DAM,PV_C,26,sell,16.40126,130.24,2136.1001024,DAM_PV_C_26
Baseline,DAM,PV_A,26,sell,54.670867,130.24,7120.333718080001,DAM_PV_A_26
Baseline,DAM,W_C,26,sell,0.069469026,130.24,9.047645946240001,DAM_W_C_26
Baseline,DAM,W_A,26,sell,0.23156342,130.24,30.1588198208,DAM_W_A_26
Baseline,DAM,DKL_ICE_H,26,sell,36.75,130.24,4786.320000000001,DAM_DKL_ICE_H_FLEX_26
Baseline,DAM,VAS_ST_H,26,sell,5.3465594,130.24,696.3358962560001,DAM_VAS_ST_H_FLEX_26
Baseline,DAM,IND,27,buy,74.332077,130.24,-9681.00970848,DAM_IND_27
Baseline,DAM,COM,27,buy,37.06556,130.24,-4827.4185344,DAM_COM_27
Baseline,DAM,RESI,27,buy,21.981837,130.24,-2862.91445088,DAM_RESI_27
Baseline,DAM,PV_C,27,sell,14.995921,130.24,1953.06875104,DAM_PV_C_27
Baseline,DAM,PV_A,27,sell,49.986403,130.24,6510.229126720001,DAM_PV_A_27
Baseline,DAM,W_C,27,sell,0.047586284,130.24,6.197637628160001,DAM_W_C_27
Baseline,DAM,W_A,27,sell,0.15862095,130.24,20.658792528000003,DAM_W_A_27
Baseline,DAM,DKL_ICE_H,27,sell,36.75,130.24,4786.320000000001,DAM_DKL_ICE_H_FLEX_27
Baseline,DAM,VAS_ST_H,27,sell,15.690942,130.24,2043.5882860800002,DAM_VAS_ST_H_FLEX_27
Baseline,DAM,IND,28,buy,74.332077,130.24,-9681.00970848,DAM_IND_28
Baseline,DAM,COM,28,buy,35.662913,130.24,-4644.73778912,DAM_COM_28
Baseline,DAM,RESI,28,buy,23.384484,130.24,-3045.5951961600003,DAM_RESI_28
Baseline,DAM,PV_C,28,sell,14.995921,130.24,1953.06875104,DAM_PV_C_28
Baseline,DAM,PV_A,28,sell,49.986403,130.24,6510.229126720001,DAM_PV_A_28
Baseline,DAM,W_C,28,sell,0.047586284,130.24,6.197637628160001,DAM_W_C_28
Baseline,DAM,W_A,28,sell,0.15862095,130.24,20.658792528000003,DAM_W_A_28
Baseline,DAM,DKL_ICE_H,28,sell,36.75,130.24,4786.320000000001,DAM_DKL_ICE_H_FLEX_28
Baseline,DAM,VAS_ST_H,28,sell,15.690942,130.24,2043.5882860800002,DAM_VAS_ST_H_FLEX_28
Baseline,DAM,IND,29,buy,74.314015,130.24,-9678.6573136,DAM_IND_29
Baseline,DAM,COM,29,buy,49.051838,130.24,-6388.51138112,DAM_COM_29
Baseline,DAM,RESI,29,buy,30.858545,130.24,-4019.0169008000003,DAM_RESI_29
Baseline,DAM,PV_C,29,sell,11.851612,130.24,1543.55394688,DAM_PV_C_29
Baseline,DAM,PV_A,29,sell,39.505373,130.24,5145.17977952,DAM_PV_A_29
Baseline,DAM,W_C,29,sell,0.056617262,130.24,7.373832202880001,DAM_W_C_29
Baseline,DAM,W_A,29,sell,0.1887242,130.24,24.579439808000004,DAM_W_A_29
Baseline,DAM,DKL_ICE_H,29,sell,36.75,130.24,4786.320000000001,DAM_DKL_ICE_H_FLEX_29
Baseline,DAM,VAS_ST_H,29,sell,50.122071,130.24,6527.89852704,DAM_VAS_ST_H_FLEX_29
Baseline,DAM,IND,30,buy,74.314015,130.24,-9678.6573136,DAM_IND_30
Baseline,DAM,COM,30,buy,45.929512,130.24,-5981.859642880001,DAM_COM_30
Baseline,DAM,RESI,30,buy,33.98087,130.24,-4425.6685088,DAM_RESI_30
Baseline,DAM,PV_C,30,sell,11.851612,130.24,1543.55394688,DAM_PV_C_30
Baseline,DAM,PV_A,30,sell,39.505373,130.24,5145.17977952,DAM_PV_A_30
Baseline,DAM,W_C,30,sell,0.056617262,130.24,7.373832202880001,DAM_W_C_30
Baseline,DAM,W_A,30,sell,0.1887242,130.24,24.579439808000004,DAM_W_A_30
Baseline,DAM,DKL_ICE_H,30,sell,36.75,130.24,4786.320000000001,DAM_DKL_ICE_H_FLEX_30
Baseline,DAM,VAS_ST_H,30,sell,50.122071,130.24,6527.89852704,DAM_VAS_ST_H_FLEX_30
Baseline,DAM,IND,31,buy,74.193138,130.24,-9662.914293120002,DAM_IND_31
Baseline,DAM,COM,31,buy,73.654507,130.24,-9592.76299168,DAM_COM_31
Baseline,DAM,RESI,31,buy,53.20404,130.24,-6929.294169600001,DAM_RESI_31
Baseline,DAM,PV_C,31,sell,6.7614013,130.24,880.604905312,DAM_PV_C_31
Baseline,DAM,PV_A,31,sell,22.538004,130.24,2935.34964096,DAM_PV_A_31
Baseline,DAM,W_C,31,sell,0.11705531,130.24,15.2452835744,DAM_W_C_31
Baseline,DAM,W_A,31,sell,0.39018437,130.24,50.817612348800004,DAM_W_A_31
Baseline,DAM,DKL_ICE_H,31,sell,36.75,130.24,4786.320000000001,DAM_DKL_ICE_H_FLEX_31
Baseline,DAM,VAS_ST_H,31,sell,118.74504,130.24,15465.354009600002,DAM_VAS_ST_H_FLEX_31
Baseline,DAM,IND,32,buy,74.193138,130.24,-9662.914293120002,DAM_IND_32
Baseline,DAM,COM,32,buy,67.550567,130.24,-8797.78584608,DAM_COM_32
Baseline,DAM,RESI,32,buy,59.307981,130.24,-7724.27144544,DAM_RESI_32
Baseline,DAM,PV_C,32,sell,6.7614013,130.24,880.604905312,DAM_PV_C_32
Baseline,DAM,PV_A,32,sell,22.538004,130.24,2935.34964096,DAM_PV_A_32
Baseline,DAM,W_C,32,sell,0.11705531,130.24,15.2452835744,DAM_W_C_32
Baseline,DAM,W_A,32,sell,0.39018437,130.24,50.817612348800004,DAM_W_A_32
Baseline,DAM,DKL_ICE_H,32,sell,36.75,130.24,4786.320000000001,DAM_DKL_ICE_H_FLEX_32
Baseline,DAM,VAS_ST_H,32,sell,118.74504,130.24,15465.354009600002,DAM_VAS_ST_H_FLEX_32
Baseline,DAM,IND,33,buy,73.790913,156.17,-11523.926883209999,DAM_IND_33
Baseline,DAM,COM,33,buy,93.152027,156.17,-14547.552056589999,DAM_COM_33
Baseline,DAM,RESI,33,buy,88.514031,156.17,-13823.236221269999,DAM_RESI_33
Baseline,DAM,PV_C,33,sell,1.8043054,156.17,281.778374318,DAM_PV_C_33
Baseline,DAM,PV_A,33,sell,6.0143513,156.17,939.261242521,DAM_PV_A_33
Baseline,DAM,W_C,33,sell,0.31816814,156.17,49.68831842379999,DAM_W_C_33
Baseline,DAM,W_A,33,sell,1.0605605,156.17,165.62773328499998,DAM_W_A_33
Baseline,DAM,DKL_ICE_H,33,sell,36.75,156.17,5739.2474999999995,DAM_DKL_ICE_H_FLEX_33
Baseline,DAM,VAS_ST_H,33,sell,136.5,156.17,21317.204999999998,DAM_VAS_ST_H_FLEX_33
Baseline,DAM,VAS_CCGT_D,33,sell,57.259586,156.17,8942.229545619999,DAM_VAS_CCGT_D_FLEX_33
Baseline,DAM,IND,34,buy,73.790913,156.17,-11523.926883209999,DAM_IND_34
Baseline,DAM,COM,34,buy,83.645994,156.17,-13062.99488298,DAM_COM_34
Baseline,DAM,RESI,34,buy,98.020064,156.17,-15307.79339488,DAM_RESI_34
Baseline,DAM,PV_C,34,sell,1.8043054,156.17,281.778374318,DAM_PV_C_34
Baseline,DAM,PV_A,34,sell,6.0143513,156.17,939.261242521,DAM_PV_A_34
Baseline,DAM,W_C,34,sell,0.31816814,156.17,49.68831842379999,DAM_W_C_34
Baseline,DAM,W_A,34,sell,1.0605605,156.17,165.62773328499998,DAM_W_A_34
Baseline,DAM,DKL_ICE_H,34,sell,36.75,156.17,5739.2474999999995,DAM_DKL_ICE_H_FLEX_34
Baseline,DAM,VAS_ST_H,34,sell,136.5,156.17,21317.204999999998,DAM_VAS_ST_H_FLEX_34
Baseline,DAM,VAS_CCGT_D,34,sell,57.259586,156.17,8942.229545619999,DAM_VAS_CCGT_D_FLEX_34
Baseline,DAM,IND,35,buy,73.649891,156.17,-11501.90347747,DAM_IND_35
Baseline,DAM,COM,35,buy,99.098124,156.17,-15476.154025079999,DAM_COM_35
Baseline,DAM,RESI,35,buy,138.19643,156.17,-21582.136473099996,DAM_RESI_35
Baseline,DAM,W_C,35,sell,0.38867921,156.17,60.70003222569999,DAM_W_C_35
Baseline,DAM,W_A,35,sell,1.2955974,156.17,202.33344595799997,DAM_W_A_35
Baseline,DAM,DKL_ICE_H,35,sell,36.75,156.17,5739.2474999999995,DAM_DKL_ICE_H_FLEX_35
Baseline,DAM,VAS_ST_H,35,sell,136.5,156.17,21317.204999999998,DAM_VAS_ST_H_FLEX_35
Baseline,DAM,VAS_CCGT_D,35,sell,120.26017,156.17,18781.0307489,DAM_VAS_CCGT_D_FLEX_35
Baseline,DAM,IND,36,buy,73.649891,156.17,-11501.90347747,DAM_IND_36
Baseline,DAM,COM,36,buy,87.252437,156.17,-13626.21308629,DAM_COM_36
Baseline,DAM,RESI,36,buy,150.04212,156.17,-23432.0778804,DAM_RESI_36
Baseline,DAM,W_C,36,sell,0.38867921,156.17,60.70003222569999,DAM_W_C_36
Baseline,DAM,W_A,36,sell,1.2955974,156.17,202.33344595799997,DAM_W_A_36
Baseline,DAM,DKL_ICE_H,36,sell,36.75,156.17,5739.2474999999995,DAM_DKL_ICE_H_FLEX_36
Baseline,DAM,VAS_ST_H,36,sell,136.5,156.17,21317.204999999998,DAM_VAS_ST_H_FLEX_36
Baseline,DAM,VAS_CCGT_D,36,sell,120.26017,156.17,18781.0307489,DAM_VAS_CCGT_D_FLEX_36
Baseline,DAM,IND,37,buy,73.895811,156.17,-11540.308803869999,DAM_IND_37
Baseline,DAM,COM,37,buy,87.185303,156.17,-13615.72876951,DAM_COM_37
Baseline,DAM,RESI,37,buy,183.77862,156.17,-28700.707085399998,DAM_RESI_37
Baseline,DAM,W_C,37,sell,0.26571903,156.17,41.4973409151,DAM_W_C_37
Baseline,DAM,W_A,37,sell,0.8857301,156.17,138.32446971699997,DAM_W_A_37
Baseline,DAM,DKL_ICE_H,37,sell,36.75,156.17,5739.2474999999995,DAM_DKL_ICE_H_FLEX_37
Baseline,DAM,VAS_ST_H,37,sell,136.5,156.17,21317.204999999998,DAM_VAS_ST_H_FLEX_37
Baseline,DAM,VAS_CCGT_D,37,sell,96.20829,156.17,15024.8486493,DAM_VAS_CCGT_D_FLEX_37
Baseline,DAM,IND,38,buy,73.895811,156.17,-11540.308803869999,DAM_IND_38
Baseline,DAM,COM,38,buy,76.279391,156.17,-11912.55249247,DAM_COM_38
Baseline,DAM,RESI,38,buy,194.68454,156.17,-30403.884611799996,DAM_RESI_38
Baseline,DAM,W_C,38,sell,0.26571903,156.17,41.4973409151,DAM_W_C_38
Baseline,DAM,W_A,38,sell,0.8857301,156.17,138.32446971699997,DAM_W_A_38
Baseline,DAM,DKL_ICE_H,38,sell,36.75,156.17,5739.2474999999995,DAM_DKL_ICE_H_FLEX_38
Baseline,DAM,VAS_ST_H,38,sell,136.5,156.17,21317.204999999998,DAM_VAS_ST_H_FLEX_38
Baseline,DAM,VAS_CCGT_D,38,sell,96.20829,156.17,15024.8486493,DAM_VAS_CCGT_D_FLEX_38
Baseline,DAM,IND,39,buy,74.079904,156.17,-11569.05860768,DAM_IND_39
Baseline,DAM,COM,39,buy,69.747918,156.17,-10892.532354059998,DAM_COM_39
Baseline,DAM,RESI,39,buy,211.83845,156.17,-33082.810736499996,DAM_RESI_39
Baseline,DAM,W_C,39,sell,0.17367257,156.17,27.122445256899997,DAM_W_C_39
Baseline,DAM,W_A,39,sell,0.57890857,156.17,90.40815137689998,DAM_W_A_39
Baseline,DAM,DKL_ICE_H,39,sell,36.75,156.17,5739.2474999999995,DAM_DKL_ICE_H_FLEX_39
Baseline,DAM,VAS_ST_H,39,sell,136.5,156.17,21317.204999999998,DAM_VAS_ST_H_FLEX_39
Baseline,DAM,VAS_CCGT_D,39,sell,107.41369,156.17,16774.7959673,DAM_VAS_CCGT_D_FLEX_39
Baseline,DAM,IND,40,buy,74.079904,156.17,-11569.05860768,DAM_IND_40
Baseline,DAM,COM,40,buy,62.124157,156.17,-9701.929598689998,DAM_COM_40
Baseline,DAM,RESI,40,buy,219.46221,156.17,-34273.413335699996,DAM_RESI_40
Baseline,DAM,W_C,40,sell,0.17367257,156.17,27.122445256899997,DAM_W_C_40
Baseline,DAM,W_A,40,sell,0.57890857,156.17,90.40815137689998,DAM_W_A_40
Baseline,DAM,DKL_ICE_H,40,sell,36.75,156.17,5739.2474999999995,DAM_DKL_ICE_H_FLEX_40
Baseline,DAM,VAS_ST_H,40,sell,136.5,156.17,21317.204999999998,DAM_VAS_ST_H_FLEX_40
Baseline,DAM,VAS_CCGT_D,40,sell,107.41369,156.17,16774.7959673,DAM_VAS_CCGT_D_FLEX_40
Baseline,DAM,IND,41,buy,74.175077,156.17,-11583.921775089999,DAM_IND_41
Baseline,DAM,COM,41,buy,56.394614,156.17,-8807.14686838,DAM_COM_41
Baseline,DAM,RESI,41,buy,225.50887,156.17,-35217.7202279,DAM_RESI_41
Baseline,DAM,W_C,41,sell,0.12608629,156.17,19.690895909299996,DAM_W_C_41
Baseline,DAM,W_A,41,sell,0.42028763,156.17,65.63631917709999,DAM_W_A_41
Baseline,DAM,DKL_ICE_H,41,sell,36.75,156.17,5739.2474999999995,DAM_DKL_ICE_H_FLEX_41
Baseline,DAM,VAS_ST_H,41,sell,136.5,156.17,21317.204999999998,DAM_VAS_ST_H_FLEX_41
Baseline,DAM,VAS_CCGT_D,41,sell,108.03218,156.17,16871.385550599996,DAM_VAS_CCGT_D_FLEX_41
Baseline,DAM,IND,42,buy,74.175077,156.17,-11583.921775089999,DAM_IND_42
Baseline,DAM,COM,42,buy,52.309453,156.17,-8169.167275009999,DAM_COM_42
Baseline,DAM,RESI,42,buy,229.59403,156.17,-35855.6996651,DAM_RESI_42
Baseline,DAM,W_C,42,sell,0.12608629,156.17,19.690895909299996,DAM_W_C_42
Baseline,DAM,W_A,42,sell,0.42028763,156.17,65.63631917709999,DAM_W_A_42
Baseline,DAM,DKL_ICE_H,42,sell,36.75,156.17,5739.2474999999995,DAM_DKL_ICE_H_FLEX_42
Baseline,DAM,VAS_ST_H,42,sell,136.5,156.17,21317.204999999998,DAM_VAS_ST_H_FLEX_42
Baseline,DAM,VAS_CCGT_D,42,sell,108.03218,156.17,16871.385550599996,DAM_VAS_CCGT_D_FLEX_42
Baseline,DAM,IND,43,buy,74.095882,156.17,-11571.553891939999,DAM_IND_43
Baseline,DAM,COM,43,buy,47.897088,156.17,-7480.088232959999,DAM_COM_43
Baseline,DAM,RESI,43,buy,223.32102,156.17,-34876.043693399995,DAM_RESI_43
Baseline,DAM,W_C,43,sell,0.16568362,156.17,25.8748109354,DAM_W_C_43
Baseline,DAM,W_A,43,sell,0.55227874,156.17,86.24937082579999,DAM_W_A_43
Baseline,DAM,DKL_ICE_H,43,sell,36.75,156.17,5739.2474999999995,DAM_DKL_ICE_H_FLEX_43
Baseline,DAM,VAS_ST_H,43,sell,136.5,156.17,21317.204999999998,DAM_VAS_ST_H_FLEX_43
Baseline,DAM,VAS_CCGT_D,43,sell,97.096029,156.17,15163.486848929999,DAM_VAS_CCGT_D_FLEX_43
Baseline,DAM,IND,44,buy,74.095882,156.17,-11571.553891939999,DAM_IND_44
Baseline,DAM,COM,44,buy,46.812482,156.17,-7310.7053139399995,DAM_COM_44
Baseline,DAM,RESI,44,buy,224.40563,156.17,-35045.4272371,DAM_RESI_44
Baseline,DAM,W_C,44,sell,0.16568362,156.17,25.8748109354,DAM_W_C_44
Baseline,DAM,W_A,44,sell,0.55227874,156.17,86.24937082579999,DAM_W_A_44
Baseline,DAM,DKL_ICE_H,44,sell,36.75,156.17,5739.2474999999995,DAM_DKL_ICE_H_FLEX_44
Baseline,DAM,VAS_ST_H,44,sell,136.5,156.17,21317.204999999998,DAM_VAS_ST_H_FLEX_44
Baseline,DAM,VAS_CCGT_D,44,sell,97.096029,156.17,15163.486848929999,DAM_VAS_CCGT_D_FLEX_44
Baseline,DAM,IND,45,buy,74.059758,156.17,-11565.91240686,DAM_IND_45
Baseline,DAM,COM,45,buy,42.955776,156.17,-6708.4035379199995,DAM_COM_45
Baseline,DAM,RESI,45,buy,205.2701,156.17,-32057.031517,DAM_RESI_45
Baseline,DAM,W_C,45,sell,0.18374558,156.17,28.695547228599995,DAM_W_C_45
Baseline,DAM,W_A,45,sell,0.61248526,156.17,95.6518230542,DAM_W_A_45
Baseline,DAM,DKL_ICE_H,45,sell,36.75,156.17,5739.2474999999995,DAM_DKL_ICE_H_FLEX_45
Baseline,DAM,VAS_ST_H,45,sell,136.5,156.17,21317.204999999998,DAM_VAS_ST_H_FLEX_45
Baseline,DAM,VAS_CCGT_D,45,sell,73.9894,156.17,11554.924598,DAM_VAS_CCGT_D_FLEX_45
Baseline,DAM,IND,46,buy,74.059758,156.17,-11565.91240686,DAM_IND_46
Baseline,DAM,COM,46,buy,44.041994,156.17,-6878.03820298,DAM_COM_46
Baseline,DAM,RESI,46,buy,204.18388,156.17,-31887.396539599995,DAM_RESI_46
Baseline,DAM,W_C,46,sell,0.18374558,156.17,28.695547228599995,DAM_W_C_46
Baseline,DAM,W_A,46,sell,0.61248526,156.17,95.6518230542,DAM_W_A_46
Baseline,DAM,DKL_ICE_H,46,sell,36.75,156.17,5739.2474999999995,DAM_DKL_ICE_H_FLEX_46
Baseline,DAM,VAS_ST_H,46,sell,136.5,156.17,21317.204999999998,DAM_VAS_ST_H_FLEX_46
Baseline,DAM,VAS_CCGT_D,46,sell,73.9894,156.17,11554.924598,DAM_VAS_CCGT_D_FLEX_46
Baseline,DAM,IND,47,buy,74.069484,156.17,-11567.431316279999,DAM_IND_47
Baseline,DAM,COM,47,buy,40.540615,156.17,-6331.22784455,DAM_COM_47
Baseline,DAM,RESI,47,buy,178.34921,156.17,-27852.7961257,DAM_RESI_47
Baseline,DAM,W_C,47,sell,0.17888274,156.17,27.9361175058,DAM_W_C_47
Baseline,DAM,W_A,47,sell,0.59627579,156.17,93.12039012429999,DAM_W_A_47
Baseline,DAM,DKL_ICE_H,47,sell,36.75,156.17,5739.2474999999995,DAM_DKL_ICE_H_FLEX_47
Baseline,DAM,VAS_ST_H,47,sell,136.5,156.17,21317.204999999998,DAM_VAS_ST_H_FLEX_47
Baseline,DAM,VAS_CCGT_D,47,sell,44.684149,156.17,6978.323549329999,DAM_VAS_CCGT_D_FLEX_47
Baseline,DAM,IND,48,buy,74.069484,156.17,-11567.431316279999,DAM_IND_48
Baseline,DAM,COM,48,buy,42.855348,156.17,-6692.71969716,DAM_COM_48
Baseline,DAM,RESI,48,buy,176.03448,156.17,-27491.304741599997,DAM_RESI_48
Baseline,DAM,W_C,48,sell,0.17888274,156.17,27.9361175058,DAM_W_C_48
Baseline,DAM,W_A,48,sell,0.5962758,156.17,93.12039168599999,DAM_W_A_48
Baseline,DAM,DKL_ICE_H,48,sell,36.75,156.17,5739.2474999999995,DAM_DKL_ICE_H_FLEX_48
Baseline,DAM,VAS_ST_H,48,sell,136.5,156.17,21317.204999999998,DAM_VAS_ST_H_FLEX_48
Baseline,DAM,VAS_CCGT_D,48,sell,44.684149,156.17,6978.323549329999,DAM_VAS_CCGT_D_FLEX_48
Baseline,DAM,DKL_ICE_H,1,sell,15.75,156.17,2459.6775,DAM_BLOCK_DKL_ICE_H_1
Baseline,DAM,DKL_ICE_H,2,sell,15.75,156.17,2459.6775,DAM_BLOCK_DKL_ICE_H_1
Baseline,DAM,DKL_ICE_H,3,sell,15.75,156.17,2459.6775,DAM_BLOCK_DKL_ICE_H_1
Baseline,DAM,DKL_ICE_H,4,sell,15.75,156.17,2459.6775,DAM_BLOCK_DKL_ICE_H_1
Baseline,DAM,DKL_ICE_H,5,sell,15.75,156.17,2459.6775,DAM_BLOCK_DKL_ICE_H_1
Baseline,DAM,DKL_ICE_H,6,sell,15.75,156.17,2459.6775,DAM_BLOCK_DKL_ICE_H_1
Baseline,DAM,DKL_ICE_H,7,sell,15.75,130.24,2051.28,DAM_BLOCK_DKL_ICE_H_1
Baseline,DAM,DKL_ICE_H,8,sell,15.75,130.24,2051.28,DAM_BLOCK_DKL_ICE_H_1
Baseline,DAM,DKL_ICE_H,9,sell,15.75,130.24,2051.28,DAM_BLOCK_DKL_ICE_H_1
Baseline,DAM,DKL_ICE_H,10,sell,15.75,130.24,2051.28,DAM_BLOCK_DKL_ICE_H_1
Baseline,DAM,DKL_ICE_H,11,sell,15.75,130.24,2051.28,DAM_BLOCK_DKL_ICE_H_1
Baseline,DAM,DKL_ICE_H,12,sell,15.75,130.24,2051.28,DAM_BLOCK_DKL_ICE_H_1
Baseline,DAM,DKL_ICE_H,13,sell,15.75,156.17,2459.6775,DAM_BLOCK_DKL_ICE_H_13
Baseline,DAM,DKL_ICE_H,14,sell,15.75,156.17,2459.6775,DAM_BLOCK_DKL_ICE_H_13
Baseline,DAM,DKL_ICE_H,15,sell,15.75,156.17,2459.6775,DAM_BLOCK_DKL_ICE_H_13
Baseline,DAM,DKL_ICE_H,16,sell,15.75,156.17,2459.6775,DAM_BLOCK_DKL_ICE_H_13
Baseline,DAM,DKL_ICE_H,17,sell,15.75,130.24,2051.28,DAM_BLOCK_DKL_ICE_H_13
Baseline,DAM,DKL_ICE_H,18,sell,15.75,130.24,2051.28,DAM_BLOCK_DKL_ICE_H_13
Baseline,DAM,DKL_ICE_H,19,sell,15.75,130.24,2051.28,DAM_BLOCK_DKL_ICE_H_13
Baseline,DAM,DKL_ICE_H,20,sell,15.75,130.24,2051.28,DAM_BLOCK_DKL_ICE_H_13
Baseline,DAM,DKL_ICE_H,21,sell,15.75,130.24,2051.28,DAM_BLOCK_DKL_ICE_H_13
Baseline,DAM,DKL_ICE_H,22,sell,15.75,130.24,2051.28,DAM_BLOCK_DKL_ICE_H_13
Baseline,DAM,DKL_ICE_H,23,sell,15.75,125.3,1973.475,DAM_BLOCK_DKL_ICE_H_13
Baseline,DAM,DKL_ICE_H,24,sell,15.75,125.3,1973.475,DAM_BLOCK_DKL_ICE_H_13
Baseline,DAM,DKL_ICE_H,25,sell,15.75,130.24,2051.28,DAM_BLOCK_DKL_ICE_H_25
Baseline,DAM,DKL_ICE_H,26,sell,15.75,130.24,2051.28,DAM_BLOCK_DKL_ICE_H_25
Baseline,DAM,DKL_ICE_H,27,sell,15.75,130.24,2051.28,DAM_BLOCK_DKL_ICE_H_25
Baseline,DAM,DKL_ICE_H,28,sell,15.75,130.24,2051.28,DAM_BLOCK_DKL_ICE_H_25
Baseline,DAM,DKL_ICE_H,29,sell,15.75,130.24,2051.28,DAM_BLOCK_DKL_ICE_H_25
Baseline,DAM,DKL_ICE_H,30,sell,15.75,130.24,2051.28,DAM_BLOCK_DKL_ICE_H_25
Baseline,DAM,DKL_ICE_H,31,sell,15.75,130.24,2051.28,DAM_BLOCK_DKL_ICE_H_25
Baseline,DAM,DKL_ICE_H,32,sell,15.75,130.24,2051.28,DAM_BLOCK_DKL_ICE_H_25
Baseline,DAM,DKL_ICE_H,33,sell,15.75,156.17,2459.6775,DAM_BLOCK_DKL_ICE_H_25
Baseline,DAM,DKL_ICE_H,34,sell,15.75,156.17,2459.6775,DAM_BLOCK_DKL_ICE_H_25
Baseline,DAM,DKL_ICE_H,35,sell,15.75,156.17,2459.6775,DAM_BLOCK_DKL_ICE_H_25
Baseline,DAM,DKL_ICE_H,36,sell,15.75,156.17,2459.6775,DAM_BLOCK_DKL_ICE_H_25
Baseline,DAM,DKL_ICE_H,37,sell,15.75,156.17,2459.6775,DAM_BLOCK_DKL_ICE_H_37
Baseline,DAM,DKL_ICE_H,38,sell,15.75,156.17,2459.6775,DAM_BLOCK_DKL_ICE_H_37
Baseline,DAM,DKL_ICE_H,39,sell,15.75,156.17,2459.6775,DAM_BLOCK_DKL_ICE_H_37
Baseline,DAM,DKL_ICE_H,40,sell,15.75,156.17,2459.6775,DAM_BLOCK_DKL_ICE_H_37
Baseline,DAM,DKL_ICE_H,41,sell,15.75,156.17,2459.6775,DAM_BLOCK_DKL_ICE_H_37
Baseline,DAM,DKL_ICE_H,42,sell,15.75,156.17,2459.6775,DAM_BLOCK_DKL_ICE_H_37
Baseline,DAM,DKL_ICE_H,43,sell,15.75,156.17,2459.6775,DAM_BLOCK_DKL_ICE_H_37
Baseline,DAM,DKL_ICE_H,44,sell,15.75,156.17,2459.6775,DAM_BLOCK_DKL_ICE_H_37
Baseline,DAM,DKL_ICE_H,45,sell,15.75,156.17,2459.6775,DAM_BLOCK_DKL_ICE_H_37
Baseline,DAM,DKL_ICE_H,46,sell,15.75,156.17,2459.6775,DAM_BLOCK_DKL_ICE_H_37
Baseline,DAM,DKL_ICE_H,47,sell,15.75,156.17,2459.6775,DAM_BLOCK_DKL_ICE_H_37
Baseline,DAM,DKL_ICE_H,48,sell,15.75,156.17,2459.6775,DAM_BLOCK_DKL_ICE_H_37
Baseline,DAM,VAS_ST_H,1,sell,58.5,156.17,9135.945,DAM_BLOCK_VAS_ST_H_1
Baseline,DAM,VAS_ST_H,2,sell,58.5,156.17,9135.945,DAM_BLOCK_VAS_ST_H_1
Baseline,DAM,VAS_ST_H,3,sell,58.5,156.17,9135.945,DAM_BLOCK_VAS_ST_H_1
Baseline,DAM,VAS_ST_H,4,sell,58.5,156.17,9135.945,DAM_BLOCK_VAS_ST_H_1
Baseline,DAM,VAS_ST_H,5,sell,58.5,156.17,9135.945,DAM_BLOCK_VAS_ST_H_1
Baseline,DAM,VAS_ST_H,6,sell,58.5,156.17,9135.945,DAM_BLOCK_VAS_ST_H_1
Baseline,DAM,VAS_ST_H,7,sell,58.5,130.24,7619.040000000001,DAM_BLOCK_VAS_ST_H_1
Baseline,DAM,VAS_ST_H,8,sell,58.5,130.24,7619.040000000001,DAM_BLOCK_VAS_ST_H_1
Baseline,DAM,VAS_ST_H,9,sell,58.5,130.24,7619.040000000001,DAM_BLOCK_VAS_ST_H_1
Baseline,DAM,VAS_ST_H,10,sell,58.5,130.24,7619.040000000001,DAM_BLOCK_VAS_ST_H_1
Baseline,DAM,VAS_ST_H,11,sell,58.5,130.24,7619.040000000001,DAM_BLOCK_VAS_ST_H_1
Baseline,DAM,VAS_ST_H,12,sell,58.5,130.24,7619.040000000001,DAM_BLOCK_VAS_ST_H_1
Baseline,DAM,VAS_ST_H,37,sell,58.5,156.17,9135.945,DAM_BLOCK_VAS_ST_H_37
Baseline,DAM,VAS_ST_H,38,sell,58.5,156.17,9135.945,DAM_BLOCK_VAS_ST_H_37
Baseline,DAM,VAS_ST_H,39,sell,58.5,156.17,9135.945,DAM_BLOCK_VAS_ST_H_37
Baseline,DAM,VAS_ST_H,40,sell,58.5,156.17,9135.945,DAM_BLOCK_VAS_ST_H_37
Baseline,DAM,VAS_ST_H,41,sell,58.5,156.17,9135.945,DAM_BLOCK_VAS_ST_H_37
Baseline,DAM,VAS_ST_H,42,sell,58.5,156.17,9135.945,DAM_BLOCK_VAS_ST_H_37
Baseline,DAM,VAS_ST_H,43,sell,58.5,156.17,9135.945,DAM_BLOCK_VAS_ST_H_37
Baseline,DAM,VAS_ST_H,44,sell,58.5,156.17,9135.945,DAM_BLOCK_VAS_ST_H_37
Baseline,DAM,VAS_ST_H,45,sell,58.5,156.17,9135.945,DAM_BLOCK_VAS_ST_H_37
Baseline,DAM,VAS_ST_H,46,sell,58.5,156.17,9135.945,DAM_BLOCK_VAS_ST_H_37
Baseline,DAM,VAS_ST_H,47,sell,58.5,156.17,9135.945,DAM_BLOCK_VAS_ST_H_37
Baseline,DAM,VAS_ST_H,48,sell,58.5,156.17,9135.945,DAM_BLOCK_VAS_ST_H_37
Baseline,IDA1,IND,1,sell,3.2301404,140.553,454.00592364119996,IDA1_IND_1
Baseline,IDA1,COM,1,sell,2.628585,140.553,369.455507505,IDA1_COM_1
Baseline,IDA1,RESI,1,sell,3.6171444,140.553,508.40049685319997,IDA1_RESI_1
Baseline,IDA1,W_C,1,sell,7.6751696,140.553,1078.7681127888,IDA1_W_C_1
Baseline,IDA1,W_A,1,sell,7.6751696,140.553,1078.7681127888,IDA1_W_A_1
Baseline,IDA1,VAS_CCGT_D,1,buy,24.826209,140.553,-3489.398153577,IDA1_VAS_CCGT_D_BUYBACK_1
Baseline,IDA1,IND,2,sell,3.2301404,140.553,454.00592364119996,IDA1_IND_2
Baseline,IDA1,COM,2,sell,2.6375994,140.553,370.7225084682,IDA1_COM_2
Baseline,IDA1,RESI,2,sell,6.0790397,140.553,854.4272669541,IDA1_RESI_2
Baseline,IDA1,W_C,2,sell,5.2042598,140.553,731.4743276693999,IDA1_W_C_2
Baseline,IDA1,W_A,2,sell,7.6751696,140.553,1078.7681127888,IDA1_W_A_2
Baseline,IDA1,VAS_CCGT_D,2,buy,24.826209,140.553,-3489.398153577,IDA1_VAS_CCGT_D_BUYBACK_2
Baseline,IDA1,IND,3,sell,8.8277354,140.553,1240.7646936762,IDA1_IND_3
Baseline,IDA1,W_C,3,sell,9.4165266,140.553,1323.5210632097999,IDA1_W_C_3
Baseline,IDA1,VAS_CCGT_D,3,buy,18.244262,140.553,-2564.285756886,IDA1_VAS_CCGT_D_BUYBACK_3
Baseline,IDA1,RESI,4,sell,16.586282,140.553,2331.251693946,IDA1_RESI_4
Baseline,IDA1,W_C,4,sell,1.6579798,140.553,233.03403482939999,IDA1_W_C_4
Baseline,IDA1,VAS_CCGT_D,4,buy,18.244262,140.553,-2564.285756886,IDA1_VAS_CCGT_D_BUYBACK_4
Baseline,IDA1,W_A,5,sell,0.67147572,140.553,94.37792687315999,IDA1_W_A_5
Baseline,IDA1,VAS_CCGT_D,5,buy,0.67147572,140.553,-94.37792687315999,IDA1_VAS_CCGT_D_BUYBACK_5
Baseline,IDA1,W_A,6,sell,0.67147572,140.553,94.37792687315999,IDA1_W_A_6
Baseline,IDA1,VAS_CCGT_D,6,buy,0.67147572,140.553,-94.37792687315999,IDA1_VAS_CCGT_D_BUYBACK_6
Baseline,IDA1,IND,7,sell,7.8122858,130.24,1017.472102592,IDA1_IND_7
Baseline,IDA1,COM,7,sell,5.4151715,130.24,705.27193616,IDA1_COM_7
Baseline,IDA1,RESI,7,sell,11.31182,130.24,1473.2514368000002,IDA1_RESI_7
Baseline,IDA1,W_C,7,sell,7.1495207,130.24,931.153575968,IDA1_W_C_7
Baseline,IDA1,W_A,7,sell,7.1495207,130.24,931.153575968,IDA1_W_A_7
Baseline,IDA1,VAS_ST_H,7,buy,38.838319,130.24,-5058.30266656,IDA1_VAS_ST_H_BUYBACK_7
Baseline,IDA1,IND,8,sell,7.8122858,130.24,1017.472102592,IDA1_IND_8
Baseline,IDA1,COM,8,sell,5.5940016,130.24,728.5627683840002,IDA1_COM_8
Baseline,IDA1,RESI,8,sell,11.132985,130.24,1449.9599664,IDA1_RESI_8
Baseline,IDA1,W_C,8,sell,7.1495207,130.24,931.153575968,IDA1_W_C_8
Baseline,IDA1,W_A,8,sell,7.1495207,130.24,931.153575968,IDA1_W_A_8
Baseline,IDA1,VAS_ST_H,8,buy,38.838314,130.24,-5058.30201536,IDA1_VAS_ST_H_BUYBACK_8
Baseline,IDA1,IND,9,sell,5.0731835,130.24,660.73141904,IDA1_IND_9
Baseline,IDA1,COM,9,sell,3.5304852,130.24,459.8103924480001,IDA1_COM_9
Baseline,IDA1,RESI,9,sell,6.5956554,130.24,859.018159296,IDA1_RESI_9
Baseline,IDA1,W_C,9,sell,7.5466519,130.24,982.8759434560001,IDA1_W_C_9
Baseline,IDA1,W_A,9,sell,7.5466519,130.24,982.8759434560001,IDA1_W_A_9
Baseline,IDA1,VAS_ST_H,9,buy,30.292628,130.24,-3945.3118707200006,IDA1_VAS_ST_H_BUYBACK_9
Baseline,IDA1,IND,10,sell,5.0731835,130.24,660.73141904,IDA1_IND_10
Baseline,IDA1,COM,10,sell,3.7152683,130.24,483.87654339200003,IDA1_COM_10
Baseline,IDA1,RESI,10,sell,6.4108723,130.24,834.9520083520001,IDA1_RESI_10
Baseline,IDA1,W_C,10,sell,7.5466519,130.24,982.8759434560001,IDA1_W_C_10
Baseline,IDA1,W_A,10,sell,7.5466519,130.24,982.8759434560001,IDA1_W_A_10
Baseline,IDA1,VAS_ST_H,10,buy,30.292628,130.24,-3945.3118707200006,IDA1_VAS_ST_H_BUYBACK_10
Baseline,IDA1,IND,11,sell,1.864467,130.24,242.82818208000003,IDA1_IND_11
Baseline,IDA1,COM,11,sell,1.4374865,130.24,187.21824176,IDA1_COM_11
Baseline,IDA1,RESI,11,sell,2.2537687,130.24,293.53083548800004,IDA1_RESI_11
Baseline,IDA1,W_C,11,sell,7.5894911,130.24,988.4553208640001,IDA1_W_C_11
Baseline,IDA1,W_A,11,sell,7.5894911,130.24,988.4553208640001,IDA1_W_A_11
Baseline,IDA1,VAS_ST_H,11,buy,20.734704,130.24,-2700.48784896,IDA1_VAS_ST_H_BUYBACK_11
Baseline,IDA1,IND,12,sell,1.864467,130.24,242.82818208000003,IDA1_IND_12
Baseline,IDA1,COM,12,sell,1.5360885,130.24,200.06016624,IDA1_COM_12
Baseline,IDA1,RESI,12,sell,2.1551666,130.24,280.688897984,IDA1_RESI_12
Baseline,IDA1,W_C,12,sell,7.5894911,130.24,988.4553208640001,IDA1_W_C_12
Baseline,IDA1,W_A,12,sell,7.5894911,130.24,988.4553208640001,IDA1_W_A_12
Baseline,IDA1,VAS_ST_H,12,buy,20.734704,130.24,-2700.48784896,IDA1_VAS_ST_H_BUYBACK_12
Baseline,IDA1,IND,13,buy,4.2346326,156.17,-661.322573142,IDA1_IND_13
Baseline,IDA1,COM,13,buy,3.9022591,156.17,-609.415803647,IDA1_COM_13
Baseline,IDA1,RESI,13,buy,4.8372622,156.17,-755.4352377739999,IDA1_RESI_13
Baseline,IDA1,W_C,13,sell,6.5671387,156.17,1025.590050779,IDA1_W_C_13
Baseline,IDA1,W_A,13,sell,6.5671387,156.17,1025.590050779,IDA1_W_A_13
Baseline,IDA1,VAS_CCGT_D,13,buy,0.16012344,156.17,-25.0064776248,IDA1_VAS_CCGT_D_BUYBACK_13
Baseline,IDA1,IND,14,buy,4.2346326,156.17,-661.322573142,IDA1_IND_14
Baseline,IDA1,COM,14,buy,4.1913631,156.17,-654.565175327,IDA1_COM_14
Baseline,IDA1,RESI,14,buy,4.5481583,156.17,-710.2858817109999,IDA1_RESI_14
Baseline,IDA1,W_C,14,sell,6.5671387,156.17,1025.590050779,IDA1_W_C_14
Baseline,IDA1,W_A,14,sell,6.5671387,156.17,1025.590050779,IDA1_W_A_14
Baseline,IDA1,VAS_CCGT_D,14,buy,0.16012344,156.17,-25.0064776248,IDA1_VAS_CCGT_D_BUYBACK_14
Baseline,IDA1,IND,15,buy,12.545685,171.787,-2155.185589095,IDA1_IND_15
Baseline,IDA1,COM,15,buy,12.633233,171.787,-2170.2251973710004,IDA1_COM_15
Baseline,IDA1,RESI,15,buy,11.937953,171.787,-2050.7851320110003,IDA1_RESI_15
Baseline,IDA1,W_C,15,sell,5.5332079,171.787,950.5331855173,IDA1_W_C_15
Baseline,IDA1,W_A,15,sell,5.5332079,171.787,950.5331855173,IDA1_W_A_15
Baseline,IDA1,DKL_ST_H,15,sell,26.050455,171.787,4475.129513085,IDA1_DKL_ST_H_UP_15
Baseline,IDA1,IND,16,buy,12.545685,171.787,-2155.185589095,IDA1_IND_16
Baseline,IDA1,COM,16,buy,13.485467,171.787,-2316.627919529,IDA1_COM_16
Baseline,IDA1,RESI,16,buy,11.08572,171.787,-1904.3825816400001,IDA1_RESI_16
Baseline,IDA1,W_C,16,sell,5.5332079,171.787,950.5331855173,IDA1_W_C_16
Baseline,IDA1,W_A,16,sell,5.5332079,171.787,950.5331855173,IDA1_W_A_16
Baseline,IDA1,VAS_ST_H,16,sell,26.050455,171.787,4475.129513085,IDA1_VAS_ST_H_UP_16
Baseline,IDA1,IND,17,buy,18.307633,143.264,-2622.824734112,IDA1_IND_17
Baseline,IDA1,COM,17,buy,18.72909,143.264,-2683.2043497600002,IDA1_COM_17
Baseline,IDA1,RESI,17,buy,13.432545,143.264,-1924.40012688,IDA1_RESI_17
Baseline,IDA1,W_C,17,sell,4.7435767,143.264,679.5837723488,IDA1_W_C_17
Baseline,IDA1,W_A,17,sell,4.7435767,143.264,679.5837723488,IDA1_W_A_17
Baseline,IDA1,VAS_ST_H,17,sell,40.982115,143.264,5871.26172336,IDA1_VAS_ST_H_UP_17
Baseline,IDA1,IND,18,buy,18.307633,143.264,-2622.824734112,IDA1_IND_18
Baseline,IDA1,COM,18,buy,19.733782,143.264,-2827.1405444480006,IDA1_COM_18
Baseline,IDA1,RESI,18,buy,12.427855,143.264,-1780.46421872,IDA1_RESI_18
Baseline,IDA1,W_C,18,sell,4.7435767,143.264,679.5837723488,IDA1_W_C_18
Baseline,IDA1,W_A,18,sell,4.7435767,143.264,679.5837723488,IDA1_W_A_18
Baseline,IDA1,DKL_ST_H,18,sell,40.982116,143.264,5871.2618666240005,IDA1_DKL_ST_H_UP_18
Baseline,IDA1,IND,19,buy,24.293034,143.264,-3480.3172229760003,IDA1_IND_19
Baseline,IDA1,COM,19,buy,20.342526,143.264,-2914.3516448640003,IDA1_COM_19
Baseline,IDA1,RESI,19,buy,11.357441,143.264,-1627.112427424,IDA1_RESI_19
Baseline,IDA1,W_C,19,sell,3.6749115,143.264,526.4825211360001,IDA1_W_C_19
Baseline,IDA1,W_A,19,sell,3.6749115,143.264,526.4825211360001,IDA1_W_A_19
Baseline,IDA1,DKL_ST_H,19,sell,48.643178,143.264,6968.816252992,IDA1_DKL_ST_H_UP_19
Baseline,IDA1,IND,20,buy,24.293034,143.264,-3480.3172229760003,IDA1_IND_20
Baseline,IDA1,COM,20,buy,21.118465,143.264,-3025.5157697600002,IDA1_COM_20
Baseline,IDA1,RESI,20,buy,10.581502,143.264,-1515.948302528,IDA1_RESI_20
Baseline,IDA1,W_C,20,sell,3.6749115,143.264,526.4825211360001,IDA1_W_C_20
Baseline,IDA1,W_A,20,sell,3.6749115,143.264,526.4825211360001,IDA1_W_A_20
Baseline,IDA1,VAS_ST_H,20,sell,48.643178,143.264,6968.816252992,IDA1_VAS_ST_H_UP_20
Baseline,IDA1,IND,21,buy,14.703424,143.264,-2106.4713359360003,IDA1_IND_21
Baseline,IDA1,COM,21,buy,12.190751,143.264,-1746.495751264,IDA1_COM_21
Baseline,IDA1,RESI,21,buy,5.5628335,143.264,-796.9537785440001,IDA1_RESI_21
Baseline,IDA1,W_C,21,sell,2.4001549,143.264,343.85579159360003,IDA1_W_C_21
Baseline,IDA1,W_A,21,sell,2.4001549,143.264,343.85579159360003,IDA1_W_A_21
Baseline,IDA1,VAS_CCGT_D,21,sell,27.656698,143.264,3962.209182272,IDA1_VAS_CCGT_D_UP_21
Baseline,IDA1,IND,22,buy,14.703424,143.264,-2106.4713359360003,IDA1_IND_22
Baseline,IDA1,COM,22,buy,12.479028,143.264,-1787.795467392,IDA1_COM_22
Baseline,IDA1,RESI,22,buy,5.274557,143.264,-755.6541340480001,IDA1_RESI_22
Baseline,IDA1,W_C,22,sell,2.4001549,143.264,343.85579159360003,IDA1_W_C_22
Baseline,IDA1,W_A,22,sell,2.4001549,143.264,343.85579159360003,IDA1_W_A_22
Baseline,IDA1,DKL_ST_H,22,sell,27.656698,143.264,3962.209182272,IDA1_DKL_ST_H_UP_22
Baseline,IDA1,IND,23,buy,7.0033424,137.83,-965.2706829920002,IDA1_IND_23
Baseline,IDA1,COM,23,buy,5.9323883,137.83,-817.6610793890002,IDA1_COM_23
Baseline,IDA1,RESI,23,buy,2.3676217,137.83,-326.329298911,IDA1_RESI_23
Baseline,IDA1,W_C,23,sell,1.2516003,137.83,172.508069349,IDA1_W_C_23
Baseline,IDA1,W_A,23,sell,1.2516003,137.83,172.508069349,IDA1_W_A_23
Baseline,IDA1,VAS_ST_H,23,sell,12.800152,137.83,1764.2449501600001,IDA1_VAS_ST_H_UP_23
Baseline,IDA1,IND,24,buy,7.0033424,137.83,-965.2706829920002,IDA1_IND_24
Baseline,IDA1,COM,24,buy,5.9926261,137.83,-825.963655363,IDA1_COM_24
Baseline,IDA1,RESI,24,buy,2.307383,137.83,-318.02659889000006,IDA1_RESI_24
Baseline,IDA1,W_C,24,sell,1.2516003,137.83,172.508069349,IDA1_W_C_24
Baseline,IDA1,W_A,24,sell,1.2516003,137.83,172.508069349,IDA1_W_A_24
Baseline,IDA1,VAS_CCGT_D,24,sell,12.800151,137.83,1764.24481233,IDA1_VAS_CCGT_D_UP_24
Baseline,IDA1,IND,25,buy,3.5204011,143.264,-504.34674319040005,IDA1_IND_25
Baseline,IDA1,COM,25,buy,3.1942489,143.264,-457.6208744096,IDA1_COM_25
Baseline,IDA1,RESI,25,buy,1.215245,143.264,-174.10085967999999,IDA1_RESI_25
Baseline,IDA1,W_C,25,sell,0.772264,143.264,110.637629696,IDA1_W_C_25
Baseline,IDA1,W_A,25,sell,0.772264,143.264,110.637629696,IDA1_W_A_25
Baseline,IDA1,VAS_GT_D,25,sell,6.385367,143.264,914.793217888,IDA1_VAS_GT_D_UP_25
Baseline,IDA1,IND,26,buy,3.5204011,143.264,-504.34674319040005,IDA1_IND_26
Baseline,IDA1,COM,26,buy,3.1817103,143.264,-455.82454441920004,IDA1_COM_26
Baseline,IDA1,RESI,26,buy,1.2277826,143.264,-175.89704640640002,IDA1_RESI_26
Baseline,IDA1,W_C,26,sell,0.772264,143.264,110.637629696,IDA1_W_C_26
Baseline,IDA1,W_A,26,sell,0.772264,143.264,110.637629696,IDA1_W_A_26
Baseline,IDA1,VAS_CCGT_D,26,sell,6.385366,143.264,914.7930746240002,IDA1_VAS_CCGT_D_UP_26
Baseline,IDA1,IND,27,buy,8.0087732,143.264,-1147.3688837248,IDA1_IND_27
Baseline,IDA1,COM,27,buy,7.2157386,143.264,-1033.7555747904,IDA1_COM_27
Baseline,IDA1,RESI,27,buy,2.9049516,143.264,-416.17498602240005,IDA1_RESI_27
Baseline,IDA1,W_C,27,sell,0.74910768,143.264,107.32016266752001,IDA1_W_C_27
Baseline,IDA1,W_A,27,sell,0.74910768,143.264,107.32016266752001,IDA1_W_A_27
Baseline,IDA1,VAS_GT_D,27,sell,16.631248,143.264,2382.659113472,IDA1_VAS_GT_D_UP_27
Baseline,IDA1,IND,28,buy,8.0087732,143.264,-1147.3688837248,IDA1_IND_28
Baseline,IDA1,COM,28,buy,7.0648063,143.264,-1012.1324097632,IDA1_COM_28
Baseline,IDA1,RESI,28,buy,3.0558838,143.264,-437.79813672320006,IDA1_RESI_28
Baseline,IDA1,W_C,28,sell,0.74910768,143.264,107.32016266752001,IDA1_W_C_28
Baseline,IDA1,W_A,28,sell,0.74910768,143.264,107.32016266752001,IDA1_W_A_28
Baseline,IDA1,VAS_CCGT_D,28,sell,16.631248,143.264,2382.659113472,IDA1_VAS_CCGT_D_UP_28
Baseline,IDA1,IND,29,buy,12.280164,143.264,-1759.305415296,IDA1_IND_29
Baseline,IDA1,COM,29,buy,12.00426,143.264,-1719.7783046400002,IDA1_COM_29
Baseline,IDA1,RESI,29,buy,5.7464566,143.264,-823.2603583424001,IDA1_RESI_29
Baseline,IDA1,W_C,29,sell,0.73058258,143.264,104.66618274112001,IDA1_W_C_29
Baseline,IDA1,W_A,29,sell,0.73058259,143.264,104.66618417376002,IDA1_W_A_29
Baseline,IDA1,VAS_CCGT_D,29,sell,28.569715,143.264,4093.01164976,IDA1_VAS_CCGT_D_UP_29
Baseline,IDA1,IND,30,buy,12.280164,143.264,-1759.305415296,IDA1_IND_30
Baseline,IDA1,COM,30,buy,11.489091,143.264,-1645.9731330240002,IDA1_COM_30
Baseline,IDA1,RESI,30,buy,6.2616266,143.264,-897.0656732224,IDA1_RESI_30
Baseline,IDA1,W_C,30,sell,0.73058258,143.264,104.66618274112001,IDA1_W_C_30
Baseline,IDA1,W_A,30,sell,0.73058259,143.264,104.66618417376002,IDA1_W_A_30
Baseline,IDA1,VAS_ST_H,30,sell,28.569716,143.264,4093.0117930240003,IDA1_VAS_ST_H_UP_30
Baseline,IDA1,IND,31,buy,12.342321,143.264,-1768.2102757440002,IDA1_IND_31
Baseline,IDA1,COM,31,buy,14.456672,143.264,-2071.120657408,IDA1_COM_31
Baseline,IDA1,RESI,31,buy,9.2030817,143.264,-1318.4702966688,IDA1_RESI_31
Baseline,IDA1,W_C,31,sell,0.59743363,143.264,85.59073156832001,IDA1_W_C_31
Baseline,IDA1,W_A,31,sell,0.59743363,143.264,85.59073156832001,IDA1_W_A_31
Baseline,IDA1,DKL_ST_H,31,sell,34.807207,143.264,4986.619703648,IDA1_DKL_ST_H_UP_31
Baseline,IDA1,IND,32,buy,12.342321,143.264,-1768.2102757440002,IDA1_IND_32
Baseline,IDA1,COM,32,buy,13.444451,143.264,-1926.1058280640002,IDA1_COM_32
Baseline,IDA1,RESI,32,buy,10.215302,143.264,-1463.485025728,IDA1_RESI_32
Baseline,IDA1,W_C,32,sell,0.59743363,143.264,85.59073156832001,IDA1_W_C_32
Baseline,IDA1,W_A,32,sell,0.59743363,143.264,85.59073156832001,IDA1_W_A_32
Baseline,IDA1,VAS_CCGT_D,32,sell,15.807206,143.264,2264.603560384,IDA1_VAS_CCGT_D_UP_32
Baseline,IDA1,VAS_GT_D,32,sell,19.0,143.264,2722.016,IDA1_VAS_GT_D_UP_32
Baseline,IDA1,IND,33,buy,9.8718226,171.787,-1695.8507889862,IDA1_IND_33
Baseline,IDA1,COM,33,buy,12.834062,171.787,-2204.725008794,IDA1_COM_33
Baseline,IDA1,RESI,33,buy,11.834094,171.787,-2032.943505978,IDA1_RESI_33
Baseline,IDA1,W_C,33,sell,0.15630532,171.787,26.85122200684,IDA1_W_C_33
Baseline,IDA1,W_A,33,sell,0.15630529,171.787,26.851216853230003,IDA1_W_A_33
Baseline,IDA1,VAS_ST_H,33,sell,34.227367,171.787,5879.816694829,IDA1_VAS_ST_H_UP_33
Baseline,IDA1,IND,34,buy,9.8718226,171.787,-1695.8507889862,IDA1_IND_34
Baseline,IDA1,COM,34,buy,11.573208,171.787,-1988.126682696,IDA1_COM_34
Baseline,IDA1,RESI,34,buy,13.094948,171.787,-2249.541832076,IDA1_RESI_34
Baseline,IDA1,W_C,34,sell,0.15630532,171.787,26.85122200684,IDA1_W_C_34
Baseline,IDA1,W_A,34,sell,0.15630529,171.787,26.851216853230003,IDA1_W_A_34
Baseline,IDA1,VAS_ST_H,34,sell,34.227367,171.787,5879.816694829,IDA1_VAS_ST_H_UP_34
Baseline,IDA1,IND,35,buy,9.7063948,171.787,-1667.4324435076,IDA1_IND_35
Baseline,IDA1,COM,35,buy,12.923836,171.787,-2220.147014932,IDA1_COM_35
Baseline,IDA1,RESI,35,buy,18.039725,171.787,-3098.990238575,IDA1_RESI_35
Baseline,IDA1,W_C,35,sell,0.030103218,171.787,5.171341510566,IDA1_W_C_35
Baseline,IDA1,W_A,35,sell,0.030103182,171.787,5.171335326234,IDA1_W_A_35
Baseline,IDA1,DKL_ST_H,35,sell,40.609749,171.787,6976.226951463001,IDA1_DKL_ST_H_UP_35
Baseline,IDA1,IND,36,buy,9.7063948,171.787,-1667.4324435076,IDA1_IND_36
Baseline,IDA1,COM,36,buy,11.378987,171.787,-1954.7620397690002,IDA1_COM_36
Baseline,IDA1,RESI,36,buy,19.584571,171.787,-3364.374698377,IDA1_RESI_36
Baseline,IDA1,W_C,36,sell,0.030103218,171.787,5.171341510566,IDA1_W_C_36
Baseline,IDA1,W_A,36,sell,0.030103182,171.787,5.171335326234,IDA1_W_A_36
Baseline,IDA1,VAS_CCGT_D,36,sell,40.609746,171.787,6976.226436102001,IDA1_VAS_CCGT_D_UP_36
Baseline,IDA1,IND,37,buy,7.4372434,171.787,-1277.6217319558,IDA1_IND_37
Baseline,IDA1,COM,37,buy,8.712109,171.787,-1496.6270687830001,IDA1_COM_37
Baseline,IDA1,RESI,37,buy,18.373183,171.787,-3156.273988021,IDA1_RESI_37
Baseline,IDA1,W_C,37,sell,0.32882005,171.787,56.487009929349995,IDA1_W_C_37
Baseline,IDA1,W_A,37,sell,0.32882006,171.787,56.48701164722001,IDA1_W_A_37
Baseline,IDA1,VAS_CCGT_D,37,sell,33.864895,171.787,5817.548717365,IDA1_VAS_CCGT_D_UP_37
Baseline,IDA1,IND,38,buy,7.4372434,171.787,-1277.6217319558,IDA1_IND_38
Baseline,IDA1,COM,38,buy,7.6223214,171.787,-1309.4157263417999,IDA1_COM_38
Baseline,IDA1,RESI,38,buy,19.462962,171.787,-3343.483853094,IDA1_RESI_38
Baseline,IDA1,W_C,38,sell,0.32882005,171.787,56.487009929349995,IDA1_W_C_38
Baseline,IDA1,W_A,38,sell,0.32882006,171.787,56.48701164722001,IDA1_W_A_38
Baseline,IDA1,VAS_CCGT_D,38,sell,33.864887,171.787,5817.547343069001,IDA1_VAS_CCGT_D_UP_38
Baseline,IDA1,IND,39,buy,5.4594248,171.787,-937.8582081176,IDA1_IND_39
Baseline,IDA1,COM,39,buy,5.1161844,171.787,-878.8939695228,IDA1_COM_39
Baseline,IDA1,RESI,39,buy,15.543126,171.787,-2670.1069861620003,IDA1_RESI_39
Baseline,IDA1,W_C,39,sell,0.20261796,171.787,34.80713149452,IDA1_W_C_39
Baseline,IDA1,W_A,39,sell,0.20261796,171.787,34.80713149452,IDA1_W_A_39
Baseline,IDA1,VAS_CCGT_D,39,sell,25.713499,171.787,4417.244852713,IDA1_VAS_CCGT_D_UP_39
Baseline,IDA1,IND,40,buy,5.4594248,171.787,-937.8582081176,IDA1_IND_40
Baseline,IDA1,COM,40,buy,4.5569624,171.787,-782.8268998088,IDA1_COM_40
Baseline,IDA1,RESI,40,buy,16.102349,171.787,-2766.1742276630002,IDA1_RESI_40
Baseline,IDA1,W_C,40,sell,0.20261796,171.787,34.80713149452,IDA1_W_C_40
Baseline,IDA1,W_A,40,sell,0.20261796,171.787,34.80713149452,IDA1_W_A_40
Baseline,IDA1,VAS_CCGT_D,40,sell,25.7135,171.787,4417.2450245,IDA1_VAS_CCGT_D_UP_40
Baseline,IDA1,IND,41,buy,3.6733862,171.787,-631.0399951394,IDA1_IND_41
Baseline,IDA1,COM,41,buy,2.7833791,171.787,-478.1483454517,IDA1_COM_41
Baseline,IDA1,RESI,41,buy,11.13215,171.787,-1912.35865205,IDA1_RESI_41
Baseline,IDA1,W_C,41,sell,0.11693952,171.787,20.08868932224,IDA1_W_C_41
Baseline,IDA1,W_A,41,sell,0.11693952,171.787,20.08868932224,IDA1_W_A_41
Baseline,IDA1,VAS_GT_D,41,sell,17.355036,171.787,2981.3695693319996,IDA1_VAS_GT_D_UP_41
Baseline,IDA1,IND,42,buy,3.6733862,171.787,-631.0399951394,IDA1_IND_42
Baseline,IDA1,COM,42,buy,2.5817541,171.787,-443.51179157670003,IDA1_COM_42
Baseline,IDA1,RESI,42,buy,11.333776,171.787,-1946.9953777120002,IDA1_RESI_42
Baseline,IDA1,W_C,42,sell,0.11693952,171.787,20.08868932224,IDA1_W_C_42
Baseline,IDA1,W_A,42,sell,0.11693952,171.787,20.08868932224,IDA1_W_A_42
Baseline,IDA1,VAS_GT_D,42,sell,17.355037,171.787,2981.369741119,IDA1_VAS_GT_D_UP_42
Baseline,IDA1,IND,43,buy,2.6188397,171.787,-449.88261554390004,IDA1_IND_43
Baseline,IDA1,COM,43,buy,1.6853341,171.787,-289.5184890367,IDA1_COM_43
Baseline,IDA1,RESI,43,buy,7.8598464,171.787,-1350.2194335168,IDA1_RESI_43
Baseline,IDA1,W_C,43,sell,0.33808263,171.787,58.07820075981,IDA1_W_C_43
Baseline,IDA1,W_A,43,sell,0.33808263,171.787,58.07820075981,IDA1_W_A_43
Baseline,IDA1,VAS_GT_D,43,sell,11.487855,171.787,1973.464146885,IDA1_VAS_GT_D_UP_43
Baseline,IDA1,IND,44,buy,2.6188397,171.787,-449.88261554390004,IDA1_IND_44
Baseline,IDA1,COM,44,buy,1.6471704,171.787,-282.9624615048,IDA1_COM_44
Baseline,IDA1,RESI,44,buy,7.8980061,171.787,-1356.7747739007,IDA1_RESI_44
Baseline,IDA1,W_C,44,sell,0.33808263,171.787,58.07820075981,IDA1_W_C_44
Baseline,IDA1,W_A,44,sell,0.33808263,171.787,58.07820075981,IDA1_W_A_44
Baseline,IDA1,VAS_GT_D,44,sell,11.487851,171.787,1973.463459737,IDA1_VAS_GT_D_UP_44
Baseline,IDA1,IND,45,buy,1.9597481,171.787,-336.65924685470003,IDA1_IND_45
Baseline,IDA1,COM,45,buy,1.131071,171.787,-194.303293877,IDA1_COM_45
Baseline,IDA1,RESI,45,buy,5.4065882,171.787,-928.7815671134,IDA1_RESI_45
Baseline,IDA1,W_C,45,sell,0.47007374,171.787,80.75255757338,IDA1_W_C_45
Baseline,IDA1,W_A,45,sell,0.47007374,171.787,80.75255757338,IDA1_W_A_45
Baseline,IDA1,VAS_GT_D,45,sell,7.5572598,171.787,1298.2389892626,IDA1_VAS_GT_D_UP_45
Baseline,IDA1,IND,46,buy,1.9597481,171.787,-336.65924685470003,IDA1_IND_46
Baseline,IDA1,COM,46,buy,1.1596719,171.787,-199.2165566853,IDA1_COM_46
Baseline,IDA1,RESI,46,buy,5.3779893,171.787,-923.8686478791001,IDA1_RESI_46
Baseline,IDA1,W_C,46,sell,0.47007374,171.787,80.75255757338,IDA1_W_C_46
Baseline,IDA1,W_A,46,sell,0.47007374,171.787,80.75255757338,IDA1_W_A_46
Baseline,IDA1,VAS_GT_D,46,sell,7.5572618,171.787,1298.2393328366,IDA1_VAS_GT_D_UP_46
Baseline,IDA1,IND,47,buy,1.150023,171.787,-197.559001101,IDA1_IND_47
Baseline,IDA1,COM,47,buy,0.62641887,171.787,-107.61061842069,IDA1_COM_47
Baseline,IDA1,RESI,47,buy,2.7567093,171.787,-473.56682051909996,IDA1_RESI_47
Baseline,IDA1,W_C,47,sell,0.65879794,171.787,113.17292171878,IDA1_W_C_47
Baseline,IDA1,W_A,47,sell,0.65879795,171.787,113.17292343665,IDA1_W_A_47
Baseline,IDA1,DKL_ST_H,47,sell,3.2155553,171.787,552.3905983211,IDA1_DKL_ST_H_UP_47
Baseline,IDA1,IND,48,buy,1.150023,171.787,-197.559001101,IDA1_IND_48
Baseline,IDA1,COM,48,buy,0.6621858,171.787,-113.75491202460002,IDA1_COM_48
Baseline,IDA1,RESI,48,buy,2.7209393,171.787,-467.4219995291,IDA1_RESI_48
Baseline,IDA1,W_C,48,sell,0.65879794,171.787,113.17292171878,IDA1_W_C_48
Baseline,IDA1,W_A,48,sell,0.65879794,171.787,113.17292171878,IDA1_W_A_48
Baseline,IDA1,VAS_GT_D,48,sell,3.2155523,171.787,552.3900829601,IDA1_VAS_GT_D_UP_48
Baseline,IDA2,IND,1,buy,0.80753515,171.787,-138.72404081305,IDA2_IND_1
Baseline,IDA2,COM,1,buy,0.65714632,171.787,-112.88919487384,IDA2_COM_1
Baseline,IDA2,RESI,1,sell,0.94889933,171.787,163.00856920271002,IDA2_RESI_1
Baseline,IDA2,VAS_GT_D,1,sell,0.51578214,171.787,88.60466648418,IDA2_VAS_GT_D_UP_1
Baseline,IDA2,IND,2,buy,0.80753515,171.787,-138.72404081305,IDA2_IND_2
Baseline,IDA2,COM,2,buy,0.65939977,171.787,-113.27630828899001,IDA2_COM_2
Baseline,IDA2,RESI,2,buy,1.5197609,171.787,-261.0751657283,IDA2_RESI_2
Baseline,IDA2,W_C,2,sell,0.55211742,171.787,94.84659522954,IDA2_W_C_2
Baseline,IDA2,VAS_GT_D,2,sell,2.4345784,171.787,418.2289196008,IDA2_VAS_GT_D_UP_2
Baseline,IDA2,IND,3,buy,1.9576893,140.553,-275.15910418289997,IDA2_IND_3
Baseline,IDA2,RESI,3,sell,4.311821,140.553,606.039377013,IDA2_RESI_3
Baseline,IDA2,W_C,3,buy,2.3541317,140.553,-330.8802728301,IDA2_W_C_3
Baseline,IDA2,RESI,4,buy,4.1465706,140.553,-582.8129375418,IDA2_RESI_4
Baseline,IDA2,W_C,4,sell,4.1465706,140.553,582.8129375418,IDA2_W_C_4
Baseline,IDA2,IND,7,buy,1.9530714,143.264,-279.80482104960004,IDA2_IND_7
Baseline,IDA2,COM,7,buy,1.3537929,143.264,-193.94978602560002,IDA2_COM_7
Baseline,IDA2,RESI,7,buy,2.8279537,143.264,-405.14395887680007,IDA2_RESI_7
Baseline,IDA2,VAS_GT_D,7,sell,6.1348181,143.264,878.8985802784001,IDA2_VAS_GT_D_UP_7
Baseline,IDA2,IND,8,buy,1.9530714,143.264,-279.80482104960004,IDA2_IND_8
Baseline,IDA2,COM,8,buy,1.3985005,143.264,-200.354775632,IDA2_COM_8
Baseline,IDA2,RESI,8,buy,2.7832463,143.264,-398.73899792320003,IDA2_RESI_8
Baseline,IDA2,VAS_ST_H,8,sell,6.1348182,143.264,878.8985946048,IDA2_VAS_ST_H_UP_8
Baseline,IDA2,IND,9,buy,1.2682958,143.264,-181.70112949120002,IDA2_IND_9
Baseline,IDA2,COM,9,buy,0.88262134,143.264,-126.44786365376001,IDA2_COM_9
Baseline,IDA2,RESI,9,buy,1.6489138,143.264,-236.22998664320002,IDA2_RESI_9
Baseline,IDA2,VAS_ST_H,9,sell,3.7998309,143.264,544.3789740576,IDA2_VAS_ST_H_UP_9
Baseline,IDA2,IND,10,buy,1.2682958,143.264,-181.70112949120002,IDA2_IND_10
Baseline,IDA2,COM,10,buy,0.92881704,143.264,-133.06604441856,IDA2_COM_10
Baseline,IDA2,RESI,10,buy,1.6027181,143.264,-229.6118058784,IDA2_RESI_10
Baseline,IDA2,VAS_GT_D,10,sell,3.7998309,143.264,544.3789740576,IDA2_VAS_GT_D_UP_10
Baseline,IDA2,IND,11,buy,0.46611686,143.264,-66.77776583104001,IDA2_IND_11
Baseline,IDA2,COM,11,buy,0.35937157,143.264,-51.48500860448,IDA2_COM_11
Baseline,IDA2,RESI,11,buy,0.56344222,143.264,-80.72098620608,IDA2_RESI_11
Baseline,IDA2,DKL_ST_H,11,sell,1.3889306,143.264,198.9837534784,IDA2_DKL_ST_H_UP_11
Baseline,IDA2,IND,12,buy,0.46611686,143.264,-66.77776583104001,IDA2_IND_12
Baseline,IDA2,COM,12,buy,0.38402202,143.264,-55.01653067328001,IDA2_COM_12
Baseline,IDA2,RESI,12,buy,0.53879167,143.264,-77.18944981087999,IDA2_RESI_12
Baseline,IDA2,VAS_CCGT_D,12,sell,1.3889305,143.264,198.98373915200003,IDA2_VAS_CCGT_D_UP_12
Baseline,IDA2,IND,13,sell,1.0586581,171.787,181.8636990247,IDA2_IND_13
Baseline,IDA2,COM,13,sell,0.97556469,171.787,167.58933140103,IDA2_COM_13
Baseline,IDA2,RESI,13,sell,1.2093155,171.787,207.7446817985,IDA2_RESI_13
Baseline,IDA2,W_C,13,buy,1.6417847,171.787,-282.03726825890004,IDA2_W_C_13
Baseline,IDA2,W_A,13,buy,1.6017536,171.787,-275.1604456832,IDA2_W_A_13
Baseline,IDA2,IND,14,sell,1.0586581,171.787,181.8636990247,IDA2_IND_14
Baseline,IDA2,COM,14,sell,1.0478407,171.787,180.00541033090002,IDA2_COM_14
Baseline,IDA2,RESI,14,sell,1.1370396,171.787,195.3286217652,IDA2_RESI_14
Baseline,IDA2,W_C,14,buy,1.6417847,171.787,-282.03726825890004,IDA2_W_C_14
Baseline,IDA2,W_A,14,buy,1.6017537,171.787,-275.1604628619,IDA2_W_A_14
Baseline,IDA2,IND,15,sell,3.1364214,156.19,489.877658466,IDA2_IND_15
Baseline,IDA2,COM,15,sell,3.158308,156.19,493.29612652,IDA2_COM_15
Baseline,IDA2,RESI,15,sell,2.9844882,156.19,466.14721195799996,IDA2_RESI_15
Baseline,IDA2,PV_C,15,buy,0.66642607,156.19,-104.0890878733,IDA2_PV_C_15
Baseline,IDA2,PV_A,15,buy,0.66642608,156.19,-104.08908943520001,IDA2_PV_A_15
Baseline,IDA2,W_C,15,buy,1.3833019,156.19,-216.05792376099998,IDA2_W_C_15
Baseline,IDA2,W_A,15,buy,1.383302,156.19,-216.05793938,IDA2_W_A_15
Baseline,IDA2,DKL_ST_H,15,buy,5.1797616,156.19,-809.026964304,IDA2_DKL_ST_H_BUYBACK_15
Baseline,IDA2,IND,16,sell,3.1364214,156.17,489.814930038,IDA2_IND_16
Baseline,IDA2,COM,16,sell,3.3713669,156.17,526.506368773,IDA2_COM_16
Baseline,IDA2,RESI,16,sell,2.7714304,156.17,432.81428556799995,IDA2_RESI_16
Baseline,IDA2,PV_C,16,buy,0.66642608,156.17,-104.07576091359999,IDA2_PV_C_16
Baseline,IDA2,PV_A,16,buy,0.66642607,156.17,-104.07575935189999,IDA2_PV_A_16
Baseline,IDA2,W_C,16,buy,1.3833019,156.17,-216.03025772299998,IDA2_W_C_16
Baseline,IDA2,W_A,16,buy,1.383302,156.17,-216.03027333999998,IDA2_W_A_16
Baseline,IDA2,VAS_CCGT_D,16,buy,5.1797626,156.17,-808.923525242,IDA2_VAS_CCGT_D_BUYBACK_16
Baseline,IDA2,IND,17,sell,4.5769083,130.24,596.0965369920001,IDA2_IND_17
Baseline,IDA2,COM,17,sell,4.6822723,130.24,609.8191443520001,IDA2_COM_17
Baseline,IDA2,RESI,17,sell,3.358136,130.24,437.36363264000005,IDA2_RESI_17
Baseline,IDA2,PV_C,17,buy,1.5109251,130.24,-196.782885024,IDA2_PV_C_17
Baseline,IDA2,PV_A,17,buy,1.5109254,130.24,-196.78292409600002,IDA2_PV_A_17
Baseline,IDA2,W_C,17,buy,1.1858942,130.24,-154.450860608,IDA2_W_C_17
Baseline,IDA2,W_A,17,buy,1.1858942,130.24,-154.450860608,IDA2_W_A_17
Baseline,IDA2,VAS_ST_H,17,buy,7.2236777,130.24,-940.8117836480001,IDA2_VAS_ST_H_BUYBACK_17
Baseline,IDA2,IND,18,sell,4.5769083,143.264,655.7061906912,IDA2_IND_18
Baseline,IDA2,COM,18,sell,4.9334456,143.264,706.7851504384,IDA2_COM_18
Baseline,IDA2,RESI,18,sell,3.1069637,143.264,445.11604751680005,IDA2_RESI_18
Baseline,IDA2,VAS_ST_H,18,sell,28.364798,143.264,4063.6544206720005,IDA2_VAS_ST_H_UP_18
Baseline,IDA2,DKL_ST_H,18,buy,40.982116,143.264,-5871.2618666240005,IDA2_DKL_ST_H_BUYBACK_18
Baseline,IDA2,IND,19,sell,6.0732585,143.264,870.0793057440001,IDA2_IND_19
Baseline,IDA2,COM,19,sell,5.0856312,143.264,728.5878682368001,IDA2_COM_19
Baseline,IDA2,RESI,19,sell,2.8393603,143.264,406.7781140192,IDA2_RESI_19
Baseline,IDA2,VAS_ST_H,19,sell,34.644928,143.264,4963.370964992,IDA2_VAS_ST_H_UP_19
Baseline,IDA2,DKL_ST_H,19,buy,48.643178,143.264,-6968.816252992,IDA2_DKL_ST_H_BUYBACK_19
Baseline,IDA2,IND,20,sell,6.0732585,130.24,790.98118704,IDA2_IND_20
Baseline,IDA2,COM,20,sell,5.2796161,130.24,687.6172008640001,IDA2_COM_20
Baseline,IDA2,RESI,20,sell,2.6453754,130.24,344.533692096,IDA2_RESI_20
Baseline,IDA2,PV_C,20,buy,1.8079976,130.24,-235.47360742400002,IDA2_PV_C_20
Baseline,IDA2,PV_A,20,buy,1.807998,130.24,-235.47365952,IDA2_PV_A_20
Baseline,IDA2,W_C,20,buy,0.91872789,130.24,-119.6551203936,IDA2_W_C_20
Baseline,IDA2,W_A,20,buy,0.91872789,130.24,-119.6551203936,IDA2_W_A_20
Baseline,IDA2,VAS_ST_H,20,buy,8.5447987,130.24,-1112.874582688,IDA2_VAS_ST_H_BUYBACK_20
Baseline,IDA2,IND,21,sell,3.6758562,143.264,526.6178626368,IDA2_IND_21
Baseline,IDA2,COM,21,sell,3.0476878,143.264,436.6239449792,IDA2_COM_21
Baseline,IDA2,RESI,21,sell,1.3907083,143.264,199.2384338912,IDA2_RESI_21
Baseline,IDA2,VAS_CCGT_D,21,buy,27.656698,143.264,-3962.209182272,IDA2_VAS_CCGT_D_BUYBACK_21
Baseline,IDA2,DKL_ST_H,21,sell,19.542446,143.264,2799.7289837440003,IDA2_DKL_ST_H_UP_21
Baseline,IDA2,IND,22,sell,3.6758562,143.264,526.6178626368,IDA2_IND_22
Baseline,IDA2,COM,22,sell,3.1197573,143.264,446.9489098272,IDA2_COM_22
Baseline,IDA2,RESI,22,sell,1.3186393,143.264,188.9135406752,IDA2_RESI_22
Baseline,IDA2,DKL_ST_H,22,buy,27.656698,143.264,-3962.209182272,IDA2_DKL_ST_H_BUYBACK_22
Baseline,IDA2,DKL_ST_H,22,sell,19.542445,143.264,2799.72884048,IDA2_DKL_ST_H_UP_22
Baseline,IDA2,IND,23,sell,1.7508356,137.83,241.31767074800004,IDA2_IND_23
Baseline,IDA2,COM,23,sell,1.483097,137.83,204.41525951000003,IDA2_COM_23
Baseline,IDA2,RESI,23,sell,0.5919053,137.83,81.58230749900001,IDA2_RESI_23
Baseline,IDA2,PV_C,23,buy,3.5163128,137.83,-484.65339322400007,IDA2_PV_C_23
Baseline,IDA2,W_A,23,buy,0.3095251,137.83,-42.661844533,IDA2_W_A_23
Baseline,IDA2,IND,24,sell,1.7508356,137.83,241.31767074800004,IDA2_IND_24
Baseline,IDA2,COM,24,sell,1.4981565,137.83,206.49091039500001,IDA2_COM_24
Baseline,IDA2,RESI,24,sell,0.57684589,137.83,79.50666901870001,IDA2_RESI_24
Baseline,IDA2,VAS_CCGT_D,24,buy,12.800151,137.83,-1764.24481233,IDA2_VAS_CCGT_D_BUYBACK_24
Baseline,IDA2,VAS_GT_D,24,sell,8.974313,137.83,1236.92956079,IDA2_VAS_GT_D_UP_24
Baseline,IDA2,IND,25,sell,0.88010024,143.264,126.08668078336001,IDA2_IND_25
Baseline,IDA2,COM,25,sell,0.79856222,143.264,114.40521788608001,IDA2_COM_25
Baseline,IDA2,RESI,25,sell,0.30381116,143.264,43.52520202624001,IDA2_RESI_25
Baseline,IDA2,DKL_ST_H,25,sell,4.4028934,143.264,630.7761200576,IDA2_DKL_ST_H_UP_25
Baseline,IDA2,VAS_GT_D,25,buy,6.385367,143.264,-914.793217888,IDA2_VAS_GT_D_BUYBACK_25
Baseline,IDA2,IND,26,sell,0.88010024,143.264,126.08668078336001,IDA2_IND_26
Baseline,IDA2,COM,26,sell,0.79542768,143.264,113.95615114752,IDA2_COM_26
Baseline,IDA2,RESI,26,sell,0.3069457,143.264,43.9742687648,IDA2_RESI_26
Baseline,IDA2,VAS_CCGT_D,26,buy,6.385366,143.264,-914.7930746240002,IDA2_VAS_CCGT_D_BUYBACK_26
Baseline,IDA2,VAS_GT_D,26,sell,4.4028924,143.264,630.7759767936,IDA2_VAS_GT_D_UP_26
Baseline,IDA2,IND,27,sell,2.0021934,143.264,286.8422352576,IDA2_IND_27
Baseline,IDA2,COM,27,sell,1.8039346,143.264,258.4388865344,IDA2_COM_27
Baseline,IDA2,RESI,27,sell,0.72623794,143.264,104.04375223616,IDA2_RESI_27
Baseline,IDA2,VAS_ST_H,27,sell,9.73013,143.264,1393.9773443200002,IDA2_VAS_ST_H_UP_27
Baseline,IDA2,VAS_GT_D,27,buy,16.631248,143.264,-2382.659113472,IDA2_VAS_GT_D_BUYBACK_27
Baseline,IDA2,VAS_GT_D,27,sell,2.368752,143.264,339.3568865280001,IDA2_VAS_GT_D_UP_27
Baseline,IDA2,IND,28,sell,2.0021934,143.264,286.8422352576,IDA2_IND_28
Baseline,IDA2,COM,28,sell,1.7662015,143.264,253.033091696,IDA2_COM_28
Baseline,IDA2,RESI,28,sell,0.763971,143.264,109.449541344,IDA2_RESI_28
Baseline,IDA2,VAS_CCGT_D,28,buy,16.631248,143.264,-2382.659113472,IDA2_VAS_CCGT_D_BUYBACK_28
Baseline,IDA2,VAS_CCGT_D,28,sell,12.098882,143.264,1733.334230848,IDA2_VAS_CCGT_D_UP_28
Baseline,IDA2,IND,29,sell,3.0700414,143.264,439.82641112960005,IDA2_IND_29
Baseline,IDA2,COM,29,sell,3.0010651,143.264,429.94459048640005,IDA2_COM_29
Baseline,IDA2,RESI,29,sell,1.4366143,143.264,205.8151110752,IDA2_RESI_29
Baseline,IDA2,VAS_CCGT_D,29,buy,28.569715,143.264,-4093.01164976,IDA2_VAS_CCGT_D_BUYBACK_29
Baseline,IDA2,DKL_ST_H,29,sell,21.061994,143.264,3017.425508416,IDA2_DKL_ST_H_UP_29
Baseline,IDA2,IND,30,sell,3.0700414,143.264,439.82641112960005,IDA2_IND_30
Baseline,IDA2,COM,30,sell,2.8722727,143.264,411.4932760928,IDA2_COM_30
Baseline,IDA2,RESI,30,sell,1.5654066,143.264,224.26641114240002,IDA2_RESI_30
Baseline,IDA2,PV_C,30,buy,7.3250751,143.264,-1049.4195591264001,IDA2_PV_C_30
Baseline,IDA2,W_C,30,buy,0.18264564,143.264,-26.16654496896,IDA2_W_C_30
Baseline,IDA2,IND,31,sell,3.0855801,143.264,442.0525474464,IDA2_IND_31
Baseline,IDA2,COM,31,sell,3.6141681,143.264,517.7801786784,IDA2_COM_31
Baseline,IDA2,RESI,31,sell,2.3007704,143.264,329.61757058560005,IDA2_RESI_31
Baseline,IDA2,DKL_ST_H,31,buy,34.807207,143.264,-4986.619703648,IDA2_DKL_ST_H_BUYBACK_31
Baseline,IDA2,DKL_ST_H,31,sell,25.806688,143.264,3697.1693496320004,IDA2_DKL_ST_H_UP_31
Baseline,IDA2,IND,32,sell,3.0855801,143.264,442.0525474464,IDA2_IND_32
Baseline,IDA2,COM,32,sell,3.3611131,143.264,481.5265071584,IDA2_COM_32
Baseline,IDA2,RESI,32,sell,2.5538256,143.264,365.87127075840004,IDA2_RESI_32
Baseline,IDA2,VAS_ST_H,32,sell,25.806687,143.264,3697.1692063680002,IDA2_VAS_ST_H_UP_32
Baseline,IDA2,VAS_CCGT_D,32,buy,15.807206,143.264,-2264.603560384,IDA2_VAS_CCGT_D_BUYBACK_32
Baseline,IDA2,VAS_GT_D,32,buy,19.0,143.264,-2722.016,IDA2_VAS_GT_D_BUYBACK_32
Baseline,IDA2,IND,33,sell,2.4679557,156.17,385.42064166899996,IDA2_IND_33
Baseline,IDA2,COM,33,sell,3.2085156,156.17,501.073881252,IDA2_COM_33
Baseline,IDA2,RESI,33,sell,2.9585238,156.17,462.032661846,IDA2_RESI_33
Baseline,IDA2,PV_C,33,buy,2.0875961,156.17,-326.019882937,IDA2_PV_C_33
Baseline,IDA2,PV_A,33,buy,2.0875961,156.17,-326.019882937,IDA2_PV_A_33
Baseline,IDA2,W_C,33,buy,0.039076332,156.17,-6.1025507684399996,IDA2_W_C_33
Baseline,IDA2,W_A,33,buy,0.039076331,156.17,-6.102550612269999,IDA2_W_A_33
Baseline,IDA2,VAS_CCGT_D,33,buy,4.3816504,156.17,-684.282342968,IDA2_VAS_CCGT_D_BUYBACK_33
Baseline,IDA2,IND,34,sell,2.4679557,156.17,385.42064166899996,IDA2_IND_34
Baseline,IDA2,COM,34,sell,2.8933023,156.17,451.847020191,IDA2_COM_34
Baseline,IDA2,RESI,34,sell,3.2737371,156.17,511.25952290699996,IDA2_RESI_34
Baseline,IDA2,PV_C,34,buy,2.0875961,156.17,-326.019882937,IDA2_PV_C_34
Baseline,IDA2,PV_A,34,buy,2.0875961,156.17,-326.019882937,IDA2_PV_A_34
Baseline,IDA2,W_C,34,buy,0.039076332,156.17,-6.1025507684399996,IDA2_W_C_34
Baseline,IDA2,W_A,34,buy,0.039076331,156.17,-6.102550612269999,IDA2_W_A_34
Baseline,IDA2,VAS_CCGT_D,34,buy,4.3816504,156.17,-684.282342968,IDA2_VAS_CCGT_D_BUYBACK_34
Baseline,IDA2,IND,35,sell,2.4265988,156.19,379.010466572,IDA2_IND_35
Baseline,IDA2,COM,35,sell,3.2309592,156.19,504.643517448,IDA2_COM_35
Baseline,IDA2,RESI,35,sell,4.5099302,156.19,704.405997938,IDA2_RESI_35
Baseline,IDA2,W_C,35,buy,0.0075258048,156.19,-1.175455451712,IDA2_W_C_35
Baseline,IDA2,W_A,35,buy,0.0075258051,156.19,-1.175455498569,IDA2_W_A_35
Baseline,IDA2,DKL_ST_H,35,buy,10.152437,156.19,-1585.7091350300002,IDA2_DKL_ST_H_BUYBACK_35
Baseline,IDA2,IND,36,sell,2.4265988,156.17,378.96193459599994,IDA2_IND_36
Baseline,IDA2,COM,36,sell,2.844747,156.17,444.26413898999994,IDA2_COM_36
Baseline,IDA2,RESI,36,sell,4.8961424,156.17,764.6305586079999,IDA2_RESI_36
Baseline,IDA2,W_C,36,buy,0.0075258048,156.17,-1.175304935616,IDA2_W_C_36
Baseline,IDA2,W_A,36,buy,0.0075258051,156.17,-1.1753049824669999,IDA2_W_A_36
Baseline,IDA2,VAS_CCGT_D,36,buy,10.152437,156.17,-1585.50608629,IDA2_VAS_CCGT_D_BUYBACK_36
Baseline,IDA2,IND,37,sell,1.8593108,156.17,290.36856763599997,IDA2_IND_37
Baseline,IDA2,COM,37,sell,2.1780273,156.17,340.142523441,IDA2_COM_37
Baseline,IDA2,RESI,37,sell,4.5932946,156.17,717.334817682,IDA2_RESI_37
Baseline,IDA2,W_C,37,buy,0.082205009,156.17,-12.837956255529999,IDA2_W_C_37
Baseline,IDA2,W_A,37,buy,0.082205018,156.17,-12.837957661059999,IDA2_W_A_37
Baseline,IDA2,VAS_CCGT_D,37,buy,8.4662227,156.17,-1322.1699990589998,IDA2_VAS_CCGT_D_BUYBACK_37
Baseline,IDA2,IND,38,sell,1.8593108,156.17,290.36856763599997,IDA2_IND_38
Baseline,IDA2,COM,38,sell,1.9055803,156.17,297.594475451,IDA2_COM_38
Baseline,IDA2,RESI,38,sell,4.8657411,156.17,759.8827875869999,IDA2_RESI_38
Baseline,IDA2,W_C,38,buy,0.082205009,156.17,-12.837956255529999,IDA2_W_C_38
Baseline,IDA2,W_A,38,buy,0.082205018,156.17,-12.837957661059999,IDA2_W_A_38
Baseline,IDA2,VAS_CCGT_D,38,buy,8.4662221,156.17,-1322.1699053569998,IDA2_VAS_CCGT_D_BUYBACK_38
Baseline,IDA2,IND,39,sell,1.3648562,156.17,213.14959275399997,IDA2_IND_39
Baseline,IDA2,COM,39,sell,1.279046,156.17,199.74861381999997,IDA2_COM_39
Baseline,IDA2,RESI,39,sell,3.8857815,156.17,606.842496855,IDA2_RESI_39
Baseline,IDA2,W_C,39,buy,0.050654489,156.17,-7.910711547129999,IDA2_W_C_39
Baseline,IDA2,W_A,39,buy,0.050654488,156.17,-7.910711390959999,IDA2_W_A_39
Baseline,IDA2,VAS_CCGT_D,39,buy,6.4283747,156.17,-1003.9192768989999,IDA2_VAS_CCGT_D_BUYBACK_39
Baseline,IDA2,IND,40,sell,1.3648562,156.17,213.14959275399997,IDA2_IND_40
Baseline,IDA2,COM,40,sell,1.1392405,156.17,177.915188885,IDA2_COM_40
Baseline,IDA2,RESI,40,sell,4.025587,156.17,628.67592179,IDA2_RESI_40
Baseline,IDA2,W_C,40,buy,0.050654489,156.17,-7.910711547129999,IDA2_W_C_40
Baseline,IDA2,W_A,40,buy,0.050654488,156.17,-7.910711390959999,IDA2_W_A_40
Baseline,IDA2,VAS_CCGT_D,40,buy,6.4283747,156.17,-1003.9192768989999,IDA2_VAS_CCGT_D_BUYBACK_40
Baseline,IDA2,IND,41,sell,0.91834664,171.787,157.76001424568,IDA2_IND_41
Baseline,IDA2,COM,41,sell,0.6958447,171.787,119.5370734789,IDA2_COM_41
Baseline,IDA2,RESI,41,sell,2.7830385,171.787,478.0898347995,IDA2_RESI_41
Baseline,IDA2,VAS_CCGT_D,41,sell,11.312842,171.787,1943.399188654,IDA2_VAS_CCGT_D_UP_41
Baseline,IDA2,VAS_GT_D,41,buy,17.355036,171.787,-2981.3695693319996,IDA2_VAS_GT_D_BUYBACK_41
Baseline,IDA2,VAS_GT_D,41,sell,1.644964,171.787,282.583430668,IDA2_VAS_GT_D_UP_41
Baseline,IDA2,IND,42,sell,0.91834664,171.787,157.76001424568,IDA2_IND_42
Baseline,IDA2,COM,42,sell,0.64543851,171.787,110.87794531736999,IDA2_COM_42
Baseline,IDA2,RESI,42,sell,2.8334447,171.787,486.7489646789,IDA2_RESI_42
Baseline,IDA2,VAS_CCGT_D,42,sell,12.957807,171.787,2225.982791109,IDA2_VAS_CCGT_D_UP_42
Baseline,IDA2,VAS_GT_D,42,buy,17.355037,171.787,-2981.369741119,IDA2_VAS_GT_D_BUYBACK_42
Baseline,IDA2,IND,43,sell,0.65470994,171.787,112.47065646278001,IDA2_IND_43
Baseline,IDA2,COM,43,sell,0.42133358,171.787,72.37963170746,IDA2_COM_43
Baseline,IDA2,RESI,43,sell,1.9649611,171.787,337.5547724857,IDA2_RESI_43
Baseline,IDA2,VAS_CCGT_D,43,sell,8.4468503,171.787,1451.0590724861,IDA2_VAS_CCGT_D_UP_43
Baseline,IDA2,VAS_GT_D,43,buy,11.487855,171.787,-1973.464146885,IDA2_VAS_GT_D_BUYBACK_43
Baseline,IDA2,IND,44,sell,0.65470994,171.787,112.47065646278001,IDA2_IND_44
Baseline,IDA2,COM,44,sell,0.41179266,171.787,70.74062568341999,IDA2_COM_44
Baseline,IDA2,RESI,44,sell,1.9745021,171.787,339.1937922527,IDA2_RESI_44
Baseline,IDA2,VAS_CCGT_D,44,sell,8.4468463,171.787,1451.0583853381002,IDA2_VAS_CCGT_D_UP_44
Baseline,IDA2,VAS_GT_D,44,buy,11.487851,171.787,-1973.463459737,IDA2_VAS_GT_D_BUYBACK_44
Baseline,IDA2,IND,45,sell,0.48993702,171.787,84.16481085474,IDA2_IND_45
Baseline,IDA2,COM,45,sell,0.28276773,171.787,48.57582003351,IDA2_COM_45
Baseline,IDA2,RESI,45,sell,1.3516479,171.787,232.1955377973,IDA2_RESI_45
Baseline,IDA2,VAS_CCGT_D,45,sell,5.4329072,171.787,933.3028291664,IDA2_VAS_CCGT_D_UP_45
Baseline,IDA2,VAS_GT_D,45,buy,7.5572598,171.787,-1298.2389892626,IDA2_VAS_GT_D_BUYBACK_45
Baseline,IDA2,IND,46,sell,0.48993702,171.787,84.16481085474,IDA2_IND_46
Baseline,IDA2,COM,46,sell,0.28991811,171.787,49.804162362570004,IDA2_COM_46
Baseline,IDA2,RESI,46,sell,1.3444975,171.787,230.96719203249998,IDA2_RESI_46
Baseline,IDA2,VAS_GT_D,46,buy,7.5572618,171.787,-1298.2393328366,IDA2_VAS_GT_D_BUYBACK_46
Baseline,IDA2,VAS_GT_D,46,sell,5.4329092,171.787,933.3031727404001,IDA2_VAS_GT_D_UP_46
Baseline,IDA2,IND,47,sell,0.28750583,156.19,44.9055355877,IDA2_IND_47
Baseline,IDA2,COM,47,sell,0.15660479,156.19,24.4601021501,IDA2_COM_47
Baseline,IDA2,RESI,47,sell,0.6891775,156.19,107.642633725,IDA2_RESI_47
Baseline,IDA2,W_C,47,buy,0.16469948,156.19,-25.7244117812,IDA2_W_C_47
Baseline,IDA2,W_A,47,buy,0.16469949,156.19,-25.7244133431,IDA2_W_A_47
Baseline,IDA2,DKL_ST_H,47,buy,0.80388916,156.19,-125.5594479004,IDA2_DKL_ST_H_BUYBACK_47
Baseline,IDA2,IND,48,sell,0.28750583,171.787,49.38976401821,IDA2_IND_48
Baseline,IDA2,COM,48,sell,0.1655464,171.787,28.4387194168,IDA2_COM_48
Baseline,IDA2,RESI,48,sell,0.68023582,171.787,116.85567081034002,IDA2_RESI_48
Baseline,IDA2,DKL_ST_H,48,sell,2.0822642,171.787,357.70592012540004,IDA2_DKL_ST_H_UP_48
Baseline,IDA2,VAS_GT_D,48,buy,3.2155523,171.787,-552.3900829601,IDA2_VAS_GT_D_BUYBACK_48
Baseline,IDA3,IND,1,buy,0.80753512,171.787,-138.72403565944,IDA3_IND_1
Baseline,IDA3,COM,1,buy,0.65714633,171.787,-112.88919659171,IDA3_COM_1
Baseline,IDA3,RESI,1,buy,1.5220145,171.787,-261.46230491150004,IDA3_RESI_1
Baseline,IDA3,DKL_ST_H,1,sell,3.502478,171.787,601.680188186,IDA3_DKL_ST_H_UP_1
Baseline,IDA3,VAS_GT_D,1,buy,0.51578214,171.787,-88.60466648418,IDA3_VAS_GT_D_BUYBACK_1
Baseline,IDA3,IND,2,buy,0.80753512,171.787,-138.72403565944,IDA3_IND_2
Baseline,IDA3,COM,2,buy,0.65939983,171.787,-113.27631859621,IDA3_COM_2
Baseline,IDA3,RESI,2,buy,1.519761,171.787,-261.075182907,IDA3_RESI_2
Baseline,IDA3,VAS_GT_D,2,buy,2.4345784,171.787,-418.2289196008,IDA3_VAS_GT_D_BUYBACK_2
Baseline,IDA3,VAS_GT_D,2,sell,5.4212743,171.787,931.3044481741001,IDA3_VAS_GT_D_UP_2
Baseline,IDA3,IND,3,buy,2.2900155,140.553,-321.8685485715,IDA3_IND_3
Baseline,IDA3,COM,3,sell,3.6392067,140.553,511.5014193051,IDA3_COM_3
Baseline,IDA3,RESI,3,sell,1.0049404,140.553,141.2473880412,IDA3_RESI_3
Baseline,IDA3,W_C,3,buy,2.3541316,140.553,-330.8802587748,IDA3_W_C_3
Baseline,IDA3,COM,4,sell,0.53459451,140.553,75.13886216403,IDA3_COM_4
Baseline,IDA3,RESI,4,buy,4.1465707,140.553,-582.8129515971,IDA3_RESI_4
Baseline,IDA3,W_C,4,buy,1.0962871,140.553,-154.0864407663,IDA3_W_C_4
Baseline,IDA3,W_A,4,sell,4.7082633,140.553,661.7605316048999,IDA3_W_A_4
Baseline,IDA3,IND,7,buy,1.9530715,143.264,-279.804835376,IDA3_IND_7
Baseline,IDA3,COM,7,buy,1.353793,143.264,-193.949800352,IDA3_COM_7
Baseline,IDA3,RESI,7,buy,2.827954,143.264,-405.14400185600005,IDA3_RESI_7
Baseline,IDA3,DKL_ST_H,7,sell,12.269637,143.264,1757.797275168,IDA3_DKL_ST_H_UP_7
Baseline,IDA3,VAS_GT_D,7,buy,6.1348181,143.264,-878.8985802784001,IDA3_VAS_GT_D_BUYBACK_7
Baseline,IDA3,IND,8,buy,1.9530715,143.264,-279.804835376,IDA3_IND_8
Baseline,IDA3,COM,8,buy,1.3985004,143.264,-200.35476130560002,IDA3_COM_8
Baseline,IDA3,RESI,8,buy,2.7832465,143.264,-398.7390265760001,IDA3_RESI_8
Baseline,IDA3,VAS_CCGT_D,8,sell,6.1348183,143.264,878.8986089312001,IDA3_VAS_CCGT_D_UP_8
Baseline,IDA3,IND,9,buy,1.2682958,143.264,-181.70112949120002,IDA3_IND_9
Baseline,IDA3,COM,9,buy,0.88262131,143.264,-126.44785935584001,IDA3_COM_9
Baseline,IDA3,RESI,9,buy,1.6489138,143.264,-236.22998664320002,IDA3_RESI_9
Baseline,IDA3,VAS_GT_D,9,sell,3.7998309,143.264,544.3789740576,IDA3_VAS_GT_D_UP_9
Baseline,IDA3,IND,10,buy,1.2682958,143.264,-181.70112949120002,IDA3_IND_10
Baseline,IDA3,COM,10,buy,0.92881701,143.264,-133.06604012064003,IDA3_COM_10
Baseline,IDA3,RESI,10,buy,1.6027181,143.264,-229.6118058784,IDA3_RESI_10
Baseline,IDA3,VAS_CCGT_D,10,sell,7.5996618,143.264,1088.7579481152,IDA3_VAS_CCGT_D_UP_10
Baseline,IDA3,VAS_GT_D,10,buy,3.7998309,143.264,-544.3789740576,IDA3_VAS_GT_D_BUYBACK_10
Baseline,IDA3,IND,11,buy,0.46611684,143.264,-66.77776296576,IDA3_IND_11
Baseline,IDA3,COM,11,buy,0.35937152,143.264,-51.485001441280005,IDA3_COM_11
Baseline,IDA3,RESI,11,buy,0.56344219,143.264,-80.72098190816,IDA3_RESI_11
Baseline,IDA3,DKL_ST_H,11,buy,1.3889306,143.264,-198.9837534784,IDA3_DKL_ST_H_BUYBACK_11
Baseline,IDA3,VAS_GT_D,11,sell,2.7778611,143.264,397.96749263040005,IDA3_VAS_GT_D_UP_11
Baseline,IDA3,IND,12,buy,0.46611684,143.264,-66.77776296576,IDA3_IND_12
Baseline,IDA3,COM,12,buy,0.38402204,143.264,-55.016533538560005,IDA3_COM_12
Baseline,IDA3,RESI,12,buy,0.53879167,143.264,-77.18944981087999,IDA3_RESI_12
Baseline,IDA3,VAS_CCGT_D,12,buy,1.3889305,143.264,-198.98373915200003,IDA3_VAS_CCGT_D_BUYBACK_12
Baseline,IDA3,DKL_ST_H,12,sell,2.777861,143.264,397.96747830400005,IDA3_DKL_ST_H_UP_12
Baseline,IDA3,IND,13,sell,1.0586582,171.787,181.8637162034,IDA3_IND_13
Baseline,IDA3,COM,13,sell,0.97556471,171.787,167.58933483677,IDA3_COM_13
Baseline,IDA3,RESI,13,sell,1.2093155,171.787,207.7446817985,IDA3_RESI_13
Baseline,IDA3,W_C,13,buy,1.5617226,171.787,-268.2836402862,IDA3_W_C_13
Baseline,IDA3,W_A,13,buy,1.6818157,171.787,-288.91407365590004,IDA3_W_A_13
Baseline,IDA3,IND,14,sell,1.0586582,171.787,181.8637162034,IDA3_IND_14
Baseline,IDA3,COM,14,sell,1.0478407,171.787,180.00541033090002,IDA3_COM_14
Baseline,IDA3,RESI,14,sell,1.1370395,171.787,195.3286045865,IDA3_RESI_14
Baseline,IDA3,W_C,14,buy,1.6417847,171.787,-282.03726825890004,IDA3_W_C_14
Baseline,IDA3,W_A,14,buy,1.6017537,171.787,-275.1604628619,IDA3_W_A_14
Baseline,IDA3,IND,15,sell,3.136421,156.19,489.87759599,IDA3_IND_15
Baseline,IDA3,COM,15,sell,3.1583084,156.19,493.296188996,IDA3_COM_15
Baseline,IDA3,RESI,15,sell,2.9844884,156.19,466.147243196,IDA3_RESI_15
Baseline,IDA3,PV_C,15,sell,0.22214202,156.19,34.6963621038,IDA3_PV_C_15
Baseline,IDA3,PV_A,15,sell,0.22214203,156.19,34.6963636657,IDA3_PV_A_15
Baseline,IDA3,W_C,15,buy,1.383302,156.19,-216.05793938,IDA3_W_C_15
Baseline,IDA3,W_A,15,buy,1.383302,156.19,-216.05793938,IDA3_W_A_15
Baseline,IDA3,DKL_ST_H,15,buy,6.9568979,156.19,-1086.5978830010001,IDA3_DKL_ST_H_BUYBACK_15
Baseline,IDA3,IND,16,sell,3.136421,156.17,489.81486756999993,IDA3_IND_16
Baseline,IDA3,COM,16,sell,3.3713668,156.17,526.5063531559999,IDA3_COM_16
Baseline,IDA3,RESI,16,sell,2.7714299,156.17,432.8142074829999,IDA3_RESI_16
Baseline,IDA3,PV_C,16,sell,0.22214203,156.17,34.6919208251,IDA3_PV_C_16
Baseline,IDA3,PV_A,16,sell,0.22214202,156.17,34.691919263399996,IDA3_PV_A_16
Baseline,IDA3,W_C,16,buy,1.383302,156.17,-216.03027333999998,IDA3_W_C_16
Baseline,IDA3,W_A,16,buy,1.383302,156.17,-216.03027333999998,IDA3_W_A_16
Baseline,IDA3,VAS_CCGT_D,16,buy,6.9568978,156.17,-1086.458729426,IDA3_VAS_CCGT_D_BUYBACK_16
Baseline,IDA3,IND,17,sell,4.5769082,130.24,596.096523968,IDA3_IND_17
Baseline,IDA3,COM,17,sell,4.6822726,130.24,609.819183424,IDA3_COM_17
Baseline,IDA3,RESI,17,sell,3.3581364,130.24,437.363684736,IDA3_RESI_17
Baseline,IDA3,PV_C,17,sell,0.50364169,130.24,65.59429370560001,IDA3_PV_C_17
Baseline,IDA3,PV_A,17,sell,0.50364175,130.24,65.59430152,IDA3_PV_A_17
Baseline,IDA3,W_C,17,buy,1.1858942,130.24,-154.450860608,IDA3_W_C_17
Baseline,IDA3,W_A,17,buy,1.1858942,130.24,-154.450860608,IDA3_W_A_17
Baseline,IDA3,VAS_ST_H,17,buy,11.252812,130.24,-1465.5662348800001,IDA3_VAS_ST_H_BUYBACK_17
Baseline,IDA3,IND,18,sell,4.5769082,130.24,596.096523968,IDA3_IND_18
Baseline,IDA3,COM,18,sell,4.9334453,130.24,642.531915872,IDA3_COM_18
Baseline,IDA3,RESI,18,sell,3.1069637,130.24,404.65095228800004,IDA3_RESI_18
Baseline,IDA3,PV_C,18,buy,1.0072834,130.24,-131.188590016,IDA3_PV_C_18
Baseline,IDA3,PV_A,18,buy,1.0072836,130.24,-131.18861606400003,IDA3_PV_A_18
Baseline,IDA3,W_C,18,buy,2.3717884,130.24,-308.901721216,IDA3_W_C_18
Baseline,IDA3,W_A,18,buy,2.3717884,130.24,-308.901721216,IDA3_W_A_18
Baseline,IDA3,VAS_ST_H,18,buy,5.8591734,130.24,-763.0987436160001,IDA3_VAS_ST_H_BUYBACK_18
Baseline,IDA3,IND,19,sell,6.0732584,130.24,790.9811740160001,IDA3_IND_19
Baseline,IDA3,COM,19,sell,5.0856314,130.24,662.352633536,IDA3_COM_19
Baseline,IDA3,RESI,19,sell,2.8393602,130.24,369.798272448,IDA3_RESI_19
Baseline,IDA3,PV_C,19,buy,1.2053316,130.24,-156.982387584,IDA3_PV_C_19
Baseline,IDA3,PV_A,19,buy,1.205332,130.24,-156.98243968000003,IDA3_PV_A_19
Baseline,IDA3,W_C,19,buy,1.8374558,130.24,-239.31024339200002,IDA3_W_C_19
Baseline,IDA3,W_A,19,buy,1.8374558,130.24,-239.31024339200002,IDA3_W_A_19
Baseline,IDA3,VAS_ST_H,19,buy,7.912675,130.24,-1030.546792,IDA3_VAS_ST_H_BUYBACK_19
Baseline,IDA3,IND,20,sell,6.0732584,130.24,790.9811740160001,IDA3_IND_20
Baseline,IDA3,COM,20,sell,5.2796163,130.24,687.617226912,IDA3_COM_20
Baseline,IDA3,RESI,20,sell,2.6453754,130.24,344.533692096,IDA3_RESI_20
Baseline,IDA3,PV_C,20,sell,0.602666,130.24,78.49121984000001,IDA3_PV_C_20
Baseline,IDA3,PV_A,20,sell,0.602666,130.24,78.49121984000001,IDA3_PV_A_20
Baseline,IDA3,W_C,20,buy,0.91872787,130.24,-119.65511778880001,IDA3_W_C_20
Baseline,IDA3,W_A,20,buy,0.91872787,130.24,-119.65511778880001,IDA3_W_A_20
Baseline,IDA3,VAS_ST_H,20,buy,13.366126,130.24,-1740.80425024,IDA3_VAS_ST_H_BUYBACK_20
Baseline,IDA3,IND,21,sell,3.6758559,143.264,526.6178196576001,IDA3_IND_21
Baseline,IDA3,COM,21,sell,3.0476878,143.264,436.6239449792,IDA3_COM_21
Baseline,IDA3,RESI,21,sell,1.3907082,143.264,199.2384195648,IDA3_RESI_21
Baseline,IDA3,DKL_ST_H,21,buy,19.542446,143.264,-2799.7289837440003,IDA3_DKL_ST_H_BUYBACK_21
Baseline,IDA3,VAS_GT_D,21,sell,11.428194,143.264,1637.248785216,IDA3_VAS_GT_D_UP_21
Baseline,IDA3,IND,22,sell,3.6758559,143.264,526.6178196576001,IDA3_IND_22
Baseline,IDA3,COM,22,sell,3.1197569,143.264,446.94885252160003,IDA3_COM_22
Baseline,IDA3,RESI,22,sell,1.3186392,143.264,188.91352634880002,IDA3_RESI_22
Baseline,IDA3,VAS_ST_H,22,sell,11.428193,143.264,1637.248641952,IDA3_VAS_ST_H_UP_22
Baseline,IDA3,DKL_ST_H,22,buy,19.542445,143.264,-2799.72884048,IDA3_DKL_ST_H_BUYBACK_22
Baseline,IDA3,IND,23,sell,1.7508355,130.24,228.02881552000002,IDA3_IND_23
Baseline,IDA3,COM,23,sell,1.4830971,130.24,193.158566304,IDA3_COM_23
Baseline,IDA3,RESI,23,sell,0.59190532,130.24,77.0897488768,IDA3_RESI_23
Baseline,IDA3,PV_C,23,sell,1.1721043,130.24,152.654864032,IDA3_PV_C_23
Baseline,IDA3,PV_A,23,buy,2.3442089,130.24,-305.309767136,IDA3_PV_A_23
Baseline,IDA3,W_C,23,buy,0.62580014,130.24,-81.5042102336,IDA3_W_C_23
Baseline,IDA3,W_A,23,buy,0.31627505,130.24,-41.191662512,IDA3_W_A_23
Baseline,IDA3,VAS_ST_H,23,buy,1.7116581,130.24,-222.926350944,IDA3_VAS_ST_H_BUYBACK_23
Baseline,IDA3,IND,24,sell,1.7508355,137.83,241.31765696500003,IDA3_IND_24
Baseline,IDA3,COM,24,sell,1.4981565,137.83,206.49091039500001,IDA3_COM_24
Baseline,IDA3,RESI,24,sell,0.57684586,137.83,79.50666488380001,IDA3_RESI_24
Baseline,IDA3,DKL_ST_H,24,sell,5.1484751,137.83,709.614323033,IDA3_DKL_ST_H_UP_24
Baseline,IDA3,VAS_GT_D,24,buy,8.974313,137.83,-1236.92956079,IDA3_VAS_GT_D_BUYBACK_24
Baseline,IDA3,IND,25,sell,0.88010027,143.264,126.08668508128001,IDA3_IND_25
Baseline,IDA3,COM,25,sell,0.79856223,143.264,114.40521931872001,IDA3_COM_25
Baseline,IDA3,RESI,25,sell,0.30381116,143.264,43.52520202624001,IDA3_RESI_25
Baseline,IDA3,DKL_ST_H,25,buy,4.4028934,143.264,-630.7761200576,IDA3_DKL_ST_H_BUYBACK_25
Baseline,IDA3,VAS_GT_D,25,sell,2.4204197,143.264,346.75900790080004,IDA3_VAS_GT_D_UP_25
Baseline,IDA3,IND,26,sell,0.88010027,143.264,126.08668508128001,IDA3_IND_26
Baseline,IDA3,COM,26,sell,0.79542764,143.264,113.95614541696001,IDA3_COM_26
Baseline,IDA3,RESI,26,sell,0.30694575,143.264,43.974275928000004,IDA3_RESI_26
Baseline,IDA3,VAS_CCGT_D,26,sell,2.4204187,143.264,346.7588646368,IDA3_VAS_CCGT_D_UP_26
Baseline,IDA3,VAS_GT_D,26,buy,4.4028924,143.264,-630.7759767936,IDA3_VAS_GT_D_BUYBACK_26
Baseline,IDA3,IND,27,sell,2.0021934,143.264,286.8422352576,IDA3_IND_27
Baseline,IDA3,COM,27,sell,1.8039346,143.264,258.4388865344,IDA3_COM_27
Baseline,IDA3,RESI,27,sell,0.72623795,143.264,104.04375366880001,IDA3_RESI_27
Baseline,IDA3,PV_A,27,buy,2.163614,143.264,-309.96799609600004,IDA3_PV_A_27
Baseline,IDA3,VAS_GT_D,27,buy,2.368752,143.264,-339.3568865280001,IDA3_VAS_GT_D_BUYBACK_27
Baseline,IDA3,IND,28,sell,2.0021934,143.264,286.8422352576,IDA3_IND_28
Baseline,IDA3,COM,28,sell,1.7662015,143.264,253.033091696,IDA3_COM_28
Baseline,IDA3,RESI,28,sell,0.76397104,143.264,109.44954707456002,IDA3_RESI_28
Baseline,IDA3,VAS_CCGT_D,28,buy,12.098882,143.264,-1733.334230848,IDA3_VAS_CCGT_D_BUYBACK_28
Baseline,IDA3,VAS_GT_D,28,sell,7.5665161,143.264,1084.0093625504,IDA3_VAS_GT_D_UP_28
Baseline,IDA3,IND,29,sell,3.070041,143.264,439.826353824,IDA3_IND_29
Baseline,IDA3,COM,29,sell,3.0010651,143.264,429.94459048640005,IDA3_COM_29
Baseline,IDA3,RESI,29,sell,1.4366142,143.264,205.81509674880002,IDA3_RESI_29
Baseline,IDA3,VAS_ST_H,29,sell,13.554274,143.264,1941.839510336,IDA3_VAS_ST_H_UP_29
Baseline,IDA3,DKL_ST_H,29,buy,21.061994,143.264,-3017.425508416,IDA3_DKL_ST_H_BUYBACK_29
Baseline,IDA3,IND,30,sell,3.070041,130.24,399.84213984,IDA3_IND_30
Baseline,IDA3,COM,30,sell,2.8722727,130.24,374.084796448,IDA3_COM_30
Baseline,IDA3,RESI,30,sell,1.5654067,130.24,203.87856860800002,IDA3_RESI_30
Baseline,IDA3,PV_C,30,sell,1.8842649,130.24,245.406660576,IDA3_PV_C_30
Baseline,IDA3,PV_A,30,buy,5.4408103,130.24,-708.611133472,IDA3_PV_A_30
Baseline,IDA3,W_C,30,buy,0.18264565,130.24,-23.787769456,IDA3_W_C_30
Baseline,IDA3,W_A,30,buy,0.36529129,130.24,-47.575537609600005,IDA3_W_A_30
Baseline,IDA3,VAS_ST_H,30,buy,3.4032381,130.24,-443.237730144,IDA3_VAS_ST_H_BUYBACK_30
Baseline,IDA3,IND,31,sell,3.0855801,143.264,442.0525474464,IDA3_IND_31
Baseline,IDA3,COM,31,sell,3.6141679,143.264,517.7801500256,IDA3_COM_31
Baseline,IDA3,RESI,31,sell,2.3007703,143.264,329.6175562592,IDA3_RESI_31
Baseline,IDA3,DKL_ST_H,31,buy,25.806688,143.264,-3697.1693496320004,IDA3_DKL_ST_H_BUYBACK_31
Baseline,IDA3,VAS_GT_D,31,sell,16.80617,143.264,2407.71913888,IDA3_VAS_GT_D_UP_31
Baseline,IDA3,IND,32,sell,3.0855801,130.24,401.865952224,IDA3_IND_32
Baseline,IDA3,COM,32,sell,3.3611128,130.24,437.751331072,IDA3_COM_32
Baseline,IDA3,RESI,32,sell,2.5538255,130.24,332.61023312000003,IDA3_RESI_32
Baseline,IDA3,PV_C,32,buy,4.2009774,130.24,-547.1352965760001,IDA3_PV_C_32
Baseline,IDA3,PV_A,32,buy,4.200977,130.24,-547.13524448,IDA3_PV_A_32
Baseline,IDA3,W_C,32,buy,0.29871681,130.24,-38.904877334400005,IDA3_W_C_32
Baseline,IDA3,W_A,32,buy,0.29871682,130.24,-38.9048786368,IDA3_W_A_32
Baseline,IDA3,VAS_ST_H,32,buy,0.0011303263,130.24,-0.147213697312,IDA3_VAS_ST_H_BUYBACK_32
Baseline,IDA3,IND,33,sell,2.4679557,156.17,385.42064166899996,IDA3_IND_33
Baseline,IDA3,COM,33,sell,3.2085154,156.17,501.073850018,IDA3_COM_33
Baseline,IDA3,RESI,33,sell,2.9585235,156.17,462.03261499499996,IDA3_RESI_33
Baseline,IDA3,PV_C,33,sell,0.69586539,156.17,108.67329795629999,IDA3_PV_C_33
Baseline,IDA3,PV_A,33,sell,0.6958654,156.17,108.673299518,IDA3_PV_A_33
Baseline,IDA3,W_C,33,buy,0.039076329,156.17,-6.10255029993,IDA3_W_C_33
Baseline,IDA3,W_A,33,buy,0.039076329,156.17,-6.10255029993,IDA3_W_A_33
Baseline,IDA3,VAS_CCGT_D,33,buy,9.9485727,156.17,-1553.6685985589997,IDA3_VAS_CCGT_D_BUYBACK_33
Baseline,IDA3,IND,34,sell,2.4679557,156.17,385.42064166899996,IDA3_IND_34
Baseline,IDA3,COM,34,sell,2.8933019,156.17,451.84695772299995,IDA3_COM_34
Baseline,IDA3,RESI,34,sell,3.273737,156.17,511.25950729,IDA3_RESI_34
Baseline,IDA3,PV_C,34,sell,0.69586539,156.17,108.67329795629999,IDA3_PV_C_34
Baseline,IDA3,PV_A,34,sell,0.6958654,156.17,108.673299518,IDA3_PV_A_34
Baseline,IDA3,W_C,34,buy,0.039076329,156.17,-6.10255029993,IDA3_W_C_34
Baseline,IDA3,W_A,34,buy,0.039076329,156.17,-6.10255029993,IDA3_W_A_34
Baseline,IDA3,VAS_CCGT_D,34,buy,9.9485727,156.17,-1553.6685985589997,IDA3_VAS_CCGT_D_BUYBACK_34
Baseline,IDA3,IND,35,sell,2.4265987,156.19,379.010450953,IDA3_IND_35
Baseline,IDA3,COM,35,sell,3.2309589,156.19,504.643470591,IDA3_COM_35
Baseline,IDA3,RESI,35,sell,4.5099301,156.19,704.405982319,IDA3_RESI_35
Baseline,IDA3,W_C,35,buy,0.0075258048,156.19,-1.175455451712,IDA3_W_C_35
Baseline,IDA3,W_A,35,buy,0.0075258048,156.19,-1.175455451712,IDA3_W_A_35
Baseline,IDA3,DKL_ST_H,35,buy,10.152436,156.19,-1585.7089788399999,IDA3_DKL_ST_H_BUYBACK_35
Baseline,IDA3,IND,36,sell,2.4265987,156.17,378.96191897899996,IDA3_IND_36
Baseline,IDA3,COM,36,sell,2.8447465,156.17,444.26406090499995,IDA3_COM_36
Baseline,IDA3,RESI,36,sell,4.8961425,156.17,764.6305742249999,IDA3_RESI_36
Baseline,IDA3,W_C,36,buy,0.0075258048,156.17,-1.175304935616,IDA3_W_C_36
Baseline,IDA3,W_A,36,buy,0.0075258048,156.17,-1.175304935616,IDA3_W_A_36
Baseline,IDA3,VAS_CCGT_D,36,buy,10.152436,156.17,-1585.50593012,IDA3_VAS_CCGT_D_BUYBACK_36
Baseline,IDA3,IND,37,sell,1.8593109,156.17,290.368583253,IDA3_IND_37
Baseline,IDA3,COM,37,sell,2.1780273,156.17,340.142523441,IDA3_COM_37
Baseline,IDA3,RESI,37,sell,4.5932945,156.17,717.334802065,IDA3_RESI_37
Baseline,IDA3,W_C,37,buy,0.082205014,156.17,-12.83795703638,IDA3_W_C_37
Baseline,IDA3,W_A,37,buy,0.082205014,156.17,-12.83795703638,IDA3_W_A_37
Baseline,IDA3,VAS_CCGT_D,37,buy,8.4662226,156.17,-1322.1699834419999,IDA3_VAS_CCGT_D_BUYBACK_37
Baseline,IDA3,IND,38,sell,1.8593109,156.17,290.368583253,IDA3_IND_38
Baseline,IDA3,COM,38,sell,1.9055803,156.17,297.594475451,IDA3_COM_38
Baseline,IDA3,RESI,38,sell,4.8657415,156.17,759.882850055,IDA3_RESI_38
Baseline,IDA3,W_C,38,buy,0.082205014,156.17,-12.83795703638,IDA3_W_C_38
Baseline,IDA3,W_A,38,buy,0.082205014,156.17,-12.83795703638,IDA3_W_A_38
Baseline,IDA3,VAS_CCGT_D,38,buy,8.4662225,156.17,-1322.169967825,IDA3_VAS_CCGT_D_BUYBACK_38
Baseline,IDA3,IND,39,sell,1.3648562,156.17,213.14959275399997,IDA3_IND_39
Baseline,IDA3,COM,39,sell,1.2790461,156.17,199.74862943699998,IDA3_COM_39
Baseline,IDA3,RESI,39,sell,3.8857816,156.17,606.842512472,IDA3_RESI_39
Baseline,IDA3,W_C,39,buy,0.05065449,156.17,-7.9107117033,IDA3_W_C_39
Baseline,IDA3,W_A,39,buy,0.05065449,156.17,-7.9107117033,IDA3_W_A_39
Baseline,IDA3,VAS_CCGT_D,39,buy,6.4283749,156.17,-1003.9193081329998,IDA3_VAS_CCGT_D_BUYBACK_39
Baseline,IDA3,IND,40,sell,1.3648562,156.17,213.14959275399997,IDA3_IND_40
Baseline,IDA3,COM,40,sell,1.1392406,156.17,177.91520450199997,IDA3_COM_40
Baseline,IDA3,RESI,40,sell,4.0255871,156.17,628.675937407,IDA3_RESI_40
Baseline,IDA3,W_C,40,buy,0.05065449,156.17,-7.9107117033,IDA3_W_C_40
Baseline,IDA3,W_A,40,buy,0.05065449,156.17,-7.9107117033,IDA3_W_A_40
Baseline,IDA3,VAS_CCGT_D,40,buy,6.4283749,156.17,-1003.9193081329998,IDA3_VAS_CCGT_D_BUYBACK_40
Baseline,IDA3,IND,41,sell,0.91834668,156.17,143.41820101559998,IDA3_IND_41
Baseline,IDA3,COM,41,sell,0.6958447,156.17,108.67006679899998,IDA3_COM_41
Baseline,IDA3,RESI,41,sell,2.7830387,156.17,434.62715377899997,IDA3_RESI_41
Baseline,IDA3,W_C,41,buy,0.058469759,156.17,-9.13122226303,IDA3_W_C_41
Baseline,IDA3,W_A,41,buy,0.05846976,156.17,-9.1312224192,IDA3_W_A_41
Baseline,IDA3,VAS_CCGT_D,41,buy,2.6353266,156.17,-411.558955122,IDA3_VAS_CCGT_D_BUYBACK_41
Baseline,IDA3,VAS_GT_D,41,buy,1.644964,156.17,-256.89402788,IDA3_VAS_GT_D_BUYBACK_41
Baseline,IDA3,IND,42,sell,0.91834668,156.17,143.41820101559998,IDA3_IND_42
Baseline,IDA3,COM,42,sell,0.6454385,156.17,100.79813054499999,IDA3_COM_42
Baseline,IDA3,RESI,42,sell,2.8334449,156.17,442.49909003299996,IDA3_RESI_42
Baseline,IDA3,W_C,42,buy,0.058469759,156.17,-9.13122226303,IDA3_W_C_42
Baseline,IDA3,W_A,42,buy,0.05846976,156.17,-9.1312224192,IDA3_W_A_42
Baseline,IDA3,VAS_CCGT_D,42,buy,4.2802906,156.17,-668.4529830019999,IDA3_VAS_CCGT_D_BUYBACK_42
Baseline,IDA3,IND,43,sell,0.65470997,156.17,102.24605601489999,IDA3_IND_43
Baseline,IDA3,COM,43,sell,0.42133359,156.17,65.79966675029999,IDA3_COM_43
Baseline,IDA3,RESI,43,sell,1.9649612,156.17,306.867990604,IDA3_RESI_43
Baseline,IDA3,W_C,43,buy,0.16904132,156.17,-26.399182944399996,IDA3_W_C_43
Baseline,IDA3,W_A,43,buy,0.16904132,156.17,-26.399182944399996,IDA3_W_A_43
Baseline,IDA3,VAS_CCGT_D,43,buy,2.7029222,156.17,-422.115359974,IDA3_VAS_CCGT_D_BUYBACK_43
Baseline,IDA3,IND,44,sell,0.65470997,156.17,102.24605601489999,IDA3_IND_44
Baseline,IDA3,COM,44,sell,0.4117927,156.17,64.309665959,IDA3_COM_44
Baseline,IDA3,RESI,44,sell,1.974502,156.17,308.35797734,IDA3_RESI_44
Baseline,IDA3,W_C,44,buy,0.16904132,156.17,-26.399182944399996,IDA3_W_C_44
Baseline,IDA3,W_A,44,buy,0.16904132,156.17,-26.399182944399996,IDA3_W_A_44
Baseline,IDA3,VAS_CCGT_D,44,buy,2.7029221,156.17,-422.11534435699997,IDA3_VAS_CCGT_D_BUYBACK_44
Baseline,IDA3,IND,45,sell,0.48993704,156.17,76.5134675368,IDA3_IND_45
Baseline,IDA3,COM,45,sell,0.28276775,156.17,44.1598395175,IDA3_COM_45
Baseline,IDA3,RESI,45,sell,1.3516478,156.17,211.086836926,IDA3_RESI_45
Baseline,IDA3,W_C,45,buy,0.23503687,156.17,-36.7057079879,IDA3_W_C_45
Baseline,IDA3,W_A,45,buy,0.23503687,156.17,-36.7057079879,IDA3_W_A_45
Baseline,IDA3,VAS_CCGT_D,45,buy,1.6542789,156.17,-258.34873581299996,IDA3_VAS_CCGT_D_BUYBACK_45
Baseline,IDA3,IND,46,sell,0.48993704,171.787,84.16481429048,IDA3_IND_46
Baseline,IDA3,COM,46,sell,0.28991806,171.787,49.80415377322,IDA3_COM_46
Baseline,IDA3,RESI,46,sell,1.3444975,171.787,230.96719203249998,IDA3_RESI_46
Baseline,IDA3,VAS_GT_D,46,buy,5.4329092,171.787,-933.3031727404001,IDA3_VAS_GT_D_BUYBACK_46
Baseline,IDA3,VAS_GT_D,46,sell,3.3085565,171.787,568.3669954655,IDA3_VAS_GT_D_UP_46
Baseline,IDA3,IND,47,sell,0.28750585,156.19,44.9055387115,IDA3_IND_47
Baseline,IDA3,COM,47,sell,0.15660479,156.19,24.4601021501,IDA3_COM_47
Baseline,IDA3,RESI,47,sell,0.68917747,156.19,107.64262903929999,IDA3_RESI_47
Baseline,IDA3,W_C,47,buy,0.16469949,156.19,-25.7244133431,IDA3_W_C_47
Baseline,IDA3,W_A,47,buy,0.16469948,156.19,-25.7244117812,IDA3_W_A_47
Baseline,IDA3,DKL_ST_H,47,buy,0.80388913,156.19,-125.5594432147,IDA3_DKL_ST_H_BUYBACK_47
Baseline,IDA3,IND,48,sell,0.28750585,156.19,44.9055387115,IDA3_IND_48
Baseline,IDA3,COM,48,sell,0.1655464,156.19,25.856692216000003,IDA3_COM_48
Baseline,IDA3,RESI,48,sell,0.68023586,156.19,106.2460389734,IDA3_RESI_48
Baseline,IDA3,W_C,48,buy,0.32939897,156.19,-51.4488251243,IDA3_W_C_48
Baseline,IDA3,W_A,48,buy,0.32939897,156.19,-51.4488251243,IDA3_W_A_48
Baseline,IDA3,DKL_ST_H,48,buy,0.47449016,156.19,-74.1106180904,IDA3_DKL_ST_H_BUYBACK_48
Low RES,FM,PV_C,13,sell,3.594e-05,85.0,0.0030548999999999997,PV_COM
Low RES,FM,COM,13,buy,3.594e-05,85.0,-0.0030548999999999997,PV_COM
Low RES,FM,PV_C,14,sell,3.594e-05,85.0,0.0030548999999999997,PV_COM
Low RES,FM,COM,14,buy,3.594e-05,85.0,-0.0030548999999999997,PV_COM
Low RES,FM,PV_C,15,sell,2.7334115999999997,85.0,232.33998599999998,PV_COM
Low RES,FM,COM,15,buy,2.7334115999999997,85.0,-232.33998599999998,PV_COM
Low RES,FM,PV_C,16,sell,2.7334115999999997,85.0,232.33998599999998,PV_COM
Low RES,FM,COM,16,buy,2.7334115999999997,85.0,-232.33998599999998,PV_COM
Low RES,FM,PV_C,17,sell,13.25750808,85.0,1126.8881867999999,PV_COM
Low RES,FM,COM,17,buy,13.25750808,85.0,-1126.8881867999999,PV_COM
Low RES,FM,PV_C,18,sell,13.25750808,85.0,1126.8881867999999,PV_COM
Low RES,FM,COM,18,buy,13.25750808,85.0,-1126.8881867999999,PV_COM
Low RES,FM,PV_C,19,sell,24.790708799999997,85.0,2107.210248,PV_COM
Low RES,FM,COM,19,buy,24.790708799999997,85.0,-2107.210248,PV_COM
Low RES,FM,PV_C,20,sell,24.790708799999997,85.0,2107.210248,PV_COM
Low RES,FM,COM,20,buy,24.790708799999997,85.0,-2107.210248,PV_COM
Low RES,FM,PV_C,21,sell,30.83372664,85.0,2620.8667643999997,PV_COM
Low RES,FM,COM,21,buy,30.83372664,85.0,-2620.8667643999997,PV_COM
Low RES,FM,PV_C,22,sell,30.83372664,85.0,2620.8667643999997,PV_COM
Low RES,FM,COM,22,buy,30.83372664,85.0,-2620.8667643999997,PV_COM
Low RES,FM,PV_C,23,sell,33.20405622,85.0,2822.3447787,PV_COM
Low RES,FM,COM,23,buy,33.20405622,85.0,-2822.3447787,PV_COM
Low RES,FM,PV_C,24,sell,33.20405622,85.0,2822.3447787,PV_COM
Low RES,FM,COM,24,buy,33.20405622,85.0,-2822.3447787,PV_COM
Low RES,FM,PV_C,25,sell,32.802520439999995,85.0,2788.2142373999995,PV_COM
Low RES,FM,COM,25,buy,32.802520439999995,85.0,-2788.2142373999995,PV_COM
Low RES,FM,PV_C,26,sell,32.802520439999995,85.0,2788.2142373999995,PV_COM
Low RES,FM,COM,26,buy,32.802520439999995,85.0,-2788.2142373999995,PV_COM
Low RES,FM,PV_C,27,sell,29.991842039999998,85.0,2549.3065733999997,PV_COM
Low RES,FM,COM,27,buy,29.991842039999998,85.0,-2549.3065733999997,PV_COM
Low RES,FM,PV_C,28,sell,29.991842039999998,85.0,2549.3065733999997,PV_COM
Low RES,FM,COM,28,buy,29.991842039999998,85.0,-2549.3065733999997,PV_COM
Low RES,FM,PV_C,29,sell,23.70322362,85.0,2014.7740076999999,PV_COM
Low RES,FM,COM,29,buy,23.70322362,85.0,-2014.7740076999999,PV_COM
Low RES,FM,PV_C,30,sell,23.70322362,85.0,2014.7740076999999,PV_COM
Low RES,FM,COM,30,buy,23.70322362,85.0,-2014.7740076999999,PV_COM
Low RES,FM,PV_C,31,sell,13.5228027,85.0,1149.4382295,PV_COM
Low RES,FM,COM,31,buy,13.5228027,85.0,-1149.4382295,PV_COM
Low RES,FM,PV_C,32,sell,13.5228027,85.0,1149.4382295,PV_COM
Low RES,FM,COM,32,buy,13.5228027,85.0,-1149.4382295,PV_COM
Low RES,FM,PV_C,33,sell,3.6086107800000002,85.0,306.7319163,PV_COM
Low RES,FM,COM,33,buy,3.6086107800000002,85.0,-306.7319163,PV_COM
Low RES,FM,PV_C,34,sell,3.6086107800000002,85.0,306.7319163,PV_COM
Low RES,FM,COM,34,buy,3.6086107800000002,85.0,-306.7319163,PV_COM
Low RES,FM,PV_C,13,sell,5.99e-06,90.0,0.0005391,PV_RESI
Low RES,FM,RESI,13,buy,5.99e-06,90.0,-0.0005391,PV_RESI
Low RES,FM,PV_C,14,sell,5.99e-06,90.0,0.0005391,PV_RESI
Low RES,FM,RESI,14,buy,5.99e-06,90.0,-0.0005391,PV_RESI
Low RES,FM,PV_C,15,sell,0.4555686,90.0,41.001174,PV_RESI
Low RES,FM,RESI,15,buy,0.4555686,90.0,-41.001174,PV_RESI
Low RES,FM,PV_C,16,sell,0.4555686,90.0,41.001174,PV_RESI
Low RES,FM,RESI,16,buy,0.4555686,90.0,-41.001174,PV_RESI
Low RES,FM,PV_C,17,sell,2.2095846800000003,90.0,198.86262120000004,PV_RESI
Low RES,FM,RESI,17,buy,2.2095846800000003,90.0,-198.86262120000004,PV_RESI
Low RES,FM,PV_C,18,sell,2.2095846800000003,90.0,198.86262120000004,PV_RESI
Low RES,FM,RESI,18,buy,2.2095846800000003,90.0,-198.86262120000004,PV_RESI
Low RES,FM,PV_C,19,sell,4.1317848,90.0,371.860632,PV_RESI
Low RES,FM,RESI,19,buy,4.1317848,90.0,-371.860632,PV_RESI
Low RES,FM,PV_C,20,sell,4.1317848,90.0,371.860632,PV_RESI
Low RES,FM,RESI,20,buy,4.1317848,90.0,-371.860632,PV_RESI
Low RES,FM,PV_C,21,sell,5.13895444,90.0,462.5058996,PV_RESI
Low RES,FM,RESI,21,buy,5.13895444,90.0,-462.5058996,PV_RESI
Low RES,FM,PV_C,22,sell,5.13895444,90.0,462.5058996,PV_RESI
Low RES,FM,RESI,22,buy,5.13895444,90.0,-462.5058996,PV_RESI
Low RES,FM,PV_C,23,sell,5.534009369999999,90.0,498.0608432999999,PV_RESI
Low RES,FM,RESI,23,buy,5.534009369999999,90.0,-498.0608432999999,PV_RESI
Low RES,FM,PV_C,24,sell,5.534009369999999,90.0,498.0608432999999,PV_RESI
Low RES,FM,RESI,24,buy,5.534009369999999,90.0,-498.0608432999999,PV_RESI
Low RES,FM,PV_C,25,sell,5.46708674,90.0,492.0378066,PV_RESI
Low RES,FM,RESI,25,buy,5.46708674,90.0,-492.0378066,PV_RESI
Low RES,FM,PV_C,26,sell,5.46708674,90.0,492.0378066,PV_RESI
Low RES,FM,RESI,26,buy,5.46708674,90.0,-492.0378066,PV_RESI
Low RES,FM,PV_C,27,sell,4.998640340000001,90.0,449.87763060000003,PV_RESI
Low RES,FM,RESI,27,buy,4.998640340000001,90.0,-449.87763060000003,PV_RESI
Low RES,FM,PV_C,28,sell,4.998640340000001,90.0,449.87763060000003,PV_RESI
Low RES,FM,RESI,28,buy,4.998640340000001,90.0,-449.87763060000003,PV_RESI
Low RES,FM,PV_C,29,sell,3.9505372700000003,90.0,355.5483543,PV_RESI
Low RES,FM,RESI,29,buy,3.9505372700000003,90.0,-355.5483543,PV_RESI
Low RES,FM,PV_C,30,sell,3.9505372700000003,90.0,355.5483543,PV_RESI
Low RES,FM,RESI,30,buy,3.9505372700000003,90.0,-355.5483543,PV_RESI
Low RES,FM,PV_C,31,sell,2.25380045,90.0,202.8420405,PV_RESI
Low RES,FM,RESI,31,buy,2.25380045,90.0,-202.8420405,PV_RESI
Low RES,FM,PV_C,32,sell,2.25380045,90.0,202.8420405,PV_RESI
Low RES,FM,RESI,32,buy,2.25380045,90.0,-202.8420405,PV_RESI
Low RES,FM,PV_C,33,sell,0.60143513,90.0,54.129161700000004,PV_RESI
Low RES,FM,RESI,33,buy,0.60143513,90.0,-54.129161700000004,PV_RESI
Low RES,FM,PV_C,34,sell,0.60143513,90.0,54.129161700000004,PV_RESI
Low RES,FM,RESI,34,buy,0.60143513,90.0,-54.129161700000004,PV_RESI
Low RES,FM,W_C,1,sell,0.8836460202,100.0,88.36460202,W_IND
Low RES,FM,IND,1,buy,0.8836460202,100.0,-88.36460202,W_IND
Low RES,FM,W_C,2,sell,0.8836460202,100.0,88.36460202,W_IND
Low RES,FM,IND,2,buy,0.8836460202,100.0,-88.36460202,W_IND
Low RES,FM,W_C,3,sell,0.9225486655499999,100.0,92.25486655499999,W_IND
Low RES,FM,IND,3,buy,0.9225486655499999,100.0,-92.25486655499999,W_IND
Low RES,FM,W_C,4,sell,0.9225486655499999,100.0,92.25486655499999,W_IND
Low RES,FM,IND,4,buy,0.9225486655499999,100.0,-92.25486655499999,W_IND
Low RES,FM,W_C,5,sell,1.2810088439999998,100.0,128.10088439999998,W_IND
Low RES,FM,IND,5,buy,1.2810088439999998,100.0,-128.10088439999998,W_IND
Low RES,FM,W_C,6,sell,1.2810088439999998,100.0,128.10088439999998,W_IND
Low RES,FM,IND,6,buy,1.2810088439999998,100.0,-128.10088439999998,W_IND
Low RES,FM,W_C,7,sell,1.7311681305,100.0,173.11681305,W_IND
Low RES,FM,IND,7,buy,1.7311681305,100.0,-173.11681305,W_IND
Low RES,FM,W_C,8,sell,1.7311681305,100.0,173.11681305,W_IND
Low RES,FM,IND,8,buy,1.7311681305,100.0,-173.11681305,W_IND
Low RES,FM,W_C,9,sell,1.2573893715,100.0,125.73893715,W_IND
Low RES,FM,IND,9,buy,1.2573893715,100.0,-125.73893715,W_IND
Low RES,FM,W_C,10,sell,1.2573893715,100.0,125.73893715,W_IND
Low RES,FM,IND,10,buy,1.2573893715,100.0,-125.73893715,W_IND
Low RES,FM,W_C,11,sell,0.8753097440999998,100.0,87.53097440999998,W_IND
Low RES,FM,IND,11,buy,0.8753097440999998,100.0,-87.53097440999998,W_IND
Low RES,FM,W_C,12,sell,0.8753097440999998,100.0,87.53097440999998,W_IND
Low RES,FM,IND,12,buy,0.8753097440999998,100.0,-87.53097440999998,W_IND
Low RES,FM,W_C,13,sell,0.9239380449,100.0,92.39380449,W_IND
Low RES,FM,IND,13,buy,0.9239380449,100.0,-92.39380449,W_IND
Low RES,FM,W_C,14,sell,0.9239380449,100.0,92.39380449,W_IND
Low RES,FM,IND,14,buy,0.9239380449,100.0,-92.39380449,W_IND
Low RES,FM,W_C,15,sell,0.6759336307499999,100.0,67.59336307499998,W_IND
Low RES,FM,IND,15,buy,0.6759336307499999,100.0,-67.59336307499998,W_IND
Low RES,FM,W_C,16,sell,0.6759336307499999,100.0,67.59336307499998,W_IND
Low RES,FM,IND,16,buy,0.6759336307499999,100.0,-67.59336307499998,W_IND
Low RES,FM,W_C,17,sell,0.46196902245,100.0,46.196902245,W_IND
Low RES,FM,IND,17,buy,0.46196902245,100.0,-46.196902245,W_IND
Low RES,FM,W_C,18,sell,0.46196902245,100.0,46.196902245,W_IND
Low RES,FM,IND,18,buy,0.46196902245,100.0,-46.196902245,W_IND
Low RES,FM,W_C,19,sell,0.42445575645000005,100.0,42.445575645000005,W_IND
Low RES,FM,IND,19,buy,0.42445575645000005,100.0,-42.445575645000005,W_IND
Low RES,FM,W_C,20,sell,0.42445575645000005,100.0,42.445575645000005,W_IND
Low RES,FM,IND,20,buy,0.42445575645000005,100.0,-42.445575645000005,W_IND
Low RES,FM,W_C,21,sell,0.2334159192,100.0,23.34159192,W_IND
Low RES,FM,IND,21,buy,0.2334159192,100.0,-23.34159192,W_IND
Low RES,FM,W_C,22,sell,0.2334159192,100.0,23.34159192,W_IND
Low RES,FM,IND,22,buy,0.2334159192,100.0,-23.34159192,W_IND
Low RES,FM,W_C,23,sell,0.12365485634999998,100.0,12.365485634999999,W_IND
Low RES,FM,IND,23,buy,0.12365485634999998,100.0,-12.365485634999999,W_IND
Low RES,FM,W_C,24,sell,0.12365485634999998,100.0,12.365485634999999,W_IND
Low RES,FM,IND,24,buy,0.12365485634999998,100.0,-12.365485634999999,W_IND
Low RES,FM,W_C,25,sell,0.13893805275,100.0,13.893805275000002,W_IND
Low RES,FM,IND,25,buy,0.13893805275,100.0,-13.893805275000002,W_IND
Low RES,FM,W_C,26,sell,0.13893805275,100.0,13.893805275000002,W_IND
Low RES,FM,IND,26,buy,0.13893805275,100.0,-13.893805275000002,W_IND
Low RES,FM,W_C,27,sell,0.09517256789999999,100.0,9.51725679,W_IND
Low RES,FM,IND,27,buy,0.09517256789999999,100.0,-9.51725679,W_IND
Low RES,FM,W_C,28,sell,0.09517256789999999,100.0,9.51725679,W_IND
Low RES,FM,IND,28,buy,0.09517256789999999,100.0,-9.51725679,W_IND
Low RES,FM,W_C,29,sell,0.113234523,100.0,11.3234523,W_IND
Low RES,FM,IND,29,buy,0.113234523,100.0,-11.3234523,W_IND
Low RES,FM,W_C,30,sell,0.113234523,100.0,11.3234523,W_IND
Low RES,FM,IND,30,buy,0.113234523,100.0,-11.3234523,W_IND
Low RES,FM,W_C,31,sell,0.23411062065,100.0,23.411062065,W_IND
Low RES,FM,IND,31,buy,0.23411062065,100.0,-23.411062065,W_IND
Low RES,FM,W_C,32,sell,0.23411062065,100.0,23.411062065,W_IND
Low RES,FM,IND,32,buy,0.23411062065,100.0,-23.411062065,W_IND
Low RES,FM,W_C,33,sell,0.63633628395,100.0,63.633628394999995,W_IND
Low RES,FM,IND,33,buy,0.63633628395,100.0,-63.633628394999995,W_IND
Low RES,FM,W_C,34,sell,0.63633628395,100.0,63.633628394999995,W_IND
Low RES,FM,IND,34,buy,0.63633628395,100.0,-63.633628394999995,W_IND
Low RES,FM,W_C,35,sell,0.7773584174999999,100.0,77.73584174999999,W_IND
Low RES,FM,IND,35,buy,0.7773584174999999,100.0,-77.73584174999999,W_IND
Low RES,FM,W_C,36,sell,0.7773584174999999,100.0,77.73584174999999,W_IND
Low RES,FM,IND,36,buy,0.7773584174999999,100.0,-77.73584174999999,W_IND
Low RES,FM,W_C,37,sell,0.5314380606,100.0,53.143806059999996,W_IND
Low RES,FM,IND,37,buy,0.5314380606,100.0,-53.143806059999996,W_IND
Low RES,FM,W_C,38,sell,0.5314380606,100.0,53.143806059999996,W_IND
Low RES,FM,IND,38,buy,0.5314380606,100.0,-53.143806059999996,W_IND
Low RES,FM,W_C,39,sell,0.34734514364999997,100.0,34.734514364999995,W_IND
Low RES,FM,IND,39,buy,0.34734514364999997,100.0,-34.734514364999995,W_IND
Low RES,FM,W_C,40,sell,0.34734514364999997,100.0,34.734514364999995,W_IND
Low RES,FM,IND,40,buy,0.34734514364999997,100.0,-34.734514364999995,W_IND
Low RES,FM,W_C,41,sell,0.25217257574999996,100.0,25.217257574999998,W_IND
Low RES,FM,IND,41,buy,0.25217257574999996,100.0,-25.217257574999998,W_IND
Low RES,FM,W_C,42,sell,0.25217257574999996,100.0,25.217257574999998,W_IND
Low RES,FM,IND,42,buy,0.25217257574999996,100.0,-25.217257574999998,W_IND
Low RES,FM,W_C,43,sell,0.3313672458,100.0,33.13672458,W_IND
Low RES,FM,IND,43,buy,0.3313672458,100.0,-33.13672458,W_IND
Low RES,FM,W_C,44,sell,0.3313672458,100.0,33.13672458,W_IND
Low RES,FM,IND,44,buy,0.3313672458,100.0,-33.13672458,W_IND
Low RES,FM,W_C,45,sell,0.367491156,100.0,36.749115599999996,W_IND
Low RES,FM,IND,45,buy,0.367491156,100.0,-36.749115599999996,W_IND
Low RES,FM,W_C,46,sell,0.367491156,100.0,36.749115599999996,W_IND
Low RES,FM,IND,46,buy,0.367491156,100.0,-36.749115599999996,W_IND
Low RES,FM,W_C,47,sell,0.357765477,100.0,35.7765477,W_IND
Low RES,FM,IND,47,buy,0.357765477,100.0,-35.7765477,W_IND
Low RES,FM,W_C,48,sell,0.357765477,100.0,35.7765477,W_IND
Low RES,FM,IND,48,buy,0.357765477,100.0,-35.7765477,W_IND
Low RES,FM,W_C,1,sell,0.14727433670000004,105.0,15.463805353500003,W_RESI
Low RES,FM,RESI,1,buy,0.14727433670000004,105.0,-15.463805353500003,W_RESI
Low RES,FM,W_C,2,sell,0.14727433670000004,105.0,15.463805353500003,W_RESI
Low RES,FM,RESI,2,buy,0.14727433670000004,105.0,-15.463805353500003,W_RESI
Low RES,FM,W_C,3,sell,0.15375811092500002,105.0,16.144601647125004,W_RESI
Low RES,FM,RESI,3,buy,0.15375811092500002,105.0,-16.144601647125004,W_RESI
Low RES,FM,W_C,4,sell,0.15375811092500002,105.0,16.144601647125004,W_RESI
Low RES,FM,RESI,4,buy,0.15375811092500002,105.0,-16.144601647125004,W_RESI
Low RES,FM,W_C,5,sell,0.213501474,105.0,22.41765477,W_RESI
Low RES,FM,RESI,5,buy,0.213501474,105.0,-22.41765477,W_RESI
Low RES,FM,W_C,6,sell,0.213501474,105.0,22.41765477,W_RESI
Low RES,FM,RESI,6,buy,0.213501474,105.0,-22.41765477,W_RESI
Low RES,FM,W_C,7,sell,0.28852802175000003,105.0,30.295442283750003,W_RESI
Low RES,FM,RESI,7,buy,0.28852802175000003,105.0,-30.295442283750003,W_RESI
Low RES,FM,W_C,8,sell,0.28852802175000003,105.0,30.295442283750003,W_RESI
Low RES,FM,RESI,8,buy,0.28852802175000003,105.0,-30.295442283750003,W_RESI
Low RES,FM,W_C,9,sell,0.20956489525000002,105.0,22.004314001250002,W_RESI
Low RES,FM,RESI,9,buy,0.20956489525000002,105.0,-22.004314001250002,W_RESI
Low RES,FM,W_C,10,sell,0.20956489525000002,105.0,22.004314001250002,W_RESI
Low RES,FM,RESI,10,buy,0.20956489525000002,105.0,-22.004314001250002,W_RESI
Low RES,FM,W_C,11,sell,0.14588495735,105.0,15.31792052175,W_RESI
Low RES,FM,RESI,11,buy,0.14588495735,105.0,-15.31792052175,W_RESI
Low RES,FM,W_C,12,sell,0.14588495735,105.0,15.31792052175,W_RESI
Low RES,FM,RESI,12,buy,0.14588495735,105.0,-15.31792052175,W_RESI
Low RES,FM,W_C,13,sell,0.15398967415,105.0,16.168915785750002,W_RESI
Low RES,FM,RESI,13,buy,0.15398967415,105.0,-16.168915785750002,W_RESI
Low RES,FM,W_C,14,sell,0.15398967415,105.0,16.168915785750002,W_RESI
Low RES,FM,RESI,14,buy,0.15398967415,105.0,-16.168915785750002,W_RESI
Low RES,FM,W_C,15,sell,0.112655605125,105.0,11.828838538125,W_RESI
Low RES,FM,RESI,15,buy,0.112655605125,105.0,-11.828838538125,W_RESI
Low RES,FM,W_C,16,sell,0.112655605125,105.0,11.828838538125,W_RESI
Low RES,FM,RESI,16,buy,0.112655605125,105.0,-11.828838538125,W_RESI
Low RES,FM,W_C,17,sell,0.076994837075,105.0,8.084457892875001,W_RESI
Low RES,FM,RESI,17,buy,0.076994837075,105.0,-8.084457892875001,W_RESI
Low RES,FM,W_C,18,sell,0.076994837075,105.0,8.084457892875001,W_RESI
Low RES,FM,RESI,18,buy,0.076994837075,105.0,-8.084457892875001,W_RESI
Low RES,FM,W_C,19,sell,0.07074262607500001,105.0,7.427975737875001,W_RESI
Low RES,FM,RESI,19,buy,0.07074262607500001,105.0,-7.427975737875001,W_RESI
Low RES,FM,W_C,20,sell,0.07074262607500001,105.0,7.427975737875001,W_RESI
Low RES,FM,RESI,20,buy,0.07074262607500001,105.0,-7.427975737875001,W_RESI
Low RES,FM,W_C,21,sell,0.0389026532,105.0,4.084778586,W_RESI
Low RES,FM,RESI,21,buy,0.0389026532,105.0,-4.084778586,W_RESI
Low RES,FM,W_C,22,sell,0.0389026532,105.0,4.084778586,W_RESI
Low RES,FM,RESI,22,buy,0.0389026532,105.0,-4.084778586,W_RESI
Low RES,FM,W_C,23,sell,0.020609142724999998,105.0,2.1639599861249996,W_RESI
Low RES,FM,RESI,23,buy,0.020609142724999998,105.0,-2.1639599861249996,W_RESI
Low RES,FM,W_C,24,sell,0.020609142724999998,105.0,2.1639599861249996,W_RESI
Low RES,FM,RESI,24,buy,0.020609142724999998,105.0,-2.1639599861249996,W_RESI
Low RES,FM,W_C,25,sell,0.023156342125000003,105.0,2.4314159231250003,W_RESI
Low RES,FM,RESI,25,buy,0.023156342125000003,105.0,-2.4314159231250003,W_RESI
Low RES,FM,W_C,26,sell,0.023156342125000003,105.0,2.4314159231250003,W_RESI
Low RES,FM,RESI,26,buy,0.023156342125000003,105.0,-2.4314159231250003,W_RESI
Low RES,FM,W_C,27,sell,0.015862094650000002,105.0,1.66551993825,W_RESI
Low RES,FM,RESI,27,buy,0.015862094650000002,105.0,-1.66551993825,W_RESI
Low RES,FM,W_C,28,sell,0.015862094650000002,105.0,1.66551993825,W_RESI
Low RES,FM,RESI,28,buy,0.015862094650000002,105.0,-1.66551993825,W_RESI
Low RES,FM,W_C,29,sell,0.0188724205,105.0,1.9816041525,W_RESI
Low RES,FM,RESI,29,buy,0.0188724205,105.0,-1.9816041525,W_RESI
Low RES,FM,W_C,30,sell,0.0188724205,105.0,1.9816041525,W_RESI
Low RES,FM,RESI,30,buy,0.0188724205,105.0,-1.9816041525,W_RESI
Low RES,FM,W_C,31,sell,0.039018436775000005,105.0,4.096935861375001,W_RESI
Low RES,FM,RESI,31,buy,0.039018436775000005,105.0,-4.096935861375001,W_RESI
Low RES,FM,W_C,32,sell,0.039018436775000005,105.0,4.096935861375001,W_RESI
Low RES,FM,RESI,32,buy,0.039018436775000005,105.0,-4.096935861375001,W_RESI
Low RES,FM,W_C,33,sell,0.10605604732500001,105.0,11.135884969125001,W_RESI
Low RES,FM,RESI,33,buy,0.10605604732500001,105.0,-11.135884969125001,W_RESI
Low RES,FM,W_C,34,sell,0.10605604732500001,105.0,11.135884969125001,W_RESI
Low RES,FM,RESI,34,buy,0.10605604732500001,105.0,-11.135884969125001,W_RESI
Low RES,FM,W_C,35,sell,0.12955973625,105.0,13.60377230625,W_RESI
Low RES,FM,RESI,35,buy,0.12955973625,105.0,-13.60377230625,W_RESI
Low RES,FM,W_C,36,sell,0.12955973625,105.0,13.60377230625,W_RESI
Low RES,FM,RESI,36,buy,0.12955973625,105.0,-13.60377230625,W_RESI
Low RES,FM,W_C,37,sell,0.08857301010000002,105.0,9.300166060500002,W_RESI
Low RES,FM,RESI,37,buy,0.08857301010000002,105.0,-9.300166060500002,W_RESI
Low RES,FM,W_C,38,sell,0.08857301010000002,105.0,9.300166060500002,W_RESI
Low RES,FM,RESI,38,buy,0.08857301010000002,105.0,-9.300166060500002,W_RESI
Low RES,FM,W_C,39,sell,0.057890857275,105.0,6.078540013875,W_RESI
Low RES,FM,RESI,39,buy,0.057890857275,105.0,-6.078540013875,W_RESI
Low RES,FM,W_C,40,sell,0.057890857275,105.0,6.078540013875,W_RESI
Low RES,FM,RESI,40,buy,0.057890857275,105.0,-6.078540013875,W_RESI
Low RES,FM,W_C,41,sell,0.042028762625,105.0,4.413020075625,W_RESI
Low RES,FM,RESI,41,buy,0.042028762625,105.0,-4.413020075625,W_RESI
Low RES,FM,W_C,42,sell,0.042028762625,105.0,4.413020075625,W_RESI
Low RES,FM,RESI,42,buy,0.042028762625,105.0,-4.413020075625,W_RESI
Low RES,FM,W_C,43,sell,0.05522787430000001,105.0,5.7989268015,W_RESI
Low RES,FM,RESI,43,buy,0.05522787430000001,105.0,-5.7989268015,W_RESI
Low RES,FM,W_C,44,sell,0.05522787430000001,105.0,5.7989268015,W_RESI
Low RES,FM,RESI,44,buy,0.05522787430000001,105.0,-5.7989268015,W_RESI
Low RES,FM,W_C,45,sell,0.061248526000000005,105.0,6.43109523,W_RESI
Low RES,FM,RESI,45,buy,0.061248526000000005,105.0,-6.43109523,W_RESI
Low RES,FM,W_C,46,sell,0.061248526000000005,105.0,6.43109523,W_RESI
Low RES,FM,RESI,46,buy,0.061248526000000005,105.0,-6.43109523,W_RESI
Low RES,FM,W_C,47,sell,0.05962757950000001,105.0,6.2608958475000005,W_RESI
Low RES,FM,RESI,47,buy,0.05962757950000001,105.0,-6.2608958475000005,W_RESI
Low RES,FM,W_C,48,sell,0.05962757950000001,105.0,6.2608958475000005,W_RESI
Low RES,FM,RESI,48,buy,0.05962757950000001,105.0,-6.2608958475000005,W_RESI
Low RES,DAM,IND,1,buy,73.543603,156.17,-11485.30448051,DAM_IND_1
Low RES,DAM,COM,1,buy,60.566522,156.17,-9458.67374074,DAM_COM_1
Low RES,DAM,RESI,1,buy,140.13065,156.17,-21884.203610499997,DAM_RESI_1
Low RES,DAM,W_A,1,sell,1.0309204,156.17,160.998838868,DAM_W_A_1
Low RES,DAM,DKL_ICE_H,1,sell,36.75,156.17,5739.2474999999995,DAM_DKL_ICE_H_FLEX_1
Low RES,DAM,VAS_ST_H,1,sell,136.5,156.17,21317.204999999998,DAM_VAS_ST_H_FLEX_1
Low RES,DAM,VAS_CCGT_D,1,sell,25.709855,156.17,4015.1080553499996,DAM_VAS_CCGT_D_FLEX_1
Low RES,DAM,IND,2,buy,73.543603,156.17,-11485.30448051,DAM_IND_2
Low RES,DAM,COM,2,buy,60.774218,156.17,-9491.109625059999,DAM_COM_2
Low RES,DAM,RESI,2,buy,139.92295,156.17,-21851.767101499998,DAM_RESI_2
Low RES,DAM,W_A,2,sell,1.0309204,156.17,160.998838868,DAM_W_A_2
Low RES,DAM,DKL_ICE_H,2,sell,36.75,156.17,5739.2474999999995,DAM_DKL_ICE_H_FLEX_2
Low RES,DAM,VAS_ST_H,2,sell,136.5,156.17,21317.204999999998,DAM_VAS_ST_H_FLEX_2
Low RES,DAM,VAS_CCGT_D,2,sell,25.709855,156.17,4015.1080553499996,DAM_VAS_CCGT_D_FLEX_2
Low RES,DAM,IND,3,buy,73.5047,156.17,-11479.228998999999,DAM_IND_3
Low RES,DAM,COM,3,buy,59.138495,156.17,-9235.65876415,DAM_COM_3
Low RES,DAM,RESI,3,buy,135.09992,156.17,-21098.554506399996,DAM_RESI_3
Low RES,DAM,W_A,3,sell,1.0763068,156.17,168.086832956,DAM_W_A_3
Low RES,DAM,DKL_ICE_H,3,sell,36.75,156.17,5739.2474999999995,DAM_DKL_ICE_H_FLEX_3
Low RES,DAM,VAS_ST_H,3,sell,136.5,156.17,21317.204999999998,DAM_VAS_ST_H_FLEX_3
Low RES,DAM,VAS_CCGT_D,3,sell,19.16681,156.17,2993.2807177,DAM_VAS_CCGT_D_FLEX_3
Low RES,DAM,IND,4,buy,73.5047,156.17,-11479.228998999999,DAM_IND_4
Low RES,DAM,COM,4,buy,59.625466,156.17,-9311.70902522,DAM_COM_4
Low RES,DAM,RESI,4,buy,134.61295,156.17,-21022.5044015,DAM_RESI_4
Low RES,DAM,W_A,4,sell,1.0763068,156.17,168.086832956,DAM_W_A_4
Low RES,DAM,DKL_ICE_H,4,sell,36.75,156.17,5739.2474999999995,DAM_DKL_ICE_H_FLEX_4
Low RES,DAM,VAS_ST_H,4,sell,136.5,156.17,21317.204999999998,DAM_VAS_ST_H_FLEX_4
Low RES,DAM,VAS_CCGT_D,4,sell,19.16681,156.17,2993.2807177,DAM_VAS_CCGT_D_FLEX_4
Low RES,DAM,IND,5,buy,73.14624,156.17,-11423.2483008,DAM_IND_5
Low RES,DAM,COM,5,buy,55.27045,156.17,-8631.586176499999,DAM_COM_5
Low RES,DAM,RESI,5,buy,122.5303,156.17,-19135.556951,DAM_RESI_5
Low RES,DAM,W_A,5,sell,1.4945103,156.17,233.39767355099997,DAM_W_A_5
Low RES,DAM,DKL_ICE_H,5,sell,36.75,156.17,5739.2474999999995,DAM_DKL_ICE_H_FLEX_5
Low RES,DAM,VAS_ST_H,5,sell,136.5,156.17,21317.204999999998,DAM_VAS_ST_H_FLEX_5
Low RES,DAM,VAS_CCGT_D,5,sell,1.9524846,156.17,304.919519982,DAM_VAS_CCGT_D_FLEX_5
Low RES,DAM,IND,6,buy,73.14624,156.17,-11423.2483008,DAM_IND_6
Low RES,DAM,COM,6,buy,56.246195,156.17,-8783.96827315,DAM_COM_6
Low RES,DAM,RESI,6,buy,121.55456,156.17,-18983.175635199997,DAM_RESI_6
Low RES,DAM,W_A,6,sell,1.4945103,156.17,233.39767355099997,DAM_W_A_6
Low RES,DAM,DKL_ICE_H,6,sell,36.75,156.17,5739.2474999999995,DAM_DKL_ICE_H_FLEX_6
Low RES,DAM,VAS_ST_H,6,sell,136.5,156.17,21317.204999999998,DAM_VAS_ST_H_FLEX_6
Low RES,DAM,VAS_CCGT_D,6,sell,1.9524846,156.17,304.919519982,DAM_VAS_CCGT_D_FLEX_6
Low RES,DAM,IND,7,buy,72.696081,130.24,-9467.937589440002,DAM_IND_7
Low RES,DAM,COM,7,buy,51.590065,130.24,-6719.090065600001,DAM_COM_7
Low RES,DAM,RESI,7,buy,107.47857,130.24,-13998.008956800002,DAM_RESI_7
Low RES,DAM,W_A,7,sell,2.0196962,130.24,263.045233088,DAM_W_A_7
Low RES,DAM,DKL_ICE_H,7,sell,36.75,130.24,4786.320000000001,DAM_DKL_ICE_H_FLEX_7
Low RES,DAM,VAS_ST_H,7,sell,118.74502,130.24,15465.351404800002,DAM_VAS_ST_H_FLEX_7
Low RES,DAM,IND,8,buy,72.696081,130.24,-9467.937589440002,DAM_IND_8
Low RES,DAM,COM,8,buy,53.29377,130.24,-6940.980604800001,DAM_COM_8
Low RES,DAM,RESI,8,buy,105.77486,130.24,-13776.1177664,DAM_RESI_8
Low RES,DAM,W_A,8,sell,2.0196962,130.24,263.045233088,DAM_W_A_8
Low RES,DAM,DKL_ICE_H,8,sell,36.75,130.24,4786.320000000001,DAM_DKL_ICE_H_FLEX_8
Low RES,DAM,VAS_ST_H,8,sell,118.74502,130.24,15465.351404800002,DAM_VAS_ST_H_FLEX_8
Low RES,DAM,IND,9,buy,73.16986,130.24,-9529.6425664,DAM_IND_9
Low RES,DAM,COM,9,buy,51.794759,130.24,-6745.74941216,DAM_COM_9
Low RES,DAM,RESI,9,buy,96.553443,130.24,-12575.120416320002,DAM_RESI_9
Low RES,DAM,W_A,9,sell,1.4669543,130.24,191.05612803200003,DAM_W_A_9
Low RES,DAM,DKL_ICE_H,9,sell,36.75,130.24,4786.320000000001,DAM_DKL_ICE_H_FLEX_9
Low RES,DAM,VAS_ST_H,9,sell,109.05111,130.24,14202.8165664,DAM_VAS_ST_H_FLEX_9
Low RES,DAM,IND,10,buy,73.16986,130.24,-9529.6425664,DAM_IND_10
Low RES,DAM,COM,10,buy,54.505656,130.24,-7098.816637440001,DAM_COM_10
Low RES,DAM,RESI,10,buy,93.842546,130.24,-12222.05319104,DAM_RESI_10
Low RES,DAM,W_A,10,sell,1.4669543,130.24,191.05612803200003,DAM_W_A_10
Low RES,DAM,DKL_ICE_H,10,sell,36.75,130.24,4786.320000000001,DAM_DKL_ICE_H_FLEX_10
Low RES,DAM,VAS_ST_H,10,sell,109.05111,130.24,14202.8165664,DAM_VAS_ST_H_FLEX_10
Low RES,DAM,IND,11,buy,73.551939,130.24,-9579.404535360001,DAM_IND_11
Low RES,DAM,COM,11,buy,57.382682,130.24,-7473.520503680001,DAM_COM_11
Low RES,DAM,RESI,11,buy,89.821799,130.24,-11698.39110176,DAM_RESI_11
Low RES,DAM,W_A,11,sell,1.0211947,130.24,133.000397728,DAM_W_A_11
Low RES,DAM,DKL_ICE_H,11,sell,36.75,130.24,4786.320000000001,DAM_DKL_ICE_H_FLEX_11
Low RES,DAM,VAS_ST_H,11,sell,108.73523,130.24,14161.676355200001,DAM_VAS_ST_H_FLEX_11
Low RES,DAM,IND,12,buy,73.551939,130.24,-9579.404535360001,DAM_IND_12
Low RES,DAM,COM,12,buy,61.318756,130.24,-7986.154781440001,DAM_COM_12
Low RES,DAM,RESI,12,buy,85.885725,130.24,-11185.756824,DAM_RESI_12
Low RES,DAM,W_A,12,sell,1.0211947,130.24,133.000397728,DAM_W_A_12
Low RES,DAM,DKL_ICE_H,12,sell,36.75,130.24,4786.320000000001,DAM_DKL_ICE_H_FLEX_12
Low RES,DAM,VAS_ST_H,12,sell,108.73523,130.24,14161.676355200001,DAM_VAS_ST_H_FLEX_12
Low RES,DAM,IND,13,buy,73.503311,156.17,-11479.012078869999,DAM_IND_13
Low RES,DAM,COM,13,buy,68.585463,156.17,-10710.99175671,DAM_COM_13
Low RES,DAM,RESI,13,buy,84.864976,156.17,-13253.363301919999,DAM_RESI_13
Low RES,DAM,PV_A,13,sell,4.193e-05,156.17,0.006548208099999999,DAM_PV_A_13
Low RES,DAM,W_A,13,sell,1.0779277,156.17,168.339968909,DAM_W_A_13
Low RES,DAM,DKL_ICE_H,13,sell,36.75,156.17,5739.2474999999995,DAM_DKL_ICE_H_FLEX_13
Low RES,DAM,VAS_ST_H,13,sell,136.5,156.17,21317.204999999998,DAM_VAS_ST_H_FLEX_13
Low RES,DAM,VAS_CCGT_D,13,sell,36.875781,156.17,5758.89071877,DAM_VAS_CCGT_D_FLEX_13
Low RES,DAM,IND,14,buy,73.503311,156.17,-11479.012078869999,DAM_IND_14
Low RES,DAM,COM,14,buy,73.666708,156.17,-11504.52978836,DAM_COM_14
Low RES,DAM,RESI,14,buy,79.783731,156.17,-12459.82527027,DAM_RESI_14
Low RES,DAM,PV_A,14,sell,4.193e-05,156.17,0.006548208099999999,DAM_PV_A_14
Low RES,DAM,W_A,14,sell,1.0779277,156.17,168.339968909,DAM_W_A_14
Low RES,DAM,DKL_ICE_H,14,sell,36.75,156.17,5739.2474999999995,DAM_DKL_ICE_H_FLEX_14
Low RES,DAM,VAS_ST_H,14,sell,136.5,156.17,21317.204999999998,DAM_VAS_ST_H_FLEX_14
Low RES,DAM,VAS_CCGT_D,14,sell,36.875781,156.17,5758.89071877,DAM_VAS_CCGT_D_FLEX_14
Low RES,DAM,IND,15,buy,73.751315,156.17,-11517.74286355,DAM_IND_15
Low RES,DAM,COM,15,buy,72.213224,156.17,-11277.53919208,DAM_COM_15
Low RES,DAM,RESI,15,buy,70.253664,156.17,-10971.51470688,DAM_RESI_15
Low RES,DAM,PV_A,15,sell,3.1889802,156.17,498.023037834,DAM_PV_A_15
Low RES,DAM,W_A,15,sell,0.78858924,156.17,123.15398161079999,DAM_W_A_15
Low RES,DAM,DKL_ICE_H,15,sell,36.75,156.17,5739.2474999999995,DAM_DKL_ICE_H_FLEX_15
Low RES,DAM,VAS_ST_H,15,sell,136.5,156.17,21317.204999999998,DAM_VAS_ST_H_FLEX_15
Low RES,DAM,VAS_CCGT_D,15,sell,23.240634,156.17,3629.48981178,DAM_VAS_CCGT_D_FLEX_15
Low RES,DAM,IND,16,buy,73.751315,156.17,-11517.74286355,DAM_IND_16
Low RES,DAM,COM,16,buy,77.2691,156.17,-12067.115346999999,DAM_COM_16
Low RES,DAM,RESI,16,buy,65.197788,156.17,-10181.93855196,DAM_RESI_16
Low RES,DAM,PV_A,16,sell,3.1889802,156.17,498.023037834,DAM_PV_A_16
Low RES,DAM,W_A,16,sell,0.78858924,156.17,123.15398161079999,DAM_W_A_16
Low RES,DAM,DKL_ICE_H,16,sell,36.75,156.17,5739.2474999999995,DAM_DKL_ICE_H_FLEX_16
Low RES,DAM,VAS_ST_H,16,sell,136.5,156.17,21317.204999999998,DAM_VAS_ST_H_FLEX_16
Low RES,DAM,VAS_CCGT_D,16,sell,23.240634,156.17,3629.48981178,DAM_VAS_CCGT_D_FLEX_16
Low RES,DAM,IND,17,buy,73.96528,130.24,-9633.238067200002,DAM_IND_17
Low RES,DAM,COM,17,buy,62.883121,130.24,-8189.897679040001,DAM_COM_17
Low RES,DAM,RESI,17,buy,52.32165,130.24,-6814.371696,DAM_RESI_17
Low RES,DAM,PV_A,17,sell,15.467093,130.24,2014.4341923200002,DAM_PV_A_17
Low RES,DAM,W_A,17,sell,0.53896386,130.24,70.1946531264,DAM_W_A_17
Low RES,DAM,DKL_ICE_H,17,sell,36.75,130.24,4786.320000000001,DAM_DKL_ICE_H_FLEX_17
Low RES,DAM,VAS_ST_H,17,sell,120.66399,130.24,15715.2780576,DAM_VAS_ST_H_FLEX_17
Low RES,DAM,IND,18,buy,73.96528,130.24,-9633.238067200002,DAM_IND_18
Low RES,DAM,COM,18,buy,66.967558,130.24,-8721.85475392,DAM_COM_18
Low RES,DAM,RESI,18,buy,48.237212,130.24,-6282.414490880001,DAM_RESI_18
Low RES,DAM,PV_A,18,sell,15.467093,130.24,2014.4341923200002,DAM_PV_A_18
Low RES,DAM,W_A,18,sell,0.53896386,130.24,70.1946531264,DAM_W_A_18
Low RES,DAM,DKL_ICE_H,18,sell,36.75,130.24,4786.320000000001,DAM_DKL_ICE_H_FLEX_18
Low RES,DAM,VAS_ST_H,18,sell,120.66399,130.24,15715.2780576,DAM_VAS_ST_H_FLEX_18
Low RES,DAM,IND,19,buy,74.002793,130.24,-9638.12376032,DAM_IND_19
Low RES,DAM,COM,19,buy,37.533259,130.24,-4888.331652160001,DAM_COM_19
Low RES,DAM,RESI,19,buy,30.593583,130.24,-3984.5082499200003,DAM_RESI_19
Low RES,DAM,PV_A,19,sell,28.922494,130.24,3766.8656185600003,DAM_PV_A_19
Low RES,DAM,W_A,19,sell,0.49519838,130.24,64.4946370112,DAM_W_A_19
Low RES,DAM,DKL_ICE_H,19,sell,36.75,130.24,4786.320000000001,DAM_DKL_ICE_H_FLEX_19
Low RES,DAM,VAS_ST_H,19,sell,60.211944,130.24,7842.003586560001,DAM_VAS_ST_H_FLEX_19
Low RES,DAM,IND,20,buy,74.002793,130.24,-9638.12376032,DAM_IND_20
Low RES,DAM,COM,20,buy,39.910526,130.24,-5197.94690624,DAM_COM_20
Low RES,DAM,RESI,20,buy,28.216316,130.24,-3674.89299584,DAM_RESI_20
Low RES,DAM,PV_A,20,sell,28.922494,130.24,3766.8656185600003,DAM_PV_A_20
Low RES,DAM,W_A,20,sell,0.49519838,130.24,64.4946370112,DAM_W_A_20
Low RES,DAM,DKL_ICE_H,20,sell,36.75,130.24,4786.320000000001,DAM_DKL_ICE_H_FLEX_20
Low RES,DAM,VAS_ST_H,20,sell,60.211944,130.24,7842.003586560001,DAM_VAS_ST_H_FLEX_20
Low RES,DAM,IND,21,buy,74.193833,130.24,-9663.004809920001,DAM_IND_21
Low RES,DAM,COM,21,buy,30.87463,130.24,-4021.1118112000004,DAM_COM_21
Low RES,DAM,RESI,21,buy,22.980643,130.24,-2992.99894432,DAM_RESI_21
Low RES,DAM,PV_A,21,sell,35.972681,130.24,4685.08197344,DAM_PV_A_21
Low RES,DAM,W_A,21,sell,0.27231857,130.24,35.4667705568,DAM_W_A_21
Low RES,DAM,DKL_ICE_H,21,sell,36.75,130.24,4786.320000000001,DAM_DKL_ICE_H_FLEX_21
Low RES,DAM,VAS_ST_H,21,sell,39.304107,130.24,5118.966895680001,DAM_VAS_ST_H_FLEX_21
Low RES,DAM,IND,22,buy,74.193833,130.24,-9663.004809920001,DAM_IND_22
Low RES,DAM,COM,22,buy,32.333854,130.24,-4211.1611449600005,DAM_COM_22
Low RES,DAM,RESI,22,buy,21.521419,130.24,-2802.9496105600006,DAM_RESI_22
Low RES,DAM,PV_A,22,sell,35.972681,130.24,4685.08197344,DAM_PV_A_22
Low RES,DAM,W_A,22,sell,0.27231857,130.24,35.4667705568,DAM_W_A_22
Low RES,DAM,DKL_ICE_H,22,sell,36.75,130.24,4786.320000000001,DAM_DKL_ICE_H_FLEX_22
Low RES,DAM,VAS_ST_H,22,sell,39.304107,130.24,5118.966895680001,DAM_VAS_ST_H_FLEX_22
Low RES,DAM,IND,23,buy,74.303594,130.24,-9677.300082560001,DAM_IND_23
Low RES,DAM,COM,23,buy,29.841748,130.24,-3886.5892595200003,DAM_COM_23
Low RES,DAM,RESI,23,buy,19.607016,130.24,-2553.6177638400004,DAM_RESI_23
Low RES,DAM,PV_A,23,sell,38.738066,130.24,5045.245715840001,DAM_PV_A_23
Low RES,DAM,W_A,23,sell,0.144264,130.24,18.78894336,DAM_W_A_23
Low RES,DAM,DKL_ICE_H,23,sell,36.75,130.24,4786.320000000001,DAM_DKL_ICE_H_FLEX_23
Low RES,DAM,VAS_ST_H,23,sell,32.370029,130.24,4215.8725769600005,DAM_VAS_ST_H_FLEX_23
Low RES,DAM,IND,24,buy,74.303594,130.24,-9677.300082560001,DAM_IND_24
Low RES,DAM,COM,24,buy,30.481919,130.24,-3969.9651305600005,DAM_COM_24
Low RES,DAM,RESI,24,buy,18.966846,130.24,-2470.2420230400003,DAM_RESI_24
Low RES,DAM,PV_A,24,sell,38.738066,130.24,5045.245715840001,DAM_PV_A_24
Low RES,DAM,W_A,24,sell,0.144264,130.24,18.78894336,DAM_W_A_24
Low RES,DAM,DKL_ICE_H,24,sell,36.75,130.24,4786.320000000001,DAM_DKL_ICE_H_FLEX_24
Low RES,DAM,VAS_ST_H,24,sell,32.370029,130.24,4215.8725769600005,DAM_VAS_ST_H_FLEX_24
Low RES,DAM,IND,25,buy,74.288311,125.3,-9308.325368299998,DAM_IND_25
Low RES,DAM,COM,25,buy,34.729319,125.3,-4351.5836707,DAM_COM_25
Low RES,DAM,RESI,25,buy,20.202089,125.3,-2531.3217517,DAM_RESI_25
Low RES,DAM,PV_A,25,sell,38.269607,125.3,4795.1817571,DAM_PV_A_25
Low RES,DAM,W_A,25,sell,0.16209439,125.3,20.310427067,DAM_W_A_25
Low RES,DAM,DKL_ICE_H,25,sell,16.538018,125.3,2072.2136554,DAM_DKL_ICE_H_FLEX_25
Low RES,DAM,IND,26,buy,74.288311,125.3,-9308.325368299998,DAM_IND_26
Low RES,DAM,COM,26,buy,34.464237,125.3,-4318.3688961,DAM_COM_26
Low RES,DAM,RESI,26,buy,20.467172,125.3,-2564.5366516,DAM_RESI_26
Low RES,DAM,PV_A,26,sell,38.269607,125.3,4795.1817571,DAM_PV_A_26
Low RES,DAM,W_A,26,sell,0.16209439,125.3,20.310427067,DAM_W_A_26
Low RES,DAM,DKL_ICE_H,26,sell,16.538018,125.3,2072.2136554,DAM_DKL_ICE_H_FLEX_26
Low RES,DAM,IND,27,buy,74.332077,125.3,-9313.8092481,DAM_IND_27
Low RES,DAM,COM,27,buy,37.06556,125.3,-4644.314668,DAM_COM_27
Low RES,DAM,RESI,27,buy,21.981837,125.3,-2754.3241761,DAM_RESI_27
Low RES,DAM,PV_A,27,sell,34.990482,125.3,4384.3073945999995,DAM_PV_A_27
Low RES,DAM,W_A,27,sell,0.11103466,125.3,13.912642898,DAM_W_A_27
Low RES,DAM,DKL_ICE_H,27,sell,24.027957,125.3,3010.7030121,DAM_DKL_ICE_H_FLEX_27
Low RES,DAM,IND,28,buy,74.332077,125.3,-9313.8092481,DAM_IND_28
Low RES,DAM,COM,28,buy,35.662913,125.3,-4468.5629989,DAM_COM_28
Low RES,DAM,RESI,28,buy,23.384484,125.3,-2930.0758452,DAM_RESI_28
Low RES,DAM,PV_A,28,sell,34.990482,125.3,4384.3073945999995,DAM_PV_A_28
Low RES,DAM,W_A,28,sell,0.11103466,125.3,13.912642898,DAM_W_A_28
Low RES,DAM,DKL_ICE_H,28,sell,24.027957,125.3,3010.7030121,DAM_DKL_ICE_H_FLEX_28
Low RES,DAM,IND,29,buy,74.314015,130.24,-9678.6573136,DAM_IND_29
Low RES,DAM,COM,29,buy,49.051838,130.24,-6388.51138112,DAM_COM_29
Low RES,DAM,RESI,29,buy,30.858545,130.24,-4019.0169008000003,DAM_RESI_29
Low RES,DAM,PV_A,29,sell,27.653761,130.24,3601.62583264,DAM_PV_A_29
Low RES,DAM,W_A,29,sell,0.13210694,130.24,17.2056078656,DAM_W_A_29
Low RES,DAM,DKL_ICE_H,29,sell,36.75,130.24,4786.320000000001,DAM_DKL_ICE_H_FLEX_29
Low RES,DAM,VAS_ST_H,29,sell,15.438529,130.24,2010.7140169600002,DAM_VAS_ST_H_FLEX_29
Low RES,DAM,IND,30,buy,74.314015,130.24,-9678.6573136,DAM_IND_30
Low RES,DAM,COM,30,buy,45.929512,130.24,-5981.859642880001,DAM_COM_30
Low RES,DAM,RESI,30,buy,33.98087,130.24,-4425.6685088,DAM_RESI_30
Low RES,DAM,PV_A,30,sell,27.653761,130.24,3601.62583264,DAM_PV_A_30
Low RES,DAM,W_A,30,sell,0.13210694,130.24,17.2056078656,DAM_W_A_30
Low RES,DAM,DKL_ICE_H,30,sell,36.75,130.24,4786.320000000001,DAM_DKL_ICE_H_FLEX_30
Low RES,DAM,VAS_ST_H,30,sell,15.438529,130.24,2010.7140169600002,DAM_VAS_ST_H_FLEX_30
Low RES,DAM,IND,31,buy,74.193138,130.24,-9662.914293120002,DAM_IND_31
Low RES,DAM,COM,31,buy,73.654507,130.24,-9592.76299168,DAM_COM_31
Low RES,DAM,RESI,31,buy,53.20404,130.24,-6929.294169600001,DAM_RESI_31
Low RES,DAM,PV_A,31,sell,15.776603,130.24,2054.74477472,DAM_PV_A_31
Low RES,DAM,W_A,31,sell,0.27312906,130.24,35.5723287744,DAM_W_A_31
Low RES,DAM,DKL_ICE_H,31,sell,36.75,130.24,4786.320000000001,DAM_DKL_ICE_H_FLEX_31
Low RES,DAM,VAS_ST_H,31,sell,74.001954,130.24,9638.01448896,DAM_VAS_ST_H_FLEX_31
Low RES,DAM,IND,32,buy,74.193138,130.24,-9662.914293120002,DAM_IND_32
Low RES,DAM,COM,32,buy,67.550567,130.24,-8797.78584608,DAM_COM_32
Low RES,DAM,RESI,32,buy,59.307981,130.24,-7724.27144544,DAM_RESI_32
Low RES,DAM,PV_A,32,sell,15.776603,130.24,2054.74477472,DAM_PV_A_32
Low RES,DAM,W_A,32,sell,0.27312906,130.24,35.5723287744,DAM_W_A_32
Low RES,DAM,DKL_ICE_H,32,sell,36.75,130.24,4786.320000000001,DAM_DKL_ICE_H_FLEX_32
Low RES,DAM,VAS_ST_H,32,sell,74.001954,130.24,9638.01448896,DAM_VAS_ST_H_FLEX_32
Low RES,DAM,IND,33,buy,73.790913,156.17,-11523.926883209999,DAM_IND_33
Low RES,DAM,COM,33,buy,93.152027,156.17,-14547.552056589999,DAM_COM_33
Low RES,DAM,RESI,33,buy,88.514031,156.17,-13823.236221269999,DAM_RESI_33
Low RES,DAM,PV_A,33,sell,4.2100459,156.17,657.482868203,DAM_PV_A_33
Low RES,DAM,W_A,33,sell,0.74239233,156.17,115.9394101761,DAM_W_A_33
Low RES,DAM,DKL_ICE_H,33,sell,36.75,156.17,5739.2474999999995,DAM_DKL_ICE_H_FLEX_33
Low RES,DAM,VAS_ST_H,33,sell,136.5,156.17,21317.204999999998,DAM_VAS_ST_H_FLEX_33
Low RES,DAM,VAS_CCGT_D,33,sell,3.0045327,156.17,469.21787175899993,DAM_VAS_CCGT_D_FLEX_33
Low RES,DAM,IND,34,buy,73.790913,156.17,-11523.926883209999,DAM_IND_34
Low RES,DAM,COM,34,buy,83.645994,156.17,-13062.99488298,DAM_COM_34
Low RES,DAM,RESI,34,buy,98.020064,156.17,-15307.79339488,DAM_RESI_34
Low RES,DAM,PV_A,34,sell,4.2100459,156.17,657.482868203,DAM_PV_A_34
Low RES,DAM,W_A,34,sell,0.74239233,156.17,115.9394101761,DAM_W_A_34
Low RES,DAM,DKL_ICE_H,34,sell,36.75,156.17,5739.2474999999995,DAM_DKL_ICE_H_FLEX_34
Low RES,DAM,VAS_ST_H,34,sell,136.5,156.17,21317.204999999998,DAM_VAS_ST_H_FLEX_34
Low RES,DAM,VAS_CCGT_D,34,sell,3.0045327,156.17,469.21787175899993,DAM_VAS_CCGT_D_FLEX_34
Low RES,DAM,IND,35,buy,73.649891,156.17,-11501.90347747,DAM_IND_35
Low RES,DAM,COM,35,buy,99.098124,156.17,-15476.154025079999,DAM_COM_35
Low RES,DAM,RESI,35,buy,138.19643,156.17,-21582.136473099996,DAM_RESI_35
Low RES,DAM,W_A,35,sell,0.90691815,156.17,141.6334074855,DAM_W_A_35
Low RES,DAM,DKL_ICE_H,35,sell,36.75,156.17,5739.2474999999995,DAM_DKL_ICE_H_FLEX_35
Low RES,DAM,VAS_ST_H,35,sell,136.5,156.17,21317.204999999998,DAM_VAS_ST_H_FLEX_35
Low RES,DAM,VAS_CCGT_D,35,sell,62.537531,156.17,9766.48621627,DAM_VAS_CCGT_D_FLEX_35
Low RES,DAM,IND,36,buy,73.649891,156.17,-11501.90347747,DAM_IND_36
Low RES,DAM,COM,36,buy,87.252437,156.17,-13626.21308629,DAM_COM_36
Low RES,DAM,RESI,36,buy,150.04212,156.17,-23432.0778804,DAM_RESI_36
Low RES,DAM,W_A,36,sell,0.90691815,156.17,141.6334074855,DAM_W_A_36
Low RES,DAM,DKL_ICE_H,36,sell,36.75,156.17,5739.2474999999995,DAM_DKL_ICE_H_FLEX_36
Low RES,DAM,VAS_ST_H,36,sell,136.5,156.17,21317.204999999998,DAM_VAS_ST_H_FLEX_36
Low RES,DAM,VAS_CCGT_D,36,sell,62.537531,156.17,9766.48621627,DAM_VAS_CCGT_D_FLEX_36
Low RES,DAM,IND,37,buy,73.895811,156.17,-11540.308803869999,DAM_IND_37
Low RES,DAM,COM,37,buy,87.185303,156.17,-13615.72876951,DAM_COM_37
Low RES,DAM,RESI,37,buy,183.77862,156.17,-28700.707085399998,DAM_RESI_37
Low RES,DAM,W_A,37,sell,0.62001107,156.17,96.82712880189999,DAM_W_A_37
Low RES,DAM,DKL_ICE_H,37,sell,36.75,156.17,5739.2474999999995,DAM_DKL_ICE_H_FLEX_37
Low RES,DAM,VAS_ST_H,37,sell,136.5,156.17,21317.204999999998,DAM_VAS_ST_H_FLEX_37
Low RES,DAM,VAS_CCGT_D,37,sell,96.739728,156.17,15107.84332176,DAM_VAS_CCGT_D_FLEX_37
Low RES,DAM,IND,38,buy,73.895811,156.17,-11540.308803869999,DAM_IND_38
Low RES,DAM,COM,38,buy,76.279391,156.17,-11912.55249247,DAM_COM_38
Low RES,DAM,RESI,38,buy,194.68454,156.17,-30403.884611799996,DAM_RESI_38
Low RES,DAM,W_A,38,sell,0.62001107,156.17,96.82712880189999,DAM_W_A_38
Low RES,DAM,DKL_ICE_H,38,sell,36.75,156.17,5739.2474999999995,DAM_DKL_ICE_H_FLEX_38
Low RES,DAM,VAS_ST_H,38,sell,136.5,156.17,21317.204999999998,DAM_VAS_ST_H_FLEX_38
Low RES,DAM,VAS_CCGT_D,38,sell,96.739728,156.17,15107.84332176,DAM_VAS_CCGT_D_FLEX_38
Low RES,DAM,IND,39,buy,74.079904,156.17,-11569.05860768,DAM_IND_39
Low RES,DAM,COM,39,buy,69.747918,156.17,-10892.532354059998,DAM_COM_39
Low RES,DAM,RESI,39,buy,211.83845,156.17,-33082.810736499996,DAM_RESI_39
Low RES,DAM,W_A,39,sell,0.405236,156.17,63.28570611999999,DAM_W_A_39
Low RES,DAM,DKL_ICE_H,39,sell,36.75,156.17,5739.2474999999995,DAM_DKL_ICE_H_FLEX_39
Low RES,DAM,VAS_ST_H,39,sell,136.5,156.17,21317.204999999998,DAM_VAS_ST_H_FLEX_39
Low RES,DAM,VAS_CCGT_D,39,sell,107.76104,156.17,16829.041616799997,DAM_VAS_CCGT_D_FLEX_39
Low RES,DAM,IND,40,buy,74.079904,156.17,-11569.05860768,DAM_IND_40
Low RES,DAM,COM,40,buy,62.124157,156.17,-9701.929598689998,DAM_COM_40
Low RES,DAM,RESI,40,buy,219.46221,156.17,-34273.413335699996,DAM_RESI_40
Low RES,DAM,W_A,40,sell,0.405236,156.17,63.28570611999999,DAM_W_A_40
Low RES,DAM,DKL_ICE_H,40,sell,36.75,156.17,5739.2474999999995,DAM_DKL_ICE_H_FLEX_40
Low RES,DAM,VAS_ST_H,40,sell,136.5,156.17,21317.204999999998,DAM_VAS_ST_H_FLEX_40
Low RES,DAM,VAS_CCGT_D,40,sell,107.76104,156.17,16829.041616799997,DAM_VAS_CCGT_D_FLEX_40
Low RES,DAM,IND,41,buy,74.175077,156.17,-11583.921775089999,DAM_IND_41
Low RES,DAM,COM,41,buy,56.394614,156.17,-8807.14686838,DAM_COM_41
Low RES,DAM,RESI,41,buy,225.50887,156.17,-35217.7202279,DAM_RESI_41
Low RES,DAM,W_A,41,sell,0.29420134,156.17,45.945423267799995,DAM_W_A_41
Low RES,DAM,DKL_ICE_H,41,sell,36.75,156.17,5739.2474999999995,DAM_DKL_ICE_H_FLEX_41
Low RES,DAM,VAS_ST_H,41,sell,136.5,156.17,21317.204999999998,DAM_VAS_ST_H_FLEX_41
Low RES,DAM,VAS_CCGT_D,41,sell,108.28435,156.17,16910.766939499998,DAM_VAS_CCGT_D_FLEX_41
Low RES,DAM,IND,42,buy,74.175077,156.17,-11583.921775089999,DAM_IND_42
Low RES,DAM,COM,42,buy,52.309453,156.17,-8169.167275009999,DAM_COM_42
Low RES,DAM,RESI,42,buy,229.59403,156.17,-35855.6996651,DAM_RESI_42
Low RES,DAM,W_A,42,sell,0.29420134,156.17,45.945423267799995,DAM_W_A_42
Low RES,DAM,DKL_ICE_H,42,sell,36.75,156.17,5739.2474999999995,DAM_DKL_ICE_H_FLEX_42
Low RES,DAM,VAS_ST_H,42,sell,136.5,156.17,21317.204999999998,DAM_VAS_ST_H_FLEX_42
Low RES,DAM,VAS_CCGT_D,42,sell,108.28435,156.17,16910.766939499998,DAM_VAS_CCGT_D_FLEX_42
Low RES,DAM,IND,43,buy,74.095882,156.17,-11571.553891939999,DAM_IND_43
Low RES,DAM,COM,43,buy,47.897088,156.17,-7480.088232959999,DAM_COM_43
Low RES,DAM,RESI,43,buy,223.32102,156.17,-34876.043693399995,DAM_RESI_43
Low RES,DAM,W_A,43,sell,0.38659512,156.17,60.3745598904,DAM_W_A_43
Low RES,DAM,DKL_ICE_H,43,sell,36.75,156.17,5739.2474999999995,DAM_DKL_ICE_H_FLEX_43
Low RES,DAM,VAS_ST_H,43,sell,136.5,156.17,21317.204999999998,DAM_VAS_ST_H_FLEX_43
Low RES,DAM,VAS_CCGT_D,43,sell,97.427396,156.17,15215.236433319998,DAM_VAS_CCGT_D_FLEX_43
Low RES,DAM,IND,44,buy,74.095882,156.17,-11571.553891939999,DAM_IND_44
Low RES,DAM,COM,44,buy,46.812482,156.17,-7310.7053139399995,DAM_COM_44
Low RES,DAM,RESI,44,buy,224.40563,156.17,-35045.4272371,DAM_RESI_44
Low RES,DAM,W_A,44,sell,0.38659512,156.17,60.3745598904,DAM_W_A_44
Low RES,DAM,DKL_ICE_H,44,sell,36.75,156.17,5739.2474999999995,DAM_DKL_ICE_H_FLEX_44
Low RES,DAM,VAS_ST_H,44,sell,136.5,156.17,21317.204999999998,DAM_VAS_ST_H_FLEX_44
Low RES,DAM,VAS_CCGT_D,44,sell,97.427396,156.17,15215.236433319998,DAM_VAS_CCGT_D_FLEX_44
Low RES,DAM,IND,45,buy,74.059758,156.17,-11565.91240686,DAM_IND_45
Low RES,DAM,COM,45,buy,42.955776,156.17,-6708.4035379199995,DAM_COM_45
Low RES,DAM,RESI,45,buy,205.2701,156.17,-32057.031517,DAM_RESI_45
Low RES,DAM,W_A,45,sell,0.42873968,156.17,66.9562758256,DAM_W_A_45
Low RES,DAM,DKL_ICE_H,45,sell,36.75,156.17,5739.2474999999995,DAM_DKL_ICE_H_FLEX_45
Low RES,DAM,VAS_ST_H,45,sell,136.5,156.17,21317.204999999998,DAM_VAS_ST_H_FLEX_45
Low RES,DAM,VAS_CCGT_D,45,sell,74.356891,156.17,11612.31566747,DAM_VAS_CCGT_D_FLEX_45
Low RES,DAM,IND,46,buy,74.059758,156.17,-11565.91240686,DAM_IND_46
Low RES,DAM,COM,46,buy,44.041994,156.17,-6878.03820298,DAM_COM_46
Low RES,DAM,RESI,46,buy,204.18388,156.17,-31887.396539599995,DAM_RESI_46
Low RES,DAM,W_A,46,sell,0.42873968,156.17,66.9562758256,DAM_W_A_46
Low RES,DAM,DKL_ICE_H,46,sell,36.75,156.17,5739.2474999999995,DAM_DKL_ICE_H_FLEX_46
Low RES,DAM,VAS_ST_H,46,sell,136.5,156.17,21317.204999999998,DAM_VAS_ST_H_FLEX_46
Low RES,DAM,VAS_CCGT_D,46,sell,74.356891,156.17,11612.31566747,DAM_VAS_CCGT_D_FLEX_46
Low RES,DAM,IND,47,buy,74.069484,156.17,-11567.431316279999,DAM_IND_47
Low RES,DAM,COM,47,buy,40.540615,156.17,-6331.22784455,DAM_COM_47
Low RES,DAM,RESI,47,buy,178.34921,156.17,-27852.7961257,DAM_RESI_47
Low RES,DAM,W_A,47,sell,0.41739306,156.17,65.18427418019999,DAM_W_A_47
Low RES,DAM,DKL_ICE_H,47,sell,36.75,156.17,5739.2474999999995,DAM_DKL_ICE_H_FLEX_47
Low RES,DAM,VAS_ST_H,47,sell,136.5,156.17,21317.204999999998,DAM_VAS_ST_H_FLEX_47
Low RES,DAM,VAS_CCGT_D,47,sell,45.041915,156.17,7034.19586555,DAM_VAS_CCGT_D_FLEX_47
Low RES,DAM,IND,48,buy,74.069484,156.17,-11567.431316279999,DAM_IND_48
Low RES,DAM,COM,48,buy,42.855348,156.17,-6692.71969716,DAM_COM_48
Low RES,DAM,RESI,48,buy,176.03448,156.17,-27491.304741599997,DAM_RESI_48
Low RES,DAM,W_A,48,sell,0.41739306,156.17,65.18427418019999,DAM_W_A_48
Low RES,DAM,DKL_ICE_H,48,sell,36.75,156.17,5739.2474999999995,DAM_DKL_ICE_H_FLEX_48
Low RES,DAM,VAS_ST_H,48,sell,136.5,156.17,21317.204999999998,DAM_VAS_ST_H_FLEX_48
Low RES,DAM,VAS_CCGT_D,48,sell,45.041915,156.17,7034.19586555,DAM_VAS_CCGT_D_FLEX_48
Low RES,DAM,DKL_ICE_H,1,sell,15.75,156.17,2459.6775,DAM_BLOCK_DKL_ICE_H_1
Low RES,DAM,DKL_ICE_H,2,sell,15.75,156.17,2459.6775,DAM_BLOCK_DKL_ICE_H_1
Low RES,DAM,DKL_ICE_H,3,sell,15.75,156.17,2459.6775,DAM_BLOCK_DKL_ICE_H_1
Low RES,DAM,DKL_ICE_H,4,sell,15.75,156.17,2459.6775,DAM_BLOCK_DKL_ICE_H_1
Low RES,DAM,DKL_ICE_H,5,sell,15.75,156.17,2459.6775,DAM_BLOCK_DKL_ICE_H_1
Low RES,DAM,DKL_ICE_H,6,sell,15.75,156.17,2459.6775,DAM_BLOCK_DKL_ICE_H_1
Low RES,DAM,DKL_ICE_H,7,sell,15.75,130.24,2051.28,DAM_BLOCK_DKL_ICE_H_1
Low RES,DAM,DKL_ICE_H,8,sell,15.75,130.24,2051.28,DAM_BLOCK_DKL_ICE_H_1
Low RES,DAM,DKL_ICE_H,9,sell,15.75,130.24,2051.28,DAM_BLOCK_DKL_ICE_H_1
Low RES,DAM,DKL_ICE_H,10,sell,15.75,130.24,2051.28,DAM_BLOCK_DKL_ICE_H_1
Low RES,DAM,DKL_ICE_H,11,sell,15.75,130.24,2051.28,DAM_BLOCK_DKL_ICE_H_1
Low RES,DAM,DKL_ICE_H,12,sell,15.75,130.24,2051.28,DAM_BLOCK_DKL_ICE_H_1
Low RES,DAM,DKL_ICE_H,13,sell,15.75,156.17,2459.6775,DAM_BLOCK_DKL_ICE_H_13
Low RES,DAM,DKL_ICE_H,14,sell,15.75,156.17,2459.6775,DAM_BLOCK_DKL_ICE_H_13
Low RES,DAM,DKL_ICE_H,15,sell,15.75,156.17,2459.6775,DAM_BLOCK_DKL_ICE_H_13
Low RES,DAM,DKL_ICE_H,16,sell,15.75,156.17,2459.6775,DAM_BLOCK_DKL_ICE_H_13
Low RES,DAM,DKL_ICE_H,17,sell,15.75,130.24,2051.28,DAM_BLOCK_DKL_ICE_H_13
Low RES,DAM,DKL_ICE_H,18,sell,15.75,130.24,2051.28,DAM_BLOCK_DKL_ICE_H_13
Low RES,DAM,DKL_ICE_H,19,sell,15.75,130.24,2051.28,DAM_BLOCK_DKL_ICE_H_13
Low RES,DAM,DKL_ICE_H,20,sell,15.75,130.24,2051.28,DAM_BLOCK_DKL_ICE_H_13
Low RES,DAM,DKL_ICE_H,21,sell,15.75,130.24,2051.28,DAM_BLOCK_DKL_ICE_H_13
Low RES,DAM,DKL_ICE_H,22,sell,15.75,130.24,2051.28,DAM_BLOCK_DKL_ICE_H_13
Low RES,DAM,DKL_ICE_H,23,sell,15.75,130.24,2051.28,DAM_BLOCK_DKL_ICE_H_13
Low RES,DAM,DKL_ICE_H,24,sell,15.75,130.24,2051.28,DAM_BLOCK_DKL_ICE_H_13
Low RES,DAM,DKL_ICE_H,25,sell,15.75,125.3,1973.475,DAM_BLOCK_DKL_ICE_H_25
Low RES,DAM,DKL_ICE_H,26,sell,15.75,125.3,1973.475,DAM_BLOCK_DKL_ICE_H_25
Low RES,DAM,DKL_ICE_H,27,sell,15.75,125.3,1973.475,DAM_BLOCK_DKL_ICE_H_25
Low RES,DAM,DKL_ICE_H,28,sell,15.75,125.3,1973.475,DAM_BLOCK_DKL_ICE_H_25
Low RES,DAM,DKL_ICE_H,29,sell,15.75,130.24,2051.28,DAM_BLOCK_DKL_ICE_H_25
Low RES,DAM,DKL_ICE_H,30,sell,15.75,130.24,2051.28,DAM_BLOCK_DKL_ICE_H_25
Low RES,DAM,DKL_ICE_H,31,sell,15.75,130.24,2051.28,DAM_BLOCK_DKL_ICE_H_25
Low RES,DAM,DKL_ICE_H,32,sell,15.75,130.24,2051.28,DAM_BLOCK_DKL_ICE_H_25
Low RES,DAM,DKL_ICE_H,33,sell,15.75,156.17,2459.6775,DAM_BLOCK_DKL_ICE_H_25
Low RES,DAM,DKL_ICE_H,34,sell,15.75,156.17,2459.6775,DAM_BLOCK_DKL_ICE_H_25
Low RES,DAM,DKL_ICE_H,35,sell,15.75,156.17,2459.6775,DAM_BLOCK_DKL_ICE_H_25
Low RES,DAM,DKL_ICE_H,36,sell,15.75,156.17,2459.6775,DAM_BLOCK_DKL_ICE_H_25
Low RES,DAM,DKL_ICE_H,37,sell,15.75,156.17,2459.6775,DAM_BLOCK_DKL_ICE_H_37
Low RES,DAM,DKL_ICE_H,38,sell,15.75,156.17,2459.6775,DAM_BLOCK_DKL_ICE_H_37
Low RES,DAM,DKL_ICE_H,39,sell,15.75,156.17,2459.6775,DAM_BLOCK_DKL_ICE_H_37
Low RES,DAM,DKL_ICE_H,40,sell,15.75,156.17,2459.6775,DAM_BLOCK_DKL_ICE_H_37
Low RES,DAM,DKL_ICE_H,41,sell,15.75,156.17,2459.6775,DAM_BLOCK_DKL_ICE_H_37
Low RES,DAM,DKL_ICE_H,42,sell,15.75,156.17,2459.6775,DAM_BLOCK_DKL_ICE_H_37
Low RES,DAM,DKL_ICE_H,43,sell,15.75,156.17,2459.6775,DAM_BLOCK_DKL_ICE_H_37
Low RES,DAM,DKL_ICE_H,44,sell,15.75,156.17,2459.6775,DAM_BLOCK_DKL_ICE_H_37
Low RES,DAM,DKL_ICE_H,45,sell,15.75,156.17,2459.6775,DAM_BLOCK_DKL_ICE_H_37
Low RES,DAM,DKL_ICE_H,46,sell,15.75,156.17,2459.6775,DAM_BLOCK_DKL_ICE_H_37
Low RES,DAM,DKL_ICE_H,47,sell,15.75,156.17,2459.6775,DAM_BLOCK_DKL_ICE_H_37
Low RES,DAM,DKL_ICE_H,48,sell,15.75,156.17,2459.6775,DAM_BLOCK_DKL_ICE_H_37
Low RES,DAM,VAS_ST_H,1,sell,58.5,156.17,9135.945,DAM_BLOCK_VAS_ST_H_1
Low RES,DAM,VAS_ST_H,2,sell,58.5,156.17,9135.945,DAM_BLOCK_VAS_ST_H_1
Low RES,DAM,VAS_ST_H,3,sell,58.5,156.17,9135.945,DAM_BLOCK_VAS_ST_H_1
Low RES,DAM,VAS_ST_H,4,sell,58.5,156.17,9135.945,DAM_BLOCK_VAS_ST_H_1
Low RES,DAM,VAS_ST_H,5,sell,58.5,156.17,9135.945,DAM_BLOCK_VAS_ST_H_1
Low RES,DAM,VAS_ST_H,6,sell,58.5,156.17,9135.945,DAM_BLOCK_VAS_ST_H_1
Low RES,DAM,VAS_ST_H,7,sell,58.5,130.24,7619.040000000001,DAM_BLOCK_VAS_ST_H_1
Low RES,DAM,VAS_ST_H,8,sell,58.5,130.24,7619.040000000001,DAM_BLOCK_VAS_ST_H_1
Low RES,DAM,VAS_ST_H,9,sell,58.5,130.24,7619.040000000001,DAM_BLOCK_VAS_ST_H_1
Low RES,DAM,VAS_ST_H,10,sell,58.5,130.24,7619.040000000001,DAM_BLOCK_VAS_ST_H_1
Low RES,DAM,VAS_ST_H,11,sell,58.5,130.24,7619.040000000001,DAM_BLOCK_VAS_ST_H_1
Low RES,DAM,VAS_ST_H,12,sell,58.5,130.24,7619.040000000001,DAM_BLOCK_VAS_ST_H_1
Low RES,DAM,VAS_ST_H,25,sell,58.5,125.3,7330.05,DAM_BLOCK_VAS_ST_H_25
Low RES,DAM,VAS_ST_H,26,sell,58.5,125.3,7330.05,DAM_BLOCK_VAS_ST_H_25
Low RES,DAM,VAS_ST_H,27,sell,58.5,125.3,7330.05,DAM_BLOCK_VAS_ST_H_25
Low RES,DAM,VAS_ST_H,28,sell,58.5,125.3,7330.05,DAM_BLOCK_VAS_ST_H_25
Low RES,DAM,VAS_ST_H,29,sell,58.5,130.24,7619.040000000001,DAM_BLOCK_VAS_ST_H_25
Low RES,DAM,VAS_ST_H,30,sell,58.5,130.24,7619.040000000001,DAM_BLOCK_VAS_ST_H_25
Low RES,DAM,VAS_ST_H,31,sell,58.5,130.24,7619.040000000001,DAM_BLOCK_VAS_ST_H_25
Low RES,DAM,VAS_ST_H,32,sell,58.5,130.24,7619.040000000001,DAM_BLOCK_VAS_ST_H_25
Low RES,DAM,VAS_ST_H,33,sell,58.5,156.17,9135.945,DAM_BLOCK_VAS_ST_H_25
Low RES,DAM,VAS_ST_H,34,sell,58.5,156.17,9135.945,DAM_BLOCK_VAS_ST_H_25
Low RES,DAM,VAS_ST_H,35,sell,58.5,156.17,9135.945,DAM_BLOCK_VAS_ST_H_25
Low RES,DAM,VAS_ST_H,36,sell,58.5,156.17,9135.945,DAM_BLOCK_VAS_ST_H_25
Low RES,DAM,VAS_ST_H,37,sell,58.5,156.17,9135.945,DAM_BLOCK_VAS_ST_H_37
Low RES,DAM,VAS_ST_H,38,sell,58.5,156.17,9135.945,DAM_BLOCK_VAS_ST_H_37
Low RES,DAM,VAS_ST_H,39,sell,58.5,156.17,9135.945,DAM_BLOCK_VAS_ST_H_37
Low RES,DAM,VAS_ST_H,40,sell,58.5,156.17,9135.945,DAM_BLOCK_VAS_ST_H_37
Low RES,DAM,VAS_ST_H,41,sell,58.5,156.17,9135.945,DAM_BLOCK_VAS_ST_H_37
Low RES,DAM,VAS_ST_H,42,sell,58.5,156.17,9135.945,DAM_BLOCK_VAS_ST_H_37
Low RES,DAM,VAS_ST_H,43,sell,58.5,156.17,9135.945,DAM_BLOCK_VAS_ST_H_37
Low RES,DAM,VAS_ST_H,44,sell,58.5,156.17,9135.945,DAM_BLOCK_VAS_ST_H_37
Low RES,DAM,VAS_ST_H,45,sell,58.5,156.17,9135.945,DAM_BLOCK_VAS_ST_H_37
Low RES,DAM,VAS_ST_H,46,sell,58.5,156.17,9135.945,DAM_BLOCK_VAS_ST_H_37
Low RES,DAM,VAS_ST_H,47,sell,58.5,156.17,9135.945,DAM_BLOCK_VAS_ST_H_37
Low RES,DAM,VAS_ST_H,48,sell,58.5,156.17,9135.945,DAM_BLOCK_VAS_ST_H_37
Low RES,IDA1,IND,1,sell,3.2301404,156.17,504.4510262679999,IDA1_IND_1
Low RES,IDA1,COM,1,sell,2.628585,156.17,410.50611944999997,IDA1_COM_1
Low RES,IDA1,RESI,1,sell,6.0880582,156.17,950.772049094,IDA1_RESI_1
Low RES,IDA1,W_C,1,sell,5.3726187,156.17,839.041862379,IDA1_W_C_1
Low RES,IDA1,W_A,1,sell,5.3726187,156.17,839.041862379,IDA1_W_A_1
Low RES,IDA1,VAS_CCGT_D,1,buy,22.692021,156.17,-3543.81291957,IDA1_VAS_CCGT_D_BUYBACK_1
Low RES,IDA1,IND,2,sell,3.2301404,156.17,504.4510262679999,IDA1_IND_2
Low RES,IDA1,COM,2,sell,2.6375994,156.17,411.913898298,IDA1_COM_2
Low RES,IDA1,RESI,2,sell,6.0790397,156.17,949.3636299489999,IDA1_RESI_2
Low RES,IDA1,W_C,2,sell,5.3726187,156.17,839.041862379,IDA1_W_C_2
Low RES,IDA1,W_A,2,sell,5.3726187,156.17,839.041862379,IDA1_W_A_2
Low RES,IDA1,VAS_CCGT_D,2,buy,22.692017,156.17,-3543.8122948899995,IDA1_VAS_CCGT_D_BUYBACK_2
Low RES,IDA1,RESI,3,sell,16.646215,140.553,2339.675456895,IDA1_RESI_3
Low RES,IDA1,W_C,3,sell,2.5205952,140.553,354.2772171456,IDA1_W_C_3
Low RES,IDA1,VAS_CCGT_D,3,buy,19.16681,140.553,-2693.95264593,IDA1_VAS_CCGT_D_BUYBACK_3
Low RES,IDA1,RESI,4,sell,16.586282,140.553,2331.251693946,IDA1_RESI_4
Low RES,IDA1,W_A,4,sell,2.5805278,140.553,362.7009238734,IDA1_W_A_4
Low RES,IDA1,VAS_CCGT_D,4,buy,19.16681,140.553,-2693.95264593,IDA1_VAS_CCGT_D_BUYBACK_4
Low RES,IDA1,W_C,5,sell,1.9524846,140.553,274.4275679838,IDA1_W_C_5
Low RES,IDA1,VAS_CCGT_D,5,buy,1.9524846,140.553,-274.4275679838,IDA1_VAS_CCGT_D_BUYBACK_5
Low RES,IDA1,COM,6,sell,1.9524846,140.553,274.4275679838,IDA1_COM_6
Low RES,IDA1,VAS_CCGT_D,6,buy,1.9524846,140.553,-274.4275679838,IDA1_VAS_CCGT_D_BUYBACK_6
Low RES,IDA1,IND,7,sell,7.8122858,130.24,1017.472102592,IDA1_IND_7
Low RES,IDA1,COM,7,sell,5.4151715,130.24,705.27193616,IDA1_COM_7
Low RES,IDA1,RESI,7,sell,11.31182,130.24,1473.2514368000002,IDA1_RESI_7
Low RES,IDA1,W_C,7,sell,5.0046645,130.24,651.80750448,IDA1_W_C_7
Low RES,IDA1,W_A,7,sell,5.0046644,130.24,651.8074914560001,IDA1_W_A_7
Low RES,IDA1,VAS_ST_H,7,buy,34.548606,130.24,-4499.61044544,IDA1_VAS_ST_H_BUYBACK_7
Low RES,IDA1,IND,8,sell,7.8122858,130.24,1017.472102592,IDA1_IND_8
Low RES,IDA1,COM,8,sell,5.5940016,130.24,728.5627683840002,IDA1_COM_8
Low RES,IDA1,RESI,8,sell,11.132985,130.24,1449.9599664,IDA1_RESI_8
Low RES,IDA1,W_C,8,sell,5.0046645,130.24,651.80750448,IDA1_W_C_8
Low RES,IDA1,W_A,8,sell,5.0046644,130.24,651.8074914560001,IDA1_W_A_8
Low RES,IDA1,VAS_ST_H,8,buy,34.548601,130.24,-4499.60979424,IDA1_VAS_ST_H_BUYBACK_8
Low RES,IDA1,IND,9,sell,5.0731835,130.24,660.73141904,IDA1_IND_9
Low RES,IDA1,COM,9,sell,3.5304852,130.24,459.8103924480001,IDA1_COM_9
Low RES,IDA1,RESI,9,sell,6.5956554,130.24,859.018159296,IDA1_RESI_9
Low RES,IDA1,W_C,9,sell,5.2826564,130.24,688.013169536,IDA1_W_C_9
Low RES,IDA1,W_A,9,sell,5.2826563,130.24,688.013156512,IDA1_W_A_9
Low RES,IDA1,VAS_ST_H,9,buy,25.764637,130.24,-3355.5863228800004,IDA1_VAS_ST_H_BUYBACK_9
Low RES,IDA1,IND,10,sell,5.0731835,130.24,660.73141904,IDA1_IND_10
Low RES,IDA1,COM,10,sell,3.7152683,130.24,483.87654339200003,IDA1_COM_10
Low RES,IDA1,RESI,10,sell,6.4108723,130.24,834.9520083520001,IDA1_RESI_10
Low RES,IDA1,W_C,10,sell,5.2826564,130.24,688.013169536,IDA1_W_C_10
Low RES,IDA1,W_A,10,sell,5.2826563,130.24,688.013156512,IDA1_W_A_10
Low RES,IDA1,VAS_ST_H,10,buy,25.764637,130.24,-3355.5863228800004,IDA1_VAS_ST_H_BUYBACK_10
Low RES,IDA1,IND,11,sell,1.864467,130.24,242.82818208000003,IDA1_IND_11
Low RES,IDA1,COM,11,sell,1.4374865,130.24,187.21824176,IDA1_COM_11
Low RES,IDA1,RESI,11,sell,2.2537687,130.24,293.53083548800004,IDA1_RESI_11
Low RES,IDA1,W_C,11,sell,5.3126438,130.24,691.918728512,IDA1_W_C_11
Low RES,IDA1,W_A,11,sell,5.3126438,130.24,691.918728512,IDA1_W_A_11
Low RES,IDA1,VAS_ST_H,11,buy,16.18101,130.24,-2107.4147424000003,IDA1_VAS_ST_H_BUYBACK_11
Low RES,IDA1,IND,12,sell,1.864467,130.24,242.82818208000003,IDA1_IND_12
Low RES,IDA1,COM,12,sell,1.5360885,130.24,200.06016624,IDA1_COM_12
Low RES,IDA1,RESI,12,sell,2.1551666,130.24,280.688897984,IDA1_RESI_12
Low RES,IDA1,W_C,12,sell,5.3126438,130.24,691.918728512,IDA1_W_C_12
Low RES,IDA1,W_A,12,sell,5.3126438,130.24,691.918728512,IDA1_W_A_12
Low RES,IDA1,VAS_ST_H,12,buy,16.18101,130.24,-2107.4147424000003,IDA1_VAS_ST_H_BUYBACK_12
Low RES,IDA1,IND,13,buy,4.2346326,171.787,-727.4548304562,IDA1_IND_13
Low RES,IDA1,COM,13,buy,3.9022591,171.787,-670.3573840117001,IDA1_COM_13
Low RES,IDA1,RESI,13,buy,4.8372622,171.787,-830.9787615514,IDA1_RESI_13
Low RES,IDA1,W_C,13,sell,4.5969971,171.787,789.7043408177001,IDA1_W_C_13
Low RES,IDA1,W_A,13,sell,4.5969971,171.787,789.7043408177001,IDA1_W_A_13
Low RES,IDA1,DKL_ST_H,13,sell,3.7801598,171.787,649.3823115626,IDA1_DKL_ST_H_UP_13
Low RES,IDA1,IND,14,buy,4.2346326,171.787,-727.4548304562,IDA1_IND_14
Low RES,IDA1,COM,14,buy,4.1913631,171.787,-720.0216928597,IDA1_COM_14
Low RES,IDA1,RESI,14,buy,4.5481583,171.787,-781.3144698821,IDA1_RESI_14
Low RES,IDA1,W_C,14,sell,4.5969971,171.787,789.7043408177001,IDA1_W_C_14
Low RES,IDA1,W_A,14,sell,4.5969971,171.787,789.7043408177001,IDA1_W_A_14
Low RES,IDA1,VAS_GT_D,14,sell,3.7801598,171.787,649.3823115626,IDA1_VAS_GT_D_UP_14
Low RES,IDA1,IND,15,buy,12.545685,171.787,-2155.185589095,IDA1_IND_15
Low RES,IDA1,COM,15,buy,12.633233,171.787,-2170.2251973710004,IDA1_COM_15
Low RES,IDA1,RESI,15,buy,11.937953,171.787,-2050.7851320110003,IDA1_RESI_15
Low RES,IDA1,W_C,15,sell,3.8732456,171.787,665.3732418872,IDA1_W_C_15
Low RES,IDA1,W_A,15,sell,3.8732456,171.787,665.3732418872,IDA1_W_A_15
Low RES,IDA1,VAS_CCGT_D,15,sell,29.37038,171.787,5045.44946906,IDA1_VAS_CCGT_D_UP_15
Low RES,IDA1,IND,16,buy,12.545685,171.787,-2155.185589095,IDA1_IND_16
Low RES,IDA1,COM,16,buy,13.485467,171.787,-2316.627919529,IDA1_COM_16
Low RES,IDA1,RESI,16,buy,11.08572,171.787,-1904.3825816400001,IDA1_RESI_16
Low RES,IDA1,W_C,16,sell,3.8732456,171.787,665.3732418872,IDA1_W_C_16
Low RES,IDA1,W_A,16,sell,3.8732456,171.787,665.3732418872,IDA1_W_A_16
Low RES,IDA1,DKL_ST_H,16,sell,29.37038,171.787,5045.44946906,IDA1_DKL_ST_H_UP_16
Low RES,IDA1,IND,17,buy,18.307633,143.264,-2622.824734112,IDA1_IND_17
Low RES,IDA1,COM,17,buy,18.72909,143.264,-2683.2043497600002,IDA1_COM_17
Low RES,IDA1,RESI,17,buy,13.432545,143.264,-1924.40012688,IDA1_RESI_17
Low RES,IDA1,W_C,17,sell,3.3205037,143.264,475.70864207680006,IDA1_W_C_17
Low RES,IDA1,W_A,17,sell,3.3205037,143.264,475.70864207680006,IDA1_W_A_17
Low RES,IDA1,VAS_ST_H,17,sell,43.828261,143.264,6279.011983904,IDA1_VAS_ST_H_UP_17
Low RES,IDA1,IND,18,buy,18.307633,143.264,-2622.824734112,IDA1_IND_18
Low RES,IDA1,COM,18,buy,19.733782,143.264,-2827.1405444480006,IDA1_COM_18
Low RES,IDA1,RESI,18,buy,12.427855,143.264,-1780.46421872,IDA1_RESI_18
Low RES,IDA1,W_C,18,sell,3.3205037,143.264,475.70864207680006,IDA1_W_C_18
Low RES,IDA1,W_A,18,sell,3.3205037,143.264,475.70864207680006,IDA1_W_A_18
Low RES,IDA1,VAS_CCGT_D,18,sell,43.828262,143.264,6279.012127168001,IDA1_VAS_CCGT_D_UP_18
Low RES,IDA1,IND,19,buy,24.293034,143.264,-3480.3172229760003,IDA1_IND_19
Low RES,IDA1,COM,19,buy,20.342526,143.264,-2914.3516448640003,IDA1_COM_19
Low RES,IDA1,RESI,19,buy,11.357441,143.264,-1627.112427424,IDA1_RESI_19
Low RES,IDA1,W_C,19,sell,2.572438,143.264,368.537757632,IDA1_W_C_19
Low RES,IDA1,W_A,19,sell,2.572438,143.264,368.537757632,IDA1_W_A_19
Low RES,IDA1,DKL_ST_H,19,sell,50.848125,143.264,7284.705780000001,IDA1_DKL_ST_H_UP_19
Low RES,IDA1,IND,20,buy,24.293034,143.264,-3480.3172229760003,IDA1_IND_20
Low RES,IDA1,COM,20,buy,21.118465,143.264,-3025.5157697600002,IDA1_COM_20
Low RES,IDA1,RESI,20,buy,10.581502,143.264,-1515.948302528,IDA1_RESI_20
Low RES,IDA1,W_C,20,sell,2.572438,143.264,368.537757632,IDA1_W_C_20
Low RES,IDA1,W_A,20,sell,2.572438,143.264,368.537757632,IDA1_W_A_20
Low RES,IDA1,DKL_ST_H,20,sell,50.848125,143.264,7284.705780000001,IDA1_DKL_ST_H_UP_20
Low RES,IDA1,IND,21,buy,14.703424,143.264,-2106.4713359360003,IDA1_IND_21
Low RES,IDA1,COM,21,buy,12.190751,143.264,-1746.495751264,IDA1_COM_21
Low RES,IDA1,RESI,21,buy,5.5628335,143.264,-796.9537785440001,IDA1_RESI_21
Low RES,IDA1,W_C,21,sell,1.6801084,143.264,240.6990498176,IDA1_W_C_21
Low RES,IDA1,W_A,21,sell,1.6801084,143.264,240.6990498176,IDA1_W_A_21
Low RES,IDA1,VAS_ST_H,21,sell,29.096791,143.264,4168.522665824,IDA1_VAS_ST_H_UP_21
Low RES,IDA1,IND,22,buy,14.703424,143.264,-2106.4713359360003,IDA1_IND_22
Low RES,IDA1,COM,22,buy,12.479028,143.264,-1787.795467392,IDA1_COM_22
Low RES,IDA1,RESI,22,buy,5.274557,143.264,-755.6541340480001,IDA1_RESI_22
Low RES,IDA1,W_C,22,sell,1.6801084,143.264,240.6990498176,IDA1_W_C_22
Low RES,IDA1,W_A,22,sell,1.6801084,143.264,240.6990498176,IDA1_W_A_22
Low RES,IDA1,VAS_CCGT_D,22,sell,29.096791,143.264,4168.522665824,IDA1_VAS_CCGT_D_UP_22
Low RES,IDA1,IND,23,buy,7.0033424,143.264,-1003.3268455936001,IDA1_IND_23
Low RES,IDA1,COM,23,buy,5.9323883,143.264,-849.8976774112001,IDA1_COM_23
Low RES,IDA1,RESI,23,buy,2.3676217,143.264,-339.19495522880004,IDA1_RESI_23
Low RES,IDA1,W_C,23,sell,0.87612022,143.264,125.51648719808001,IDA1_W_C_23
Low RES,IDA1,W_A,23,sell,0.87612022,143.264,125.51648719808001,IDA1_W_A_23
Low RES,IDA1,VAS_GT_D,23,sell,13.551112,143.264,1941.386509568,IDA1_VAS_GT_D_UP_23
Low RES,IDA1,IND,24,buy,7.0033424,143.264,-1003.3268455936001,IDA1_IND_24
Low RES,IDA1,COM,24,buy,5.9926261,143.264,-858.5275855904,IDA1_COM_24
Low RES,IDA1,RESI,24,buy,2.307383,143.264,-330.56491811200004,IDA1_RESI_24
Low RES,IDA1,W_C,24,sell,0.87612022,143.264,125.51648719808001,IDA1_W_C_24
Low RES,IDA1,W_A,24,sell,0.87612022,143.264,125.51648719808001,IDA1_W_A_24
Low RES,IDA1,VAS_GT_D,24,sell,13.551111,143.264,1941.3863663040001,IDA1_VAS_GT_D_UP_24
Low RES,IDA1,IND,25,buy,3.5204011,137.83,-485.21688361300005,IDA1_IND_25
Low RES,IDA1,COM,25,buy,3.1942489,137.83,-440.263325887,IDA1_COM_25
Low RES,IDA1,RESI,25,buy,1.215245,137.83,-167.49721835,IDA1_RESI_25
Low RES,IDA1,W_C,25,sell,0.5405848,137.83,74.508802984,IDA1_W_C_25
Low RES,IDA1,W_A,25,sell,0.54058481,137.83,74.50880436230001,IDA1_W_A_25
Low RES,IDA1,VAS_GT_D,25,sell,6.8487254,137.83,943.9598218820001,IDA1_VAS_GT_D_UP_25
Low RES,IDA1,IND,26,buy,3.5204011,137.83,-485.21688361300005,IDA1_IND_26
Low RES,IDA1,COM,26,buy,3.1817103,137.83,-438.53513064900005,IDA1_COM_26
Low RES,IDA1,RESI,26,buy,1.2277826,137.83,-169.225275758,IDA1_RESI_26
Low RES,IDA1,W_C,26,sell,0.5405848,137.83,74.508802984,IDA1_W_C_26
Low RES,IDA1,W_A,26,sell,0.54058481,137.83,74.50880436230001,IDA1_W_A_26
Low RES,IDA1,VAS_CCGT_D,26,sell,6.8487244,137.83,943.9596840520001,IDA1_VAS_CCGT_D_UP_26
Low RES,IDA1,IND,27,buy,8.0087732,137.83,-1103.849210156,IDA1_IND_27
Low RES,IDA1,COM,27,buy,7.2157386,137.83,-994.5452512380001,IDA1_COM_27
Low RES,IDA1,RESI,27,buy,2.9049516,137.83,-400.38947902800004,IDA1_RESI_27
Low RES,IDA1,W_C,27,sell,0.52437538,137.83,72.2746586254,IDA1_W_C_27
Low RES,IDA1,W_A,27,sell,0.52437538,137.83,72.2746586254,IDA1_W_A_27
Low RES,IDA1,DKL_ST_H,27,sell,17.080713,137.83,2354.2346727900003,IDA1_DKL_ST_H_UP_27
Low RES,IDA1,IND,28,buy,8.0087732,137.83,-1103.849210156,IDA1_IND_28
Low RES,IDA1,COM,28,buy,7.0648063,137.83,-973.742252329,IDA1_COM_28
Low RES,IDA1,RESI,28,buy,3.0558838,137.83,-421.19246415400005,IDA1_RESI_28
Low RES,IDA1,W_C,28,sell,0.52437538,137.83,72.2746586254,IDA1_W_C_28
Low RES,IDA1,W_A,28,sell,0.52437538,137.83,72.2746586254,IDA1_W_A_28
Low RES,IDA1,DKL_ST_H,28,sell,17.080713,137.83,2354.2346727900003,IDA1_DKL_ST_H_UP_28
Low RES,IDA1,IND,29,buy,12.280164,143.264,-1759.305415296,IDA1_IND_29
Low RES,IDA1,COM,29,buy,12.00426,143.264,-1719.7783046400002,IDA1_COM_29
Low RES,IDA1,RESI,29,buy,5.7464566,143.264,-823.2603583424001,IDA1_RESI_29
Low RES,IDA1,W_C,29,sell,0.51140781,143.264,73.26632849184001,IDA1_W_C_29
Low RES,IDA1,W_A,29,sell,0.51140781,143.264,73.26632849184001,IDA1_W_A_29
Low RES,IDA1,DKL_ST_H,29,sell,29.008065,143.264,4155.81142416,IDA1_DKL_ST_H_UP_29
Low RES,IDA1,IND,30,buy,12.280164,143.264,-1759.305415296,IDA1_IND_30
Low RES,IDA1,COM,30,buy,11.489091,143.264,-1645.9731330240002,IDA1_COM_30
Low RES,IDA1,RESI,30,buy,6.2616266,143.264,-897.0656732224,IDA1_RESI_30
Low RES,IDA1,W_C,30,sell,0.51140781,143.264,73.26632849184001,IDA1_W_C_30
Low RES,IDA1,W_A,30,sell,0.51140781,143.264,73.26632849184001,IDA1_W_A_30
Low RES,IDA1,VAS_ST_H,30,sell,29.008066,143.264,4155.811567424,IDA1_VAS_ST_H_UP_30
Low RES,IDA1,IND,31,buy,12.342321,143.264,-1768.2102757440002,IDA1_IND_31
Low RES,IDA1,COM,31,buy,14.456672,143.264,-2071.120657408,IDA1_COM_31
Low RES,IDA1,RESI,31,buy,9.2030817,143.264,-1318.4702966688,IDA1_RESI_31
Low RES,IDA1,W_C,31,sell,0.41820354,143.264,59.91351195456,IDA1_W_C_31
Low RES,IDA1,W_A,31,sell,0.41820354,143.264,59.91351195456,IDA1_W_A_31
Low RES,IDA1,VAS_CCGT_D,31,sell,16.165668,143.264,2315.9582603520003,IDA1_VAS_CCGT_D_UP_31
Low RES,IDA1,VAS_GT_D,31,sell,19.0,143.264,2722.016,IDA1_VAS_GT_D_UP_31
Low RES,IDA1,IND,32,buy,12.342321,143.264,-1768.2102757440002,IDA1_IND_32
Low RES,IDA1,COM,32,buy,13.444451,143.264,-1926.1058280640002,IDA1_COM_32
Low RES,IDA1,RESI,32,buy,10.215302,143.264,-1463.485025728,IDA1_RESI_32
Low RES,IDA1,W_C,32,sell,0.41820354,143.264,59.91351195456,IDA1_W_C_32
Low RES,IDA1,W_A,32,sell,0.41820354,143.264,59.91351195456,IDA1_W_A_32
Low RES,IDA1,VAS_CCGT_D,32,sell,35.165667,143.264,5037.974117088001,IDA1_VAS_CCGT_D_UP_32
Low RES,IDA1,IND,33,buy,9.8718226,171.787,-1695.8507889862,IDA1_IND_33
Low RES,IDA1,COM,33,buy,12.834062,171.787,-2204.725008794,IDA1_COM_33
Low RES,IDA1,RESI,33,buy,11.834094,171.787,-2032.943505978,IDA1_RESI_33
Low RES,IDA1,W_C,33,sell,0.10941372,171.787,18.79585471764,IDA1_W_C_33
Low RES,IDA1,W_A,33,sell,0.10941372,171.787,18.79585471764,IDA1_W_A_33
Low RES,IDA1,VAS_CCGT_D,33,sell,34.321151,171.787,5895.927566837,IDA1_VAS_CCGT_D_UP_33
Low RES,IDA1,IND,34,buy,9.8718226,171.787,-1695.8507889862,IDA1_IND_34
Low RES,IDA1,COM,34,buy,11.573208,171.787,-1988.126682696,IDA1_COM_34
Low RES,IDA1,RESI,34,buy,13.094948,171.787,-2249.541832076,IDA1_RESI_34
Low RES,IDA1,W_C,34,sell,0.10941372,171.787,18.79585471764,IDA1_W_C_34
Low RES,IDA1,W_A,34,sell,0.10941372,171.787,18.79585471764,IDA1_W_A_34
Low RES,IDA1,DKL_ST_H,34,sell,34.321151,171.787,5895.927566837,IDA1_DKL_ST_H_UP_34
Low RES,IDA1,IND,35,buy,9.7063948,171.787,-1667.4324435076,IDA1_IND_35
Low RES,IDA1,COM,35,buy,12.923836,171.787,-2220.147014932,IDA1_COM_35
Low RES,IDA1,RESI,35,buy,18.039725,171.787,-3098.990238575,IDA1_RESI_35
Low RES,IDA1,W_C,35,sell,0.021072253,171.787,3.619939126111,IDA1_W_C_35
Low RES,IDA1,W_A,35,sell,0.021072257,171.787,3.619939813259,IDA1_W_A_35
Low RES,IDA1,DKL_ST_H,35,sell,40.627811,171.787,6979.329768257,IDA1_DKL_ST_H_UP_35
Low RES,IDA1,IND,36,buy,9.7063948,171.787,-1667.4324435076,IDA1_IND_36
Low RES,IDA1,COM,36,buy,11.378987,171.787,-1954.7620397690002,IDA1_COM_36
Low RES,IDA1,RESI,36,buy,19.584571,171.787,-3364.374698377,IDA1_RESI_36
Low RES,IDA1,W_C,36,sell,0.021072253,171.787,3.619939126111,IDA1_W_C_36
Low RES,IDA1,W_A,36,sell,0.021072257,171.787,3.619939813259,IDA1_W_A_36
Low RES,IDA1,VAS_CCGT_D,36,sell,40.627808,171.787,6979.329252896001,IDA1_VAS_CCGT_D_UP_36
Low RES,IDA1,IND,37,buy,7.4372434,171.787,-1277.6217319558,IDA1_IND_37
Low RES,IDA1,COM,37,buy,8.712109,171.787,-1496.6270687830001,IDA1_COM_37
Low RES,IDA1,RESI,37,buy,18.373183,171.787,-3156.273988021,IDA1_RESI_37
Low RES,IDA1,W_C,37,sell,0.23017404,171.787,39.540907809480004,IDA1_W_C_37
Low RES,IDA1,W_A,37,sell,0.23017404,171.787,39.540907809480004,IDA1_W_A_37
Low RES,IDA1,VAS_CCGT_D,37,sell,34.062187,171.787,5851.440918169001,IDA1_VAS_CCGT_D_UP_37
Low RES,IDA1,IND,38,buy,7.4372434,171.787,-1277.6217319558,IDA1_IND_38
Low RES,IDA1,COM,38,buy,7.6223214,171.787,-1309.4157263417999,IDA1_COM_38
Low RES,IDA1,RESI,38,buy,19.462962,171.787,-3343.483853094,IDA1_RESI_38
Low RES,IDA1,W_C,38,sell,0.23017404,171.787,39.540907809480004,IDA1_W_C_38
Low RES,IDA1,W_A,38,sell,0.23017404,171.787,39.540907809480004,IDA1_W_A_38
Low RES,IDA1,VAS_CCGT_D,38,sell,34.062179,171.787,5851.439543873001,IDA1_VAS_CCGT_D_UP_38
Low RES,IDA1,IND,39,buy,5.4594248,171.787,-937.8582081176,IDA1_IND_39
Low RES,IDA1,COM,39,buy,5.1161844,171.787,-878.8939695228,IDA1_COM_39
Low RES,IDA1,RESI,39,buy,15.543126,171.787,-2670.1069861620003,IDA1_RESI_39
Low RES,IDA1,W_C,39,sell,0.14183257,171.787,24.36499170259,IDA1_W_C_39
Low RES,IDA1,W_A,39,sell,0.14183257,171.787,24.36499170259,IDA1_W_A_39
Low RES,IDA1,VAS_CCGT_D,39,sell,25.83507,171.787,4438.12917009,IDA1_VAS_CCGT_D_UP_39
Low RES,IDA1,IND,40,buy,5.4594248,171.787,-937.8582081176,IDA1_IND_40
Low RES,IDA1,COM,40,buy,4.5569624,171.787,-782.8268998088,IDA1_COM_40
Low RES,IDA1,RESI,40,buy,16.102349,171.787,-2766.1742276630002,IDA1_RESI_40
Low RES,IDA1,W_C,40,sell,0.14183257,171.787,24.36499170259,IDA1_W_C_40
Low RES,IDA1,W_A,40,sell,0.14183257,171.787,24.36499170259,IDA1_W_A_40
Low RES,IDA1,VAS_CCGT_D,40,sell,25.835071,171.787,4438.129341877,IDA1_VAS_CCGT_D_UP_40
Low RES,IDA1,IND,41,buy,3.6733862,171.787,-631.0399951394,IDA1_IND_41
Low RES,IDA1,COM,41,buy,2.7833791,171.787,-478.1483454517,IDA1_COM_41
Low RES,IDA1,RESI,41,buy,11.13215,171.787,-1912.35865205,IDA1_RESI_41
Low RES,IDA1,W_C,41,sell,0.081857669,171.787,14.062083384503,IDA1_W_C_41
Low RES,IDA1,W_A,41,sell,0.081857667,171.787,14.062083040929,IDA1_W_A_41
Low RES,IDA1,VAS_CCGT_D,41,sell,17.4252,171.787,2993.4228324,IDA1_VAS_CCGT_D_UP_41
Low RES,IDA1,IND,42,buy,3.6733862,171.787,-631.0399951394,IDA1_IND_42
Low RES,IDA1,COM,42,buy,2.5817541,171.787,-443.51179157670003,IDA1_COM_42
Low RES,IDA1,RESI,42,buy,11.333776,171.787,-1946.9953777120002,IDA1_RESI_42
Low RES,IDA1,W_C,42,sell,0.081857669,171.787,14.062083384503,IDA1_W_C_42
Low RES,IDA1,W_A,42,sell,0.081857667,171.787,14.062083040929,IDA1_W_A_42
Low RES,IDA1,VAS_GT_D,42,sell,17.425201,171.787,2993.4230041870005,IDA1_VAS_GT_D_UP_42
Low RES,IDA1,IND,43,buy,2.6188397,171.787,-449.88261554390004,IDA1_IND_43
Low RES,IDA1,COM,43,buy,1.6853341,171.787,-289.5184890367,IDA1_COM_43
Low RES,IDA1,RESI,43,buy,7.8598464,171.787,-1350.2194335168,IDA1_RESI_43
Low RES,IDA1,W_C,43,sell,0.23665784,171.787,40.654740360080005,IDA1_W_C_43
Low RES,IDA1,W_A,43,sell,0.23665784,171.787,40.654740360080005,IDA1_W_A_43
Low RES,IDA1,VAS_CCGT_D,43,sell,11.690705,171.787,2008.311139835,IDA1_VAS_CCGT_D_UP_43
Low RES,IDA1,IND,44,buy,2.6188397,171.787,-449.88261554390004,IDA1_IND_44
Low RES,IDA1,COM,44,buy,1.6471704,171.787,-282.9624615048,IDA1_COM_44
Low RES,IDA1,RESI,44,buy,7.8980061,171.787,-1356.7747739007,IDA1_RESI_44
Low RES,IDA1,W_C,44,sell,0.23665784,171.787,40.654740360080005,IDA1_W_C_44
Low RES,IDA1,W_A,44,sell,0.23665784,171.787,40.654740360080005,IDA1_W_A_44
Low RES,IDA1,VAS_GT_D,44,sell,11.690701,171.787,2008.3104526870002,IDA1_VAS_GT_D_UP_44
Low RES,IDA1,IND,45,buy,1.9597481,171.787,-336.65924685470003,IDA1_IND_45
Low RES,IDA1,COM,45,buy,1.131071,171.787,-194.303293877,IDA1_COM_45
Low RES,IDA1,RESI,45,buy,5.4065882,171.787,-928.7815671134,IDA1_RESI_45
Low RES,IDA1,W_C,45,sell,0.32905162,171.787,56.52679064494,IDA1_W_C_45
Low RES,IDA1,W_A,45,sell,0.32905162,171.787,56.52679064494,IDA1_W_A_45
Low RES,IDA1,DKL_ST_H,45,sell,7.8393041,171.787,1346.6905334267,IDA1_DKL_ST_H_UP_45
Low RES,IDA1,IND,46,buy,1.9597481,171.787,-336.65924685470003,IDA1_IND_46
Low RES,IDA1,COM,46,buy,1.1596719,171.787,-199.2165566853,IDA1_COM_46
Low RES,IDA1,RESI,46,buy,5.3779893,171.787,-923.8686478791001,IDA1_RESI_46
Low RES,IDA1,W_C,46,sell,0.32905162,171.787,56.52679064494,IDA1_W_C_46
Low RES,IDA1,W_A,46,sell,0.32905162,171.787,56.52679064494,IDA1_W_A_46
Low RES,IDA1,VAS_GT_D,46,sell,7.8393061,171.787,1346.6908770007,IDA1_VAS_GT_D_UP_46
Low RES,IDA1,IND,47,buy,1.150023,171.787,-197.559001101,IDA1_IND_47
Low RES,IDA1,COM,47,buy,0.62641887,171.787,-107.61061842069,IDA1_COM_47
Low RES,IDA1,RESI,47,buy,2.7567093,171.787,-473.56682051909996,IDA1_RESI_47
Low RES,IDA1,W_C,47,sell,0.46115856,171.787,79.22104554672,IDA1_W_C_47
Low RES,IDA1,W_A,47,sell,0.46115856,171.787,79.22104554672,IDA1_W_A_47
Low RES,IDA1,VAS_CCGT_D,47,sell,3.610834,171.787,620.294340358,IDA1_VAS_CCGT_D_UP_47
Low RES,IDA1,IND,48,buy,1.150023,171.787,-197.559001101,IDA1_IND_48
Low RES,IDA1,COM,48,buy,0.6621858,171.787,-113.75491202460002,IDA1_COM_48
Low RES,IDA1,RESI,48,buy,2.7209393,171.787,-467.4219995291,IDA1_RESI_48
Low RES,IDA1,W_C,48,sell,0.46115856,171.787,79.22104554672,IDA1_W_C_48
Low RES,IDA1,W_A,48,sell,0.46115856,171.787,79.22104554672,IDA1_W_A_48
Low RES,IDA1,VAS_CCGT_D,48,sell,3.610831,171.787,620.293824997,IDA1_VAS_CCGT_D_UP_48
Low RES,IDA2,IND,1,buy,0.80753515,171.787,-138.72404081305,IDA2_IND_1
Low RES,IDA2,COM,1,buy,0.65714632,171.787,-112.88919487384,IDA2_COM_1
Low RES,IDA2,RESI,1,buy,1.5220145,171.787,-261.46230491150004,IDA2_RESI_1
Low RES,IDA2,VAS_GT_D,1,sell,2.9866959,171.787,513.0755285733001,IDA2_VAS_GT_D_UP_1
Low RES,IDA2,IND,2,buy,0.80753515,171.787,-138.72404081305,IDA2_IND_2
Low RES,IDA2,COM,2,buy,0.65939977,171.787,-113.27630828899001,IDA2_COM_2
Low RES,IDA2,RESI,2,buy,1.5197609,171.787,-261.0751657283,IDA2_RESI_2
Low RES,IDA2,VAS_GT_D,2,sell,2.9866958,171.787,513.0755113946001,IDA2_VAS_GT_D_UP_2
Low RES,IDA2,RESI,3,buy,4.1615543,140.553,-584.9189415279,IDA2_RESI_3
Low RES,IDA2,W_A,3,sell,4.1615543,140.553,584.9189415279,IDA2_W_A_3
Low RES,IDA2,COM,4,sell,4.1465706,140.553,582.8129375418,IDA2_COM_4
Low RES,IDA2,RESI,4,buy,4.1465706,140.553,-582.8129375418,IDA2_RESI_4
Low RES,IDA2,IND,7,buy,1.9530714,143.264,-279.80482104960004,IDA2_IND_7
Low RES,IDA2,COM,7,buy,1.3537929,143.264,-193.94978602560002,IDA2_COM_7
Low RES,IDA2,RESI,7,buy,2.8279537,143.264,-405.14395887680007,IDA2_RESI_7
Low RES,IDA2,VAS_ST_H,7,sell,6.1348181,143.264,878.8985802784001,IDA2_VAS_ST_H_UP_7
Low RES,IDA2,IND,8,buy,1.9530714,143.264,-279.80482104960004,IDA2_IND_8
Low RES,IDA2,COM,8,buy,1.3985005,143.264,-200.354775632,IDA2_COM_8
Low RES,IDA2,RESI,8,buy,2.7832463,143.264,-398.73899792320003,IDA2_RESI_8
Low RES,IDA2,VAS_CCGT_D,8,sell,6.1348182,143.264,878.8985946048,IDA2_VAS_CCGT_D_UP_8
Low RES,IDA2,IND,9,buy,1.2682958,143.264,-181.70112949120002,IDA2_IND_9
Low RES,IDA2,COM,9,buy,0.88262134,143.264,-126.44786365376001,IDA2_COM_9
Low RES,IDA2,RESI,9,buy,1.6489138,143.264,-236.22998664320002,IDA2_RESI_9
Low RES,IDA2,DKL_ST_H,9,sell,3.7998309,143.264,544.3789740576,IDA2_DKL_ST_H_UP_9
Low RES,IDA2,IND,10,buy,1.2682958,143.264,-181.70112949120002,IDA2_IND_10
Low RES,IDA2,COM,10,buy,0.92881704,143.264,-133.06604441856,IDA2_COM_10
Low RES,IDA2,RESI,10,buy,1.6027181,143.264,-229.6118058784,IDA2_RESI_10
Low RES,IDA2,VAS_GT_D,10,sell,3.7998309,143.264,544.3789740576,IDA2_VAS_GT_D_UP_10
Low RES,IDA2,IND,11,buy,0.46611686,143.264,-66.77776583104001,IDA2_IND_11
Low RES,IDA2,COM,11,buy,0.35937157,143.264,-51.48500860448,IDA2_COM_11
Low RES,IDA2,RESI,11,buy,0.56344222,143.264,-80.72098620608,IDA2_RESI_11
Low RES,IDA2,VAS_CCGT_D,11,sell,1.3889306,143.264,198.9837534784,IDA2_VAS_CCGT_D_UP_11
Low RES,IDA2,IND,12,buy,0.46611686,143.264,-66.77776583104001,IDA2_IND_12
Low RES,IDA2,COM,12,buy,0.38402202,143.264,-55.01653067328001,IDA2_COM_12
Low RES,IDA2,RESI,12,buy,0.53879167,143.264,-77.18944981087999,IDA2_RESI_12
Low RES,IDA2,VAS_GT_D,12,sell,1.3889305,143.264,198.98373915200003,IDA2_VAS_GT_D_UP_12
Low RES,IDA2,IND,13,sell,1.0586581,156.19,165.35180863899998,IDA2_IND_13
Low RES,IDA2,COM,13,sell,0.97556469,156.19,152.3734489311,IDA2_COM_13
Low RES,IDA2,RESI,13,sell,1.2093155,156.19,188.882987945,IDA2_RESI_13
Low RES,IDA2,W_C,13,buy,1.1492493,156.19,-179.50124816699997,IDA2_W_C_13
Low RES,IDA2,W_A,13,buy,1.1492493,156.19,-179.50124816699997,IDA2_W_A_13
Low RES,IDA2,DKL_ST_H,13,buy,0.94503973,156.19,-147.60575542869998,IDA2_DKL_ST_H_BUYBACK_13
Low RES,IDA2,IND,14,sell,1.0586581,171.787,181.8636990247,IDA2_IND_14
Low RES,IDA2,COM,14,sell,1.0478407,171.787,180.00541033090002,IDA2_COM_14
Low RES,IDA2,RESI,14,sell,1.1370396,171.787,195.3286217652,IDA2_RESI_14
Low RES,IDA2,VAS_ST_H,14,sell,0.5366214,171.787,92.18458044180001,IDA2_VAS_ST_H_UP_14
Low RES,IDA2,VAS_GT_D,14,buy,3.7801598,171.787,-649.3823115626,IDA2_VAS_GT_D_BUYBACK_14
Low RES,IDA2,IND,15,sell,3.1364214,156.17,489.814930038,IDA2_IND_15
Low RES,IDA2,COM,15,sell,3.158308,156.17,493.23296035999994,IDA2_COM_15
Low RES,IDA2,RESI,15,sell,2.9844882,156.17,466.087522194,IDA2_RESI_15
Low RES,IDA2,PV_C,15,buy,0.46649825,156.17,-72.85303170249999,IDA2_PV_C_15
Low RES,IDA2,PV_A,15,buy,0.46649825,156.17,-72.85303170249999,IDA2_PV_A_15
Low RES,IDA2,W_C,15,buy,0.96831143,156.17,-151.2211960231,IDA2_W_C_15
Low RES,IDA2,W_A,15,buy,0.96831143,156.17,-151.2211960231,IDA2_W_A_15
Low RES,IDA2,VAS_CCGT_D,15,buy,6.4095983,156.17,-1000.9869665109999,IDA2_VAS_CCGT_D_BUYBACK_15
Low RES,IDA2,IND,16,sell,3.1364214,156.19,489.877658466,IDA2_IND_16
Low RES,IDA2,COM,16,sell,3.3713669,156.19,526.573796111,IDA2_COM_16
Low RES,IDA2,RESI,16,sell,2.7714304,156.19,432.86971417599995,IDA2_RESI_16
Low RES,IDA2,PV_C,16,buy,0.46649825,156.19,-72.8623616675,IDA2_PV_C_16
Low RES,IDA2,PV_A,16,buy,0.46649825,156.19,-72.8623616675,IDA2_PV_A_16
Low RES,IDA2,W_C,16,buy,0.96831143,156.19,-151.2405622517,IDA2_W_C_16
Low RES,IDA2,W_A,16,buy,0.96831143,156.19,-151.2405622517,IDA2_W_A_16
Low RES,IDA2,DKL_ST_H,16,buy,6.4095993,156.19,-1001.115314667,IDA2_DKL_ST_H_BUYBACK_16
Low RES,IDA2,IND,17,sell,4.5769083,130.24,596.0965369920001,IDA2_IND_17
Low RES,IDA2,COM,17,sell,4.6822723,130.24,609.8191443520001,IDA2_COM_17
Low RES,IDA2,RESI,17,sell,3.358136,130.24,437.36363264000005,IDA2_RESI_17
Low RES,IDA2,PV_C,17,buy,1.0576476,130.24,-137.748023424,IDA2_PV_C_17
Low RES,IDA2,PV_A,17,buy,1.0576479,130.24,-137.74806249600002,IDA2_PV_A_17
Low RES,IDA2,W_C,17,buy,0.83012594,130.24,-108.1156024256,IDA2_W_C_17
Low RES,IDA2,W_A,17,buy,0.83012594,130.24,-108.1156024256,IDA2_W_A_17
Low RES,IDA2,VAS_ST_H,17,buy,8.8417693,130.24,-1151.552033632,IDA2_VAS_ST_H_BUYBACK_17
Low RES,IDA2,IND,18,sell,4.5769083,143.264,655.7061906912,IDA2_IND_18
Low RES,IDA2,COM,18,sell,4.9334456,143.264,706.7851504384,IDA2_COM_18
Low RES,IDA2,RESI,18,sell,3.1069637,143.264,445.11604751680005,IDA2_RESI_18
Low RES,IDA2,VAS_ST_H,18,sell,31.210944,143.264,4471.404681216,IDA2_VAS_ST_H_UP_18
Low RES,IDA2,VAS_CCGT_D,18,buy,43.828262,143.264,-6279.012127168001,IDA2_VAS_CCGT_D_BUYBACK_18
Low RES,IDA2,IND,19,sell,6.0732585,143.264,870.0793057440001,IDA2_IND_19
Low RES,IDA2,COM,19,sell,5.0856312,143.264,728.5878682368001,IDA2_COM_19
Low RES,IDA2,RESI,19,sell,2.8393603,143.264,406.7781140192,IDA2_RESI_19
Low RES,IDA2,VAS_ST_H,19,sell,36.849875,143.264,5279.260492,IDA2_VAS_ST_H_UP_19
Low RES,IDA2,DKL_ST_H,19,buy,50.848125,143.264,-7284.705780000001,IDA2_DKL_ST_H_BUYBACK_19
Low RES,IDA2,IND,20,sell,6.0732585,143.264,870.0793057440001,IDA2_IND_20
Low RES,IDA2,COM,20,sell,5.2796161,143.264,756.3789209504001,IDA2_COM_20
Low RES,IDA2,RESI,20,sell,2.6453754,143.264,378.9870613056,IDA2_RESI_20
Low RES,IDA2,VAS_ST_H,20,sell,36.849875,143.264,5279.260492,IDA2_VAS_ST_H_UP_20
Low RES,IDA2,DKL_ST_H,20,buy,50.848125,143.264,-7284.705780000001,IDA2_DKL_ST_H_BUYBACK_20
Low RES,IDA2,IND,21,sell,3.6758562,130.24,478.743511488,IDA2_IND_21
Low RES,IDA2,COM,21,sell,3.0476878,130.24,396.93085907200003,IDA2_COM_21
Low RES,IDA2,RESI,21,sell,1.3907083,130.24,181.12584899200002,IDA2_RESI_21
Low RES,IDA2,PV_C,21,buy,1.7466248,130.24,-227.48041395200002,IDA2_PV_C_21
Low RES,IDA2,PV_A,21,buy,1.7466247,130.24,-227.480400928,IDA2_PV_A_21
Low RES,IDA2,W_C,21,buy,0.42002708,130.24,-54.704326899200005,IDA2_W_C_21
Low RES,IDA2,W_A,21,buy,0.42002708,130.24,-54.704326899200005,IDA2_W_A_21
Low RES,IDA2,VAS_ST_H,21,buy,3.7809486,130.24,-492.430745664,IDA2_VAS_ST_H_BUYBACK_21
Low RES,IDA2,IND,22,sell,3.6758562,143.264,526.6178626368,IDA2_IND_22
Low RES,IDA2,COM,22,sell,3.1197573,143.264,446.9489098272,IDA2_COM_22
Low RES,IDA2,RESI,22,sell,1.3186393,143.264,188.9135406752,IDA2_RESI_22
Low RES,IDA2,VAS_ST_H,22,sell,20.982538,143.264,3006.0423240320006,IDA2_VAS_ST_H_UP_22
Low RES,IDA2,VAS_CCGT_D,22,buy,29.096791,143.264,-4168.522665824,IDA2_VAS_CCGT_D_BUYBACK_22
Low RES,IDA2,IND,23,sell,1.7508356,143.264,250.83171139840002,IDA2_IND_23
Low RES,IDA2,COM,23,sell,1.483097,143.264,212.47440860800003,IDA2_COM_23
Low RES,IDA2,RESI,23,sell,0.5919053,143.264,84.7987208992,IDA2_RESI_23
Low RES,IDA2,DKL_ST_H,23,sell,9.7252741,143.264,1393.2816686624,IDA2_DKL_ST_H_UP_23
Low RES,IDA2,VAS_GT_D,23,buy,13.551112,143.264,-1941.386509568,IDA2_VAS_GT_D_BUYBACK_23
Low RES,IDA2,IND,24,sell,1.7508356,143.264,250.83171139840002,IDA2_IND_24
Low RES,IDA2,COM,24,sell,1.4981565,143.264,214.631892816,IDA2_COM_24
Low RES,IDA2,RESI,24,sell,0.57684589,143.264,82.64124958496001,IDA2_RESI_24
Low RES,IDA2,VAS_ST_H,24,sell,9.725273,143.264,1393.281511072,IDA2_VAS_ST_H_UP_24
Low RES,IDA2,VAS_GT_D,24,buy,13.551111,143.264,-1941.3863663040001,IDA2_VAS_GT_D_BUYBACK_24
Low RES,IDA2,IND,25,sell,0.88010024,137.83,121.3042160792,IDA2_IND_25
Low RES,IDA2,COM,25,sell,0.79856222,137.83,110.0658307826,IDA2_COM_25
Low RES,IDA2,RESI,25,sell,0.30381116,137.83,41.874292182800005,IDA2_RESI_25
Low RES,IDA2,VAS_GT_D,25,buy,6.8487254,137.83,-943.9598218820001,IDA2_VAS_GT_D_BUYBACK_25
Low RES,IDA2,VAS_GT_D,25,sell,4.8662518,137.83,670.715485594,IDA2_VAS_GT_D_UP_25
Low RES,IDA2,IND,26,sell,0.88010024,137.83,121.3042160792,IDA2_IND_26
Low RES,IDA2,COM,26,sell,0.79542768,137.83,109.63379713440001,IDA2_COM_26
Low RES,IDA2,RESI,26,sell,0.3069457,137.83,42.306325831,IDA2_RESI_26
Low RES,IDA2,VAS_CCGT_D,26,buy,6.8487244,137.83,-943.9596840520001,IDA2_VAS_CCGT_D_BUYBACK_26
Low RES,IDA2,VAS_CCGT_D,26,sell,4.8662508,137.83,670.7153477640002,IDA2_VAS_CCGT_D_UP_26
Low RES,IDA2,IND,27,sell,2.0021934,137.83,275.962316322,IDA2_IND_27
Low RES,IDA2,COM,27,sell,1.8039346,137.83,248.63630591800003,IDA2_COM_27
Low RES,IDA2,RESI,27,sell,0.72623794,137.83,100.0973752702,IDA2_RESI_27
Low RES,IDA2,DKL_ICE_H,27,sell,12.548347,137.83,1729.5386670100002,IDA2_DKL_ICE_H_UP_27
Low RES,IDA2,DKL_ST_H,27,buy,17.080713,137.83,-2354.2346727900003,IDA2_DKL_ST_H_BUYBACK_27
Low RES,IDA2,IND,28,sell,2.0021934,137.83,275.962316322,IDA2_IND_28
Low RES,IDA2,COM,28,sell,1.7662015,137.83,243.43555274500002,IDA2_COM_28
Low RES,IDA2,RESI,28,sell,0.763971,137.83,105.29812293,IDA2_RESI_28
Low RES,IDA2,VAS_ST_H,28,sell,12.548347,137.83,1729.5386670100002,IDA2_VAS_ST_H_UP_28
Low RES,IDA2,DKL_ST_H,28,buy,17.080713,137.83,-2354.2346727900003,IDA2_DKL_ST_H_BUYBACK_28
Low RES,IDA2,IND,29,sell,3.0700414,143.264,439.82641112960005,IDA2_IND_29
Low RES,IDA2,COM,29,sell,3.0010651,143.264,429.94459048640005,IDA2_COM_29
Low RES,IDA2,RESI,29,sell,1.4366143,143.264,205.8151110752,IDA2_RESI_29
Low RES,IDA2,VAS_ST_H,29,sell,21.500344,143.264,3080.225282816,IDA2_VAS_ST_H_UP_29
Low RES,IDA2,DKL_ST_H,29,buy,29.008065,143.264,-4155.81142416,IDA2_DKL_ST_H_BUYBACK_29
Low RES,IDA2,IND,30,sell,3.0700414,143.264,439.82641112960005,IDA2_IND_30
Low RES,IDA2,COM,30,sell,2.8722727,143.264,411.4932760928,IDA2_COM_30
Low RES,IDA2,RESI,30,sell,1.5654066,143.264,224.26641114240002,IDA2_RESI_30
Low RES,IDA2,PV_C,30,buy,5.7128505,143.264,-818.445814032,IDA2_PV_C_30
Low RES,IDA2,PV_A,30,buy,1.7948703,143.264,-257.1402986592,IDA2_PV_A_30
Low RES,IDA2,IND,31,sell,3.0855801,143.264,442.0525474464,IDA2_IND_31
Low RES,IDA2,COM,31,sell,3.6141681,143.264,517.7801786784,IDA2_COM_31
Low RES,IDA2,RESI,31,sell,2.3007704,143.264,329.61757058560005,IDA2_RESI_31
Low RES,IDA2,VAS_CCGT_D,31,buy,16.165668,143.264,-2315.9582603520003,IDA2_VAS_CCGT_D_BUYBACK_31
Low RES,IDA2,VAS_CCGT_D,31,sell,26.165149,143.264,3748.523906336,IDA2_VAS_CCGT_D_UP_31
Low RES,IDA2,VAS_GT_D,31,buy,19.0,143.264,-2722.016,IDA2_VAS_GT_D_BUYBACK_31
Low RES,IDA2,IND,32,sell,3.0855801,143.264,442.0525474464,IDA2_IND_32
Low RES,IDA2,COM,32,sell,3.3611131,143.264,481.5265071584,IDA2_COM_32
Low RES,IDA2,RESI,32,sell,2.5538256,143.264,365.87127075840004,IDA2_RESI_32
Low RES,IDA2,VAS_CCGT_D,32,buy,35.165667,143.264,-5037.974117088001,IDA2_VAS_CCGT_D_BUYBACK_32
Low RES,IDA2,VAS_CCGT_D,32,sell,7.1651482,143.264,1026.5077917248,IDA2_VAS_CCGT_D_UP_32
Low RES,IDA2,VAS_GT_D,32,sell,19.0,143.264,2722.016,IDA2_VAS_GT_D_UP_32
Low RES,IDA2,IND,33,sell,2.4679557,156.17,385.42064166899996,IDA2_IND_33
Low RES,IDA2,COM,33,sell,3.2085156,156.17,501.073881252,IDA2_COM_33
Low RES,IDA2,RESI,33,sell,2.9585238,156.17,462.032661846,IDA2_RESI_33
Low RES,IDA2,PV_C,33,buy,1.4613172,156.17,-228.213907124,IDA2_PV_C_33
Low RES,IDA2,PV_A,33,buy,1.4613172,156.17,-228.213907124,IDA2_PV_A_33
Low RES,IDA2,W_C,33,buy,0.02735343,156.17,-4.2717851631,IDA2_W_C_33
Low RES,IDA2,W_A,33,buy,0.027353429,156.17,-4.271785006929999,IDA2_W_A_33
Low RES,IDA2,VAS_CCGT_D,33,buy,5.6576538,156.17,-883.555793946,IDA2_VAS_CCGT_D_BUYBACK_33
Low RES,IDA2,IND,34,sell,2.4679557,156.19,385.470000783,IDA2_IND_34
Low RES,IDA2,COM,34,sell,2.8933023,156.19,451.904886237,IDA2_COM_34
Low RES,IDA2,RESI,34,sell,3.2737371,156.19,511.324997649,IDA2_RESI_34
Low RES,IDA2,PV_C,34,buy,1.4613172,156.19,-228.24313346800002,IDA2_PV_C_34
Low RES,IDA2,PV_A,34,buy,1.4613172,156.19,-228.24313346800002,IDA2_PV_A_34
Low RES,IDA2,W_C,34,buy,0.02735343,156.19,-4.2723322317,IDA2_W_C_34
Low RES,IDA2,W_A,34,buy,0.027353429,156.19,-4.27233207551,IDA2_W_A_34
Low RES,IDA2,DKL_ST_H,34,buy,5.6576538,156.19,-883.668947022,IDA2_DKL_ST_H_BUYBACK_34
Low RES,IDA2,IND,35,sell,2.4265988,156.19,379.010466572,IDA2_IND_35
Low RES,IDA2,COM,35,sell,3.2309592,156.19,504.643517448,IDA2_COM_35
Low RES,IDA2,RESI,35,sell,4.5099302,156.19,704.405997938,IDA2_RESI_35
Low RES,IDA2,W_C,35,buy,0.0052680629,156.19,-0.822818744351,IDA2_W_C_35
Low RES,IDA2,W_A,35,buy,0.0052680631,156.19,-0.8228187755890001,IDA2_W_A_35
Low RES,IDA2,DKL_ST_H,35,buy,10.156952,156.19,-1586.41433288,IDA2_DKL_ST_H_BUYBACK_35
Low RES,IDA2,IND,36,sell,2.4265988,156.17,378.96193459599994,IDA2_IND_36
Low RES,IDA2,COM,36,sell,2.844747,156.17,444.26413898999994,IDA2_COM_36
Low RES,IDA2,RESI,36,sell,4.8961424,156.17,764.6305586079999,IDA2_RESI_36
Low RES,IDA2,W_C,36,buy,0.0052680629,156.17,-0.822713383093,IDA2_W_C_36
Low RES,IDA2,W_A,36,buy,0.0052680631,156.17,-0.822713414327,IDA2_W_A_36
Low RES,IDA2,VAS_CCGT_D,36,buy,10.156952,156.17,-1586.2111938399999,IDA2_VAS_CCGT_D_BUYBACK_36
Low RES,IDA2,IND,37,sell,1.8593108,156.17,290.36856763599997,IDA2_IND_37
Low RES,IDA2,COM,37,sell,2.1780273,156.17,340.142523441,IDA2_COM_37
Low RES,IDA2,RESI,37,sell,4.5932946,156.17,717.334817682,IDA2_RESI_37
Low RES,IDA2,W_C,37,buy,0.057543512,156.17,-8.98657026904,IDA2_W_C_37
Low RES,IDA2,W_A,37,buy,0.057543511,156.17,-8.986570112869998,IDA2_W_A_37
Low RES,IDA2,VAS_CCGT_D,37,buy,8.5155457,156.17,-1329.872771969,IDA2_VAS_CCGT_D_BUYBACK_37
Low RES,IDA2,IND,38,sell,1.8593108,156.17,290.36856763599997,IDA2_IND_38
Low RES,IDA2,COM,38,sell,1.9055803,156.17,297.594475451,IDA2_COM_38
Low RES,IDA2,RESI,38,sell,4.8657411,156.17,759.8827875869999,IDA2_RESI_38
Low RES,IDA2,W_C,38,buy,0.057543512,156.17,-8.98657026904,IDA2_W_C_38
Low RES,IDA2,W_A,38,buy,0.057543511,156.17,-8.986570112869998,IDA2_W_A_38
Low RES,IDA2,VAS_CCGT_D,38,buy,8.5155451,156.17,-1329.872678267,IDA2_VAS_CCGT_D_BUYBACK_38
Low RES,IDA2,IND,39,sell,1.3648562,156.17,213.14959275399997,IDA2_IND_39
Low RES,IDA2,COM,39,sell,1.279046,156.17,199.74861381999997,IDA2_COM_39
Low RES,IDA2,RESI,39,sell,3.8857815,156.17,606.842496855,IDA2_RESI_39
Low RES,IDA2,W_C,39,buy,0.035458141,156.17,-5.537497879969999,IDA2_W_C_39
Low RES,IDA2,W_A,39,buy,0.03545814,156.17,-5.5374977238,IDA2_W_A_39
Low RES,IDA2,VAS_CCGT_D,39,buy,6.4587674,156.17,-1008.6657048579999,IDA2_VAS_CCGT_D_BUYBACK_39
Low RES,IDA2,IND,40,sell,1.3648562,156.17,213.14959275399997,IDA2_IND_40
Low RES,IDA2,COM,40,sell,1.1392405,156.17,177.915188885,IDA2_COM_40
Low RES,IDA2,RESI,40,sell,4.025587,156.17,628.67592179,IDA2_RESI_40
Low RES,IDA2,W_C,40,buy,0.035458141,156.17,-5.537497879969999,IDA2_W_C_40
Low RES,IDA2,W_A,40,buy,0.03545814,156.17,-5.5374977238,IDA2_W_A_40
Low RES,IDA2,VAS_CCGT_D,40,buy,6.4587674,156.17,-1008.6657048579999,IDA2_VAS_CCGT_D_BUYBACK_40
Low RES,IDA2,IND,41,sell,0.91834664,156.17,143.4181947688,IDA2_IND_41
Low RES,IDA2,COM,41,sell,0.6958447,156.17,108.67006679899998,IDA2_COM_41
Low RES,IDA2,RESI,41,sell,2.7830385,156.17,434.62712254499996,IDA2_RESI_41
Low RES,IDA2,W_C,41,buy,0.020464417,156.17,-3.1959280028899997,IDA2_W_C_41
Low RES,IDA2,W_A,41,buy,0.020464417,156.17,-3.1959280028899997,IDA2_W_A_41
Low RES,IDA2,VAS_CCGT_D,41,buy,4.3563011,156.17,-680.3235427869998,IDA2_VAS_CCGT_D_BUYBACK_41
Low RES,IDA2,IND,42,sell,0.91834664,171.787,157.76001424568,IDA2_IND_42
Low RES,IDA2,COM,42,sell,0.64543851,171.787,110.87794531736999,IDA2_COM_42
Low RES,IDA2,RESI,42,sell,2.8334447,171.787,486.7489646789,IDA2_RESI_42
Low RES,IDA2,VAS_CCGT_D,42,sell,13.027971,171.787,2238.036054177,IDA2_VAS_CCGT_D_UP_42
Low RES,IDA2,VAS_GT_D,42,buy,17.425201,171.787,-2993.4230041870005,IDA2_VAS_GT_D_BUYBACK_42
Low RES,IDA2,IND,43,sell,0.65470994,156.17,102.2460513298,IDA2_IND_43
Low RES,IDA2,COM,43,sell,0.42133358,156.17,65.79966518859999,IDA2_COM_43
Low RES,IDA2,RESI,43,sell,1.9649611,156.17,306.86797498699997,IDA2_RESI_43
Low RES,IDA2,W_C,43,buy,0.059164463,156.17,-9.23971418671,IDA2_W_C_43
Low RES,IDA2,W_A,43,buy,0.059164463,156.17,-9.23971418671,IDA2_W_A_43
Low RES,IDA2,VAS_CCGT_D,43,buy,2.9226757,156.17,-456.434264069,IDA2_VAS_CCGT_D_BUYBACK_43
Low RES,IDA2,IND,44,sell,0.65470994,171.787,112.47065646278001,IDA2_IND_44
Low RES,IDA2,COM,44,sell,0.41179266,171.787,70.74062568341999,IDA2_COM_44
Low RES,IDA2,RESI,44,sell,1.9745021,171.787,339.1937922527,IDA2_RESI_44
Low RES,IDA2,VAS_CCGT_D,44,sell,8.6496963,171.787,1485.9053782881,IDA2_VAS_CCGT_D_UP_44
Low RES,IDA2,VAS_GT_D,44,buy,11.690701,171.787,-2008.3104526870002,IDA2_VAS_GT_D_BUYBACK_44
Low RES,IDA2,IND,45,sell,0.48993702,156.19,76.5232631538,IDA2_IND_45
Low RES,IDA2,COM,45,sell,0.28276773,156.19,44.1654917487,IDA2_COM_45
Low RES,IDA2,RESI,45,sell,1.3516479,156.19,211.11388550099997,IDA2_RESI_45
Low RES,IDA2,W_C,45,buy,0.082262907,156.19,-12.84864344433,IDA2_W_C_45
Low RES,IDA2,W_A,45,buy,0.082262905,156.19,-12.848643131949999,IDA2_W_A_45
Low RES,IDA2,DKL_ST_H,45,buy,1.9598268,156.19,-306.105347892,IDA2_DKL_ST_H_BUYBACK_45
Low RES,IDA2,IND,46,sell,0.48993702,171.787,84.16481085474,IDA2_IND_46
Low RES,IDA2,COM,46,sell,0.28991811,171.787,49.804162362570004,IDA2_COM_46
Low RES,IDA2,RESI,46,sell,1.3444975,171.787,230.96719203249998,IDA2_RESI_46
Low RES,IDA2,VAS_GT_D,46,buy,7.8393061,171.787,-1346.6908770007,IDA2_VAS_GT_D_BUYBACK_46
Low RES,IDA2,VAS_GT_D,46,sell,5.7149535,171.787,981.7547169045,IDA2_VAS_GT_D_UP_46
Low RES,IDA2,IND,47,sell,0.28750583,156.17,44.899785471099996,IDA2_IND_47
Low RES,IDA2,COM,47,sell,0.15660479,156.17,24.456970054299997,IDA2_COM_47
Low RES,IDA2,RESI,47,sell,0.6891775,156.17,107.628850175,IDA2_RESI_47
Low RES,IDA2,W_C,47,buy,0.11528964,156.17,-18.0047830788,IDA2_W_C_47
Low RES,IDA2,W_A,47,buy,0.11528964,156.17,-18.0047830788,IDA2_W_A_47
Low RES,IDA2,VAS_CCGT_D,47,buy,0.90270884,156.17,-140.97603954279998,IDA2_VAS_CCGT_D_BUYBACK_47
Low RES,IDA2,IND,48,sell,0.28750583,156.17,44.899785471099996,IDA2_IND_48
Low RES,IDA2,COM,48,sell,0.1655464,156.17,25.853381287999998,IDA2_COM_48
Low RES,IDA2,RESI,48,sell,0.68023582,156.17,106.2324280094,IDA2_RESI_48
Low RES,IDA2,W_C,48,buy,0.11528964,156.17,-18.0047830788,IDA2_W_C_48
Low RES,IDA2,W_A,48,buy,0.11528964,156.17,-18.0047830788,IDA2_W_A_48
Low RES,IDA2,VAS_CCGT_D,48,buy,0.90270877,156.17,-140.9760286109,IDA2_VAS_CCGT_D_BUYBACK_48
Low RES,IDA3,IND,1,buy,0.80753512,171.787,-138.72403565944,IDA3_IND_1
Low RES,IDA3,COM,1,buy,0.65714633,171.787,-112.88919659171,IDA3_COM_1
Low RES,IDA3,RESI,1,buy,1.5220144,171.787,-261.4622877328,IDA3_RESI_1
Low RES,IDA3,DKL_ST_H,1,sell,5.9733918,171.787,1026.1510571466001,IDA3_DKL_ST_H_UP_1
Low RES,IDA3,VAS_GT_D,1,buy,2.9866959,171.787,-513.0755285733001,IDA3_VAS_GT_D_BUYBACK_1
Low RES,IDA3,IND,2,buy,0.80753512,171.787,-138.72403565944,IDA3_IND_2
Low RES,IDA3,COM,2,buy,0.65939983,171.787,-113.27631859621,IDA3_COM_2
Low RES,IDA3,RESI,2,buy,1.519761,171.787,-261.075182907,IDA3_RESI_2
Low RES,IDA3,VAS_GT_D,2,buy,2.9866958,171.787,-513.0755113946001,IDA3_VAS_GT_D_BUYBACK_2
Low RES,IDA3,VAS_GT_D,2,sell,5.9733917,171.787,1026.1510399679,IDA3_VAS_GT_D_UP_2
Low RES,IDA3,IND,3,sell,4.5800306,140.553,643.7370409217999,IDA3_IND_3
Low RES,IDA3,RESI,3,buy,4.1615541,140.553,-584.9189134173,IDA3_RESI_3
Low RES,IDA3,W_C,3,sell,0.4472936,140.553,62.8684573608,IDA3_W_C_3
Low RES,IDA3,W_A,3,buy,0.86577002,140.553,-121.68657362106,IDA3_W_A_3
Low RES,IDA3,IND,4,sell,0.61292692,140.553,86.14871738676,IDA3_IND_4
Low RES,IDA3,COM,4,buy,0.477397,140.553,-67.099580541,IDA3_COM_4
Low RES,IDA3,RESI,4,buy,4.1465707,140.553,-582.8129515971,IDA3_RESI_4
Low RES,IDA3,W_C,4,sell,3.2957843,140.553,463.23237071790004,IDA3_W_C_4
Low RES,IDA3,W_A,4,sell,0.71525648,140.553,100.53144403344,IDA3_W_A_4
Low RES,IDA3,IND,7,buy,1.9530715,143.264,-279.804835376,IDA3_IND_7
Low RES,IDA3,COM,7,buy,1.353793,143.264,-193.949800352,IDA3_COM_7
Low RES,IDA3,RESI,7,buy,2.827954,143.264,-405.14400185600005,IDA3_RESI_7
Low RES,IDA3,VAS_ST_H,7,sell,6.1348184,143.264,878.8986232576001,IDA3_VAS_ST_H_UP_7
Low RES,IDA3,IND,8,buy,1.9530715,143.264,-279.804835376,IDA3_IND_8
Low RES,IDA3,COM,8,buy,1.3985004,143.264,-200.35476130560002,IDA3_COM_8
Low RES,IDA3,RESI,8,buy,2.7832465,143.264,-398.7390265760001,IDA3_RESI_8
Low RES,IDA3,VAS_ST_H,8,sell,12.269637,143.264,1757.797275168,IDA3_VAS_ST_H_UP_8
Low RES,IDA3,VAS_CCGT_D,8,buy,6.1348182,143.264,-878.8985946048,IDA3_VAS_CCGT_D_BUYBACK_8
Low RES,IDA3,IND,9,buy,1.2682958,143.264,-181.70112949120002,IDA3_IND_9
Low RES,IDA3,COM,9,buy,0.88262131,143.264,-126.44785935584001,IDA3_COM_9
Low RES,IDA3,RESI,9,buy,1.6489138,143.264,-236.22998664320002,IDA3_RESI_9
Low RES,IDA3,VAS_ST_H,9,sell,7.5996618,143.264,1088.7579481152,IDA3_VAS_ST_H_UP_9
Low RES,IDA3,DKL_ST_H,9,buy,3.7998309,143.264,-544.3789740576,IDA3_DKL_ST_H_BUYBACK_9
Low RES,IDA3,IND,10,buy,1.2682958,143.264,-181.70112949120002,IDA3_IND_10
Low RES,IDA3,COM,10,buy,0.92881701,143.264,-133.06604012064003,IDA3_COM_10
Low RES,IDA3,RESI,10,buy,1.6027181,143.264,-229.6118058784,IDA3_RESI_10
Low RES,IDA3,DKL_ST_H,10,sell,7.5996618,143.264,1088.7579481152,IDA3_DKL_ST_H_UP_10
Low RES,IDA3,VAS_GT_D,10,buy,3.7998309,143.264,-544.3789740576,IDA3_VAS_GT_D_BUYBACK_10
Low RES,IDA3,IND,11,buy,0.46611684,143.264,-66.77776296576,IDA3_IND_11
Low RES,IDA3,COM,11,buy,0.35937152,143.264,-51.485001441280005,IDA3_COM_11
Low RES,IDA3,RESI,11,buy,0.56344219,143.264,-80.72098190816,IDA3_RESI_11
Low RES,IDA3,VAS_CCGT_D,11,buy,1.3889306,143.264,-198.9837534784,IDA3_VAS_CCGT_D_BUYBACK_11
Low RES,IDA3,DKL_ST_H,11,sell,2.7778611,143.264,397.96749263040005,IDA3_DKL_ST_H_UP_11
Low RES,IDA3,IND,12,buy,0.46611684,143.264,-66.77776296576,IDA3_IND_12
Low RES,IDA3,COM,12,buy,0.38402204,143.264,-55.016533538560005,IDA3_COM_12
Low RES,IDA3,RESI,12,buy,0.53879167,143.264,-77.18944981087999,IDA3_RESI_12
Low RES,IDA3,VAS_ST_H,12,sell,2.777861,143.264,397.96747830400005,IDA3_VAS_ST_H_UP_12
Low RES,IDA3,VAS_GT_D,12,buy,1.3889305,143.264,-198.98373915200003,IDA3_VAS_GT_D_BUYBACK_12
Low RES,IDA3,IND,13,sell,1.0586582,156.19,165.351824258,IDA3_IND_13
Low RES,IDA3,COM,13,sell,0.97556471,156.19,152.37345205489999,IDA3_COM_13
Low RES,IDA3,RESI,13,sell,1.2093155,156.19,188.882987945,IDA3_RESI_13
Low RES,IDA3,W_C,13,buy,1.1492493,156.19,-179.50124816699997,IDA3_W_C_13
Low RES,IDA3,W_A,13,buy,1.1492492,156.19,-179.50123254800002,IDA3_W_A_13
Low RES,IDA3,DKL_ST_H,13,buy,0.94503985,156.19,-147.6057741715,IDA3_DKL_ST_H_BUYBACK_13
Low RES,IDA3,IND,14,sell,1.0586582,171.787,181.8637162034,IDA3_IND_14
Low RES,IDA3,COM,14,sell,1.0478407,171.787,180.00541033090002,IDA3_COM_14
Low RES,IDA3,RESI,14,sell,1.1370395,171.787,195.3286045865,IDA3_RESI_14
Low RES,IDA3,W_C,14,buy,2.2984986,171.787,-394.8521789982,IDA3_W_C_14
Low RES,IDA3,W_A,14,buy,0.94503978,171.787,-162.34554868686,IDA3_W_A_14
Low RES,IDA3,IND,15,sell,3.136421,156.17,489.81486756999993,IDA3_IND_15
Low RES,IDA3,COM,15,sell,3.1583084,156.17,493.233022828,IDA3_COM_15
Low RES,IDA3,RESI,15,sell,2.9844884,156.17,466.087553428,IDA3_RESI_15
Low RES,IDA3,PV_C,15,sell,0.15549942,156.17,24.284344421399997,IDA3_PV_C_15
Low RES,IDA3,PV_A,15,sell,0.15549942,156.17,24.284344421399997,IDA3_PV_A_15
Low RES,IDA3,W_C,15,buy,0.96831139,156.17,-151.22118977629998,IDA3_W_C_15
Low RES,IDA3,W_A,15,buy,0.96831139,156.17,-151.22118977629998,IDA3_W_A_15
Low RES,IDA3,VAS_CCGT_D,15,buy,7.6535939,156.17,-1195.2617593629998,IDA3_VAS_CCGT_D_BUYBACK_15
Low RES,IDA3,IND,16,sell,3.136421,156.19,489.87759599,IDA3_IND_16
Low RES,IDA3,COM,16,sell,3.3713668,156.19,526.573780492,IDA3_COM_16
Low RES,IDA3,RESI,16,sell,2.7714299,156.19,432.86963608099995,IDA3_RESI_16
Low RES,IDA3,PV_C,16,sell,0.15549942,156.19,24.2874544098,IDA3_PV_C_16
Low RES,IDA3,PV_A,16,sell,0.15549942,156.19,24.2874544098,IDA3_PV_A_16
Low RES,IDA3,W_C,16,buy,0.96831139,156.19,-151.2405560041,IDA3_W_C_16
Low RES,IDA3,W_A,16,buy,0.96831139,156.19,-151.2405560041,IDA3_W_A_16
Low RES,IDA3,DKL_ST_H,16,buy,7.6535938,156.19,-1195.414815622,IDA3_DKL_ST_H_BUYBACK_16
Low RES,IDA3,IND,17,sell,4.5769082,130.24,596.096523968,IDA3_IND_17
Low RES,IDA3,COM,17,sell,4.6822726,130.24,609.819183424,IDA3_COM_17
Low RES,IDA3,RESI,17,sell,3.3581364,130.24,437.363684736,IDA3_RESI_17
Low RES,IDA3,PV_C,17,sell,0.35254918,130.24,45.91600520320001,IDA3_PV_C_17
Low RES,IDA3,PV_A,17,sell,0.35254924,130.24,45.9160130176,IDA3_PV_A_17
Low RES,IDA3,W_C,17,buy,0.83012592,130.24,-108.1155998208,IDA3_W_C_17
Low RES,IDA3,W_A,17,buy,0.83012592,130.24,-108.1155998208,IDA3_W_A_17
Low RES,IDA3,VAS_ST_H,17,buy,11.662164,130.24,-1518.8802393600001,IDA3_VAS_ST_H_BUYBACK_17
Low RES,IDA3,IND,18,sell,4.5769082,130.24,596.096523968,IDA3_IND_18
Low RES,IDA3,COM,18,sell,4.9334453,130.24,642.531915872,IDA3_COM_18
Low RES,IDA3,RESI,18,sell,3.1069637,130.24,404.65095228800004,IDA3_RESI_18
Low RES,IDA3,PV_C,18,buy,0.70509842,130.24,-91.83201822080001,IDA3_PV_C_18
Low RES,IDA3,PV_A,18,buy,0.70509866,130.24,-91.83204947840001,IDA3_PV_A_18
Low RES,IDA3,W_C,18,buy,1.6602519,130.24,-216.23120745600002,IDA3_W_C_18
Low RES,IDA3,W_A,18,buy,1.6602519,130.24,-216.23120745600002,IDA3_W_A_18
Low RES,IDA3,VAS_ST_H,18,buy,7.8866164,130.24,-1027.1529199360002,IDA3_VAS_ST_H_BUYBACK_18
Low RES,IDA3,IND,19,sell,6.0732584,130.24,790.9811740160001,IDA3_IND_19
Low RES,IDA3,COM,19,sell,5.0856314,130.24,662.352633536,IDA3_COM_19
Low RES,IDA3,RESI,19,sell,2.8393602,130.24,369.798272448,IDA3_RESI_19
Low RES,IDA3,PV_C,19,buy,0.8437324,130.24,-109.88770777600001,IDA3_PV_C_19
Low RES,IDA3,PV_A,19,buy,0.8437328,130.24,-109.887759872,IDA3_PV_A_19
Low RES,IDA3,W_C,19,buy,1.286219,130.24,-167.51716256,IDA3_W_C_19
Low RES,IDA3,W_A,19,buy,1.286219,130.24,-167.51716256,IDA3_W_A_19
Low RES,IDA3,VAS_ST_H,19,buy,9.7383469,130.24,-1268.322300256,IDA3_VAS_ST_H_BUYBACK_19
Low RES,IDA3,IND,20,sell,6.0732584,130.24,790.9811740160001,IDA3_IND_20
Low RES,IDA3,COM,20,sell,5.2796163,130.24,687.617226912,IDA3_COM_20
Low RES,IDA3,RESI,20,sell,2.6453754,130.24,344.533692096,IDA3_RESI_20
Low RES,IDA3,PV_C,20,buy,0.8437324,130.24,-109.88770777600001,IDA3_PV_C_20
Low RES,IDA3,PV_A,20,buy,0.8437328,130.24,-109.887759872,IDA3_PV_A_20
Low RES,IDA3,W_C,20,buy,1.286219,130.24,-167.51716256,IDA3_W_C_20
Low RES,IDA3,W_A,20,buy,1.286219,130.24,-167.51716256,IDA3_W_A_20
Low RES,IDA3,VAS_ST_H,20,buy,9.7383469,130.24,-1268.322300256,IDA3_VAS_ST_H_BUYBACK_20
Low RES,IDA3,IND,21,sell,3.6758559,130.24,478.74347241600003,IDA3_IND_21
Low RES,IDA3,COM,21,sell,3.0476878,130.24,396.93085907200003,IDA3_COM_21
Low RES,IDA3,RESI,21,sell,1.3907082,130.24,181.12583596800002,IDA3_RESI_21
Low RES,IDA3,PV_C,21,sell,0.58220826,130.24,75.8268037824,IDA3_PV_C_21
Low RES,IDA3,PV_A,21,sell,0.58220824,130.24,75.82680117760002,IDA3_PV_A_21
Low RES,IDA3,W_C,21,buy,0.42002711,130.24,-54.7043308064,IDA3_W_C_21
Low RES,IDA3,W_A,21,buy,0.42002711,130.24,-54.7043308064,IDA3_W_A_21
Low RES,IDA3,VAS_ST_H,21,buy,8.4386142,130.24,-1099.0451134080001,IDA3_VAS_ST_H_BUYBACK_21
Low RES,IDA3,IND,22,sell,3.6758559,130.24,478.74347241600003,IDA3_IND_22
Low RES,IDA3,COM,22,sell,3.1197569,130.24,406.31713865600005,IDA3_COM_22
Low RES,IDA3,RESI,22,sell,1.3186392,130.24,171.73956940800002,IDA3_RESI_22
Low RES,IDA3,PV_C,22,buy,1.1644165,130.24,-151.65360496,IDA3_PV_C_22
Low RES,IDA3,PV_A,22,buy,1.1644165,130.24,-151.65360496,IDA3_PV_A_22
Low RES,IDA3,W_C,22,buy,0.84005419,130.24,-109.4086577056,IDA3_W_C_22
Low RES,IDA3,W_A,22,buy,0.84005419,130.24,-109.4086577056,IDA3_W_A_22
Low RES,IDA3,VAS_ST_H,22,buy,4.1053106,130.24,-534.6756525440001,IDA3_VAS_ST_H_BUYBACK_22
Low RES,IDA3,IND,23,sell,1.7508355,143.264,250.83169707200003,IDA3_IND_23
Low RES,IDA3,COM,23,sell,1.4830971,143.264,212.4744229344,IDA3_COM_23
Low RES,IDA3,RESI,23,sell,0.59190532,143.264,84.79872376448,IDA3_RESI_23
Low RES,IDA3,VAS_ST_H,23,sell,5.8994362,143.264,845.1768277568001,IDA3_VAS_ST_H_UP_23
Low RES,IDA3,DKL_ST_H,23,buy,9.7252741,143.264,-1393.2816686624,IDA3_DKL_ST_H_BUYBACK_23
Low RES,IDA3,IND,24,sell,1.7508355,143.264,250.83169707200003,IDA3_IND_24
Low RES,IDA3,COM,24,sell,1.4981565,143.264,214.631892816,IDA3_COM_24
Low RES,IDA3,RESI,24,sell,0.57684586,143.264,82.64124528704001,IDA3_RESI_24
Low RES,IDA3,PV_C,24,buy,1.640946,143.264,-235.08848774400002,IDA3_PV_C_24
Low RES,IDA3,PV_A,24,buy,1.6409464,143.264,-235.08854504960001,IDA3_PV_A_24
Low RES,IDA3,W_C,24,buy,0.43806011,143.264,-62.75824359904001,IDA3_W_C_24
Low RES,IDA3,W_A,24,buy,0.10588534,143.264,-15.16955734976,IDA3_W_A_24
Low RES,IDA3,IND,25,sell,0.88010027,137.83,121.30422021410001,IDA3_IND_25
Low RES,IDA3,COM,25,sell,0.79856223,137.83,110.06583216090002,IDA3_COM_25
Low RES,IDA3,RESI,25,sell,0.30381116,137.83,41.874292182800005,IDA3_RESI_25
Low RES,IDA3,VAS_CCGT_D,25,sell,2.8837781,137.83,397.471135523,IDA3_VAS_CCGT_D_UP_25
Low RES,IDA3,VAS_GT_D,25,buy,4.8662518,137.83,-670.715485594,IDA3_VAS_GT_D_BUYBACK_25
Low RES,IDA3,IND,26,sell,0.88010027,137.83,121.30422021410001,IDA3_IND_26
Low RES,IDA3,COM,26,sell,0.79542764,137.83,109.6337916212,IDA3_COM_26
Low RES,IDA3,RESI,26,sell,0.30694575,137.83,42.30633272250001,IDA3_RESI_26
Low RES,IDA3,VAS_CCGT_D,26,buy,4.8662508,137.83,-670.7153477640002,IDA3_VAS_CCGT_D_BUYBACK_26
Low RES,IDA3,DKL_ST_H,26,sell,2.8837771,137.83,397.4709976930001,IDA3_DKL_ST_H_UP_26
Low RES,IDA3,IND,27,sell,2.0021934,137.83,275.962316322,IDA3_IND_27
Low RES,IDA3,COM,27,sell,1.8039346,137.83,248.63630591800003,IDA3_COM_27
Low RES,IDA3,RESI,27,sell,0.72623795,137.83,100.09737664850002,IDA3_RESI_27
Low RES,IDA3,PV_C,27,buy,3.0743288,137.83,-423.734738504,IDA3_PV_C_27
Low RES,IDA3,PV_A,27,buy,1.1958495,137.83,-164.823936585,IDA3_PV_A_27
Low RES,IDA3,W_A,27,buy,0.26218769,137.83,-36.1373293127,IDA3_W_A_27
Low RES,IDA3,IND,28,sell,2.0021934,137.83,275.962316322,IDA3_IND_28
Low RES,IDA3,COM,28,sell,1.7662015,137.83,243.43555274500002,IDA3_COM_28
Low RES,IDA3,RESI,28,sell,0.76397104,137.83,105.29812844320001,IDA3_RESI_28
Low RES,IDA3,PV_C,28,buy,0.9336621,137.83,-128.686647243,IDA3_PV_C_28
Low RES,IDA3,PV_A,28,buy,3.0743285,137.83,-423.73469715500005,IDA3_PV_A_28
Low RES,IDA3,W_C,28,buy,0.26218769,137.83,-36.1373293127,IDA3_W_C_28
Low RES,IDA3,W_A,28,buy,0.26218769,137.83,-36.1373293127,IDA3_W_A_28
Low RES,IDA3,IND,29,sell,3.070041,143.264,439.826353824,IDA3_IND_29
Low RES,IDA3,COM,29,sell,3.0010651,143.264,429.94459048640005,IDA3_COM_29
Low RES,IDA3,RESI,29,sell,1.4366142,143.264,205.81509674880002,IDA3_RESI_29
Low RES,IDA3,PV_C,29,buy,3.4434493,143.264,-493.32232051520003,IDA3_PV_C_29
Low RES,IDA3,PV_A,29,buy,3.8085671,143.264,-545.6305570144,IDA3_PV_A_29
Low RES,IDA3,W_C,29,buy,0.25570391,143.264,-36.63316496224,IDA3_W_C_29
Low RES,IDA3,IND,30,sell,3.070041,130.24,399.84213984,IDA3_IND_30
Low RES,IDA3,COM,30,sell,2.8722727,130.24,374.084796448,IDA3_COM_30
Low RES,IDA3,RESI,30,sell,1.5654067,130.24,203.87856860800002,IDA3_RESI_30
Low RES,IDA3,PV_C,30,sell,1.9042835,130.24,248.01388304000002,IDA3_PV_C_30
Low RES,IDA3,PV_A,30,buy,2.0136968,130.24,-262.263871232,IDA3_PV_A_30
Low RES,IDA3,W_C,30,buy,0.25570391,130.24,-33.3028772384,IDA3_W_C_30
Low RES,IDA3,W_A,30,buy,0.2557039,130.24,-33.302875936,IDA3_W_A_30
Low RES,IDA3,VAS_ST_H,30,buy,6.8868993,130.24,-896.949764832,IDA3_VAS_ST_H_BUYBACK_30
Low RES,IDA3,IND,31,sell,3.0855801,143.264,442.0525474464,IDA3_IND_31
Low RES,IDA3,COM,31,sell,3.6141679,143.264,517.7801500256,IDA3_COM_31
Low RES,IDA3,RESI,31,sell,2.3007703,143.264,329.6175562592,IDA3_RESI_31
Low RES,IDA3,VAS_CCGT_D,31,buy,26.165149,143.264,-3748.523906336,IDA3_VAS_CCGT_D_BUYBACK_31
Low RES,IDA3,VAS_CCGT_D,31,sell,17.164631,143.264,2459.0736955840002,IDA3_VAS_CCGT_D_UP_31
Low RES,IDA3,IND,32,sell,3.0855801,143.264,442.0525474464,IDA3_IND_32
Low RES,IDA3,COM,32,sell,3.3611128,143.264,481.52646417920005,IDA3_COM_32
Low RES,IDA3,RESI,32,sell,2.5538255,143.264,365.871256432,IDA3_RESI_32
Low RES,IDA3,VAS_ST_H,32,sell,17.16463,143.264,2459.07355232,IDA3_VAS_ST_H_UP_32
Low RES,IDA3,VAS_CCGT_D,32,buy,7.1651482,143.264,-1026.5077917248,IDA3_VAS_CCGT_D_BUYBACK_32
Low RES,IDA3,VAS_GT_D,32,buy,19.0,143.264,-2722.016,IDA3_VAS_GT_D_BUYBACK_32
Low RES,IDA3,IND,33,sell,2.4679557,156.17,385.42064166899996,IDA3_IND_33
Low RES,IDA3,COM,33,sell,3.2085154,156.17,501.073850018,IDA3_COM_33
Low RES,IDA3,RESI,33,sell,2.9585235,156.17,462.03261499499996,IDA3_RESI_33
Low RES,IDA3,PV_C,33,sell,0.48710571,156.17,76.0712987307,IDA3_PV_C_33
Low RES,IDA3,PV_A,33,sell,0.48710572,156.17,76.0713002924,IDA3_PV_A_33
Low RES,IDA3,W_C,33,buy,0.02735343,156.17,-4.2717851631,IDA3_W_C_33
Low RES,IDA3,W_A,33,buy,0.02735343,156.17,-4.2717851631,IDA3_W_A_33
Low RES,IDA3,VAS_CCGT_D,33,buy,9.5544991,156.17,-1492.1261244469997,IDA3_VAS_CCGT_D_BUYBACK_33
Low RES,IDA3,IND,34,sell,2.4679557,156.19,385.470000783,IDA3_IND_34
Low RES,IDA3,COM,34,sell,2.8933019,156.19,451.904823761,IDA3_COM_34
Low RES,IDA3,RESI,34,sell,3.273737,156.19,511.32498203,IDA3_RESI_34
Low RES,IDA3,PV_C,34,sell,0.48710571,156.19,76.0810408449,IDA3_PV_C_34
Low RES,IDA3,PV_A,34,sell,0.48710572,156.19,76.08104240680001,IDA3_PV_A_34
Low RES,IDA3,W_C,34,buy,0.02735343,156.19,-4.2723322317,IDA3_W_C_34
Low RES,IDA3,W_A,34,buy,0.02735343,156.19,-4.2723322317,IDA3_W_A_34
Low RES,IDA3,DKL_ST_H,34,buy,9.5544991,156.19,-1492.317214429,IDA3_DKL_ST_H_BUYBACK_34
Low RES,IDA3,IND,35,sell,2.4265987,156.19,379.010450953,IDA3_IND_35
Low RES,IDA3,COM,35,sell,3.2309589,156.19,504.643470591,IDA3_COM_35
Low RES,IDA3,RESI,35,sell,4.5099301,156.19,704.405982319,IDA3_RESI_35
Low RES,IDA3,W_C,35,buy,0.0052680634,156.19,-0.822818822446,IDA3_W_C_35
Low RES,IDA3,W_A,35,buy,0.0052680634,156.19,-0.822818822446,IDA3_W_A_35
Low RES,IDA3,DKL_ST_H,35,buy,10.156952,156.19,-1586.41433288,IDA3_DKL_ST_H_BUYBACK_35
Low RES,IDA3,IND,36,sell,2.4265987,156.17,378.96191897899996,IDA3_IND_36
Low RES,IDA3,COM,36,sell,2.8447465,156.17,444.26406090499995,IDA3_COM_36
Low RES,IDA3,RESI,36,sell,4.8961425,156.17,764.6305742249999,IDA3_RESI_36
Low RES,IDA3,W_C,36,buy,0.0052680634,156.17,-0.8227134611779999,IDA3_W_C_36
Low RES,IDA3,W_A,36,buy,0.0052680634,156.17,-0.8227134611779999,IDA3_W_A_36
Low RES,IDA3,VAS_CCGT_D,36,buy,10.156952,156.17,-1586.2111938399999,IDA3_VAS_CCGT_D_BUYBACK_36
Low RES,IDA3,IND,37,sell,1.8593109,156.17,290.368583253,IDA3_IND_37
Low RES,IDA3,COM,37,sell,2.1780273,156.17,340.142523441,IDA3_COM_37
Low RES,IDA3,RESI,37,sell,4.5932945,156.17,717.334802065,IDA3_RESI_37
Low RES,IDA3,W_C,37,buy,0.057543509,156.17,-8.986569800529999,IDA3_W_C_37
Low RES,IDA3,W_A,37,buy,0.057543509,156.17,-8.986569800529999,IDA3_W_A_37
Low RES,IDA3,VAS_CCGT_D,37,buy,8.5155457,156.17,-1329.872771969,IDA3_VAS_CCGT_D_BUYBACK_37
Low RES,IDA3,IND,38,sell,1.8593109,156.17,290.368583253,IDA3_IND_38
Low RES,IDA3,COM,38,sell,1.9055803,156.17,297.594475451,IDA3_COM_38
Low RES,IDA3,RESI,38,sell,4.8657415,156.17,759.882850055,IDA3_RESI_38
Low RES,IDA3,W_C,38,buy,0.057543509,156.17,-8.986569800529999,IDA3_W_C_38
Low RES,IDA3,W_A,38,buy,0.057543509,156.17,-8.986569800529999,IDA3_W_A_38
Low RES,IDA3,VAS_CCGT_D,38,buy,8.5155456,156.17,-1329.872756352,IDA3_VAS_CCGT_D_BUYBACK_38
Low RES,IDA3,IND,39,sell,1.3648562,156.17,213.14959275399997,IDA3_IND_39
Low RES,IDA3,COM,39,sell,1.2790461,156.17,199.74862943699998,IDA3_COM_39
Low RES,IDA3,RESI,39,sell,3.8857816,156.17,606.842512472,IDA3_RESI_39
Low RES,IDA3,W_C,39,buy,0.035458143,156.17,-5.537498192309999,IDA3_W_C_39
Low RES,IDA3,W_A,39,buy,0.035458143,156.17,-5.537498192309999,IDA3_W_A_39
Low RES,IDA3,VAS_CCGT_D,39,buy,6.4587676,156.17,-1008.6657360919999,IDA3_VAS_CCGT_D_BUYBACK_39
Low RES,IDA3,IND,40,sell,1.3648562,156.17,213.14959275399997,IDA3_IND_40
Low RES,IDA3,COM,40,sell,1.1392406,156.17,177.91520450199997,IDA3_COM_40
Low RES,IDA3,RESI,40,sell,4.0255871,156.17,628.675937407,IDA3_RESI_40
Low RES,IDA3,W_C,40,buy,0.035458143,156.17,-5.537498192309999,IDA3_W_C_40
Low RES,IDA3,W_A,40,buy,0.035458143,156.17,-5.537498192309999,IDA3_W_A_40
Low RES,IDA3,VAS_CCGT_D,40,buy,6.4587676,156.17,-1008.6657360919999,IDA3_VAS_CCGT_D_BUYBACK_40
Low RES,IDA3,IND,41,sell,0.91834668,156.17,143.41820101559998,IDA3_IND_41
Low RES,IDA3,COM,41,sell,0.6958447,156.17,108.67006679899998,IDA3_COM_41
Low RES,IDA3,RESI,41,sell,2.7830387,156.17,434.62715377899997,IDA3_RESI_41
Low RES,IDA3,W_C,41,buy,0.020464418,156.17,-3.19592815906,IDA3_W_C_41
Low RES,IDA3,W_A,41,buy,0.020464417,156.17,-3.1959280028899997,IDA3_W_A_41
Low RES,IDA3,VAS_CCGT_D,41,buy,4.3563013,156.17,-680.323574021,IDA3_VAS_CCGT_D_BUYBACK_41
Low RES,IDA3,IND,42,sell,0.91834668,156.17,143.41820101559998,IDA3_IND_42
Low RES,IDA3,COM,42,sell,0.6454385,156.17,100.79813054499999,IDA3_COM_42
Low RES,IDA3,RESI,42,sell,2.8334449,156.17,442.49909003299996,IDA3_RESI_42
Low RES,IDA3,W_C,42,buy,0.040928835,156.17,-6.391856161949999,IDA3_W_C_42
Low RES,IDA3,W_A,42,buy,0.040928834,156.17,-6.391856005779999,IDA3_W_A_42
Low RES,IDA3,VAS_CCGT_D,42,buy,4.3153724,156.17,-673.931707708,IDA3_VAS_CCGT_D_BUYBACK_42
Low RES,IDA3,IND,43,sell,0.65470997,156.17,102.24605601489999,IDA3_IND_43
Low RES,IDA3,COM,43,sell,0.42133359,156.17,65.79966675029999,IDA3_COM_43
Low RES,IDA3,RESI,43,sell,1.9649612,156.17,306.867990604,IDA3_RESI_43
Low RES,IDA3,W_C,43,buy,0.059164459,156.17,-9.23971356203,IDA3_W_C_43
Low RES,IDA3,W_A,43,buy,0.059164459,156.17,-9.23971356203,IDA3_W_A_43
Low RES,IDA3,VAS_CCGT_D,43,buy,2.9226759,156.17,-456.434295303,IDA3_VAS_CCGT_D_BUYBACK_43
Low RES,IDA3,IND,44,sell,0.65470997,156.17,102.24605601489999,IDA3_IND_44
Low RES,IDA3,COM,44,sell,0.4117927,156.17,64.309665959,IDA3_COM_44
Low RES,IDA3,RESI,44,sell,1.974502,156.17,308.35797734,IDA3_RESI_44
Low RES,IDA3,W_C,44,buy,0.11832892,156.17,-18.479427436399998,IDA3_W_C_44
Low RES,IDA3,W_A,44,buy,0.11832892,156.17,-18.479427436399998,IDA3_W_A_44
Low RES,IDA3,VAS_CCGT_D,44,buy,2.8043469,156.17,-437.954855373,IDA3_VAS_CCGT_D_BUYBACK_44
Low RES,IDA3,IND,45,sell,0.48993704,156.19,76.5232662776,IDA3_IND_45
Low RES,IDA3,COM,45,sell,0.28276775,156.19,44.1654948725,IDA3_COM_45
Low RES,IDA3,RESI,45,sell,1.3516478,156.19,211.11386988200002,IDA3_RESI_45
Low RES,IDA3,W_C,45,buy,0.082262904,156.19,-12.848642975759999,IDA3_W_C_45
Low RES,IDA3,W_A,45,buy,0.082262904,156.19,-12.848642975759999,IDA3_W_A_45
Low RES,IDA3,DKL_ST_H,45,buy,1.9598268,156.19,-306.105347892,IDA3_DKL_ST_H_BUYBACK_45
Low RES,IDA3,IND,46,sell,0.48993704,171.787,84.16481429048,IDA3_IND_46
Low RES,IDA3,COM,46,sell,0.28991806,171.787,49.80415377322,IDA3_COM_46
Low RES,IDA3,RESI,46,sell,1.3444975,171.787,230.96719203249998,IDA3_RESI_46
Low RES,IDA3,VAS_GT_D,46,buy,5.7149535,171.787,-981.7547169045,IDA3_VAS_GT_D_BUYBACK_46
Low RES,IDA3,VAS_GT_D,46,sell,3.5906008,171.787,616.8185396296,IDA3_VAS_GT_D_UP_46
Low RES,IDA3,IND,47,sell,0.28750585,156.17,44.899788594499995,IDA3_IND_47
Low RES,IDA3,COM,47,sell,0.15660479,156.17,24.456970054299997,IDA3_COM_47
Low RES,IDA3,RESI,47,sell,0.68917747,156.17,107.62884548989999,IDA3_RESI_47
Low RES,IDA3,W_C,47,buy,0.11528964,156.17,-18.0047830788,IDA3_W_C_47
Low RES,IDA3,W_A,47,buy,0.11528964,156.17,-18.0047830788,IDA3_W_A_47
Low RES,IDA3,VAS_CCGT_D,47,buy,0.90270882,156.17,-140.97603641939997,IDA3_VAS_CCGT_D_BUYBACK_47
Low RES,IDA3,IND,48,sell,0.28750585,156.17,44.899788594499995,IDA3_IND_48
Low RES,IDA3,COM,48,sell,0.1655464,156.17,25.853381287999998,IDA3_COM_48
Low RES,IDA3,RESI,48,sell,0.68023586,156.17,106.2324342562,IDA3_RESI_48
Low RES,IDA3,W_C,48,buy,0.11528964,156.17,-18.0047830788,IDA3_W_C_48
Low RES,IDA3,W_A,48,buy,0.11528964,156.17,-18.0047830788,IDA3_W_A_48
Low RES,IDA3,VAS_CCGT_D,48,buy,0.90270882,156.17,-140.97603641939997,IDA3_VAS_CCGT_D_BUYBACK_48
High RES,FM,PV_C,13,sell,3.594e-05,85.0,0.0030548999999999997,PV_COM
High RES,FM,COM,13,buy,3.594e-05,85.0,-0.0030548999999999997,PV_COM
High RES,FM,PV_C,14,sell,3.594e-05,85.0,0.0030548999999999997,PV_COM
High RES,FM,COM,14,buy,3.594e-05,85.0,-0.0030548999999999997,PV_COM
High RES,FM,PV_C,15,sell,2.7334115999999997,85.0,232.33998599999998,PV_COM
High RES,FM,COM,15,buy,2.7334115999999997,85.0,-232.33998599999998,PV_COM
High RES,FM,PV_C,16,sell,2.7334115999999997,85.0,232.33998599999998,PV_COM
High RES,FM,COM,16,buy,2.7334115999999997,85.0,-232.33998599999998,PV_COM
High RES,FM,PV_C,17,sell,13.25750808,85.0,1126.8881867999999,PV_COM
High RES,FM,COM,17,buy,13.25750808,85.0,-1126.8881867999999,PV_COM
High RES,FM,PV_C,18,sell,13.25750808,85.0,1126.8881867999999,PV_COM
High RES,FM,COM,18,buy,13.25750808,85.0,-1126.8881867999999,PV_COM
High RES,FM,PV_C,19,sell,24.790708799999997,85.0,2107.210248,PV_COM
High RES,FM,COM,19,buy,24.790708799999997,85.0,-2107.210248,PV_COM
High RES,FM,PV_C,20,sell,24.790708799999997,85.0,2107.210248,PV_COM
High RES,FM,COM,20,buy,24.790708799999997,85.0,-2107.210248,PV_COM
High RES,FM,PV_C,21,sell,30.83372664,85.0,2620.8667643999997,PV_COM
High RES,FM,COM,21,buy,30.83372664,85.0,-2620.8667643999997,PV_COM
High RES,FM,PV_C,22,sell,30.83372664,85.0,2620.8667643999997,PV_COM
High RES,FM,COM,22,buy,30.83372664,85.0,-2620.8667643999997,PV_COM
High RES,FM,PV_C,23,sell,33.20405622,85.0,2822.3447787,PV_COM
High RES,FM,COM,23,buy,33.20405622,85.0,-2822.3447787,PV_COM
High RES,FM,PV_C,24,sell,33.20405622,85.0,2822.3447787,PV_COM
High RES,FM,COM,24,buy,33.20405622,85.0,-2822.3447787,PV_COM
High RES,FM,PV_C,25,sell,32.802520439999995,85.0,2788.2142373999995,PV_COM
High RES,FM,COM,25,buy,32.802520439999995,85.0,-2788.2142373999995,PV_COM
High RES,FM,PV_C,26,sell,32.802520439999995,85.0,2788.2142373999995,PV_COM
High RES,FM,COM,26,buy,32.802520439999995,85.0,-2788.2142373999995,PV_COM
High RES,FM,PV_C,27,sell,29.991842039999998,85.0,2549.3065733999997,PV_COM
High RES,FM,COM,27,buy,29.991842039999998,85.0,-2549.3065733999997,PV_COM
High RES,FM,PV_C,28,sell,29.991842039999998,85.0,2549.3065733999997,PV_COM
High RES,FM,COM,28,buy,29.991842039999998,85.0,-2549.3065733999997,PV_COM
High RES,FM,PV_C,29,sell,23.70322362,85.0,2014.7740076999999,PV_COM
High RES,FM,COM,29,buy,23.70322362,85.0,-2014.7740076999999,PV_COM
High RES,FM,PV_C,30,sell,23.70322362,85.0,2014.7740076999999,PV_COM
High RES,FM,COM,30,buy,23.70322362,85.0,-2014.7740076999999,PV_COM
High RES,FM,PV_C,31,sell,13.5228027,85.0,1149.4382295,PV_COM
High RES,FM,COM,31,buy,13.5228027,85.0,-1149.4382295,PV_COM
High RES,FM,PV_C,32,sell,13.5228027,85.0,1149.4382295,PV_COM
High RES,FM,COM,32,buy,13.5228027,85.0,-1149.4382295,PV_COM
High RES,FM,PV_C,33,sell,3.6086107800000002,85.0,306.7319163,PV_COM
High RES,FM,COM,33,buy,3.6086107800000002,85.0,-306.7319163,PV_COM
High RES,FM,PV_C,34,sell,3.6086107800000002,85.0,306.7319163,PV_COM
High RES,FM,COM,34,buy,3.6086107800000002,85.0,-306.7319163,PV_COM
High RES,FM,PV_C,13,sell,5.99e-06,90.0,0.0005391,PV_RESI
High RES,FM,RESI,13,buy,5.99e-06,90.0,-0.0005391,PV_RESI
High RES,FM,PV_C,14,sell,5.99e-06,90.0,0.0005391,PV_RESI
High RES,FM,RESI,14,buy,5.99e-06,90.0,-0.0005391,PV_RESI
High RES,FM,PV_C,15,sell,0.4555686,90.0,41.001174,PV_RESI
High RES,FM,RESI,15,buy,0.4555686,90.0,-41.001174,PV_RESI
High RES,FM,PV_C,16,sell,0.4555686,90.0,41.001174,PV_RESI
High RES,FM,RESI,16,buy,0.4555686,90.0,-41.001174,PV_RESI
High RES,FM,PV_C,17,sell,2.2095846800000003,90.0,198.86262120000004,PV_RESI
High RES,FM,RESI,17,buy,2.2095846800000003,90.0,-198.86262120000004,PV_RESI
High RES,FM,PV_C,18,sell,2.2095846800000003,90.0,198.86262120000004,PV_RESI
High RES,FM,RESI,18,buy,2.2095846800000003,90.0,-198.86262120000004,PV_RESI
High RES,FM,PV_C,19,sell,4.1317848,90.0,371.860632,PV_RESI
High RES,FM,RESI,19,buy,4.1317848,90.0,-371.860632,PV_RESI
High RES,FM,PV_C,20,sell,4.1317848,90.0,371.860632,PV_RESI
High RES,FM,RESI,20,buy,4.1317848,90.0,-371.860632,PV_RESI
High RES,FM,PV_C,21,sell,5.13895444,90.0,462.5058996,PV_RESI
High RES,FM,RESI,21,buy,5.13895444,90.0,-462.5058996,PV_RESI
High RES,FM,PV_C,22,sell,5.13895444,90.0,462.5058996,PV_RESI
High RES,FM,RESI,22,buy,5.13895444,90.0,-462.5058996,PV_RESI
High RES,FM,PV_C,23,sell,5.534009369999999,90.0,498.0608432999999,PV_RESI
High RES,FM,RESI,23,buy,5.534009369999999,90.0,-498.0608432999999,PV_RESI
High RES,FM,PV_C,24,sell,5.534009369999999,90.0,498.0608432999999,PV_RESI
High RES,FM,RESI,24,buy,5.534009369999999,90.0,-498.0608432999999,PV_RESI
High RES,FM,PV_C,25,sell,5.46708674,90.0,492.0378066,PV_RESI
High RES,FM,RESI,25,buy,5.46708674,90.0,-492.0378066,PV_RESI
High RES,FM,PV_C,26,sell,5.46708674,90.0,492.0378066,PV_RESI
High RES,FM,RESI,26,buy,5.46708674,90.0,-492.0378066,PV_RESI
High RES,FM,PV_C,27,sell,4.998640340000001,90.0,449.87763060000003,PV_RESI
High RES,FM,RESI,27,buy,4.998640340000001,90.0,-449.87763060000003,PV_RESI
High RES,FM,PV_C,28,sell,4.998640340000001,90.0,449.87763060000003,PV_RESI
High RES,FM,RESI,28,buy,4.998640340000001,90.0,-449.87763060000003,PV_RESI
High RES,FM,PV_C,29,sell,3.9505372700000003,90.0,355.5483543,PV_RESI
High RES,FM,RESI,29,buy,3.9505372700000003,90.0,-355.5483543,PV_RESI
High RES,FM,PV_C,30,sell,3.9505372700000003,90.0,355.5483543,PV_RESI
High RES,FM,RESI,30,buy,3.9505372700000003,90.0,-355.5483543,PV_RESI
High RES,FM,PV_C,31,sell,2.25380045,90.0,202.8420405,PV_RESI
High RES,FM,RESI,31,buy,2.25380045,90.0,-202.8420405,PV_RESI
High RES,FM,PV_C,32,sell,2.25380045,90.0,202.8420405,PV_RESI
High RES,FM,RESI,32,buy,2.25380045,90.0,-202.8420405,PV_RESI
High RES,FM,PV_C,33,sell,0.60143513,90.0,54.129161700000004,PV_RESI
High RES,FM,RESI,33,buy,0.60143513,90.0,-54.129161700000004,PV_RESI
High RES,FM,PV_C,34,sell,0.60143513,90.0,54.129161700000004,PV_RESI
High RES,FM,RESI,34,buy,0.60143513,90.0,-54.129161700000004,PV_RESI
High RES,FM,W_C,1,sell,0.8836460202,100.0,88.36460202,W_IND
High RES,FM,IND,1,buy,0.8836460202,100.0,-88.36460202,W_IND
High RES,FM,W_C,2,sell,0.8836460202,100.0,88.36460202,W_IND
High RES,FM,IND,2,buy,0.8836460202,100.0,-88.36460202,W_IND
High RES,FM,W_C,3,sell,0.9225486655499999,100.0,92.25486655499999,W_IND
High RES,FM,IND,3,buy,0.9225486655499999,100.0,-92.25486655499999,W_IND
High RES,FM,W_C,4,sell,0.9225486655499999,100.0,92.25486655499999,W_IND
High RES,FM,IND,4,buy,0.9225486655499999,100.0,-92.25486655499999,W_IND
High RES,FM,W_C,5,sell,1.2810088439999998,100.0,128.10088439999998,W_IND
High RES,FM,IND,5,buy,1.2810088439999998,100.0,-128.10088439999998,W_IND
High RES,FM,W_C,6,sell,1.2810088439999998,100.0,128.10088439999998,W_IND
High RES,FM,IND,6,buy,1.2810088439999998,100.0,-128.10088439999998,W_IND
High RES,FM,W_C,7,sell,1.7311681305,100.0,173.11681305,W_IND
High RES,FM,IND,7,buy,1.7311681305,100.0,-173.11681305,W_IND
High RES,FM,W_C,8,sell,1.7311681305,100.0,173.11681305,W_IND
High RES,FM,IND,8,buy,1.7311681305,100.0,-173.11681305,W_IND
High RES,FM,W_C,9,sell,1.2573893715,100.0,125.73893715,W_IND
High RES,FM,IND,9,buy,1.2573893715,100.0,-125.73893715,W_IND
High RES,FM,W_C,10,sell,1.2573893715,100.0,125.73893715,W_IND
High RES,FM,IND,10,buy,1.2573893715,100.0,-125.73893715,W_IND
High RES,FM,W_C,11,sell,0.8753097440999998,100.0,87.53097440999998,W_IND
High RES,FM,IND,11,buy,0.8753097440999998,100.0,-87.53097440999998,W_IND
High RES,FM,W_C,12,sell,0.8753097440999998,100.0,87.53097440999998,W_IND
High RES,FM,IND,12,buy,0.8753097440999998,100.0,-87.53097440999998,W_IND
High RES,FM,W_C,13,sell,0.9239380449,100.0,92.39380449,W_IND
High RES,FM,IND,13,buy,0.9239380449,100.0,-92.39380449,W_IND
High RES,FM,W_C,14,sell,0.9239380449,100.0,92.39380449,W_IND
High RES,FM,IND,14,buy,0.9239380449,100.0,-92.39380449,W_IND
High RES,FM,W_C,15,sell,0.6759336307499999,100.0,67.59336307499998,W_IND
High RES,FM,IND,15,buy,0.6759336307499999,100.0,-67.59336307499998,W_IND
High RES,FM,W_C,16,sell,0.6759336307499999,100.0,67.59336307499998,W_IND
High RES,FM,IND,16,buy,0.6759336307499999,100.0,-67.59336307499998,W_IND
High RES,FM,W_C,17,sell,0.46196902245,100.0,46.196902245,W_IND
High RES,FM,IND,17,buy,0.46196902245,100.0,-46.196902245,W_IND
High RES,FM,W_C,18,sell,0.46196902245,100.0,46.196902245,W_IND
High RES,FM,IND,18,buy,0.46196902245,100.0,-46.196902245,W_IND
High RES,FM,W_C,19,sell,0.42445575645000005,100.0,42.445575645000005,W_IND
High RES,FM,IND,19,buy,0.42445575645000005,100.0,-42.445575645000005,W_IND
High RES,FM,W_C,20,sell,0.42445575645000005,100.0,42.445575645000005,W_IND
High RES,FM,IND,20,buy,0.42445575645000005,100.0,-42.445575645000005,W_IND
High RES,FM,W_C,21,sell,0.2334159192,100.0,23.34159192,W_IND
High RES,FM,IND,21,buy,0.2334159192,100.0,-23.34159192,W_IND
High RES,FM,W_C,22,sell,0.2334159192,100.0,23.34159192,W_IND
High RES,FM,IND,22,buy,0.2334159192,100.0,-23.34159192,W_IND
High RES,FM,W_C,23,sell,0.12365485634999998,100.0,12.365485634999999,W_IND
High RES,FM,IND,23,buy,0.12365485634999998,100.0,-12.365485634999999,W_IND
High RES,FM,W_C,24,sell,0.12365485634999998,100.0,12.365485634999999,W_IND
High RES,FM,IND,24,buy,0.12365485634999998,100.0,-12.365485634999999,W_IND
High RES,FM,W_C,25,sell,0.13893805275,100.0,13.893805275000002,W_IND
High RES,FM,IND,25,buy,0.13893805275,100.0,-13.893805275000002,W_IND
High RES,FM,W_C,26,sell,0.13893805275,100.0,13.893805275000002,W_IND
High RES,FM,IND,26,buy,0.13893805275,100.0,-13.893805275000002,W_IND
High RES,FM,W_C,27,sell,0.09517256789999999,100.0,9.51725679,W_IND
High RES,FM,IND,27,buy,0.09517256789999999,100.0,-9.51725679,W_IND
High RES,FM,W_C,28,sell,0.09517256789999999,100.0,9.51725679,W_IND
High RES,FM,IND,28,buy,0.09517256789999999,100.0,-9.51725679,W_IND
High RES,FM,W_C,29,sell,0.113234523,100.0,11.3234523,W_IND
High RES,FM,IND,29,buy,0.113234523,100.0,-11.3234523,W_IND
High RES,FM,W_C,30,sell,0.113234523,100.0,11.3234523,W_IND
High RES,FM,IND,30,buy,0.113234523,100.0,-11.3234523,W_IND
High RES,FM,W_C,31,sell,0.23411062065,100.0,23.411062065,W_IND
High RES,FM,IND,31,buy,0.23411062065,100.0,-23.411062065,W_IND
High RES,FM,W_C,32,sell,0.23411062065,100.0,23.411062065,W_IND
High RES,FM,IND,32,buy,0.23411062065,100.0,-23.411062065,W_IND
High RES,FM,W_C,33,sell,0.63633628395,100.0,63.633628394999995,W_IND
High RES,FM,IND,33,buy,0.63633628395,100.0,-63.633628394999995,W_IND
High RES,FM,W_C,34,sell,0.63633628395,100.0,63.633628394999995,W_IND
High RES,FM,IND,34,buy,0.63633628395,100.0,-63.633628394999995,W_IND
High RES,FM,W_C,35,sell,0.7773584174999999,100.0,77.73584174999999,W_IND
High RES,FM,IND,35,buy,0.7773584174999999,100.0,-77.73584174999999,W_IND
High RES,FM,W_C,36,sell,0.7773584174999999,100.0,77.73584174999999,W_IND
High RES,FM,IND,36,buy,0.7773584174999999,100.0,-77.73584174999999,W_IND
High RES,FM,W_C,37,sell,0.5314380606,100.0,53.143806059999996,W_IND
High RES,FM,IND,37,buy,0.5314380606,100.0,-53.143806059999996,W_IND
High RES,FM,W_C,38,sell,0.5314380606,100.0,53.143806059999996,W_IND
High RES,FM,IND,38,buy,0.5314380606,100.0,-53.143806059999996,W_IND
High RES,FM,W_C,39,sell,0.34734514364999997,100.0,34.734514364999995,W_IND
High RES,FM,IND,39,buy,0.34734514364999997,100.0,-34.734514364999995,W_IND
High RES,FM,W_C,40,sell,0.34734514364999997,100.0,34.734514364999995,W_IND
High RES,FM,IND,40,buy,0.34734514364999997,100.0,-34.734514364999995,W_IND
High RES,FM,W_C,41,sell,0.25217257574999996,100.0,25.217257574999998,W_IND
High RES,FM,IND,41,buy,0.25217257574999996,100.0,-25.217257574999998,W_IND
High RES,FM,W_C,42,sell,0.25217257574999996,100.0,25.217257574999998,W_IND
High RES,FM,IND,42,buy,0.25217257574999996,100.0,-25.217257574999998,W_IND
High RES,FM,W_C,43,sell,0.3313672458,100.0,33.13672458,W_IND
High RES,FM,IND,43,buy,0.3313672458,100.0,-33.13672458,W_IND
High RES,FM,W_C,44,sell,0.3313672458,100.0,33.13672458,W_IND
High RES,FM,IND,44,buy,0.3313672458,100.0,-33.13672458,W_IND
High RES,FM,W_C,45,sell,0.367491156,100.0,36.749115599999996,W_IND
High RES,FM,IND,45,buy,0.367491156,100.0,-36.749115599999996,W_IND
High RES,FM,W_C,46,sell,0.367491156,100.0,36.749115599999996,W_IND
High RES,FM,IND,46,buy,0.367491156,100.0,-36.749115599999996,W_IND
High RES,FM,W_C,47,sell,0.357765477,100.0,35.7765477,W_IND
High RES,FM,IND,47,buy,0.357765477,100.0,-35.7765477,W_IND
High RES,FM,W_C,48,sell,0.357765477,100.0,35.7765477,W_IND
High RES,FM,IND,48,buy,0.357765477,100.0,-35.7765477,W_IND
High RES,FM,W_C,1,sell,0.14727433670000004,105.0,15.463805353500003,W_RESI
High RES,FM,RESI,1,buy,0.14727433670000004,105.0,-15.463805353500003,W_RESI
High RES,FM,W_C,2,sell,0.14727433670000004,105.0,15.463805353500003,W_RESI
High RES,FM,RESI,2,buy,0.14727433670000004,105.0,-15.463805353500003,W_RESI
High RES,FM,W_C,3,sell,0.15375811092500002,105.0,16.144601647125004,W_RESI
High RES,FM,RESI,3,buy,0.15375811092500002,105.0,-16.144601647125004,W_RESI
High RES,FM,W_C,4,sell,0.15375811092500002,105.0,16.144601647125004,W_RESI
High RES,FM,RESI,4,buy,0.15375811092500002,105.0,-16.144601647125004,W_RESI
High RES,FM,W_C,5,sell,0.213501474,105.0,22.41765477,W_RESI
High RES,FM,RESI,5,buy,0.213501474,105.0,-22.41765477,W_RESI
High RES,FM,W_C,6,sell,0.213501474,105.0,22.41765477,W_RESI
High RES,FM,RESI,6,buy,0.213501474,105.0,-22.41765477,W_RESI
High RES,FM,W_C,7,sell,0.28852802175000003,105.0,30.295442283750003,W_RESI
High RES,FM,RESI,7,buy,0.28852802175000003,105.0,-30.295442283750003,W_RESI
High RES,FM,W_C,8,sell,0.28852802175000003,105.0,30.295442283750003,W_RESI
High RES,FM,RESI,8,buy,0.28852802175000003,105.0,-30.295442283750003,W_RESI
High RES,FM,W_C,9,sell,0.20956489525000002,105.0,22.004314001250002,W_RESI
High RES,FM,RESI,9,buy,0.20956489525000002,105.0,-22.004314001250002,W_RESI
High RES,FM,W_C,10,sell,0.20956489525000002,105.0,22.004314001250002,W_RESI
High RES,FM,RESI,10,buy,0.20956489525000002,105.0,-22.004314001250002,W_RESI
High RES,FM,W_C,11,sell,0.14588495735,105.0,15.31792052175,W_RESI
High RES,FM,RESI,11,buy,0.14588495735,105.0,-15.31792052175,W_RESI
High RES,FM,W_C,12,sell,0.14588495735,105.0,15.31792052175,W_RESI
High RES,FM,RESI,12,buy,0.14588495735,105.0,-15.31792052175,W_RESI
High RES,FM,W_C,13,sell,0.15398967415,105.0,16.168915785750002,W_RESI
High RES,FM,RESI,13,buy,0.15398967415,105.0,-16.168915785750002,W_RESI
High RES,FM,W_C,14,sell,0.15398967415,105.0,16.168915785750002,W_RESI
High RES,FM,RESI,14,buy,0.15398967415,105.0,-16.168915785750002,W_RESI
High RES,FM,W_C,15,sell,0.112655605125,105.0,11.828838538125,W_RESI
High RES,FM,RESI,15,buy,0.112655605125,105.0,-11.828838538125,W_RESI
High RES,FM,W_C,16,sell,0.112655605125,105.0,11.828838538125,W_RESI
High RES,FM,RESI,16,buy,0.112655605125,105.0,-11.828838538125,W_RESI
High RES,FM,W_C,17,sell,0.076994837075,105.0,8.084457892875001,W_RESI
High RES,FM,RESI,17,buy,0.076994837075,105.0,-8.084457892875001,W_RESI
High RES,FM,W_C,18,sell,0.076994837075,105.0,8.084457892875001,W_RESI
High RES,FM,RESI,18,buy,0.076994837075,105.0,-8.084457892875001,W_RESI
High RES,FM,W_C,19,sell,0.07074262607500001,105.0,7.427975737875001,W_RESI
High RES,FM,RESI,19,buy,0.07074262607500001,105.0,-7.427975737875001,W_RESI
High RES,FM,W_C,20,sell,0.07074262607500001,105.0,7.427975737875001,W_RESI
High RES,FM,RESI,20,buy,0.07074262607500001,105.0,-7.427975737875001,W_RESI
High RES,FM,W_C,21,sell,0.0389026532,105.0,4.084778586,W_RESI
High RES,FM,RESI,21,buy,0.0389026532,105.0,-4.084778586,W_RESI
High RES,FM,W_C,22,sell,0.0389026532,105.0,4.084778586,W_RESI
High RES,FM,RESI,22,buy,0.0389026532,105.0,-4.084778586,W_RESI
High RES,FM,W_C,23,sell,0.020609142724999998,105.0,2.1639599861249996,W_RESI
High RES,FM,RESI,23,buy,0.020609142724999998,105.0,-2.1639599861249996,W_RESI
High RES,FM,W_C,24,sell,0.020609142724999998,105.0,2.1639599861249996,W_RESI
High RES,FM,RESI,24,buy,0.020609142724999998,105.0,-2.1639599861249996,W_RESI
High RES,FM,W_C,25,sell,0.023156342125000003,105.0,2.4314159231250003,W_RESI
High RES,FM,RESI,25,buy,0.023156342125000003,105.0,-2.4314159231250003,W_RESI
High RES,FM,W_C,26,sell,0.023156342125000003,105.0,2.4314159231250003,W_RESI
High RES,FM,RESI,26,buy,0.023156342125000003,105.0,-2.4314159231250003,W_RESI
High RES,FM,W_C,27,sell,0.015862094650000002,105.0,1.66551993825,W_RESI
High RES,FM,RESI,27,buy,0.015862094650000002,105.0,-1.66551993825,W_RESI
High RES,FM,W_C,28,sell,0.015862094650000002,105.0,1.66551993825,W_RESI
High RES,FM,RESI,28,buy,0.015862094650000002,105.0,-1.66551993825,W_RESI
High RES,FM,W_C,29,sell,0.0188724205,105.0,1.9816041525,W_RESI
High RES,FM,RESI,29,buy,0.0188724205,105.0,-1.9816041525,W_RESI
High RES,FM,W_C,30,sell,0.0188724205,105.0,1.9816041525,W_RESI
High RES,FM,RESI,30,buy,0.0188724205,105.0,-1.9816041525,W_RESI
High RES,FM,W_C,31,sell,0.039018436775000005,105.0,4.096935861375001,W_RESI
High RES,FM,RESI,31,buy,0.039018436775000005,105.0,-4.096935861375001,W_RESI
High RES,FM,W_C,32,sell,0.039018436775000005,105.0,4.096935861375001,W_RESI
High RES,FM,RESI,32,buy,0.039018436775000005,105.0,-4.096935861375001,W_RESI
High RES,FM,W_C,33,sell,0.10605604732500001,105.0,11.135884969125001,W_RESI
High RES,FM,RESI,33,buy,0.10605604732500001,105.0,-11.135884969125001,W_RESI
High RES,FM,W_C,34,sell,0.10605604732500001,105.0,11.135884969125001,W_RESI
High RES,FM,RESI,34,buy,0.10605604732500001,105.0,-11.135884969125001,W_RESI
High RES,FM,W_C,35,sell,0.12955973625,105.0,13.60377230625,W_RESI
High RES,FM,RESI,35,buy,0.12955973625,105.0,-13.60377230625,W_RESI
High RES,FM,W_C,36,sell,0.12955973625,105.0,13.60377230625,W_RESI
High RES,FM,RESI,36,buy,0.12955973625,105.0,-13.60377230625,W_RESI
High RES,FM,W_C,37,sell,0.08857301010000002,105.0,9.300166060500002,W_RESI
High RES,FM,RESI,37,buy,0.08857301010000002,105.0,-9.300166060500002,W_RESI
High RES,FM,W_C,38,sell,0.08857301010000002,105.0,9.300166060500002,W_RESI
High RES,FM,RESI,38,buy,0.08857301010000002,105.0,-9.300166060500002,W_RESI
High RES,FM,W_C,39,sell,0.057890857275,105.0,6.078540013875,W_RESI
High RES,FM,RESI,39,buy,0.057890857275,105.0,-6.078540013875,W_RESI
High RES,FM,W_C,40,sell,0.057890857275,105.0,6.078540013875,W_RESI
High RES,FM,RESI,40,buy,0.057890857275,105.0,-6.078540013875,W_RESI
High RES,FM,W_C,41,sell,0.042028762625,105.0,4.413020075625,W_RESI
High RES,FM,RESI,41,buy,0.042028762625,105.0,-4.413020075625,W_RESI
High RES,FM,W_C,42,sell,0.042028762625,105.0,4.413020075625,W_RESI
High RES,FM,RESI,42,buy,0.042028762625,105.0,-4.413020075625,W_RESI
High RES,FM,W_C,43,sell,0.05522787430000001,105.0,5.7989268015,W_RESI
High RES,FM,RESI,43,buy,0.05522787430000001,105.0,-5.7989268015,W_RESI
High RES,FM,W_C,44,sell,0.05522787430000001,105.0,5.7989268015,W_RESI
High RES,FM,RESI,44,buy,0.05522787430000001,105.0,-5.7989268015,W_RESI
High RES,FM,W_C,45,sell,0.061248526000000005,105.0,6.43109523,W_RESI
High RES,FM,RESI,45,buy,0.061248526000000005,105.0,-6.43109523,W_RESI
High RES,FM,W_C,46,sell,0.061248526000000005,105.0,6.43109523,W_RESI
High RES,FM,RESI,46,buy,0.061248526000000005,105.0,-6.43109523,W_RESI
High RES,FM,W_C,47,sell,0.05962757950000001,105.0,6.2608958475000005,W_RESI
High RES,FM,RESI,47,buy,0.05962757950000001,105.0,-6.2608958475000005,W_RESI
High RES,FM,W_C,48,sell,0.05962757950000001,105.0,6.2608958475000005,W_RESI
High RES,FM,RESI,48,buy,0.05962757950000001,105.0,-6.2608958475000005,W_RESI
High RES,DAM,IND,1,buy,73.543603,156.17,-11485.30448051,DAM_IND_1
High RES,DAM,COM,1,buy,60.566522,156.17,-9458.67374074,DAM_COM_1
High RES,DAM,RESI,1,buy,140.13065,156.17,-21884.203610499997,DAM_RESI_1
High RES,DAM,W_C,1,sell,0.88364602,156.17,137.99899894339998,DAM_W_C_1
High RES,DAM,W_A,1,sell,1.9145664,156.17,298.99783468799995,DAM_W_A_1
High RES,DAM,DKL_ICE_H,1,sell,36.75,156.17,5739.2474999999995,DAM_DKL_ICE_H_FLEX_1
High RES,DAM,VAS_ST_H,1,sell,136.5,156.17,21317.204999999998,DAM_VAS_ST_H_FLEX_1
High RES,DAM,VAS_CCGT_D,1,sell,23.942563,156.17,3739.11006371,DAM_VAS_CCGT_D_FLEX_1
High RES,DAM,IND,2,buy,73.543603,156.17,-11485.30448051,DAM_IND_2
High RES,DAM,COM,2,buy,60.774218,156.17,-9491.109625059999,DAM_COM_2
High RES,DAM,RESI,2,buy,139.92295,156.17,-21851.767101499998,DAM_RESI_2
High RES,DAM,W_C,2,sell,0.88364602,156.17,137.99899894339998,DAM_W_C_2
High RES,DAM,W_A,2,sell,1.9145664,156.17,298.99783468799995,DAM_W_A_2
High RES,DAM,DKL_ICE_H,2,sell,36.75,156.17,5739.2474999999995,DAM_DKL_ICE_H_FLEX_2
High RES,DAM,VAS_ST_H,2,sell,136.5,156.17,21317.204999999998,DAM_VAS_ST_H_FLEX_2
High RES,DAM,VAS_CCGT_D,2,sell,23.942563,156.17,3739.11006371,DAM_VAS_CCGT_D_FLEX_2
High RES,DAM,IND,3,buy,73.5047,156.17,-11479.228998999999,DAM_IND_3
High RES,DAM,COM,3,buy,59.138495,156.17,-9235.65876415,DAM_COM_3
High RES,DAM,RESI,3,buy,135.09992,156.17,-21098.554506399996,DAM_RESI_3
High RES,DAM,W_C,3,sell,0.92254867,156.17,144.0744257939,DAM_W_C_3
High RES,DAM,W_A,3,sell,1.9988554,156.17,312.161247818,DAM_W_A_3
High RES,DAM,DKL_ICE_H,3,sell,36.75,156.17,5739.2474999999995,DAM_DKL_ICE_H_FLEX_3
High RES,DAM,VAS_ST_H,3,sell,136.5,156.17,21317.204999999998,DAM_VAS_ST_H_FLEX_3
High RES,DAM,VAS_CCGT_D,3,sell,17.321713,156.17,2705.1319192099995,DAM_VAS_CCGT_D_FLEX_3
High RES,DAM,IND,4,buy,73.5047,156.17,-11479.228998999999,DAM_IND_4
High RES,DAM,COM,4,buy,59.625466,156.17,-9311.70902522,DAM_COM_4
High RES,DAM,RESI,4,buy,134.61295,156.17,-21022.5044015,DAM_RESI_4
High RES,DAM,W_C,4,sell,0.92254867,156.17,144.0744257939,DAM_W_C_4
High RES,DAM,W_A,4,sell,1.9988554,156.17,312.161247818,DAM_W_A_4
High RES,DAM,DKL_ICE_H,4,sell,36.75,156.17,5739.2474999999995,DAM_DKL_ICE_H_FLEX_4
High RES,DAM,VAS_ST_H,4,sell,136.5,156.17,21317.204999999998,DAM_VAS_ST_H_FLEX_4
High RES,DAM,VAS_CCGT_D,4,sell,17.321713,156.17,2705.1319192099995,DAM_VAS_CCGT_D_FLEX_4
High RES,DAM,IND,5,buy,73.14624,130.24,-9526.566297600002,DAM_IND_5
High RES,DAM,COM,5,buy,55.27045,130.24,-7198.423408,DAM_COM_5
High RES,DAM,RESI,5,buy,122.5303,130.24,-15958.346272,DAM_RESI_5
High RES,DAM,W_C,5,sell,1.2810088,130.24,166.838586112,DAM_W_C_5
High RES,DAM,W_A,5,sell,2.7755192,130.24,361.483620608,DAM_W_A_5
High RES,DAM,DKL_ICE_H,5,sell,36.75,130.24,4786.320000000001,DAM_DKL_ICE_H_FLEX_5
High RES,DAM,VAS_ST_H,5,sell,135.89047,130.24,17698.3748128,DAM_VAS_ST_H_FLEX_5
High RES,DAM,IND,6,buy,73.14624,130.24,-9526.566297600002,DAM_IND_6
High RES,DAM,COM,6,buy,56.246195,130.24,-7325.504436800001,DAM_COM_6
High RES,DAM,RESI,6,buy,121.55456,130.24,-15831.265894400001,DAM_RESI_6
High RES,DAM,W_C,6,sell,1.2810088,130.24,166.838586112,DAM_W_C_6
High RES,DAM,W_A,6,sell,2.7755192,130.24,361.483620608,DAM_W_A_6
High RES,DAM,DKL_ICE_H,6,sell,36.75,130.24,4786.320000000001,DAM_DKL_ICE_H_FLEX_6
High RES,DAM,VAS_ST_H,6,sell,135.89047,130.24,17698.3748128,DAM_VAS_ST_H_FLEX_6
High RES,DAM,IND,7,buy,72.696081,130.24,-9467.937589440002,DAM_IND_7
High RES,DAM,COM,7,buy,51.590065,130.24,-6719.090065600001,DAM_COM_7
High RES,DAM,RESI,7,buy,107.47857,130.24,-13998.008956800002,DAM_RESI_7
High RES,DAM,W_C,7,sell,1.7311681,130.24,225.46733334400002,DAM_W_C_7
High RES,DAM,W_A,7,sell,3.7508643,130.24,488.512566432,DAM_W_A_7
High RES,DAM,DKL_ICE_H,7,sell,36.75,130.24,4786.320000000001,DAM_DKL_ICE_H_FLEX_7
High RES,DAM,VAS_ST_H,7,sell,115.28268,130.24,15014.416243200001,DAM_VAS_ST_H_FLEX_7
High RES,DAM,IND,8,buy,72.696081,130.24,-9467.937589440002,DAM_IND_8
High RES,DAM,COM,8,buy,53.29377,130.24,-6940.980604800001,DAM_COM_8
High RES,DAM,RESI,8,buy,105.77486,130.24,-13776.1177664,DAM_RESI_8
High RES,DAM,W_C,8,sell,1.7311681,130.24,225.46733334400002,DAM_W_C_8
High RES,DAM,W_A,8,sell,3.7508643,130.24,488.512566432,DAM_W_A_8
High RES,DAM,DKL_ICE_H,8,sell,36.75,130.24,4786.320000000001,DAM_DKL_ICE_H_FLEX_8
High RES,DAM,VAS_ST_H,8,sell,115.28268,130.24,15014.416243200001,DAM_VAS_ST_H_FLEX_8
High RES,DAM,IND,9,buy,73.16986,130.24,-9529.6425664,DAM_IND_9
High RES,DAM,COM,9,buy,51.794759,130.24,-6745.74941216,DAM_COM_9
High RES,DAM,RESI,9,buy,96.553443,130.24,-12575.120416320002,DAM_RESI_9
High RES,DAM,W_C,9,sell,1.2573894,130.24,163.76239545600004,DAM_W_C_9
High RES,DAM,W_A,9,sell,2.7243436,130.24,354.81851046400004,DAM_W_A_9
High RES,DAM,DKL_ICE_H,9,sell,36.75,130.24,4786.320000000001,DAM_DKL_ICE_H_FLEX_9
High RES,DAM,VAS_ST_H,9,sell,106.53633,130.24,13875.291619200001,DAM_VAS_ST_H_FLEX_9
High RES,DAM,IND,10,buy,73.16986,130.24,-9529.6425664,DAM_IND_10
High RES,DAM,COM,10,buy,54.505656,130.24,-7098.816637440001,DAM_COM_10
High RES,DAM,RESI,10,buy,93.842546,130.24,-12222.05319104,DAM_RESI_10
High RES,DAM,W_C,10,sell,1.2573894,130.24,163.76239545600004,DAM_W_C_10
High RES,DAM,W_A,10,sell,2.7243436,130.24,354.81851046400004,DAM_W_A_10
High RES,DAM,DKL_ICE_H,10,sell,36.75,130.24,4786.320000000001,DAM_DKL_ICE_H_FLEX_10
High RES,DAM,VAS_ST_H,10,sell,106.53633,130.24,13875.291619200001,DAM_VAS_ST_H_FLEX_10
High RES,DAM,IND,11,buy,73.551939,130.24,-9579.404535360001,DAM_IND_11
High RES,DAM,COM,11,buy,57.382682,130.24,-7473.520503680001,DAM_COM_11
High RES,DAM,RESI,11,buy,89.821799,130.24,-11698.39110176,DAM_RESI_11
High RES,DAM,W_C,11,sell,0.87530974,130.24,114.0003405376,DAM_W_C_11
High RES,DAM,W_A,11,sell,1.8965044,130.24,247.000733056,DAM_W_A_11
High RES,DAM,DKL_ICE_H,11,sell,36.75,130.24,4786.320000000001,DAM_DKL_ICE_H_FLEX_11
High RES,DAM,VAS_ST_H,11,sell,106.98461,130.24,13933.675606400002,DAM_VAS_ST_H_FLEX_11
High RES,DAM,IND,12,buy,73.551939,130.24,-9579.404535360001,DAM_IND_12
High RES,DAM,COM,12,buy,61.318756,130.24,-7986.154781440001,DAM_COM_12
High RES,DAM,RESI,12,buy,85.885725,130.24,-11185.756824,DAM_RESI_12
High RES,DAM,W_C,12,sell,0.87530974,130.24,114.0003405376,DAM_W_C_12
High RES,DAM,W_A,12,sell,1.8965044,130.24,247.000733056,DAM_W_A_12
High RES,DAM,DKL_ICE_H,12,sell,36.75,130.24,4786.320000000001,DAM_DKL_ICE_H_FLEX_12
High RES,DAM,VAS_ST_H,12,sell,106.98461,130.24,13933.675606400002,DAM_VAS_ST_H_FLEX_12
High RES,DAM,IND,13,buy,73.503311,156.17,-11479.012078869999,DAM_IND_13
High RES,DAM,COM,13,buy,68.585463,156.17,-10710.99175671,DAM_COM_13
High RES,DAM,RESI,13,buy,84.864976,156.17,-13253.363301919999,DAM_RESI_13
High RES,DAM,PV_C,13,sell,3.594e-05,156.17,0.0056127498,DAM_PV_C_13
High RES,DAM,PV_A,13,sell,7.787e-05,156.17,0.012160957899999998,DAM_PV_A_13
High RES,DAM,W_C,13,sell,0.92393804,156.17,144.2914037068,DAM_W_C_13
High RES,DAM,W_A,13,sell,2.0018658,156.17,312.63138198599995,DAM_W_A_13
High RES,DAM,DKL_ICE_H,13,sell,36.75,156.17,5739.2474999999995,DAM_DKL_ICE_H_FLEX_13
High RES,DAM,VAS_ST_H,13,sell,136.5,156.17,21317.204999999998,DAM_VAS_ST_H_FLEX_13
High RES,DAM,VAS_CCGT_D,13,sell,35.027833,156.17,5470.29667961,DAM_VAS_CCGT_D_FLEX_13
High RES,DAM,IND,14,buy,73.503311,156.17,-11479.012078869999,DAM_IND_14
High RES,DAM,COM,14,buy,73.666708,156.17,-11504.52978836,DAM_COM_14
High RES,DAM,RESI,14,buy,79.783731,156.17,-12459.82527027,DAM_RESI_14
High RES,DAM,PV_C,14,sell,3.594e-05,156.17,0.0056127498,DAM_PV_C_14
High RES,DAM,PV_A,14,sell,7.787e-05,156.17,0.012160957899999998,DAM_PV_A_14
High RES,DAM,W_C,14,sell,0.92393804,156.17,144.2914037068,DAM_W_C_14
High RES,DAM,W_A,14,sell,2.0018658,156.17,312.63138198599995,DAM_W_A_14
High RES,DAM,DKL_ICE_H,14,sell,36.75,156.17,5739.2474999999995,DAM_DKL_ICE_H_FLEX_14
High RES,DAM,VAS_ST_H,14,sell,136.5,156.17,21317.204999999998,DAM_VAS_ST_H_FLEX_14
High RES,DAM,VAS_CCGT_D,14,sell,35.027833,156.17,5470.29667961,DAM_VAS_CCGT_D_FLEX_14
High RES,DAM,IND,15,buy,73.751315,156.17,-11517.74286355,DAM_IND_15
High RES,DAM,COM,15,buy,72.213224,156.17,-11277.53919208,DAM_COM_15
High RES,DAM,RESI,15,buy,70.253664,156.17,-10971.51470688,DAM_RESI_15
High RES,DAM,PV_C,15,sell,2.7334116,156.17,426.876889572,DAM_PV_C_15
High RES,DAM,PV_A,15,sell,5.9223918,156.17,924.8999274059998,DAM_PV_A_15
High RES,DAM,W_C,15,sell,0.67593363,156.17,105.56055499709998,DAM_W_C_15
High RES,DAM,W_A,15,sell,1.4645229,156.17,228.71454129299997,DAM_W_A_15
High RES,DAM,DKL_ICE_H,15,sell,36.75,156.17,5739.2474999999995,DAM_DKL_ICE_H_FLEX_15
High RES,DAM,VAS_ST_H,15,sell,136.5,156.17,21317.204999999998,DAM_VAS_ST_H_FLEX_15
High RES,DAM,VAS_CCGT_D,15,sell,16.421943,156.17,2564.6148383099994,DAM_VAS_CCGT_D_FLEX_15
High RES,DAM,IND,16,buy,73.751315,156.17,-11517.74286355,DAM_IND_16
High RES,DAM,COM,16,buy,77.2691,156.17,-12067.115346999999,DAM_COM_16
High RES,DAM,RESI,16,buy,65.197788,156.17,-10181.93855196,DAM_RESI_16
High RES,DAM,PV_C,16,sell,2.7334116,156.17,426.876889572,DAM_PV_C_16
High RES,DAM,PV_A,16,sell,5.9223918,156.17,924.8999274059998,DAM_PV_A_16
High RES,DAM,W_C,16,sell,0.67593363,156.17,105.56055499709998,DAM_W_C_16
High RES,DAM,W_A,16,sell,1.4645229,156.17,228.71454129299997,DAM_W_A_16
High RES,DAM,DKL_ICE_H,16,sell,36.75,156.17,5739.2474999999995,DAM_DKL_ICE_H_FLEX_16
High RES,DAM,VAS_ST_H,16,sell,136.5,156.17,21317.204999999998,DAM_VAS_ST_H_FLEX_16
High RES,DAM,VAS_CCGT_D,16,sell,16.421943,156.17,2564.6148383099994,DAM_VAS_CCGT_D_FLEX_16
High RES,DAM,IND,17,buy,73.96528,130.24,-9633.238067200002,DAM_IND_17
High RES,DAM,COM,17,buy,62.883121,130.24,-8189.897679040001,DAM_COM_17
High RES,DAM,RESI,17,buy,52.32165,130.24,-6814.371696,DAM_RESI_17
High RES,DAM,PV_C,17,sell,13.257508,130.24,1726.65784192,DAM_PV_C_17
High RES,DAM,PV_A,17,sell,28.724601,130.24,3741.0920342400004,DAM_PV_A_17
High RES,DAM,W_C,17,sell,0.46196902,130.24,60.16684516480001,DAM_W_C_17
High RES,DAM,W_A,17,sell,1.0009329,130.24,130.36150089600002,DAM_W_A_17
High RES,DAM,DKL_ICE_H,17,sell,36.75,130.24,4786.320000000001,DAM_DKL_ICE_H_FLEX_17
High RES,DAM,VAS_ST_H,17,sell,93.22504,130.24,12141.629209600002,DAM_VAS_ST_H_FLEX_17
High RES,DAM,IND,18,buy,73.96528,130.24,-9633.238067200002,DAM_IND_18
High RES,DAM,COM,18,buy,66.967558,130.24,-8721.85475392,DAM_COM_18
High RES,DAM,RESI,18,buy,48.237212,130.24,-6282.414490880001,DAM_RESI_18
High RES,DAM,PV_C,18,sell,13.257508,130.24,1726.65784192,DAM_PV_C_18
High RES,DAM,PV_A,18,sell,28.724601,130.24,3741.0920342400004,DAM_PV_A_18
High RES,DAM,W_C,18,sell,0.46196902,130.24,60.16684516480001,DAM_W_C_18
High RES,DAM,W_A,18,sell,1.0009329,130.24,130.36150089600002,DAM_W_A_18
High RES,DAM,DKL_ICE_H,18,sell,36.75,130.24,4786.320000000001,DAM_DKL_ICE_H_FLEX_18
High RES,DAM,VAS_ST_H,18,sell,93.22504,130.24,12141.629209600002,DAM_VAS_ST_H_FLEX_18
High RES,DAM,IND,19,buy,74.002793,130.24,-9638.12376032,DAM_IND_19
High RES,DAM,COM,19,buy,37.533259,130.24,-4888.331652160001,DAM_COM_19
High RES,DAM,RESI,19,buy,30.593583,130.24,-3984.5082499200003,DAM_RESI_19
High RES,DAM,PV_C,19,sell,24.790709,130.24,3228.74194016,DAM_PV_C_19
High RES,DAM,PV_A,19,sell,53.713202,130.24,6995.607428480001,DAM_PV_A_19
High RES,DAM,W_C,19,sell,0.42445576,130.24,55.28111818240001,DAM_W_C_19
High RES,DAM,W_A,19,sell,0.91965414,130.24,119.7757551936,DAM_W_A_19
High RES,DAM,DKL_ICE_H,19,sell,36.75,130.24,4786.320000000001,DAM_DKL_ICE_H_FLEX_19
High RES,DAM,VAS_ST_H,19,sell,9.7816147,130.24,1273.957498528,DAM_VAS_ST_H_FLEX_19
High RES,DAM,IND,20,buy,74.002793,130.24,-9638.12376032,DAM_IND_20
High RES,DAM,COM,20,buy,39.910526,130.24,-5197.94690624,DAM_COM_20
High RES,DAM,RESI,20,buy,28.216316,130.24,-3674.89299584,DAM_RESI_20
High RES,DAM,PV_C,20,sell,24.790709,130.24,3228.74194016,DAM_PV_C_20
High RES,DAM,PV_A,20,sell,53.713202,130.24,6995.607428480001,DAM_PV_A_20
High RES,DAM,W_C,20,sell,0.42445576,130.24,55.28111818240001,DAM_W_C_20
High RES,DAM,W_A,20,sell,0.91965414,130.24,119.7757551936,DAM_W_A_20
High RES,DAM,DKL_ICE_H,20,sell,36.75,130.24,4786.320000000001,DAM_DKL_ICE_H_FLEX_20
High RES,DAM,VAS_ST_H,20,sell,9.7816147,130.24,1273.957498528,DAM_VAS_ST_H_FLEX_20
High RES,DAM,IND,21,buy,74.193833,125.3,-9296.487274899999,DAM_IND_21
High RES,DAM,COM,21,buy,30.87463,125.3,-3868.591139,DAM_COM_21
High RES,DAM,RESI,21,buy,22.980643,125.3,-2879.4745679,DAM_RESI_21
High RES,DAM,PV_C,21,sell,30.833727,125.3,3863.4659930999997,DAM_PV_C_21
High RES,DAM,PV_A,21,sell,66.806408,125.3,8370.842922400001,DAM_PV_A_21
High RES,DAM,W_C,21,sell,0.23341592,125.3,29.247014776,DAM_W_C_21
High RES,DAM,W_A,21,sell,0.50573449,125.3,63.368531597,DAM_W_A_21
High RES,DAM,DKL_ICE_H,21,sell,13.919822,125.3,1744.1536965999999,DAM_DKL_ICE_H_FLEX_21
High RES,DAM,IND,22,buy,74.193833,125.3,-9296.487274899999,DAM_IND_22
High RES,DAM,COM,22,buy,32.333854,125.3,-4051.4319062000004,DAM_COM_22
High RES,DAM,RESI,22,buy,21.521419,125.3,-2696.6338007,DAM_RESI_22
High RES,DAM,PV_C,22,sell,30.833727,125.3,3863.4659930999997,DAM_PV_C_22
High RES,DAM,PV_A,22,sell,66.806408,125.3,8370.842922400001,DAM_PV_A_22
High RES,DAM,W_C,22,sell,0.23341592,125.3,29.247014776,DAM_W_C_22
High RES,DAM,W_A,22,sell,0.50573449,125.3,63.368531597,DAM_W_A_22
High RES,DAM,DKL_ICE_H,22,sell,13.919822,125.3,1744.1536965999999,DAM_DKL_ICE_H_FLEX_22
High RES,DAM,IND,23,buy,74.303594,125.3,-9310.2403282,DAM_IND_23
High RES,DAM,COM,23,buy,29.841748,125.3,-3739.1710243999996,DAM_COM_23
High RES,DAM,RESI,23,buy,19.607016,125.3,-2456.7591048,DAM_RESI_23
High RES,DAM,PV_C,23,sell,33.204056,125.3,4160.4682168,DAM_PV_C_23
High RES,DAM,PV_A,23,sell,71.942122,125.3,9014.347886599999,DAM_PV_A_23
High RES,DAM,W_C,23,sell,0.12365486,125.3,15.493953958,DAM_W_C_23
High RES,DAM,W_A,23,sell,0.26791886,125.3,33.57023315799999,DAM_W_A_23
High RES,DAM,DKL_ICE_H,23,sell,2.4646071,125.3,308.81526963,DAM_DKL_ICE_H_FLEX_23
High RES,DAM,IND,24,buy,74.303594,125.3,-9310.2403282,DAM_IND_24
High RES,DAM,COM,24,buy,30.481919,125.3,-3819.3844507,DAM_COM_24
High RES,DAM,RESI,24,buy,18.966846,125.3,-2376.5458038,DAM_RESI_24
High RES,DAM,PV_C,24,sell,33.204056,125.3,4160.4682168,DAM_PV_C_24
High RES,DAM,PV_A,24,sell,71.942122,125.3,9014.347886599999,DAM_PV_A_24
High RES,DAM,W_C,24,sell,0.12365486,125.3,15.493953958,DAM_W_C_24
High RES,DAM,W_A,24,sell,0.26791886,125.3,33.57023315799999,DAM_W_A_24
High RES,DAM,DKL_ICE_H,24,sell,2.4646071,125.3,308.81526963,DAM_DKL_ICE_H_FLEX_24
High RES,DAM,IND,25,buy,74.288311,125.3,-9308.325368299998,DAM_IND_25
High RES,DAM,COM,25,buy,34.729319,125.3,-4351.5836707,DAM_COM_25
High RES,DAM,RESI,25,buy,20.202089,125.3,-2531.3217517,DAM_RESI_25
High RES,DAM,PV_C,25,sell,32.80252,125.3,4110.155756,DAM_PV_C_25
High RES,DAM,PV_A,25,sell,71.072128,125.3,8905.3376384,DAM_PV_A_25
High RES,DAM,W_C,25,sell,0.13893805,125.3,17.408937665,DAM_W_C_25
High RES,DAM,W_A,25,sell,0.30103245,125.3,37.719365985,DAM_W_A_25
High RES,DAM,DKL_ICE_H,25,sell,9.1551009,125.3,1147.1341427700002,DAM_DKL_ICE_H_FLEX_25
High RES,DAM,IND,26,buy,74.288311,125.3,-9308.325368299998,DAM_IND_26
High RES,DAM,COM,26,buy,34.464237,125.3,-4318.3688961,DAM_COM_26
High RES,DAM,RESI,26,buy,20.467172,125.3,-2564.5366516,DAM_RESI_26
High RES,DAM,PV_C,26,sell,32.80252,125.3,4110.155756,DAM_PV_C_26
High RES,DAM,PV_A,26,sell,71.072128,125.3,8905.3376384,DAM_PV_A_26
High RES,DAM,W_C,26,sell,0.13893805,125.3,17.408937665,DAM_W_C_26
High RES,DAM,W_A,26,sell,0.30103245,125.3,37.719365985,DAM_W_A_26
High RES,DAM,DKL_ICE_H,26,sell,9.1551009,125.3,1147.1341427700002,DAM_DKL_ICE_H_FLEX_26
High RES,DAM,IND,27,buy,74.332077,125.3,-9313.8092481,DAM_IND_27
High RES,DAM,COM,27,buy,37.06556,125.3,-4644.314668,DAM_COM_27
High RES,DAM,RESI,27,buy,21.981837,125.3,-2754.3241761,DAM_RESI_27
High RES,DAM,PV_C,27,sell,29.991842,125.3,3757.9778026,DAM_PV_C_27
High RES,DAM,PV_A,27,sell,64.982324,125.3,8142.285197200001,DAM_PV_A_27
High RES,DAM,W_C,27,sell,0.095172568,125.3,11.9251227704,DAM_W_C_27
High RES,DAM,W_A,27,sell,0.20620723,125.3,25.837765919,DAM_W_A_27
High RES,DAM,DKL_ICE_H,27,sell,22.353927,125.3,2800.9470530999997,DAM_DKL_ICE_H_FLEX_27
High RES,DAM,IND,28,buy,74.332077,125.3,-9313.8092481,DAM_IND_28
High RES,DAM,COM,28,buy,35.662913,125.3,-4468.5629989,DAM_COM_28
High RES,DAM,RESI,28,buy,23.384484,125.3,-2930.0758452,DAM_RESI_28
High RES,DAM,PV_C,28,sell,29.991842,125.3,3757.9778026,DAM_PV_C_28
High RES,DAM,PV_A,28,sell,64.982324,125.3,8142.285197200001,DAM_PV_A_28
High RES,DAM,W_C,28,sell,0.095172568,125.3,11.9251227704,DAM_W_C_28
High RES,DAM,W_A,28,sell,0.20620723,125.3,25.837765919,DAM_W_A_28
High RES,DAM,DKL_ICE_H,28,sell,22.353927,125.3,2800.9470530999997,DAM_DKL_ICE_H_FLEX_28
High RES,DAM,IND,29,buy,74.314015,130.24,-9678.6573136,DAM_IND_29
High RES,DAM,COM,29,buy,49.051838,130.24,-6388.51138112,DAM_COM_29
High RES,DAM,RESI,29,buy,30.858545,130.24,-4019.0169008000003,DAM_RESI_29
High RES,DAM,PV_C,29,sell,23.703224,130.24,3087.10789376,DAM_PV_C_29
High RES,DAM,PV_A,29,sell,51.356985,130.24,6688.733726400001,DAM_PV_A_29
High RES,DAM,W_C,29,sell,0.11323452,130.24,14.747663884800001,DAM_W_C_29
High RES,DAM,W_A,29,sell,0.24534147,130.24,31.953273052800004,DAM_W_A_29
High RES,DAM,DKL_ICE_H,29,sell,36.75,130.24,4786.320000000001,DAM_DKL_ICE_H_FLEX_29
High RES,DAM,VAS_ST_H,29,sell,26.305613,130.24,3426.0430371200005,DAM_VAS_ST_H_FLEX_29
High RES,DAM,IND,30,buy,74.314015,130.24,-9678.6573136,DAM_IND_30
High RES,DAM,COM,30,buy,45.929512,130.24,-5981.859642880001,DAM_COM_30
High RES,DAM,RESI,30,buy,33.98087,130.24,-4425.6685088,DAM_RESI_30
High RES,DAM,PV_C,30,sell,23.703224,130.24,3087.10789376,DAM_PV_C_30
High RES,DAM,PV_A,30,sell,51.356985,130.24,6688.733726400001,DAM_PV_A_30
High RES,DAM,W_C,30,sell,0.11323452,130.24,14.747663884800001,DAM_W_C_30
High RES,DAM,W_A,30,sell,0.24534147,130.24,31.953273052800004,DAM_W_A_30
High RES,DAM,DKL_ICE_H,30,sell,36.75,130.24,4786.320000000001,DAM_DKL_ICE_H_FLEX_30
High RES,DAM,VAS_ST_H,30,sell,26.305613,130.24,3426.0430371200005,DAM_VAS_ST_H_FLEX_30
High RES,DAM,IND,31,buy,74.193138,130.24,-9662.914293120002,DAM_IND_31
High RES,DAM,COM,31,buy,73.654507,130.24,-9592.76299168,DAM_COM_31
High RES,DAM,RESI,31,buy,53.20404,130.24,-6929.294169600001,DAM_RESI_31
High RES,DAM,PV_C,31,sell,13.522803,130.24,1761.20986272,DAM_PV_C_31
High RES,DAM,PV_A,31,sell,29.299406,130.24,3815.9546374400006,DAM_PV_A_31
High RES,DAM,W_C,31,sell,0.23411062,130.24,30.4905671488,DAM_W_C_31
High RES,DAM,W_A,31,sell,0.50723968,130.24,66.0628959232,DAM_W_A_31
High RES,DAM,DKL_ICE_H,31,sell,36.75,130.24,4786.320000000001,DAM_DKL_ICE_H_FLEX_31
High RES,DAM,VAS_ST_H,31,sell,104.98813,130.24,13673.654051200001,DAM_VAS_ST_H_FLEX_31
High RES,DAM,IND,32,buy,74.193138,130.24,-9662.914293120002,DAM_IND_32
High RES,DAM,COM,32,buy,67.550567,130.24,-8797.78584608,DAM_COM_32
High RES,DAM,RESI,32,buy,59.307981,130.24,-7724.27144544,DAM_RESI_32
High RES,DAM,PV_C,32,sell,13.522803,130.24,1761.20986272,DAM_PV_C_32
High RES,DAM,PV_A,32,sell,29.299406,130.24,3815.9546374400006,DAM_PV_A_32
High RES,DAM,W_C,32,sell,0.23411062,130.24,30.4905671488,DAM_W_C_32
High RES,DAM,W_A,32,sell,0.50723968,130.24,66.0628959232,DAM_W_A_32
High RES,DAM,DKL_ICE_H,32,sell,36.75,130.24,4786.320000000001,DAM_DKL_ICE_H_FLEX_32
High RES,DAM,VAS_ST_H,32,sell,104.98813,130.24,13673.654051200001,DAM_VAS_ST_H_FLEX_32
High RES,DAM,IND,33,buy,73.790913,156.17,-11523.926883209999,DAM_IND_33
High RES,DAM,COM,33,buy,93.152027,156.17,-14547.552056589999,DAM_COM_33
High RES,DAM,RESI,33,buy,88.514031,156.17,-13823.236221269999,DAM_RESI_33
High RES,DAM,PV_C,33,sell,3.6086108,156.17,563.556748636,DAM_PV_C_33
High RES,DAM,PV_A,33,sell,7.8186567,156.17,1221.0396168389998,DAM_PV_A_33
High RES,DAM,W_C,33,sell,0.63633628,156.17,99.37663684759998,DAM_W_C_33
High RES,DAM,W_A,33,sell,1.3787286,156.17,215.316045462,DAM_W_A_33
High RES,DAM,DKL_ICE_H,33,sell,36.75,156.17,5739.2474999999995,DAM_DKL_ICE_H_FLEX_33
High RES,DAM,VAS_ST_H,33,sell,136.5,156.17,21317.204999999998,DAM_VAS_ST_H_FLEX_33
High RES,DAM,VAS_CCGT_D,33,sell,53.014639,156.17,8279.29617263,DAM_VAS_CCGT_D_FLEX_33
High RES,DAM,IND,34,buy,73.790913,156.17,-11523.926883209999,DAM_IND_34
High RES,DAM,COM,34,buy,83.645994,156.17,-13062.99488298,DAM_COM_34
High RES,DAM,RESI,34,buy,98.020064,156.17,-15307.79339488,DAM_RESI_34
High RES,DAM,PV_C,34,sell,3.6086108,156.17,563.556748636,DAM_PV_C_34
High RES,DAM,PV_A,34,sell,7.8186567,156.17,1221.0396168389998,DAM_PV_A_34
High RES,DAM,W_C,34,sell,0.63633628,156.17,99.37663684759998,DAM_W_C_34
High RES,DAM,W_A,34,sell,1.3787286,156.17,215.316045462,DAM_W_A_34
High RES,DAM,DKL_ICE_H,34,sell,36.75,156.17,5739.2474999999995,DAM_DKL_ICE_H_FLEX_34
High RES,DAM,VAS_ST_H,34,sell,136.5,156.17,21317.204999999998,DAM_VAS_ST_H_FLEX_34
High RES,DAM,VAS_CCGT_D,34,sell,53.014639,156.17,8279.29617263,DAM_VAS_CCGT_D_FLEX_34
High RES,DAM,IND,35,buy,73.649891,156.17,-11501.90347747,DAM_IND_35
High RES,DAM,COM,35,buy,99.098124,156.17,-15476.154025079999,DAM_COM_35
High RES,DAM,RESI,35,buy,138.19643,156.17,-21582.136473099996,DAM_RESI_35
High RES,DAM,W_C,35,sell,0.77735842,156.17,121.40006445139998,DAM_W_C_35
High RES,DAM,W_A,35,sell,1.6842766,156.17,263.03347662199997,DAM_W_A_35
High RES,DAM,DKL_ICE_H,35,sell,36.75,156.17,5739.2474999999995,DAM_DKL_ICE_H_FLEX_35
High RES,DAM,VAS_ST_H,35,sell,136.5,156.17,21317.204999999998,DAM_VAS_ST_H_FLEX_35
High RES,DAM,VAS_CCGT_D,35,sell,119.48281,156.17,18659.630437699998,DAM_VAS_CCGT_D_FLEX_35
High RES,DAM,IND,36,buy,73.649891,156.17,-11501.90347747,DAM_IND_36
High RES,DAM,COM,36,buy,87.252437,156.17,-13626.21308629,DAM_COM_36
High RES,DAM,RESI,36,buy,150.04212,156.17,-23432.0778804,DAM_RESI_36
High RES,DAM,W_C,36,sell,0.77735842,156.17,121.40006445139998,DAM_W_C_36
High RES,DAM,W_A,36,sell,1.6842766,156.17,263.03347662199997,DAM_W_A_36
High RES,DAM,DKL_ICE_H,36,sell,36.75,156.17,5739.2474999999995,DAM_DKL_ICE_H_FLEX_36
High RES,DAM,VAS_ST_H,36,sell,136.5,156.17,21317.204999999998,DAM_VAS_ST_H_FLEX_36
High RES,DAM,VAS_CCGT_D,36,sell,119.48281,156.17,18659.630437699998,DAM_VAS_CCGT_D_FLEX_36
High RES,DAM,IND,37,buy,73.895811,156.17,-11540.308803869999,DAM_IND_37
High RES,DAM,COM,37,buy,87.185303,156.17,-13615.72876951,DAM_COM_37
High RES,DAM,RESI,37,buy,183.77862,156.17,-28700.707085399998,DAM_RESI_37
High RES,DAM,W_C,37,sell,0.53143806,156.17,82.9946818302,DAM_W_C_37
High RES,DAM,W_A,37,sell,1.1514491,156.17,179.82180594699997,DAM_W_A_37
High RES,DAM,DKL_ICE_H,37,sell,36.75,156.17,5739.2474999999995,DAM_DKL_ICE_H_FLEX_37
High RES,DAM,VAS_ST_H,37,sell,136.5,156.17,21317.204999999998,DAM_VAS_ST_H_FLEX_37
High RES,DAM,VAS_CCGT_D,37,sell,95.676852,156.17,14941.853976839999,DAM_VAS_CCGT_D_FLEX_37
High RES,DAM,IND,38,buy,73.895811,156.17,-11540.308803869999,DAM_IND_38
High RES,DAM,COM,38,buy,76.279391,156.17,-11912.55249247,DAM_COM_38
High RES,DAM,RESI,38,buy,194.68454,156.17,-30403.884611799996,DAM_RESI_38
High RES,DAM,W_C,38,sell,0.53143806,156.17,82.9946818302,DAM_W_C_38
High RES,DAM,W_A,38,sell,1.1514491,156.17,179.82180594699997,DAM_W_A_38
High RES,DAM,DKL_ICE_H,38,sell,36.75,156.17,5739.2474999999995,DAM_DKL_ICE_H_FLEX_38
High RES,DAM,VAS_ST_H,38,sell,136.5,156.17,21317.204999999998,DAM_VAS_ST_H_FLEX_38
High RES,DAM,VAS_CCGT_D,38,sell,95.676852,156.17,14941.853976839999,DAM_VAS_CCGT_D_FLEX_38
High RES,DAM,IND,39,buy,74.079904,156.17,-11569.05860768,DAM_IND_39
High RES,DAM,COM,39,buy,69.747918,156.17,-10892.532354059998,DAM_COM_39
High RES,DAM,RESI,39,buy,211.83845,156.17,-33082.810736499996,DAM_RESI_39
High RES,DAM,W_C,39,sell,0.34734514,156.17,54.244890513799994,DAM_W_C_39
High RES,DAM,W_A,39,sell,0.75258114,156.17,117.53059663379999,DAM_W_A_39
High RES,DAM,DKL_ICE_H,39,sell,36.75,156.17,5739.2474999999995,DAM_DKL_ICE_H_FLEX_39
High RES,DAM,VAS_ST_H,39,sell,136.5,156.17,21317.204999999998,DAM_VAS_ST_H_FLEX_39
High RES,DAM,VAS_CCGT_D,39,sell,107.06635,156.17,16720.5518795,DAM_VAS_CCGT_D_FLEX_39
High RES,DAM,IND,40,buy,74.079904,156.17,-11569.05860768,DAM_IND_40
High RES,DAM,COM,40,buy,62.124157,156.17,-9701.929598689998,DAM_COM_40
High RES,DAM,RESI,40,buy,219.46221,156.17,-34273.413335699996,DAM_RESI_40
High RES,DAM,W_C,40,sell,0.34734514,156.17,54.244890513799994,DAM_W_C_40
High RES,DAM,W_A,40,sell,0.75258114,156.17,117.53059663379999,DAM_W_A_40
High RES,DAM,DKL_ICE_H,40,sell,36.75,156.17,5739.2474999999995,DAM_DKL_ICE_H_FLEX_40
High RES,DAM,VAS_ST_H,40,sell,136.5,156.17,21317.204999999998,DAM_VAS_ST_H_FLEX_40
High RES,DAM,VAS_CCGT_D,40,sell,107.06635,156.17,16720.5518795,DAM_VAS_CCGT_D_FLEX_40
High RES,DAM,IND,41,buy,74.175077,156.17,-11583.921775089999,DAM_IND_41
High RES,DAM,COM,41,buy,56.394614,156.17,-8807.14686838,DAM_COM_41
High RES,DAM,RESI,41,buy,225.50887,156.17,-35217.7202279,DAM_RESI_41
High RES,DAM,W_C,41,sell,0.25217258,156.17,39.38179181859999,DAM_W_C_41
High RES,DAM,W_A,41,sell,0.54637391,156.17,85.3272135247,DAM_W_A_41
High RES,DAM,DKL_ICE_H,41,sell,36.75,156.17,5739.2474999999995,DAM_DKL_ICE_H_FLEX_41
High RES,DAM,VAS_ST_H,41,sell,136.5,156.17,21317.204999999998,DAM_VAS_ST_H_FLEX_41
High RES,DAM,VAS_CCGT_D,41,sell,107.78001,156.17,16832.0041617,DAM_VAS_CCGT_D_FLEX_41
High RES,DAM,IND,42,buy,74.175077,156.17,-11583.921775089999,DAM_IND_42
High RES,DAM,COM,42,buy,52.309453,156.17,-8169.167275009999,DAM_COM_42
High RES,DAM,RESI,42,buy,229.59403,156.17,-35855.6996651,DAM_RESI_42
High RES,DAM,W_C,42,sell,0.25217258,156.17,39.38179181859999,DAM_W_C_42
High RES,DAM,W_A,42,sell,0.54637391,156.17,85.3272135247,DAM_W_A_42
High RES,DAM,DKL_ICE_H,42,sell,36.75,156.17,5739.2474999999995,DAM_DKL_ICE_H_FLEX_42
High RES,DAM,VAS_ST_H,42,sell,136.5,156.17,21317.204999999998,DAM_VAS_ST_H_FLEX_42
High RES,DAM,VAS_CCGT_D,42,sell,107.78001,156.17,16832.0041617,DAM_VAS_CCGT_D_FLEX_42
High RES,DAM,IND,43,buy,74.095882,156.17,-11571.553891939999,DAM_IND_43
High RES,DAM,COM,43,buy,47.897088,156.17,-7480.088232959999,DAM_COM_43
High RES,DAM,RESI,43,buy,223.32102,156.17,-34876.043693399995,DAM_RESI_43
High RES,DAM,W_C,43,sell,0.33136725,156.17,51.749623432499995,DAM_W_C_43
High RES,DAM,W_A,43,sell,0.71796237,156.17,112.12418332289998,DAM_W_A_43
High RES,DAM,DKL_ICE_H,43,sell,36.75,156.17,5739.2474999999995,DAM_DKL_ICE_H_FLEX_43
High RES,DAM,VAS_ST_H,43,sell,136.5,156.17,21317.204999999998,DAM_VAS_ST_H_FLEX_43
High RES,DAM,VAS_CCGT_D,43,sell,96.764662,156.17,15111.73726454,DAM_VAS_CCGT_D_FLEX_43
High RES,DAM,IND,44,buy,74.095882,156.17,-11571.553891939999,DAM_IND_44
High RES,DAM,COM,44,buy,46.812482,156.17,-7310.7053139399995,DAM_COM_44
High RES,DAM,RESI,44,buy,224.40563,156.17,-35045.4272371,DAM_RESI_44
High RES,DAM,W_C,44,sell,0.33136725,156.17,51.749623432499995,DAM_W_C_44
High RES,DAM,W_A,44,sell,0.71796237,156.17,112.12418332289998,DAM_W_A_44
High RES,DAM,DKL_ICE_H,44,sell,36.75,156.17,5739.2474999999995,DAM_DKL_ICE_H_FLEX_44
High RES,DAM,VAS_ST_H,44,sell,136.5,156.17,21317.204999999998,DAM_VAS_ST_H_FLEX_44
High RES,DAM,VAS_CCGT_D,44,sell,96.764662,156.17,15111.73726454,DAM_VAS_CCGT_D_FLEX_44
High RES,DAM,IND,45,buy,74.059758,156.17,-11565.91240686,DAM_IND_45
High RES,DAM,COM,45,buy,42.955776,156.17,-6708.4035379199995,DAM_COM_45
High RES,DAM,RESI,45,buy,205.2701,156.17,-32057.031517,DAM_RESI_45
High RES,DAM,W_C,45,sell,0.36749116,156.17,57.39109445719999,DAM_W_C_45
High RES,DAM,W_A,45,sell,0.79623084,156.17,124.34737028279999,DAM_W_A_45
High RES,DAM,DKL_ICE_H,45,sell,36.75,156.17,5739.2474999999995,DAM_DKL_ICE_H_FLEX_45
High RES,DAM,VAS_ST_H,45,sell,136.5,156.17,21317.204999999998,DAM_VAS_ST_H_FLEX_45
High RES,DAM,VAS_CCGT_D,45,sell,73.621909,156.17,11497.533528529999,DAM_VAS_CCGT_D_FLEX_45
High RES,DAM,IND,46,buy,74.059758,156.17,-11565.91240686,DAM_IND_46
High RES,DAM,COM,46,buy,44.041994,156.17,-6878.03820298,DAM_COM_46
High RES,DAM,RESI,46,buy,204.18388,156.17,-31887.396539599995,DAM_RESI_46
High RES,DAM,W_C,46,sell,0.36749116,156.17,57.39109445719999,DAM_W_C_46
High RES,DAM,W_A,46,sell,0.79623084,156.17,124.34737028279999,DAM_W_A_46
High RES,DAM,DKL_ICE_H,46,sell,36.75,156.17,5739.2474999999995,DAM_DKL_ICE_H_FLEX_46
High RES,DAM,VAS_ST_H,46,sell,136.5,156.17,21317.204999999998,DAM_VAS_ST_H_FLEX_46
High RES,DAM,VAS_CCGT_D,46,sell,73.621909,156.17,11497.533528529999,DAM_VAS_CCGT_D_FLEX_46
High RES,DAM,IND,47,buy,74.069484,156.17,-11567.431316279999,DAM_IND_47
High RES,DAM,COM,47,buy,40.540615,156.17,-6331.22784455,DAM_COM_47
High RES,DAM,RESI,47,buy,178.34921,156.17,-27852.7961257,DAM_RESI_47
High RES,DAM,W_C,47,sell,0.35776548,156.17,55.8722350116,DAM_W_C_47
High RES,DAM,W_A,47,sell,0.77515853,156.17,121.05650763009999,DAM_W_A_47
High RES,DAM,DKL_ICE_H,47,sell,36.75,156.17,5739.2474999999995,DAM_DKL_ICE_H_FLEX_47
High RES,DAM,VAS_ST_H,47,sell,136.5,156.17,21317.204999999998,DAM_VAS_ST_H_FLEX_47
High RES,DAM,VAS_CCGT_D,47,sell,44.326384,156.17,6922.451389279999,DAM_VAS_CCGT_D_FLEX_47
High RES,DAM,IND,48,buy,74.069484,156.17,-11567.431316279999,DAM_IND_48
High RES,DAM,COM,48,buy,42.855348,156.17,-6692.71969716,DAM_COM_48
High RES,DAM,RESI,48,buy,176.03448,156.17,-27491.304741599997,DAM_RESI_48
High RES,DAM,W_C,48,sell,0.35776548,156.17,55.8722350116,DAM_W_C_48
High RES,DAM,W_A,48,sell,0.77515853,156.17,121.05650763009999,DAM_W_A_48
High RES,DAM,DKL_ICE_H,48,sell,36.75,156.17,5739.2474999999995,DAM_DKL_ICE_H_FLEX_48
High RES,DAM,VAS_ST_H,48,sell,136.5,156.17,21317.204999999998,DAM_VAS_ST_H_FLEX_48
High RES,DAM,VAS_CCGT_D,48,sell,44.326384,156.17,6922.451389279999,DAM_VAS_CCGT_D_FLEX_48
High RES,DAM,DKL_ICE_H,1,sell,15.75,156.17,2459.6775,DAM_BLOCK_DKL_ICE_H_1
High RES,DAM,DKL_ICE_H,2,sell,15.75,156.17,2459.6775,DAM_BLOCK_DKL_ICE_H_1
High RES,DAM,DKL_ICE_H,3,sell,15.75,156.17,2459.6775,DAM_BLOCK_DKL_ICE_H_1
High RES,DAM,DKL_ICE_H,4,sell,15.75,156.17,2459.6775,DAM_BLOCK_DKL_ICE_H_1
High RES,DAM,DKL_ICE_H,5,sell,15.75,130.24,2051.28,DAM_BLOCK_DKL_ICE_H_1
High RES,DAM,DKL_ICE_H,6,sell,15.75,130.24,2051.28,DAM_BLOCK_DKL_ICE_H_1
High RES,DAM,DKL_ICE_H,7,sell,15.75,130.24,2051.28,DAM_BLOCK_DKL_ICE_H_1
High RES,DAM,DKL_ICE_H,8,sell,15.75,130.24,2051.28,DAM_BLOCK_DKL_ICE_H_1
High RES,DAM,DKL_ICE_H,9,sell,15.75,130.24,2051.28,DAM_BLOCK_DKL_ICE_H_1
High RES,DAM,DKL_ICE_H,10,sell,15.75,130.24,2051.28,DAM_BLOCK_DKL_ICE_H_1
High RES,DAM,DKL_ICE_H,11,sell,15.75,130.24,2051.28,DAM_BLOCK_DKL_ICE_H_1
High RES,DAM,DKL_ICE_H,12,sell,15.75,130.24,2051.28,DAM_BLOCK_DKL_ICE_H_1
High RES,DAM,DKL_ICE_H,13,sell,15.75,156.17,2459.6775,DAM_BLOCK_DKL_ICE_H_13
High RES,DAM,DKL_ICE_H,14,sell,15.75,156.17,2459.6775,DAM_BLOCK_DKL_ICE_H_13
High RES,DAM,DKL_ICE_H,15,sell,15.75,156.17,2459.6775,DAM_BLOCK_DKL_ICE_H_13
High RES,DAM,DKL_ICE_H,16,sell,15.75,156.17,2459.6775,DAM_BLOCK_DKL_ICE_H_13
High RES,DAM,DKL_ICE_H,17,sell,15.75,130.24,2051.28,DAM_BLOCK_DKL_ICE_H_13
High RES,DAM,DKL_ICE_H,18,sell,15.75,130.24,2051.28,DAM_BLOCK_DKL_ICE_H_13
High RES,DAM,DKL_ICE_H,19,sell,15.75,130.24,2051.28,DAM_BLOCK_DKL_ICE_H_13
High RES,DAM,DKL_ICE_H,20,sell,15.75,130.24,2051.28,DAM_BLOCK_DKL_ICE_H_13
High RES,DAM,DKL_ICE_H,21,sell,15.75,125.3,1973.475,DAM_BLOCK_DKL_ICE_H_13
High RES,DAM,DKL_ICE_H,22,sell,15.75,125.3,1973.475,DAM_BLOCK_DKL_ICE_H_13
High RES,DAM,DKL_ICE_H,23,sell,15.75,125.3,1973.475,DAM_BLOCK_DKL_ICE_H_13
High RES,DAM,DKL_ICE_H,24,sell,15.75,125.3,1973.475,DAM_BLOCK_DKL_ICE_H_13
High RES,DAM,DKL_ICE_H,25,sell,15.75,125.3,1973.475,DAM_BLOCK_DKL_ICE_H_25
High RES,DAM,DKL_ICE_H,26,sell,15.75,125.3,1973.475,DAM_BLOCK_DKL_ICE_H_25
High RES,DAM,DKL_ICE_H,27,sell,15.75,125.3,1973.475,DAM_BLOCK_DKL_ICE_H_25
High RES,DAM,DKL_ICE_H,28,sell,15.75,125.3,1973.475,DAM_BLOCK_DKL_ICE_H_25
High RES,DAM,DKL_ICE_H,29,sell,15.75,130.24,2051.28,DAM_BLOCK_DKL_ICE_H_25
High RES,DAM,DKL_ICE_H,30,sell,15.75,130.24,2051.28,DAM_BLOCK_DKL_ICE_H_25
High RES,DAM,DKL_ICE_H,31,sell,15.75,130.24,2051.28,DAM_BLOCK_DKL_ICE_H_25
High RES,DAM,DKL_ICE_H,32,sell,15.75,130.24,2051.28,DAM_BLOCK_DKL_ICE_H_25
High RES,DAM,DKL_ICE_H,33,sell,15.75,156.17,2459.6775,DAM_BLOCK_DKL_ICE_H_25
High RES,DAM,DKL_ICE_H,34,sell,15.75,156.17,2459.6775,DAM_BLOCK_DKL_ICE_H_25
High RES,DAM,DKL_ICE_H,35,sell,15.75,156.17,2459.6775,DAM_BLOCK_DKL_ICE_H_25
High RES,DAM,DKL_ICE_H,36,sell,15.75,156.17,2459.6775,DAM_BLOCK_DKL_ICE_H_25
High RES,DAM,DKL_ICE_H,37,sell,15.75,156.17,2459.6775,DAM_BLOCK_DKL_ICE_H_37
High RES,DAM,DKL_ICE_H,38,sell,15.75,156.17,2459.6775,DAM_BLOCK_DKL_ICE_H_37
High RES,DAM,DKL_ICE_H,39,sell,15.75,156.17,2459.6775,DAM_BLOCK_DKL_ICE_H_37
High RES,DAM,DKL_ICE_H,40,sell,15.75,156.17,2459.6775,DAM_BLOCK_DKL_ICE_H_37
High RES,DAM,DKL_ICE_H,41,sell,15.75,156.17,2459.6775,DAM_BLOCK_DKL_ICE_H_37
High RES,DAM,DKL_ICE_H,42,sell,15.75,156.17,2459.6775,DAM_BLOCK_DKL_ICE_H_37
High RES,DAM,DKL_ICE_H,43,sell,15.75,156.17,2459.6775,DAM_BLOCK_DKL_ICE_H_37
High RES,DAM,DKL_ICE_H,44,sell,15.75,156.17,2459.6775,DAM_BLOCK_DKL_ICE_H_37
High RES,DAM,DKL_ICE_H,45,sell,15.75,156.17,2459.6775,DAM_BLOCK_DKL_ICE_H_37
High RES,DAM,DKL_ICE_H,46,sell,15.75,156.17,2459.6775,DAM_BLOCK_DKL_ICE_H_37
High RES,DAM,DKL_ICE_H,47,sell,15.75,156.17,2459.6775,DAM_BLOCK_DKL_ICE_H_37
High RES,DAM,DKL_ICE_H,48,sell,15.75,156.17,2459.6775,DAM_BLOCK_DKL_ICE_H_37
High RES,DAM,VAS_ST_H,1,sell,58.5,156.17,9135.945,DAM_BLOCK_VAS_ST_H_1
High RES,DAM,VAS_ST_H,2,sell,58.5,156.17,9135.945,DAM_BLOCK_VAS_ST_H_1
High RES,DAM,VAS_ST_H,3,sell,58.5,156.17,9135.945,DAM_BLOCK_VAS_ST_H_1
High RES,DAM,VAS_ST_H,4,sell,58.5,156.17,9135.945,DAM_BLOCK_VAS_ST_H_1
High RES,DAM,VAS_ST_H,5,sell,58.5,130.24,7619.040000000001,DAM_BLOCK_VAS_ST_H_1
High RES,DAM,VAS_ST_H,6,sell,58.5,130.24,7619.040000000001,DAM_BLOCK_VAS_ST_H_1
High RES,DAM,VAS_ST_H,7,sell,58.5,130.24,7619.040000000001,DAM_BLOCK_VAS_ST_H_1
High RES,DAM,VAS_ST_H,8,sell,58.5,130.24,7619.040000000001,DAM_BLOCK_VAS_ST_H_1
High RES,DAM,VAS_ST_H,9,sell,58.5,130.24,7619.040000000001,DAM_BLOCK_VAS_ST_H_1
High RES,DAM,VAS_ST_H,10,sell,58.5,130.24,7619.040000000001,DAM_BLOCK_VAS_ST_H_1
High RES,DAM,VAS_ST_H,11,sell,58.5,130.24,7619.040000000001,DAM_BLOCK_VAS_ST_H_1
High RES,DAM,VAS_ST_H,12,sell,58.5,130.24,7619.040000000001,DAM_BLOCK_VAS_ST_H_1
High RES,DAM,VAS_ST_H,37,sell,58.5,156.17,9135.945,DAM_BLOCK_VAS_ST_H_37
High RES,DAM,VAS_ST_H,38,sell,58.5,156.17,9135.945,DAM_BLOCK_VAS_ST_H_37
High RES,DAM,VAS_ST_H,39,sell,58.5,156.17,9135.945,DAM_BLOCK_VAS_ST_H_37
High RES,DAM,VAS_ST_H,40,sell,58.5,156.17,9135.945,DAM_BLOCK_VAS_ST_H_37
High RES,DAM,VAS_ST_H,41,sell,58.5,156.17,9135.945,DAM_BLOCK_VAS_ST_H_37
High RES,DAM,VAS_ST_H,42,sell,58.5,156.17,9135.945,DAM_BLOCK_VAS_ST_H_37
High RES,DAM,VAS_ST_H,43,sell,58.5,156.17,9135.945,DAM_BLOCK_VAS_ST_H_37
High RES,DAM,VAS_ST_H,44,sell,58.5,156.17,9135.945,DAM_BLOCK_VAS_ST_H_37
High RES,DAM,VAS_ST_H,45,sell,58.5,156.17,9135.945,DAM_BLOCK_VAS_ST_H_37
High RES,DAM,VAS_ST_H,46,sell,58.5,156.17,9135.945,DAM_BLOCK_VAS_ST_H_37
High RES,DAM,VAS_ST_H,47,sell,58.5,156.17,9135.945,DAM_BLOCK_VAS_ST_H_37
High RES,DAM,VAS_ST_H,48,sell,58.5,156.17,9135.945,DAM_BLOCK_VAS_ST_H_37
High RES,IDA1,IND,1,sell,3.2301404,140.553,454.00592364119996,IDA1_IND_1
High RES,IDA1,COM,1,sell,2.628585,140.553,369.455507505,IDA1_COM_1
High RES,IDA1,W_C,1,sell,9.9777205,140.553,1402.3985494365,IDA1_W_C_1
High RES,IDA1,W_A,1,sell,8.1061171,140.553,1139.3390767563,IDA1_W_A_1
High RES,IDA1,VAS_CCGT_D,1,buy,23.942563,140.553,-3365.199057339,IDA1_VAS_CCGT_D_BUYBACK_1
High RES,IDA1,IND,2,sell,3.2301404,140.553,454.00592364119996,IDA1_IND_2
High RES,IDA1,COM,2,sell,2.6375994,140.553,370.7225084682,IDA1_COM_2
High RES,IDA1,RESI,2,sell,6.0790397,140.553,854.4272669541,IDA1_RESI_2
High RES,IDA1,W_C,2,sell,2.0180629,140.553,283.6447947837,IDA1_W_C_2
High RES,IDA1,W_A,2,sell,9.9777205,140.553,1402.3985494365,IDA1_W_A_2
High RES,IDA1,VAS_CCGT_D,2,buy,23.942563,140.553,-3365.199057339,IDA1_VAS_CCGT_D_BUYBACK_2
High RES,IDA1,RESI,3,sell,16.646215,140.553,2339.675456895,IDA1_RESI_3
High RES,IDA1,W_A,3,sell,0.67549823,140.553,94.94330272119,IDA1_W_A_3
High RES,IDA1,VAS_CCGT_D,3,buy,17.321713,140.553,-2434.6187272889997,IDA1_VAS_CCGT_D_BUYBACK_3
High RES,IDA1,IND,4,sell,5.0802284,140.553,714.0413423052,IDA1_IND_4
High RES,IDA1,W_A,4,sell,12.241485,140.553,1720.577441205,IDA1_W_A_4
High RES,IDA1,VAS_CCGT_D,4,buy,17.321713,140.553,-2434.6187272889997,IDA1_VAS_CCGT_D_BUYBACK_4
High RES,IDA1,IND,5,sell,10.003109,130.24,1302.8049161600002,IDA1_IND_5
High RES,IDA1,COM,5,sell,7.4284129,130.24,967.476496096,IDA1_COM_5
High RES,IDA1,RESI,5,sell,16.496906,130.24,2148.55703744,IDA1_RESI_5
High RES,IDA1,W_C,5,sell,11.78542,130.24,1534.9331008000001,IDA1_W_C_5
High RES,IDA1,W_A,5,sell,11.78542,130.24,1534.9331008000001,IDA1_W_A_5
High RES,IDA1,VAS_ST_H,5,buy,57.499268,130.24,-7488.704664320001,IDA1_VAS_ST_H_BUYBACK_5
High RES,IDA1,IND,6,sell,10.003109,130.24,1302.8049161600002,IDA1_IND_6
High RES,IDA1,COM,6,sell,7.5595538,130.24,984.556286912,IDA1_COM_6
High RES,IDA1,RESI,6,sell,16.36577,130.24,2131.4778848000005,IDA1_RESI_6
High RES,IDA1,W_C,6,sell,11.78542,130.24,1534.9331008000001,IDA1_W_C_6
High RES,IDA1,W_A,6,sell,11.78542,130.24,1534.9331008000001,IDA1_W_A_6
High RES,IDA1,VAS_ST_H,6,buy,57.499273,130.24,-7488.705315520001,IDA1_VAS_ST_H_BUYBACK_6
High RES,IDA1,IND,7,sell,7.8122858,130.24,1017.472102592,IDA1_IND_7
High RES,IDA1,COM,7,sell,5.4151715,130.24,705.27193616,IDA1_COM_7
High RES,IDA1,RESI,7,sell,11.31182,130.24,1473.2514368000002,IDA1_RESI_7
High RES,IDA1,W_C,7,sell,9.2943769,130.24,1210.499647456,IDA1_W_C_7
High RES,IDA1,W_A,7,sell,9.2943769,130.24,1210.499647456,IDA1_W_A_7
High RES,IDA1,VAS_ST_H,7,buy,43.128031,130.24,-5616.99475744,IDA1_VAS_ST_H_BUYBACK_7
High RES,IDA1,IND,8,sell,7.8122858,130.24,1017.472102592,IDA1_IND_8
High RES,IDA1,COM,8,sell,5.5940016,130.24,728.5627683840002,IDA1_COM_8
High RES,IDA1,RESI,8,sell,11.132985,130.24,1449.9599664,IDA1_RESI_8
High RES,IDA1,W_C,8,sell,9.2943769,130.24,1210.499647456,IDA1_W_C_8
High RES,IDA1,W_A,8,sell,9.2943769,130.24,1210.499647456,IDA1_W_A_8
High RES,IDA1,VAS_ST_H,8,buy,43.128026,130.24,-5616.99410624,IDA1_VAS_ST_H_BUYBACK_8
High RES,IDA1,IND,9,sell,5.0731835,130.24,660.73141904,IDA1_IND_9
High RES,IDA1,COM,9,sell,3.5304852,130.24,459.8103924480001,IDA1_COM_9
High RES,IDA1,RESI,9,sell,6.5956554,130.24,859.018159296,IDA1_RESI_9
High RES,IDA1,W_C,9,sell,9.8106475,130.24,1277.7387304000001,IDA1_W_C_9
High RES,IDA1,W_A,9,sell,9.8106476,130.24,1277.738743424,IDA1_W_A_9
High RES,IDA1,VAS_ST_H,9,buy,34.820619,130.24,-4535.03741856,IDA1_VAS_ST_H_BUYBACK_9
High RES,IDA1,IND,10,sell,5.0731835,130.24,660.73141904,IDA1_IND_10
High RES,IDA1,COM,10,sell,3.7152683,130.24,483.87654339200003,IDA1_COM_10
High RES,IDA1,RESI,10,sell,6.4108723,130.24,834.9520083520001,IDA1_RESI_10
High RES,IDA1,W_C,10,sell,9.8106475,130.24,1277.7387304000001,IDA1_W_C_10
High RES,IDA1,W_A,10,sell,9.8106476,130.24,1277.738743424,IDA1_W_A_10
High RES,IDA1,VAS_ST_H,10,buy,34.820619,130.24,-4535.03741856,IDA1_VAS_ST_H_BUYBACK_10
High RES,IDA1,IND,11,sell,1.864467,130.24,242.82818208000003,IDA1_IND_11
High RES,IDA1,COM,11,sell,1.4374865,130.24,187.21824176,IDA1_COM_11
High RES,IDA1,RESI,11,sell,2.2537687,130.24,293.53083548800004,IDA1_RESI_11
High RES,IDA1,W_C,11,sell,9.8663385,130.24,1284.99192624,IDA1_W_C_11
High RES,IDA1,W_A,11,sell,9.8663385,130.24,1284.99192624,IDA1_W_A_11
High RES,IDA1,VAS_ST_H,11,buy,25.288399,130.24,-3293.56108576,IDA1_VAS_ST_H_BUYBACK_11
High RES,IDA1,IND,12,sell,1.864467,130.24,242.82818208000003,IDA1_IND_12
High RES,IDA1,COM,12,sell,1.5360885,130.24,200.06016624,IDA1_COM_12
High RES,IDA1,RESI,12,sell,2.1551666,130.24,280.688897984,IDA1_RESI_12
High RES,IDA1,W_C,12,sell,9.8663385,130.24,1284.99192624,IDA1_W_C_12
High RES,IDA1,W_A,12,sell,9.8663385,130.24,1284.99192624,IDA1_W_A_12
High RES,IDA1,VAS_ST_H,12,buy,25.288399,130.24,-3293.56108576,IDA1_VAS_ST_H_BUYBACK_12
High RES,IDA1,IND,13,buy,4.2346326,156.17,-661.322573142,IDA1_IND_13
High RES,IDA1,COM,13,buy,3.9022591,156.17,-609.415803647,IDA1_COM_13
High RES,IDA1,RESI,13,buy,4.8372622,156.17,-755.4352377739999,IDA1_RESI_13
High RES,IDA1,W_C,13,sell,8.5372803,156.17,1333.2670644510001,IDA1_W_C_13
High RES,IDA1,W_A,13,sell,8.5372802,156.17,1333.2670488339998,IDA1_W_A_13
High RES,IDA1,VAS_CCGT_D,13,buy,4.1004066,156.17,-640.360498722,IDA1_VAS_CCGT_D_BUYBACK_13
High RES,IDA1,IND,14,buy,4.2346326,156.17,-661.322573142,IDA1_IND_14
High RES,IDA1,COM,14,buy,4.1913631,156.17,-654.565175327,IDA1_COM_14
High RES,IDA1,RESI,14,buy,4.5481583,156.17,-710.2858817109999,IDA1_RESI_14
High RES,IDA1,W_C,14,sell,8.5372803,156.17,1333.2670644510001,IDA1_W_C_14
High RES,IDA1,W_A,14,sell,8.5372802,156.17,1333.2670488339998,IDA1_W_A_14
High RES,IDA1,VAS_CCGT_D,14,buy,4.1004066,156.17,-640.360498722,IDA1_VAS_CCGT_D_BUYBACK_14
High RES,IDA1,IND,15,buy,12.545685,171.787,-2155.185589095,IDA1_IND_15
High RES,IDA1,COM,15,buy,12.633233,171.787,-2170.2251973710004,IDA1_COM_15
High RES,IDA1,RESI,15,buy,11.937953,171.787,-2050.7851320110003,IDA1_RESI_15
High RES,IDA1,W_C,15,sell,7.1931703,171.787,1235.6931463261,IDA1_W_C_15
High RES,IDA1,W_A,15,sell,7.1931703,171.787,1235.6931463261,IDA1_W_A_15
High RES,IDA1,DKL_ST_H,15,sell,22.730531,171.787,3904.809728897,IDA1_DKL_ST_H_UP_15
High RES,IDA1,IND,16,buy,12.545685,171.787,-2155.185589095,IDA1_IND_16
High RES,IDA1,COM,16,buy,13.485467,171.787,-2316.627919529,IDA1_COM_16
High RES,IDA1,RESI,16,buy,11.08572,171.787,-1904.3825816400001,IDA1_RESI_16
High RES,IDA1,W_C,16,sell,7.1931703,171.787,1235.6931463261,IDA1_W_C_16
High RES,IDA1,W_A,16,sell,7.1931703,171.787,1235.6931463261,IDA1_W_A_16
High RES,IDA1,DKL_ST_H,16,sell,22.730531,171.787,3904.809728897,IDA1_DKL_ST_H_UP_16
High RES,IDA1,IND,17,buy,18.307633,143.264,-2622.824734112,IDA1_IND_17
High RES,IDA1,COM,17,buy,18.72909,143.264,-2683.2043497600002,IDA1_COM_17
High RES,IDA1,RESI,17,buy,13.432545,143.264,-1924.40012688,IDA1_RESI_17
High RES,IDA1,W_C,17,sell,6.1666497,143.264,883.4589026208,IDA1_W_C_17
High RES,IDA1,W_A,17,sell,6.1666497,143.264,883.4589026208,IDA1_W_A_17
High RES,IDA1,DKL_ST_H,17,sell,38.135969,143.264,5463.511462816001,IDA1_DKL_ST_H_UP_17
High RES,IDA1,IND,18,buy,18.307633,143.264,-2622.824734112,IDA1_IND_18
High RES,IDA1,COM,18,buy,19.733782,143.264,-2827.1405444480006,IDA1_COM_18
High RES,IDA1,RESI,18,buy,12.427855,143.264,-1780.46421872,IDA1_RESI_18
High RES,IDA1,W_C,18,sell,6.1666497,143.264,883.4589026208,IDA1_W_C_18
High RES,IDA1,W_A,18,sell,6.1666497,143.264,883.4589026208,IDA1_W_A_18
High RES,IDA1,VAS_ST_H,18,sell,38.13597,143.264,5463.51160608,IDA1_VAS_ST_H_UP_18
High RES,IDA1,IND,19,buy,24.293034,143.264,-3480.3172229760003,IDA1_IND_19
High RES,IDA1,COM,19,buy,20.342526,143.264,-2914.3516448640003,IDA1_COM_19
High RES,IDA1,RESI,19,buy,11.357441,143.264,-1627.112427424,IDA1_RESI_19
High RES,IDA1,W_C,19,sell,4.7773849,143.264,684.4272703136,IDA1_W_C_19
High RES,IDA1,W_A,19,sell,4.7773849,143.264,684.4272703136,IDA1_W_A_19
High RES,IDA1,DKL_ST_H,19,sell,46.438231,143.264,6652.926725984001,IDA1_DKL_ST_H_UP_19
High RES,IDA1,IND,20,buy,24.293034,143.264,-3480.3172229760003,IDA1_IND_20
High RES,IDA1,COM,20,buy,21.118465,143.264,-3025.5157697600002,IDA1_COM_20
High RES,IDA1,RESI,20,buy,10.581502,143.264,-1515.948302528,IDA1_RESI_20
High RES,IDA1,W_C,20,sell,4.7773849,143.264,684.4272703136,IDA1_W_C_20
High RES,IDA1,W_A,20,sell,4.7773849,143.264,684.4272703136,IDA1_W_A_20
High RES,IDA1,VAS_ST_H,20,sell,46.438231,143.264,6652.926725984001,IDA1_VAS_ST_H_UP_20
High RES,IDA1,IND,21,buy,14.703424,137.83,-2026.5729299200002,IDA1_IND_21
High RES,IDA1,COM,21,buy,12.190751,137.83,-1680.2512103300003,IDA1_COM_21
High RES,IDA1,RESI,21,buy,5.5628335,137.83,-766.725341305,IDA1_RESI_21
High RES,IDA1,W_C,21,sell,3.1202014,137.83,430.057358962,IDA1_W_C_21
High RES,IDA1,W_A,21,sell,3.1202014,137.83,430.057358962,IDA1_W_A_21
High RES,IDA1,VAS_ST_H,21,sell,26.216605,137.83,3613.4346671500007,IDA1_VAS_ST_H_UP_21
High RES,IDA1,IND,22,buy,14.703424,137.83,-2026.5729299200002,IDA1_IND_22
High RES,IDA1,COM,22,buy,12.479028,137.83,-1719.98442924,IDA1_COM_22
High RES,IDA1,RESI,22,buy,5.274557,137.83,-726.9921913100001,IDA1_RESI_22
High RES,IDA1,W_C,22,sell,3.1202014,137.83,430.057358962,IDA1_W_C_22
High RES,IDA1,W_A,22,sell,3.1202014,137.83,430.057358962,IDA1_W_A_22
High RES,IDA1,VAS_CCGT_D,22,sell,26.216605,137.83,3613.4346671500007,IDA1_VAS_CCGT_D_UP_22
High RES,IDA1,IND,23,buy,7.0033424,137.83,-965.2706829920002,IDA1_IND_23
High RES,IDA1,COM,23,buy,5.9323883,137.83,-817.6610793890002,IDA1_COM_23
High RES,IDA1,RESI,23,buy,2.3676217,137.83,-326.329298911,IDA1_RESI_23
High RES,IDA1,W_C,23,sell,1.6270804,137.83,224.26049153200003,IDA1_W_C_23
High RES,IDA1,W_A,23,sell,1.6270804,137.83,224.26049153200003,IDA1_W_A_23
High RES,IDA1,DKL_ICE_H,23,sell,12.049192,137.83,1660.74013336,IDA1_DKL_ICE_H_UP_23
High RES,IDA1,IND,24,buy,7.0033424,137.83,-965.2706829920002,IDA1_IND_24
High RES,IDA1,COM,24,buy,5.9926261,137.83,-825.963655363,IDA1_COM_24
High RES,IDA1,RESI,24,buy,2.307383,137.83,-318.02659889000006,IDA1_RESI_24
High RES,IDA1,W_C,24,sell,1.6270804,137.83,224.26049153200003,IDA1_W_C_24
High RES,IDA1,W_A,24,sell,1.6270804,137.83,224.26049153200003,IDA1_W_A_24
High RES,IDA1,DKL_ICE_H,24,sell,12.049191,137.83,1660.7399955300002,IDA1_DKL_ICE_H_UP_24
High RES,IDA1,IND,25,buy,3.5204011,137.83,-485.21688361300005,IDA1_IND_25
High RES,IDA1,COM,25,buy,3.1942489,137.83,-440.263325887,IDA1_COM_25
High RES,IDA1,RESI,25,buy,1.215245,137.83,-167.49721835,IDA1_RESI_25
High RES,IDA1,W_C,25,sell,1.0039432,137.83,138.373491256,IDA1_W_C_25
High RES,IDA1,W_A,25,sell,1.0039432,137.83,138.373491256,IDA1_W_A_25
High RES,IDA1,VAS_ST_H,25,sell,5.9220086,137.83,816.2304453380001,IDA1_VAS_ST_H_UP_25
High RES,IDA1,IND,26,buy,3.5204011,137.83,-485.21688361300005,IDA1_IND_26
High RES,IDA1,COM,26,buy,3.1817103,137.83,-438.53513064900005,IDA1_COM_26
High RES,IDA1,RESI,26,buy,1.2277826,137.83,-169.225275758,IDA1_RESI_26
High RES,IDA1,W_C,26,sell,1.0039432,137.83,138.373491256,IDA1_W_C_26
High RES,IDA1,W_A,26,sell,1.0039432,137.83,138.373491256,IDA1_W_A_26
High RES,IDA1,DKL_ST_H,26,sell,5.9220076,137.83,816.230307508,IDA1_DKL_ST_H_UP_26
High RES,IDA1,IND,27,buy,8.0087732,137.83,-1103.849210156,IDA1_IND_27
High RES,IDA1,COM,27,buy,7.2157386,137.83,-994.5452512380001,IDA1_COM_27
High RES,IDA1,RESI,27,buy,2.9049516,137.83,-400.38947902800004,IDA1_RESI_27
High RES,IDA1,W_C,27,sell,0.97383998,137.83,134.22436444340002,IDA1_W_C_27
High RES,IDA1,W_A,27,sell,0.97383999,137.83,134.22436582170002,IDA1_W_A_27
High RES,IDA1,DKL_ST_H,27,sell,16.181783,137.83,2230.33515089,IDA1_DKL_ST_H_UP_27
High RES,IDA1,IND,28,buy,8.0087732,137.83,-1103.849210156,IDA1_IND_28
High RES,IDA1,COM,28,buy,7.0648063,137.83,-973.742252329,IDA1_COM_28
High RES,IDA1,RESI,28,buy,3.0558838,137.83,-421.19246415400005,IDA1_RESI_28
High RES,IDA1,W_C,28,sell,0.97383998,137.83,134.22436444340002,IDA1_W_C_28
High RES,IDA1,W_A,28,sell,0.97383999,137.83,134.22436582170002,IDA1_W_A_28
High RES,IDA1,VAS_GT_D,28,sell,16.181783,137.83,2230.33515089,IDA1_VAS_GT_D_UP_28
High RES,IDA1,IND,29,buy,12.280164,143.264,-1759.305415296,IDA1_IND_29
High RES,IDA1,COM,29,buy,12.00426,143.264,-1719.7783046400002,IDA1_COM_29
High RES,IDA1,RESI,29,buy,5.7464566,143.264,-823.2603583424001,IDA1_RESI_29
High RES,IDA1,W_C,29,sell,0.94975736,143.264,136.06603842304,IDA1_W_C_29
High RES,IDA1,W_A,29,sell,0.94975735,143.264,136.0660369904,IDA1_W_A_29
High RES,IDA1,DKL_ST_H,29,sell,28.131365,143.264,4030.2118753600002,IDA1_DKL_ST_H_UP_29
High RES,IDA1,IND,30,buy,12.280164,143.264,-1759.305415296,IDA1_IND_30
High RES,IDA1,COM,30,buy,11.489091,143.264,-1645.9731330240002,IDA1_COM_30
High RES,IDA1,RESI,30,buy,6.2616266,143.264,-897.0656732224,IDA1_RESI_30
High RES,IDA1,W_C,30,sell,0.94975736,143.264,136.06603842304,IDA1_W_C_30
High RES,IDA1,W_A,30,sell,0.94975735,143.264,136.0660369904,IDA1_W_A_30
High RES,IDA1,DKL_ST_H,30,sell,28.131366,143.264,4030.2120186240004,IDA1_DKL_ST_H_UP_30
High RES,IDA1,IND,31,buy,12.342321,143.264,-1768.2102757440002,IDA1_IND_31
High RES,IDA1,COM,31,buy,14.456672,143.264,-2071.120657408,IDA1_COM_31
High RES,IDA1,RESI,31,buy,9.2030817,143.264,-1318.4702966688,IDA1_RESI_31
High RES,IDA1,W_C,31,sell,0.77666372,143.264,111.26795118208,IDA1_W_C_31
High RES,IDA1,W_A,31,sell,0.77666372,143.264,111.26795118208,IDA1_W_A_31
High RES,IDA1,VAS_ST_H,31,sell,34.448747,143.264,4935.265290208,IDA1_VAS_ST_H_UP_31
High RES,IDA1,IND,32,buy,12.342321,143.264,-1768.2102757440002,IDA1_IND_32
High RES,IDA1,COM,32,buy,13.444451,143.264,-1926.1058280640002,IDA1_COM_32
High RES,IDA1,RESI,32,buy,10.215302,143.264,-1463.485025728,IDA1_RESI_32
High RES,IDA1,W_C,32,sell,0.77666372,143.264,111.26795118208,IDA1_W_C_32
High RES,IDA1,W_A,32,sell,0.77666372,143.264,111.26795118208,IDA1_W_A_32
High RES,IDA1,VAS_ST_H,32,sell,34.448746,143.264,4935.265146944001,IDA1_VAS_ST_H_UP_32
High RES,IDA1,IND,33,buy,9.8718226,171.787,-1695.8507889862,IDA1_IND_33
High RES,IDA1,COM,33,buy,12.834062,171.787,-2204.725008794,IDA1_COM_33
High RES,IDA1,RESI,33,buy,11.834094,171.787,-2032.943505978,IDA1_RESI_33
High RES,IDA1,W_C,33,sell,0.20319691,171.787,34.906587578170004,IDA1_W_C_33
High RES,IDA1,W_A,33,sell,0.20319692,171.787,34.90658929604,IDA1_W_A_33
High RES,IDA1,DKL_ST_H,33,sell,34.133584,171.787,5863.705994608,IDA1_DKL_ST_H_UP_33
High RES,IDA1,IND,34,buy,9.8718226,171.787,-1695.8507889862,IDA1_IND_34
High RES,IDA1,COM,34,buy,11.573208,171.787,-1988.126682696,IDA1_COM_34
High RES,IDA1,RESI,34,buy,13.094948,171.787,-2249.541832076,IDA1_RESI_34
High RES,IDA1,W_C,34,sell,0.20319691,171.787,34.906587578170004,IDA1_W_C_34
High RES,IDA1,W_A,34,sell,0.20319692,171.787,34.90658929604,IDA1_W_A_34
High RES,IDA1,DKL_ST_H,34,sell,15.133584,171.787,2599.7529946080003,IDA1_DKL_ST_H_UP_34
High RES,IDA1,VAS_GT_D,34,sell,19.0,171.787,3263.953,IDA1_VAS_GT_D_UP_34
High RES,IDA1,IND,35,buy,9.7063948,171.787,-1667.4324435076,IDA1_IND_35
High RES,IDA1,COM,35,buy,12.923836,171.787,-2220.147014932,IDA1_COM_35
High RES,IDA1,RESI,35,buy,18.039725,171.787,-3098.990238575,IDA1_RESI_35
High RES,IDA1,W_C,35,sell,0.039134183,171.787,6.722743895021001,IDA1_W_C_35
High RES,IDA1,W_A,35,sell,0.039134156,171.787,6.722739256772001,IDA1_W_A_35
High RES,IDA1,VAS_ST_H,35,sell,40.591687,171.787,6973.124134669,IDA1_VAS_ST_H_UP_35
High RES,IDA1,IND,36,buy,9.7063948,171.787,-1667.4324435076,IDA1_IND_36
High RES,IDA1,COM,36,buy,11.378987,171.787,-1954.7620397690002,IDA1_COM_36
High RES,IDA1,RESI,36,buy,19.584571,171.787,-3364.374698377,IDA1_RESI_36
High RES,IDA1,W_C,36,sell,0.039134183,171.787,6.722743895021001,IDA1_W_C_36
High RES,IDA1,W_A,36,sell,0.039134156,171.787,6.722739256772001,IDA1_W_A_36
High RES,IDA1,VAS_ST_H,36,sell,21.591684,171.787,3709.1706193080004,IDA1_VAS_ST_H_UP_36
High RES,IDA1,VAS_GT_D,36,sell,19.0,171.787,3263.953,IDA1_VAS_GT_D_UP_36
High RES,IDA1,IND,37,buy,7.4372434,171.787,-1277.6217319558,IDA1_IND_37
High RES,IDA1,COM,37,buy,8.712109,171.787,-1496.6270687830001,IDA1_COM_37
High RES,IDA1,RESI,37,buy,18.373183,171.787,-3156.273988021,IDA1_RESI_37
High RES,IDA1,W_C,37,sell,0.42746607,171.787,73.43311376708999,IDA1_W_C_37
High RES,IDA1,W_A,37,sell,0.4274661,171.787,73.43311892070001,IDA1_W_A_37
High RES,IDA1,VAS_CCGT_D,37,sell,33.667603,171.787,5783.656516561,IDA1_VAS_CCGT_D_UP_37
High RES,IDA1,IND,38,buy,7.4372434,171.787,-1277.6217319558,IDA1_IND_38
High RES,IDA1,COM,38,buy,7.6223214,171.787,-1309.4157263417999,IDA1_COM_38
High RES,IDA1,RESI,38,buy,19.462962,171.787,-3343.483853094,IDA1_RESI_38
High RES,IDA1,W_C,38,sell,0.42746607,171.787,73.43311376708999,IDA1_W_C_38
High RES,IDA1,W_A,38,sell,0.4274661,171.787,73.43311892070001,IDA1_W_A_38
High RES,IDA1,VAS_CCGT_D,38,sell,33.667595,171.787,5783.655142265,IDA1_VAS_CCGT_D_UP_38
High RES,IDA1,IND,39,buy,5.4594248,171.787,-937.8582081176,IDA1_IND_39
High RES,IDA1,COM,39,buy,5.1161844,171.787,-878.8939695228,IDA1_COM_39
High RES,IDA1,RESI,39,buy,15.543126,171.787,-2670.1069861620003,IDA1_RESI_39
High RES,IDA1,W_C,39,sell,0.26340335,171.787,45.249271286449996,IDA1_W_C_39
High RES,IDA1,W_A,39,sell,0.26340335,171.787,45.249271286449996,IDA1_W_A_39
High RES,IDA1,DKL_ST_H,39,sell,25.591929,171.787,4396.360707123,IDA1_DKL_ST_H_UP_39
High RES,IDA1,IND,40,buy,5.4594248,171.787,-937.8582081176,IDA1_IND_40
High RES,IDA1,COM,40,buy,4.5569624,171.787,-782.8268998088,IDA1_COM_40
High RES,IDA1,RESI,40,buy,16.102349,171.787,-2766.1742276630002,IDA1_RESI_40
High RES,IDA1,W_C,40,sell,0.26340335,171.787,45.249271286449996,IDA1_W_C_40
High RES,IDA1,W_A,40,sell,0.26340335,171.787,45.249271286449996,IDA1_W_A_40
High RES,IDA1,VAS_CCGT_D,40,sell,25.59193,171.787,4396.360878910001,IDA1_VAS_CCGT_D_UP_40
High RES,IDA1,IND,41,buy,3.6733862,171.787,-631.0399951394,IDA1_IND_41
High RES,IDA1,COM,41,buy,2.7833791,171.787,-478.1483454517,IDA1_COM_41
High RES,IDA1,RESI,41,buy,11.13215,171.787,-1912.35865205,IDA1_RESI_41
High RES,IDA1,W_C,41,sell,0.15202138,171.787,26.11529680606,IDA1_W_C_41
High RES,IDA1,W_A,41,sell,0.15202139,171.787,26.11529852393,IDA1_W_A_41
High RES,IDA1,VAS_GT_D,41,sell,17.284873,171.787,2969.316478051,IDA1_VAS_GT_D_UP_41
High RES,IDA1,IND,42,buy,3.6733862,171.787,-631.0399951394,IDA1_IND_42
High RES,IDA1,COM,42,buy,2.5817541,171.787,-443.51179157670003,IDA1_COM_42
High RES,IDA1,RESI,42,buy,11.333776,171.787,-1946.9953777120002,IDA1_RESI_42
High RES,IDA1,W_C,42,sell,0.15202138,171.787,26.11529680606,IDA1_W_C_42
High RES,IDA1,W_A,42,sell,0.15202139,171.787,26.11529852393,IDA1_W_A_42
High RES,IDA1,VAS_CCGT_D,42,sell,17.284874,171.787,2969.3166498379996,IDA1_VAS_CCGT_D_UP_42
High RES,IDA1,IND,43,buy,2.6188397,171.787,-449.88261554390004,IDA1_IND_43
High RES,IDA1,COM,43,buy,1.6853341,171.787,-289.5184890367,IDA1_COM_43
High RES,IDA1,RESI,43,buy,7.8598464,171.787,-1350.2194335168,IDA1_RESI_43
High RES,IDA1,W_C,43,sell,0.43950741,171.787,75.50165944167,IDA1_W_C_43
High RES,IDA1,W_A,43,sell,0.43950741,171.787,75.50165944167,IDA1_W_A_43
High RES,IDA1,VAS_CCGT_D,43,sell,11.285005,171.787,1938.617153935,IDA1_VAS_CCGT_D_UP_43
High RES,IDA1,IND,44,buy,2.6188397,171.787,-449.88261554390004,IDA1_IND_44
High RES,IDA1,COM,44,buy,1.6471704,171.787,-282.9624615048,IDA1_COM_44
High RES,IDA1,RESI,44,buy,7.8980061,171.787,-1356.7747739007,IDA1_RESI_44
High RES,IDA1,W_C,44,sell,0.43950741,171.787,75.50165944167,IDA1_W_C_44
High RES,IDA1,W_A,44,sell,0.43950741,171.787,75.50165944167,IDA1_W_A_44
High RES,IDA1,VAS_CCGT_D,44,sell,11.285001,171.787,1938.616466787,IDA1_VAS_CCGT_D_UP_44
High RES,IDA1,IND,45,buy,1.9597481,171.787,-336.65924685470003,IDA1_IND_45
High RES,IDA1,COM,45,buy,1.131071,171.787,-194.303293877,IDA1_COM_45
High RES,IDA1,RESI,45,buy,5.4065882,171.787,-928.7815671134,IDA1_RESI_45
High RES,IDA1,W_C,45,sell,0.61109586,171.787,104.97832450182001,IDA1_W_C_45
High RES,IDA1,W_A,45,sell,0.61109586,171.787,104.97832450182001,IDA1_W_A_45
High RES,IDA1,VAS_CCGT_D,45,sell,7.2752156,171.787,1249.7874622772001,IDA1_VAS_CCGT_D_UP_45
High RES,IDA1,IND,46,buy,1.9597481,171.787,-336.65924685470003,IDA1_IND_46
High RES,IDA1,COM,46,buy,1.1596719,171.787,-199.2165566853,IDA1_COM_46
High RES,IDA1,RESI,46,buy,5.3779893,171.787,-923.8686478791001,IDA1_RESI_46
High RES,IDA1,W_C,46,sell,0.61109586,171.787,104.97832450182001,IDA1_W_C_46
High RES,IDA1,W_A,46,sell,0.61109586,171.787,104.97832450182001,IDA1_W_A_46
High RES,IDA1,DKL_ST_H,46,sell,7.2752176,171.787,1249.7878058512001,IDA1_DKL_ST_H_UP_46
High RES,IDA1,IND,47,buy,1.150023,171.787,-197.559001101,IDA1_IND_47
High RES,IDA1,COM,47,buy,0.62641887,171.787,-107.61061842069,IDA1_COM_47
High RES,IDA1,RESI,47,buy,2.7567093,171.787,-473.56682051909996,IDA1_RESI_47
High RES,IDA1,W_C,47,sell,0.85643732,171.787,147.12479789084,IDA1_W_C_47
High RES,IDA1,W_A,47,sell,0.85643733,171.787,147.12479960871,IDA1_W_A_47
High RES,IDA1,VAS_CCGT_D,47,sell,2.8202765,171.787,484.4868391055,IDA1_VAS_CCGT_D_UP_47
High RES,IDA1,IND,48,buy,1.150023,171.787,-197.559001101,IDA1_IND_48
High RES,IDA1,COM,48,buy,0.6621858,171.787,-113.75491202460002,IDA1_COM_48
High RES,IDA1,RESI,48,buy,2.7209393,171.787,-467.4219995291,IDA1_RESI_48
High RES,IDA1,W_C,48,sell,0.85643732,171.787,147.12479789084,IDA1_W_C_48
High RES,IDA1,W_A,48,sell,0.85643733,171.787,147.12479960871,IDA1_W_A_48
High RES,IDA1,VAS_CCGT_D,48,sell,2.8202735,171.787,484.4863237445,IDA1_VAS_CCGT_D_UP_48
High RES,IDA2,IND,1,buy,0.80753515,171.787,-138.72404081305,IDA2_IND_1
High RES,IDA2,COM,1,buy,0.65714632,171.787,-112.88919487384,IDA2_COM_1
High RES,IDA2,RESI,1,sell,4.5660437,171.787,784.3869490919,IDA2_RESI_1
High RES,IDA2,W_C,1,buy,2.4944301,171.787,-428.5106635887,IDA2_W_C_1
High RES,IDA2,W_A,1,buy,0.60693214,171.787,-104.26305153418,IDA2_W_A_1
High RES,IDA2,IND,2,buy,0.80753515,171.787,-138.72404081305,IDA2_IND_2
High RES,IDA2,COM,2,buy,0.65939977,171.787,-113.27630828899001,IDA2_COM_2
High RES,IDA2,RESI,2,buy,1.5197609,171.787,-261.0751657283,IDA2_RESI_2
High RES,IDA2,W_C,2,sell,5.4652275,171.787,938.8550365425001,IDA2_W_C_2
High RES,IDA2,W_A,2,buy,2.4785316,171.787,-425.77950796920004,IDA2_W_A_2
High RES,IDA2,COM,3,sell,4.1615543,140.553,584.9189415279,IDA2_COM_3
High RES,IDA2,RESI,3,buy,4.1615543,140.553,-584.9189415279,IDA2_RESI_3
High RES,IDA2,W_C,4,sell,3.0603716,140.553,430.14440949479996,IDA2_W_C_4
High RES,IDA2,W_A,4,buy,3.0603716,140.553,-430.14440949479996,IDA2_W_A_4
High RES,IDA2,IND,5,buy,2.5007776,143.264,-358.27140208640003,IDA2_IND_5
High RES,IDA2,COM,5,buy,1.8571032,143.264,-266.05603284480003,IDA2_COM_5
High RES,IDA2,RESI,5,buy,4.1242279,143.264,-590.8533858656001,IDA2_RESI_5
High RES,IDA2,VAS_CCGT_D,5,sell,8.4821086,143.264,1215.1808064704,IDA2_VAS_CCGT_D_UP_5
High RES,IDA2,IND,6,buy,2.5007776,143.264,-358.27140208640003,IDA2_IND_6
High RES,IDA2,COM,6,buy,1.8898885,143.264,-270.752986064,IDA2_COM_6
High RES,IDA2,RESI,6,buy,4.0914425,143.264,-586.1564183200001,IDA2_RESI_6
High RES,IDA2,DKL_ST_H,6,sell,8.4821085,143.264,1215.1807921440002,IDA2_DKL_ST_H_UP_6
High RES,IDA2,IND,7,buy,1.9530714,143.264,-279.80482104960004,IDA2_IND_7
High RES,IDA2,COM,7,buy,1.3537929,143.264,-193.94978602560002,IDA2_COM_7
High RES,IDA2,RESI,7,buy,2.8279537,143.264,-405.14395887680007,IDA2_RESI_7
High RES,IDA2,VAS_ST_H,7,sell,6.1348181,143.264,878.8985802784001,IDA2_VAS_ST_H_UP_7
High RES,IDA2,IND,8,buy,1.9530714,143.264,-279.80482104960004,IDA2_IND_8
High RES,IDA2,COM,8,buy,1.3985005,143.264,-200.354775632,IDA2_COM_8
High RES,IDA2,RESI,8,buy,2.7832463,143.264,-398.73899792320003,IDA2_RESI_8
High RES,IDA2,VAS_GT_D,8,sell,6.1348182,143.264,878.8985946048,IDA2_VAS_GT_D_UP_8
High RES,IDA2,IND,9,buy,1.2682958,143.264,-181.70112949120002,IDA2_IND_9
High RES,IDA2,COM,9,buy,0.88262134,143.264,-126.44786365376001,IDA2_COM_9
High RES,IDA2,RESI,9,buy,1.6489138,143.264,-236.22998664320002,IDA2_RESI_9
High RES,IDA2,VAS_CCGT_D,9,sell,3.7998309,143.264,544.3789740576,IDA2_VAS_CCGT_D_UP_9
High RES,IDA2,IND,10,buy,1.2682958,143.264,-181.70112949120002,IDA2_IND_10
High RES,IDA2,COM,10,buy,0.92881704,143.264,-133.06604441856,IDA2_COM_10
High RES,IDA2,RESI,10,buy,1.6027181,143.264,-229.6118058784,IDA2_RESI_10
High RES,IDA2,VAS_GT_D,10,sell,3.7998309,143.264,544.3789740576,IDA2_VAS_GT_D_UP_10
High RES,IDA2,IND,11,buy,0.46611686,143.264,-66.77776583104001,IDA2_IND_11
High RES,IDA2,COM,11,buy,0.35937157,143.264,-51.48500860448,IDA2_COM_11
High RES,IDA2,RESI,11,buy,0.56344222,143.264,-80.72098620608,IDA2_RESI_11
High RES,IDA2,VAS_ST_H,11,sell,1.3889306,143.264,198.9837534784,IDA2_VAS_ST_H_UP_11
High RES,IDA2,IND,12,buy,0.46611686,143.264,-66.77776583104001,IDA2_IND_12
High RES,IDA2,COM,12,buy,0.38402202,143.264,-55.01653067328001,IDA2_COM_12
High RES,IDA2,RESI,12,buy,0.53879167,143.264,-77.18944981087999,IDA2_RESI_12
High RES,IDA2,VAS_GT_D,12,sell,1.3889305,143.264,198.98373915200003,IDA2_VAS_GT_D_UP_12
High RES,IDA2,IND,13,sell,1.0586581,171.787,181.8636990247,IDA2_IND_13
High RES,IDA2,COM,13,sell,0.97556469,171.787,167.58933140103,IDA2_COM_13
High RES,IDA2,RESI,13,sell,1.2093155,171.787,207.7446817985,IDA2_RESI_13
High RES,IDA2,W_C,13,buy,2.1343201,171.787,-366.64844701870004,IDA2_W_C_13
High RES,IDA2,W_A,13,buy,1.1092182,171.787,-190.54926692339998,IDA2_W_A_13
High RES,IDA2,IND,14,sell,1.0586581,171.787,181.8636990247,IDA2_IND_14
High RES,IDA2,COM,14,sell,1.0478407,171.787,180.00541033090002,IDA2_COM_14
High RES,IDA2,RESI,14,sell,1.1370396,171.787,195.3286217652,IDA2_RESI_14
High RES,IDA2,W_C,14,buy,2.1343201,171.787,-366.64844701870004,IDA2_W_C_14
High RES,IDA2,W_A,14,buy,1.1092183,171.787,-190.54928410210002,IDA2_W_A_14
High RES,IDA2,IND,15,sell,3.1364214,156.19,489.877658466,IDA2_IND_15
High RES,IDA2,COM,15,sell,3.158308,156.19,493.29612652,IDA2_COM_15
High RES,IDA2,RESI,15,sell,2.9844882,156.19,466.14721195799996,IDA2_RESI_15
High RES,IDA2,PV_C,15,buy,0.8663539,156.19,-135.315815641,IDA2_PV_C_15
High RES,IDA2,PV_A,15,buy,0.8663539,156.19,-135.315815641,IDA2_PV_A_15
High RES,IDA2,W_C,15,buy,1.7982925,156.19,-280.875305575,IDA2_W_C_15
High RES,IDA2,W_A,15,buy,1.7982926,156.19,-280.875321194,IDA2_W_A_15
High RES,IDA2,DKL_ST_H,15,buy,3.9499247,156.19,-616.9387388929999,IDA2_DKL_ST_H_BUYBACK_15
High RES,IDA2,IND,16,sell,3.1364214,156.19,489.877658466,IDA2_IND_16
High RES,IDA2,COM,16,sell,3.3713669,156.19,526.573796111,IDA2_COM_16
High RES,IDA2,RESI,16,sell,2.7714304,156.19,432.86971417599995,IDA2_RESI_16
High RES,IDA2,PV_C,16,buy,0.8663539,156.19,-135.315815641,IDA2_PV_C_16
High RES,IDA2,PV_A,16,buy,0.8663539,156.19,-135.315815641,IDA2_PV_A_16
High RES,IDA2,W_C,16,buy,1.7982925,156.19,-280.875305575,IDA2_W_C_16
High RES,IDA2,W_A,16,buy,1.7982926,156.19,-280.875321194,IDA2_W_A_16
High RES,IDA2,DKL_ST_H,16,buy,3.9499257,156.19,-616.938895083,IDA2_DKL_ST_H_BUYBACK_16
High RES,IDA2,IND,17,sell,4.5769083,143.264,655.7061906912,IDA2_IND_17
High RES,IDA2,COM,17,sell,4.6822723,143.264,670.8010587872001,IDA2_COM_17
High RES,IDA2,RESI,17,sell,3.358136,143.264,481.099995904,IDA2_RESI_17
High RES,IDA2,VAS_CCGT_D,17,sell,25.518652,143.264,3655.904160128,IDA2_VAS_CCGT_D_UP_17
High RES,IDA2,DKL_ST_H,17,buy,38.135969,143.264,-5463.511462816001,IDA2_DKL_ST_H_BUYBACK_17
High RES,IDA2,IND,18,sell,4.5769083,130.24,596.0965369920001,IDA2_IND_18
High RES,IDA2,COM,18,sell,4.9334456,130.24,642.5319549440001,IDA2_COM_18
High RES,IDA2,RESI,18,sell,3.1069637,130.24,404.65095228800004,IDA2_RESI_18
High RES,IDA2,PV_C,18,buy,1.9642026,130.24,-255.817746624,IDA2_PV_C_18
High RES,IDA2,PV_A,18,buy,1.9642029,130.24,-255.81778569600002,IDA2_PV_A_18
High RES,IDA2,W_C,18,buy,1.5416624,130.24,-200.78611097600003,IDA2_W_C_18
High RES,IDA2,W_A,18,buy,1.5416624,130.24,-200.78611097600003,IDA2_W_A_18
High RES,IDA2,VAS_ST_H,18,buy,5.6055872,130.24,-730.0716769280001,IDA2_VAS_ST_H_BUYBACK_18
High RES,IDA2,IND,19,sell,6.0732585,143.264,870.0793057440001,IDA2_IND_19
High RES,IDA2,COM,19,sell,5.0856312,143.264,728.5878682368001,IDA2_COM_19
High RES,IDA2,RESI,19,sell,2.8393603,143.264,406.7781140192,IDA2_RESI_19
High RES,IDA2,DKL_ST_H,19,buy,46.438231,143.264,-6652.926725984001,IDA2_DKL_ST_H_BUYBACK_19
High RES,IDA2,DKL_ST_H,19,sell,32.439981,143.264,4647.481437984001,IDA2_DKL_ST_H_UP_19
High RES,IDA2,IND,20,sell,6.0732585,130.24,790.98118704,IDA2_IND_20
High RES,IDA2,COM,20,sell,5.2796161,130.24,687.6172008640001,IDA2_COM_20
High RES,IDA2,RESI,20,sell,2.6453754,130.24,344.533692096,IDA2_RESI_20
High RES,IDA2,PV_C,20,buy,2.3503976,130.24,-306.115783424,IDA2_PV_C_20
High RES,IDA2,PV_A,20,buy,2.350397,130.24,-306.11570528000004,IDA2_PV_A_20
High RES,IDA2,W_C,20,buy,1.1943462,130.24,-155.551649088,IDA2_W_C_20
High RES,IDA2,W_A,20,buy,1.1943462,130.24,-155.551649088,IDA2_W_A_20
High RES,IDA2,VAS_ST_H,20,buy,6.908763,130.24,-899.7972931200001,IDA2_VAS_ST_H_BUYBACK_20
High RES,IDA2,IND,21,sell,3.6758562,130.24,478.743511488,IDA2_IND_21
High RES,IDA2,COM,21,sell,3.0476878,130.24,396.93085907200003,IDA2_COM_21
High RES,IDA2,RESI,21,sell,1.3907083,130.24,181.12584899200002,IDA2_RESI_21
High RES,IDA2,PV_C,21,buy,3.2437322,130.24,-422.46368172800004,IDA2_PV_C_21
High RES,IDA2,PV_A,21,buy,3.2437321,130.24,-422.46366870400004,IDA2_PV_A_21
High RES,IDA2,W_C,21,buy,0.78005039,130.24,-101.5937627936,IDA2_W_C_21
High RES,IDA2,W_A,21,buy,0.78005038,130.24,-101.59376149120001,IDA2_W_A_21
High RES,IDA2,VAS_ST_H,21,buy,0.066687315,130.24,-8.6853559056,IDA2_VAS_ST_H_BUYBACK_21
High RES,IDA2,IND,22,sell,3.6758562,137.83,506.6432600460001,IDA2_IND_22
High RES,IDA2,COM,22,sell,3.1197573,137.83,429.996148659,IDA2_COM_22
High RES,IDA2,RESI,22,sell,1.3186393,137.83,181.74805471900004,IDA2_RESI_22
High RES,IDA2,VAS_ST_H,22,sell,18.102352,137.83,2495.04717616,IDA2_VAS_ST_H_UP_22
High RES,IDA2,VAS_CCGT_D,22,buy,26.216605,137.83,-3613.4346671500007,IDA2_VAS_CCGT_D_BUYBACK_22
High RES,IDA2,IND,23,sell,1.7508356,137.83,241.31767074800004,IDA2_IND_23
High RES,IDA2,COM,23,sell,1.483097,137.83,204.41525951000003,IDA2_COM_23
High RES,IDA2,RESI,23,sell,0.5919053,137.83,81.58230749900001,IDA2_RESI_23
High RES,IDA2,PV_C,23,buy,3.4190678,137.83,-471.2501148740001,IDA2_PV_C_23
High RES,IDA2,W_A,23,buy,0.4067701,137.83,-56.06512288300001,IDA2_W_A_23
High RES,IDA2,IND,24,sell,1.7508356,137.83,241.31767074800004,IDA2_IND_24
High RES,IDA2,COM,24,sell,1.4981565,137.83,206.49091039500001,IDA2_COM_24
High RES,IDA2,RESI,24,sell,0.57684589,137.83,79.50666901870001,IDA2_RESI_24
High RES,IDA2,PV_C,24,buy,3.825838,137.83,-527.3152515400001,IDA2_PV_C_24
High RES,IDA2,IND,25,sell,0.88010024,137.83,121.3042160792,IDA2_IND_25
High RES,IDA2,COM,25,sell,0.79856222,137.83,110.0658307826,IDA2_COM_25
High RES,IDA2,RESI,25,sell,0.30381116,137.83,41.874292182800005,IDA2_RESI_25
High RES,IDA2,PV_C,25,buy,1.9824736,137.83,-273.24433628800006,IDA2_PV_C_25
High RES,IDA2,IND,26,sell,0.88010024,137.83,121.3042160792,IDA2_IND_26
High RES,IDA2,COM,26,sell,0.79542768,137.83,109.63379713440001,IDA2_COM_26
High RES,IDA2,RESI,26,sell,0.3069457,137.83,42.306325831,IDA2_RESI_26
High RES,IDA2,DKL_ST_H,26,buy,5.9220076,137.83,-816.230307508,IDA2_DKL_ST_H_BUYBACK_26
High RES,IDA2,VAS_GT_D,26,sell,3.939534,137.83,542.98597122,IDA2_VAS_GT_D_UP_26
High RES,IDA2,IND,27,sell,2.0021934,137.83,275.962316322,IDA2_IND_27
High RES,IDA2,COM,27,sell,1.8039346,137.83,248.63630591800003,IDA2_COM_27
High RES,IDA2,RESI,27,sell,0.72623794,137.83,100.0973752702,IDA2_RESI_27
High RES,IDA2,VAS_ST_H,27,sell,11.649417,137.83,1605.63914511,IDA2_VAS_ST_H_UP_27
High RES,IDA2,DKL_ST_H,27,buy,16.181783,137.83,-2230.33515089,IDA2_DKL_ST_H_BUYBACK_27
High RES,IDA2,IND,28,sell,2.0021934,137.83,275.962316322,IDA2_IND_28
High RES,IDA2,COM,28,sell,1.7662015,137.83,243.43555274500002,IDA2_COM_28
High RES,IDA2,RESI,28,sell,0.763971,137.83,105.29812293,IDA2_RESI_28
High RES,IDA2,DKL_ICE_H,28,sell,11.649417,137.83,1605.63914511,IDA2_DKL_ICE_H_UP_28
High RES,IDA2,VAS_GT_D,28,buy,16.181783,137.83,-2230.33515089,IDA2_VAS_GT_D_BUYBACK_28
High RES,IDA2,IND,29,sell,3.0700414,143.264,439.82641112960005,IDA2_IND_29
High RES,IDA2,COM,29,sell,3.0010651,143.264,429.94459048640005,IDA2_COM_29
High RES,IDA2,RESI,29,sell,1.4366143,143.264,205.8151110752,IDA2_RESI_29
High RES,IDA2,DKL_ST_H,29,buy,28.131365,143.264,-4030.2118753600002,IDA2_DKL_ST_H_BUYBACK_29
High RES,IDA2,DKL_ST_H,29,sell,20.623644,143.264,2954.625734016,IDA2_DKL_ST_H_UP_29
High RES,IDA2,IND,30,sell,3.0700414,143.264,439.82641112960005,IDA2_IND_30
High RES,IDA2,COM,30,sell,2.8722727,143.264,411.4932760928,IDA2_COM_30
High RES,IDA2,RESI,30,sell,1.5654066,143.264,224.26641114240002,IDA2_RESI_30
High RES,IDA2,VAS_ST_H,30,sell,20.623645,143.264,2954.62587728,IDA2_VAS_ST_H_UP_30
High RES,IDA2,DKL_ST_H,30,buy,28.131366,143.264,-4030.2120186240004,IDA2_DKL_ST_H_BUYBACK_30
High RES,IDA2,IND,31,sell,3.0855801,143.264,442.0525474464,IDA2_IND_31
High RES,IDA2,COM,31,sell,3.6141681,143.264,517.7801786784,IDA2_COM_31
High RES,IDA2,RESI,31,sell,2.3007704,143.264,329.61757058560005,IDA2_RESI_31
High RES,IDA2,PV_C,31,buy,8.1919064,143.264,-1173.6052784896,IDA2_PV_C_31
High RES,IDA2,PV_A,31,buy,0.61444615,143.264,-88.0280132336,IDA2_PV_A_31
High RES,IDA2,W_C,31,buy,0.19416593,143.264,-27.81698779552,IDA2_W_C_31
High RES,IDA2,IND,32,sell,3.0855801,143.264,442.0525474464,IDA2_IND_32
High RES,IDA2,COM,32,sell,3.3611131,143.264,481.5265071584,IDA2_COM_32
High RES,IDA2,RESI,32,sell,2.5538256,143.264,365.87127075840004,IDA2_RESI_32
High RES,IDA2,PV_C,32,buy,8.1919064,143.264,-1173.6052784896,IDA2_PV_C_32
High RES,IDA2,PV_A,32,buy,0.61444645,143.264,-88.02805621280001,IDA2_PV_A_32
High RES,IDA2,W_C,32,buy,0.19416593,143.264,-27.81698779552,IDA2_W_C_32
High RES,IDA2,IND,33,sell,2.4679557,156.19,385.470000783,IDA2_IND_33
High RES,IDA2,COM,33,sell,3.2085156,156.19,501.138051564,IDA2_COM_33
High RES,IDA2,RESI,33,sell,2.9585238,156.19,462.091832322,IDA2_RESI_33
High RES,IDA2,PV_C,33,buy,2.7138749,156.19,-423.880120631,IDA2_PV_C_33
High RES,IDA2,PV_A,33,buy,2.7138749,156.19,-423.880120631,IDA2_PV_A_33
High RES,IDA2,W_C,33,buy,0.050799225,156.19,-7.934330952750001,IDA2_W_C_33
High RES,IDA2,W_A,33,buy,0.050799223,156.19,-7.93433064037,IDA2_W_A_33
High RES,IDA2,DKL_ST_H,33,buy,3.1056469,156.19,-485.070989311,IDA2_DKL_ST_H_BUYBACK_33
High RES,IDA2,IND,34,sell,2.4679557,171.787,423.9627058359,IDA2_IND_34
High RES,IDA2,COM,34,sell,2.8933023,171.787,497.03172221010004,IDA2_COM_34
High RES,IDA2,RESI,34,sell,3.2737371,171.787,562.3854751977,IDA2_RESI_34
High RES,IDA2,VAS_ST_H,34,sell,10.365005,171.787,1780.573113935,IDA2_VAS_ST_H_UP_34
High RES,IDA2,VAS_GT_D,34,buy,19.0,171.787,-3263.953,IDA2_VAS_GT_D_BUYBACK_34
High RES,IDA2,IND,35,sell,2.4265988,156.17,378.96193459599994,IDA2_IND_35
High RES,IDA2,COM,35,sell,3.2309592,156.17,504.578898264,IDA2_COM_35
High RES,IDA2,RESI,35,sell,4.5099302,156.17,704.315799334,IDA2_RESI_35
High RES,IDA2,W_C,35,buy,0.0097835467,156.17,-1.5278964881389998,IDA2_W_C_35
High RES,IDA2,W_A,35,buy,0.009783546,156.17,-1.52789637882,IDA2_W_A_35
High RES,IDA2,VAS_CCGT_D,35,buy,10.147921,156.17,-1584.8008225699998,IDA2_VAS_CCGT_D_BUYBACK_35
High RES,IDA2,IND,36,sell,2.4265988,171.787,416.8581280556,IDA2_IND_36
High RES,IDA2,COM,36,sell,2.844747,171.787,488.690552889,IDA2_COM_36
High RES,IDA2,RESI,36,sell,4.8961424,171.787,841.0936144688,IDA2_RESI_36
High RES,IDA2,VAS_ST_H,36,sell,8.8325118,171.787,1517.3107045866002,IDA2_VAS_ST_H_UP_36
High RES,IDA2,VAS_GT_D,36,buy,19.0,171.787,-3263.953,IDA2_VAS_GT_D_BUYBACK_36
High RES,IDA2,IND,37,sell,1.8593108,156.17,290.36856763599997,IDA2_IND_37
High RES,IDA2,COM,37,sell,2.1780273,156.17,340.142523441,IDA2_COM_37
High RES,IDA2,RESI,37,sell,4.5932946,156.17,717.334817682,IDA2_RESI_37
High RES,IDA2,W_C,37,buy,0.10686652,156.17,-16.6893444284,IDA2_W_C_37
High RES,IDA2,W_A,37,buy,0.10686652,156.17,-16.6893444284,IDA2_W_A_37
High RES,IDA2,VAS_CCGT_D,37,buy,8.4168997,156.17,-1314.467226149,IDA2_VAS_CCGT_D_BUYBACK_37
High RES,IDA2,IND,38,sell,1.8593108,156.17,290.36856763599997,IDA2_IND_38
High RES,IDA2,COM,38,sell,1.9055803,156.17,297.594475451,IDA2_COM_38
High RES,IDA2,RESI,38,sell,4.8657411,156.17,759.8827875869999,IDA2_RESI_38
High RES,IDA2,W_C,38,buy,0.10686652,156.17,-16.6893444284,IDA2_W_C_38
High RES,IDA2,W_A,38,buy,0.10686652,156.17,-16.6893444284,IDA2_W_A_38
High RES,IDA2,VAS_CCGT_D,38,buy,8.4168991,156.17,-1314.4671324469998,IDA2_VAS_CCGT_D_BUYBACK_38
High RES,IDA2,IND,39,sell,1.3648562,156.19,213.176889878,IDA2_IND_39
High RES,IDA2,COM,39,sell,1.279046,156.19,199.77419473999998,IDA2_COM_39
High RES,IDA2,RESI,39,sell,3.8857815,156.19,606.920212485,IDA2_RESI_39
High RES,IDA2,W_C,39,buy,0.065850836,156.19,-10.28524207484,IDA2_W_C_39
High RES,IDA2,W_A,39,buy,0.065850835,156.19,-10.28524191865,IDA2_W_A_39
High RES,IDA2,DKL_ST_H,39,buy,6.397982,156.19,-999.30080858,IDA2_DKL_ST_H_BUYBACK_39
High RES,IDA2,IND,40,sell,1.3648562,156.17,213.14959275399997,IDA2_IND_40
High RES,IDA2,COM,40,sell,1.1392405,156.17,177.915188885,IDA2_COM_40
High RES,IDA2,RESI,40,sell,4.025587,156.17,628.67592179,IDA2_RESI_40
High RES,IDA2,W_C,40,buy,0.065850836,156.17,-10.283925058119998,IDA2_W_C_40
High RES,IDA2,W_A,40,buy,0.065850835,156.17,-10.283924901949998,IDA2_W_A_40
High RES,IDA2,VAS_CCGT_D,40,buy,6.397982,156.17,-999.1728489399999,IDA2_VAS_CCGT_D_BUYBACK_40
High RES,IDA2,IND,41,sell,0.91834664,171.787,157.76001424568,IDA2_IND_41
High RES,IDA2,COM,41,sell,0.6958447,171.787,119.5370734789,IDA2_COM_41
High RES,IDA2,RESI,41,sell,2.7830385,171.787,478.0898347995,IDA2_RESI_41
High RES,IDA2,VAS_CCGT_D,41,sell,12.887643,171.787,2213.929528041,IDA2_VAS_CCGT_D_UP_41
High RES,IDA2,VAS_GT_D,41,buy,17.284873,171.787,-2969.316478051,IDA2_VAS_GT_D_BUYBACK_41
High RES,IDA2,IND,42,sell,0.91834664,156.17,143.4181947688,IDA2_IND_42
High RES,IDA2,COM,42,sell,0.64543851,156.17,100.79813210669998,IDA2_COM_42
High RES,IDA2,RESI,42,sell,2.8334447,156.17,442.49905879899995,IDA2_RESI_42
High RES,IDA2,W_C,42,buy,0.038005346,156.17,-5.93529488482,IDA2_W_C_42
High RES,IDA2,W_A,42,buy,0.038005347,156.17,-5.93529504099,IDA2_W_A_42
High RES,IDA2,VAS_CCGT_D,42,buy,4.3212192,156.17,-674.8448024639999,IDA2_VAS_CCGT_D_BUYBACK_42
High RES,IDA2,IND,43,sell,0.65470994,156.17,102.2460513298,IDA2_IND_43
High RES,IDA2,COM,43,sell,0.42133358,156.17,65.79966518859999,IDA2_COM_43
High RES,IDA2,RESI,43,sell,1.9649611,156.17,306.86797498699997,IDA2_RESI_43
High RES,IDA2,W_C,43,buy,0.10987686,156.17,-17.1594692262,IDA2_W_C_43
High RES,IDA2,W_A,43,buy,0.10987686,156.17,-17.1594692262,IDA2_W_A_43
High RES,IDA2,VAS_CCGT_D,43,buy,2.821251,156.17,-440.59476867,IDA2_VAS_CCGT_D_BUYBACK_43
High RES,IDA2,IND,44,sell,0.65470994,156.17,102.2460513298,IDA2_IND_44
High RES,IDA2,COM,44,sell,0.41179266,156.17,64.30965971219999,IDA2_COM_44
High RES,IDA2,RESI,44,sell,1.9745021,156.17,308.35799295699996,IDA2_RESI_44
High RES,IDA2,W_C,44,buy,0.10987686,156.17,-17.1594692262,IDA2_W_C_44
High RES,IDA2,W_A,44,buy,0.10987686,156.17,-17.1594692262,IDA2_W_A_44
High RES,IDA2,VAS_CCGT_D,44,buy,2.821251,156.17,-440.59476867,IDA2_VAS_CCGT_D_BUYBACK_44
High RES,IDA2,IND,45,sell,0.48993702,156.17,76.51346441339999,IDA2_IND_45
High RES,IDA2,COM,45,sell,0.28276773,156.17,44.1598363941,IDA2_COM_45
High RES,IDA2,RESI,45,sell,1.3516479,156.17,211.08685254299996,IDA2_RESI_45
High RES,IDA2,W_C,45,buy,0.15277397,156.17,-23.8587108949,IDA2_W_C_45
High RES,IDA2,W_A,45,buy,0.15277397,156.17,-23.8587108949,IDA2_W_A_45
High RES,IDA2,VAS_CCGT_D,45,buy,1.8188047,156.17,-284.04272999899996,IDA2_VAS_CCGT_D_BUYBACK_45
High RES,IDA2,IND,46,sell,0.48993702,156.19,76.5232631538,IDA2_IND_46
High RES,IDA2,COM,46,sell,0.28991811,156.19,45.2823096009,IDA2_COM_46
High RES,IDA2,RESI,46,sell,1.3444975,156.19,209.99706452499998,IDA2_RESI_46
High RES,IDA2,W_C,46,buy,0.15277397,156.19,-23.8617663743,IDA2_W_C_46
High RES,IDA2,W_A,46,buy,0.15277397,156.19,-23.8617663743,IDA2_W_A_46
High RES,IDA2,DKL_ST_H,46,buy,1.8188047,156.19,-284.079106093,IDA2_DKL_ST_H_BUYBACK_46
High RES,IDA2,IND,47,sell,0.28750583,156.17,44.899785471099996,IDA2_IND_47
High RES,IDA2,COM,47,sell,0.15660479,156.17,24.456970054299997,IDA2_COM_47
High RES,IDA2,RESI,47,sell,0.6891775,156.17,107.628850175,IDA2_RESI_47
High RES,IDA2,W_C,47,buy,0.21410933,156.17,-33.437454066099995,IDA2_W_C_47
High RES,IDA2,W_A,47,buy,0.21410933,156.17,-33.437454066099995,IDA2_W_A_47
High RES,IDA2,VAS_CCGT_D,47,buy,0.70506947,156.17,-110.11069912989998,IDA2_VAS_CCGT_D_BUYBACK_47
High RES,IDA2,IND,48,sell,0.28750583,156.17,44.899785471099996,IDA2_IND_48
High RES,IDA2,COM,48,sell,0.1655464,156.17,25.853381287999998,IDA2_COM_48
High RES,IDA2,RESI,48,sell,0.68023582,156.17,106.2324280094,IDA2_RESI_48
High RES,IDA2,W_C,48,buy,0.21410933,156.17,-33.437454066099995,IDA2_W_C_48
High RES,IDA2,W_A,48,buy,0.21410933,156.17,-33.437454066099995,IDA2_W_A_48
High RES,IDA2,VAS_CCGT_D,48,buy,0.7050694,156.17,-110.11068819799999,IDA2_VAS_CCGT_D_BUYBACK_48
High RES,IDA3,IND,1,buy,0.80753512,171.787,-138.72403565944,IDA3_IND_1
High RES,IDA3,COM,1,buy,0.65714633,171.787,-112.88919659171,IDA3_COM_1
High RES,IDA3,RESI,1,buy,1.5220144,171.787,-261.4622877328,IDA3_RESI_1
High RES,IDA3,DKL_ST_H,1,sell,2.9866959,171.787,513.0755285733001,IDA3_DKL_ST_H_UP_1
High RES,IDA3,IND,2,buy,0.80753512,171.787,-138.72403565944,IDA3_IND_2
High RES,IDA3,COM,2,buy,0.65939983,171.787,-113.27631859621,IDA3_COM_2
High RES,IDA3,RESI,2,buy,1.519761,171.787,-261.075182907,IDA3_RESI_2
High RES,IDA3,VAS_GT_D,2,sell,2.9866959,171.787,513.0755285733001,IDA3_VAS_GT_D_UP_2
High RES,IDA3,COM,3,buy,0.52234755,140.553,-73.41751519515,IDA3_COM_3
High RES,IDA3,RESI,3,buy,4.1615541,140.553,-584.9189134173,IDA3_RESI_3
High RES,IDA3,W_A,3,sell,4.6839017,140.553,658.3364356400999,IDA3_W_A_3
High RES,IDA3,IND,4,buy,0.50019783,140.553,-70.30430559998999,IDA3_IND_4
High RES,IDA3,COM,4,sell,3.5605689,140.553,500.4486406017,IDA3_COM_4
High RES,IDA3,W_A,4,buy,3.0603711,140.553,-430.1443392183,IDA3_W_A_4
High RES,IDA3,IND,5,buy,2.5007772,143.264,-358.2713447808,IDA3_IND_5
High RES,IDA3,COM,5,buy,1.8571032,143.264,-266.05603284480003,IDA3_COM_5
High RES,IDA3,RESI,5,buy,4.1242276,143.264,-590.8533428864001,IDA3_RESI_5
High RES,IDA3,VAS_CCGT_D,5,buy,8.4821086,143.264,-1215.1808064704,IDA3_VAS_CCGT_D_BUYBACK_5
High RES,IDA3,DKL_ST_H,5,sell,16.964217,143.264,2430.3615842880004,IDA3_DKL_ST_H_UP_5
High RES,IDA3,IND,6,buy,2.5007772,143.264,-358.2713447808,IDA3_IND_6
High RES,IDA3,COM,6,buy,1.8898885,143.264,-270.752986064,IDA3_COM_6
High RES,IDA3,RESI,6,buy,4.0914423,143.264,-586.1563896672,IDA3_RESI_6
High RES,IDA3,VAS_ST_H,6,sell,16.964216,143.264,2430.361441024,IDA3_VAS_ST_H_UP_6
High RES,IDA3,DKL_ST_H,6,buy,8.4821085,143.264,-1215.1807921440002,IDA3_DKL_ST_H_BUYBACK_6
High RES,IDA3,IND,7,buy,1.9530715,143.264,-279.804835376,IDA3_IND_7
High RES,IDA3,COM,7,buy,1.353793,143.264,-193.949800352,IDA3_COM_7
High RES,IDA3,RESI,7,buy,2.827954,143.264,-405.14400185600005,IDA3_RESI_7
High RES,IDA3,VAS_CCGT_D,7,sell,6.1348184,143.264,878.8986232576001,IDA3_VAS_CCGT_D_UP_7
High RES,IDA3,IND,8,buy,1.9530715,143.264,-279.804835376,IDA3_IND_8
High RES,IDA3,COM,8,buy,1.3985004,143.264,-200.35476130560002,IDA3_COM_8
High RES,IDA3,RESI,8,buy,2.7832465,143.264,-398.7390265760001,IDA3_RESI_8
High RES,IDA3,VAS_CCGT_D,8,sell,12.269637,143.264,1757.797275168,IDA3_VAS_CCGT_D_UP_8
High RES,IDA3,VAS_GT_D,8,buy,6.1348182,143.264,-878.8985946048,IDA3_VAS_GT_D_BUYBACK_8
High RES,IDA3,IND,9,buy,1.2682958,143.264,-181.70112949120002,IDA3_IND_9
High RES,IDA3,COM,9,buy,0.88262131,143.264,-126.44785935584001,IDA3_COM_9
High RES,IDA3,RESI,9,buy,1.6489138,143.264,-236.22998664320002,IDA3_RESI_9
High RES,IDA3,VAS_CCGT_D,9,buy,3.7998309,143.264,-544.3789740576,IDA3_VAS_CCGT_D_BUYBACK_9
High RES,IDA3,VAS_CCGT_D,9,sell,7.5996618,143.264,1088.7579481152,IDA3_VAS_CCGT_D_UP_9
High RES,IDA3,IND,10,buy,1.2682958,143.264,-181.70112949120002,IDA3_IND_10
High RES,IDA3,COM,10,buy,0.92881701,143.264,-133.06604012064003,IDA3_COM_10
High RES,IDA3,RESI,10,buy,1.6027181,143.264,-229.6118058784,IDA3_RESI_10
High RES,IDA3,DKL_ST_H,10,sell,7.5996618,143.264,1088.7579481152,IDA3_DKL_ST_H_UP_10
High RES,IDA3,VAS_GT_D,10,buy,3.7998309,143.264,-544.3789740576,IDA3_VAS_GT_D_BUYBACK_10
High RES,IDA3,IND,11,buy,0.46611684,143.264,-66.77776296576,IDA3_IND_11
High RES,IDA3,COM,11,buy,0.35937152,143.264,-51.485001441280005,IDA3_COM_11
High RES,IDA3,RESI,11,buy,0.56344219,143.264,-80.72098190816,IDA3_RESI_11
High RES,IDA3,VAS_GT_D,11,sell,1.3889305,143.264,198.98373915200003,IDA3_VAS_GT_D_UP_11
High RES,IDA3,IND,12,buy,0.46611684,143.264,-66.77776296576,IDA3_IND_12
High RES,IDA3,COM,12,buy,0.38402204,143.264,-55.016533538560005,IDA3_COM_12
High RES,IDA3,RESI,12,buy,0.53879167,143.264,-77.18944981087999,IDA3_RESI_12
High RES,IDA3,DKL_ST_H,12,sell,2.777861,143.264,397.96747830400005,IDA3_DKL_ST_H_UP_12
High RES,IDA3,VAS_GT_D,12,buy,1.3889305,143.264,-198.98373915200003,IDA3_VAS_GT_D_BUYBACK_12
High RES,IDA3,IND,13,sell,1.0586582,171.787,181.8637162034,IDA3_IND_13
High RES,IDA3,COM,13,sell,0.97556471,171.787,167.58933483677,IDA3_COM_13
High RES,IDA3,RESI,13,sell,1.2093155,171.787,207.7446817985,IDA3_RESI_13
High RES,IDA3,W_C,13,buy,0.084116461,171.787,-14.450114485807001,IDA3_W_C_13
High RES,IDA3,W_A,13,buy,3.1594219,171.787,-542.7476099353,IDA3_W_A_13
High RES,IDA3,IND,14,sell,1.0586582,171.787,181.8637162034,IDA3_IND_14
High RES,IDA3,COM,14,sell,1.0478407,171.787,180.00541033090002,IDA3_COM_14
High RES,IDA3,RESI,14,sell,1.1370395,171.787,195.3286045865,IDA3_RESI_14
High RES,IDA3,W_C,14,buy,0.084116551,171.787,-14.450129946637,IDA3_W_C_14
High RES,IDA3,W_A,14,buy,3.1594218,171.787,-542.7475927566,IDA3_W_A_14
High RES,IDA3,IND,15,sell,3.136421,156.19,489.87759599,IDA3_IND_15
High RES,IDA3,COM,15,sell,3.1583084,156.19,493.296188996,IDA3_COM_15
High RES,IDA3,RESI,15,sell,2.9844884,156.19,466.147243196,IDA3_RESI_15
High RES,IDA3,PV_C,15,sell,0.28878464,156.19,45.1052729216,IDA3_PV_C_15
High RES,IDA3,PV_A,15,sell,0.28878464,156.19,45.1052729216,IDA3_PV_A_15
High RES,IDA3,W_C,15,buy,1.7982926,156.19,-280.875321194,IDA3_W_C_15
High RES,IDA3,W_A,15,buy,1.7982926,156.19,-280.875321194,IDA3_W_A_15
High RES,IDA3,DKL_ST_H,15,buy,6.2602019,156.19,-977.780934761,IDA3_DKL_ST_H_BUYBACK_15
High RES,IDA3,IND,16,sell,3.136421,156.19,489.87759599,IDA3_IND_16
High RES,IDA3,COM,16,sell,3.3713668,156.19,526.573780492,IDA3_COM_16
High RES,IDA3,RESI,16,sell,2.7714299,156.19,432.86963608099995,IDA3_RESI_16
High RES,IDA3,PV_C,16,sell,0.28878463,156.19,45.1052713597,IDA3_PV_C_16
High RES,IDA3,PV_A,16,sell,0.28878463,156.19,45.1052713597,IDA3_PV_A_16
High RES,IDA3,W_C,16,buy,1.7982926,156.19,-280.875321194,IDA3_W_C_16
High RES,IDA3,W_A,16,buy,1.7982926,156.19,-280.875321194,IDA3_W_A_16
High RES,IDA3,DKL_ST_H,16,buy,6.2602018,156.19,-977.780919142,IDA3_DKL_ST_H_BUYBACK_16
High RES,IDA3,IND,17,sell,4.5769082,143.264,655.7061763648001,IDA3_IND_17
High RES,IDA3,COM,17,sell,4.6822726,143.264,670.8011017664,IDA3_COM_17
High RES,IDA3,RESI,17,sell,3.3581364,143.264,481.1000532096,IDA3_RESI_17
High RES,IDA3,VAS_CCGT_D,17,buy,25.518652,143.264,-3655.904160128,IDA3_VAS_CCGT_D_BUYBACK_17
High RES,IDA3,VAS_GT_D,17,sell,12.901335,143.264,1848.2968574400002,IDA3_VAS_GT_D_UP_17
High RES,IDA3,IND,18,sell,4.5769082,130.24,596.096523968,IDA3_IND_18
High RES,IDA3,COM,18,sell,4.9334453,130.24,642.531915872,IDA3_COM_18
High RES,IDA3,RESI,18,sell,3.1069637,130.24,404.65095228800004,IDA3_RESI_18
High RES,IDA3,PV_C,18,sell,0.6547342,130.24,85.27258220800002,IDA3_PV_C_18
High RES,IDA3,PV_A,18,sell,0.65473425,130.24,85.27258872,IDA3_PV_A_18
High RES,IDA3,W_C,18,buy,1.5416625,130.24,-200.786124,IDA3_W_C_18
High RES,IDA3,W_A,18,buy,1.5416625,130.24,-200.786124,IDA3_W_A_18
High RES,IDA3,VAS_ST_H,18,buy,10.843461,130.24,-1412.25236064,IDA3_VAS_ST_H_BUYBACK_18
High RES,IDA3,IND,19,sell,6.0732584,143.264,870.0792914176001,IDA3_IND_19
High RES,IDA3,COM,19,sell,5.0856314,143.264,728.5878968896,IDA3_COM_19
High RES,IDA3,RESI,19,sell,2.8393602,143.264,406.77809969279997,IDA3_RESI_19
High RES,IDA3,VAS_CCGT_D,19,sell,18.441731,143.264,2642.036149984,IDA3_VAS_CCGT_D_UP_19
High RES,IDA3,DKL_ST_H,19,buy,32.439981,143.264,-4647.481437984001,IDA3_DKL_ST_H_BUYBACK_19
High RES,IDA3,IND,20,sell,6.0732584,130.24,790.9811740160001,IDA3_IND_20
High RES,IDA3,COM,20,sell,5.2796163,130.24,687.617226912,IDA3_COM_20
High RES,IDA3,RESI,20,sell,2.6453754,130.24,344.533692096,IDA3_RESI_20
High RES,IDA3,PV_C,20,sell,0.7834658,130.24,102.038585792,IDA3_PV_C_20
High RES,IDA3,PV_A,20,sell,0.7834658,130.24,102.038585792,IDA3_PV_A_20
High RES,IDA3,W_C,20,buy,1.1943462,130.24,-155.551649088,IDA3_W_C_20
High RES,IDA3,W_A,20,buy,1.1943462,130.24,-155.551649088,IDA3_W_A_20
High RES,IDA3,VAS_ST_H,20,buy,13.176489,130.24,-1716.1059273600001,IDA3_VAS_ST_H_BUYBACK_20
High RES,IDA3,IND,21,sell,3.6758559,130.24,478.74347241600003,IDA3_IND_21
High RES,IDA3,COM,21,sell,3.0476878,130.24,396.93085907200003,IDA3_COM_21
High RES,IDA3,RESI,21,sell,1.3907082,130.24,181.12583596800002,IDA3_RESI_21
High RES,IDA3,PV_C,21,sell,1.081244,130.24,140.82121856000003,IDA3_PV_C_21
High RES,IDA3,PV_A,21,sell,1.081244,130.24,140.82121856000003,IDA3_PV_A_21
High RES,IDA3,W_C,21,buy,0.78005033,130.24,-101.59375497920001,IDA3_W_C_21
High RES,IDA3,W_A,21,buy,0.78005034,130.24,-101.5937562816,IDA3_W_A_21
High RES,IDA3,VAS_ST_H,21,buy,8.7166392,130.24,-1135.255089408,IDA3_VAS_ST_H_BUYBACK_21
High RES,IDA3,IND,22,sell,3.6758559,130.24,478.74347241600003,IDA3_IND_22
High RES,IDA3,COM,22,sell,3.1197569,130.24,406.31713865600005,IDA3_COM_22
High RES,IDA3,RESI,22,sell,1.3186392,130.24,171.73956940800002,IDA3_RESI_22
High RES,IDA3,PV_C,22,buy,2.1624882,130.24,-281.642463168,IDA3_PV_C_22
High RES,IDA3,PV_A,22,buy,2.1624881,130.24,-281.642450144,IDA3_PV_A_22
High RES,IDA3,W_C,22,buy,1.5601007,130.24,-203.187515168,IDA3_W_C_22
High RES,IDA3,W_A,22,buy,1.5601007,130.24,-203.187515168,IDA3_W_A_22
High RES,IDA3,VAS_ST_H,22,buy,0.66907415,130.24,-87.14021729600002,IDA3_VAS_ST_H_BUYBACK_22
High RES,IDA3,IND,23,sell,1.7508355,137.83,241.31765696500003,IDA3_IND_23
High RES,IDA3,COM,23,sell,1.4830971,137.83,204.415273293,IDA3_COM_23
High RES,IDA3,RESI,23,sell,0.59190532,137.83,81.5823102556,IDA3_RESI_23
High RES,IDA3,PV_C,23,sell,0.37159684,137.83,51.2171924572,IDA3_PV_C_23
High RES,IDA3,PV_A,23,buy,3.0474714,137.83,-420.032983062,IDA3_PV_A_23
High RES,IDA3,W_C,23,buy,0.8135402,137.83,-112.13024576600002,IDA3_W_C_23
High RES,IDA3,W_A,23,buy,0.33642316,137.83,-46.3692041428,IDA3_W_A_23
High RES,IDA3,IND,24,sell,1.7508355,137.83,241.31765696500003,IDA3_IND_24
High RES,IDA3,COM,24,sell,1.4981565,137.83,206.49091039500001,IDA3_COM_24
High RES,IDA3,RESI,24,sell,0.57684586,137.83,79.50666488380001,IDA3_RESI_24
High RES,IDA3,PV_C,24,sell,0.77836704,137.83,107.28232912320001,IDA3_PV_C_24
High RES,IDA3,PV_A,24,buy,3.0474714,137.83,-420.032983062,IDA3_PV_A_24
High RES,IDA3,W_C,24,buy,0.74319337,137.83,-102.4343421871,IDA3_W_C_24
High RES,IDA3,W_A,24,buy,0.8135402,137.83,-112.13024576600002,IDA3_W_A_24
High RES,IDA3,IND,25,sell,0.88010027,137.83,121.30422021410001,IDA3_IND_25
High RES,IDA3,COM,25,sell,0.79856223,137.83,110.06583216090002,IDA3_COM_25
High RES,IDA3,RESI,25,sell,0.30381116,137.83,41.874292182800005,IDA3_RESI_25
High RES,IDA3,PV_A,25,buy,1.9824737,137.83,-273.244350071,IDA3_PV_A_25
High RES,IDA3,IND,26,sell,0.88010027,137.83,121.30422021410001,IDA3_IND_26
High RES,IDA3,COM,26,sell,0.79542764,137.83,109.6337916212,IDA3_COM_26
High RES,IDA3,RESI,26,sell,0.30694575,137.83,42.30633272250001,IDA3_RESI_26
High RES,IDA3,VAS_GT_D,26,buy,3.939534,137.83,-542.98597122,IDA3_VAS_GT_D_BUYBACK_26
High RES,IDA3,VAS_GT_D,26,sell,1.9570603,137.83,269.741621149,IDA3_VAS_GT_D_UP_26
High RES,IDA3,IND,27,sell,2.0021934,137.83,275.962316322,IDA3_IND_27
High RES,IDA3,COM,27,sell,1.8039346,137.83,248.63630591800003,IDA3_COM_27
High RES,IDA3,RESI,27,sell,0.72623795,137.83,100.09737664850002,IDA3_RESI_27
High RES,IDA3,PV_A,27,buy,4.532366,137.83,-624.6960057800001,IDA3_PV_A_27
High RES,IDA3,IND,28,sell,2.0021934,137.83,275.962316322,IDA3_IND_28
High RES,IDA3,COM,28,sell,1.7662015,137.83,243.43555274500002,IDA3_COM_28
High RES,IDA3,RESI,28,sell,0.76397104,137.83,105.29812844320001,IDA3_RESI_28
High RES,IDA3,PV_A,28,buy,4.5323659,137.83,-624.6959919970001,IDA3_PV_A_28
High RES,IDA3,IND,29,sell,3.070041,143.264,439.826353824,IDA3_IND_29
High RES,IDA3,COM,29,sell,3.0010651,143.264,429.94459048640005,IDA3_COM_29
High RES,IDA3,RESI,29,sell,1.4366142,143.264,205.81509674880002,IDA3_RESI_29
High RES,IDA3,DKL_ST_H,29,buy,20.623644,143.264,-2954.625734016,IDA3_DKL_ST_H_BUYBACK_29
High RES,IDA3,VAS_GT_D,29,sell,13.115924,143.264,1879.0397359360002,IDA3_VAS_GT_D_UP_29
High RES,IDA3,IND,30,sell,3.070041,143.264,439.826353824,IDA3_IND_30
High RES,IDA3,COM,30,sell,2.8722727,143.264,411.4932760928,IDA3_COM_30
High RES,IDA3,RESI,30,sell,1.5654067,143.264,224.2664254688,IDA3_RESI_30
High RES,IDA3,PV_A,30,buy,7.0730535,143.264,-1013.3139366240001,IDA3_PV_A_30
High RES,IDA3,W_A,30,buy,0.43466694,143.264,-62.27212449216,IDA3_W_A_30
High RES,IDA3,IND,31,sell,3.0855801,130.24,401.865952224,IDA3_IND_31
High RES,IDA3,COM,31,sell,3.6141679,130.24,470.70922729600005,IDA3_COM_31
High RES,IDA3,RESI,31,sell,2.3007703,130.24,299.652323872,IDA3_RESI_31
High RES,IDA3,PV_C,31,sell,2.7306354,130.24,355.637954496,IDA3_PV_C_31
High RES,IDA3,PV_A,31,buy,4.8468247,130.24,-631.2504489280001,IDA3_PV_A_31
High RES,IDA3,W_C,31,buy,0.19416593,130.24,-25.2881707232,IDA3_W_C_31
High RES,IDA3,W_A,31,buy,0.38833186,130.24,-50.5763414464,IDA3_W_A_31
High RES,IDA3,VAS_ST_H,31,buy,6.3018311,130.24,-820.7504824640001,IDA3_VAS_ST_H_BUYBACK_31
High RES,IDA3,IND,32,sell,3.0855801,130.24,401.865952224,IDA3_IND_32
High RES,IDA3,COM,32,sell,3.3611128,130.24,437.751331072,IDA3_COM_32
High RES,IDA3,RESI,32,sell,2.5538255,130.24,332.61023312000003,IDA3_RESI_32
High RES,IDA3,PV_C,32,sell,2.7306354,130.24,355.637954496,IDA3_PV_C_32
High RES,IDA3,PV_A,32,buy,4.8468244,130.24,-631.250409856,IDA3_PV_A_32
High RES,IDA3,W_C,32,buy,0.19416593,130.24,-25.2881707232,IDA3_W_C_32
High RES,IDA3,W_A,32,buy,0.38833186,130.24,-50.5763414464,IDA3_W_A_32
High RES,IDA3,VAS_ST_H,32,buy,6.3018315,130.24,-820.75053456,IDA3_VAS_ST_H_BUYBACK_32
High RES,IDA3,IND,33,sell,2.4679557,156.19,385.470000783,IDA3_IND_33
High RES,IDA3,COM,33,sell,3.2085154,156.19,501.138020326,IDA3_COM_33
High RES,IDA3,RESI,33,sell,2.9585235,156.19,462.091785465,IDA3_RESI_33
High RES,IDA3,PV_C,33,sell,0.90462497,156.19,141.2933740643,IDA3_PV_C_33
High RES,IDA3,PV_A,33,sell,0.90462498,156.19,141.2933756262,IDA3_PV_A_33
High RES,IDA3,W_C,33,buy,0.050799227,156.19,-7.93433126513,IDA3_W_C_33
High RES,IDA3,W_A,33,buy,0.050799228,156.19,-7.9343314213200005,IDA3_W_A_33
High RES,IDA3,DKL_ST_H,33,buy,10.342646,156.19,-1615.41787874,IDA3_DKL_ST_H_BUYBACK_33
High RES,IDA3,IND,34,sell,2.4679557,156.19,385.470000783,IDA3_IND_34
High RES,IDA3,COM,34,sell,2.8933019,156.19,451.904823761,IDA3_COM_34
High RES,IDA3,RESI,34,sell,3.273737,156.19,511.32498203,IDA3_RESI_34
High RES,IDA3,PV_C,34,buy,1.8092499,156.19,-282.58674188099997,IDA3_PV_C_34
High RES,IDA3,PV_A,34,buy,1.8092499,156.19,-282.58674188099997,IDA3_PV_A_34
High RES,IDA3,W_C,34,buy,0.10159845,156.19,-15.868661905500002,IDA3_W_C_34
High RES,IDA3,W_A,34,buy,0.10159845,156.19,-15.868661905500002,IDA3_W_A_34
High RES,IDA3,DKL_ST_H,34,buy,4.8132978,156.19,-751.788983382,IDA3_DKL_ST_H_BUYBACK_34
High RES,IDA3,IND,35,sell,2.4265987,156.17,378.96191897899996,IDA3_IND_35
High RES,IDA3,COM,35,sell,3.2309589,156.17,504.578851413,IDA3_COM_35
High RES,IDA3,RESI,35,sell,4.5099301,156.17,704.3157837169999,IDA3_RESI_35
High RES,IDA3,W_C,35,buy,0.0097835463,156.17,-1.5278964256709997,IDA3_W_C_35
High RES,IDA3,W_A,35,buy,0.0097835462,156.17,-1.5278964100539998,IDA3_W_A_35
High RES,IDA3,VAS_CCGT_D,35,buy,10.147921,156.17,-1584.8008225699998,IDA3_VAS_CCGT_D_BUYBACK_35
High RES,IDA3,IND,36,sell,2.4265987,156.17,378.96191897899996,IDA3_IND_36
High RES,IDA3,COM,36,sell,2.8447465,156.17,444.26406090499995,IDA3_COM_36
High RES,IDA3,RESI,36,sell,4.8961425,156.17,764.6305742249999,IDA3_RESI_36
High RES,IDA3,W_C,36,buy,0.019567093,156.17,-3.05579291381,IDA3_W_C_36
High RES,IDA3,W_A,36,buy,0.019567092,156.17,-3.05579275764,IDA3_W_A_36
High RES,IDA3,VAS_CCGT_D,36,buy,10.128354,156.17,-1581.74504418,IDA3_VAS_CCGT_D_BUYBACK_36
High RES,IDA3,IND,37,sell,1.8593109,156.17,290.368583253,IDA3_IND_37
High RES,IDA3,COM,37,sell,2.1780273,156.17,340.142523441,IDA3_COM_37
High RES,IDA3,RESI,37,sell,4.5932945,156.17,717.334802065,IDA3_RESI_37
High RES,IDA3,W_C,37,buy,0.10686651,156.17,-16.6893428667,IDA3_W_C_37
High RES,IDA3,W_A,37,buy,0.10686651,156.17,-16.6893428667,IDA3_W_A_37
High RES,IDA3,VAS_CCGT_D,37,buy,8.4168996,156.17,-1314.467210532,IDA3_VAS_CCGT_D_BUYBACK_37
High RES,IDA3,IND,38,sell,1.8593109,156.17,290.368583253,IDA3_IND_38
High RES,IDA3,COM,38,sell,1.9055803,156.17,297.594475451,IDA3_COM_38
High RES,IDA3,RESI,38,sell,4.8657415,156.17,759.882850055,IDA3_RESI_38
High RES,IDA3,W_C,38,buy,0.10686651,156.17,-16.6893428667,IDA3_W_C_38
High RES,IDA3,W_A,38,buy,0.10686651,156.17,-16.6893428667,IDA3_W_A_38
High RES,IDA3,VAS_CCGT_D,38,buy,8.4168995,156.17,-1314.4671949149997,IDA3_VAS_CCGT_D_BUYBACK_38
High RES,IDA3,IND,39,sell,1.3648562,156.19,213.176889878,IDA3_IND_39
High RES,IDA3,COM,39,sell,1.2790461,156.19,199.774210359,IDA3_COM_39
High RES,IDA3,RESI,39,sell,3.8857816,156.19,606.920228104,IDA3_RESI_39
High RES,IDA3,W_C,39,buy,0.065850837,156.19,-10.285242231029999,IDA3_W_C_39
High RES,IDA3,W_A,39,buy,0.065850837,156.19,-10.285242231029999,IDA3_W_A_39
High RES,IDA3,DKL_ST_H,39,buy,6.3979822,156.19,-999.3008398180001,IDA3_DKL_ST_H_BUYBACK_39
High RES,IDA3,IND,40,sell,1.3648562,156.17,213.14959275399997,IDA3_IND_40
High RES,IDA3,COM,40,sell,1.1392406,156.17,177.91520450199997,IDA3_COM_40
High RES,IDA3,RESI,40,sell,4.0255871,156.17,628.675937407,IDA3_RESI_40
High RES,IDA3,W_C,40,buy,0.065850837,156.17,-10.283925214289999,IDA3_W_C_40
High RES,IDA3,W_A,40,buy,0.065850837,156.17,-10.283925214289999,IDA3_W_A_40
High RES,IDA3,VAS_CCGT_D,40,buy,6.3979822,156.17,-999.1728801739999,IDA3_VAS_CCGT_D_BUYBACK_40
High RES,IDA3,IND,41,sell,0.91834668,156.17,143.41820101559998,IDA3_IND_41
High RES,IDA3,COM,41,sell,0.6958447,156.17,108.67006679899998,IDA3_COM_41
High RES,IDA3,RESI,41,sell,2.7830387,156.17,434.62715377899997,IDA3_RESI_41
High RES,IDA3,W_C,41,buy,0.076010692,156.17,-11.87058976964,IDA3_W_C_41
High RES,IDA3,W_A,41,buy,0.076010693,156.17,-11.87058992581,IDA3_W_A_41
High RES,IDA3,VAS_CCGT_D,41,buy,4.2452087,156.17,-662.974242679,IDA3_VAS_CCGT_D_BUYBACK_41
High RES,IDA3,IND,42,sell,0.91834668,156.17,143.41820101559998,IDA3_IND_42
High RES,IDA3,COM,42,sell,0.6454385,156.17,100.79813054499999,IDA3_COM_42
High RES,IDA3,RESI,42,sell,2.8334449,156.17,442.49909003299996,IDA3_RESI_42
High RES,IDA3,W_C,42,buy,0.038005346,156.17,-5.93529488482,IDA3_W_C_42
High RES,IDA3,W_A,42,buy,0.038005346,156.17,-5.93529488482,IDA3_W_A_42
High RES,IDA3,VAS_CCGT_D,42,buy,4.3212194,156.17,-674.844833698,IDA3_VAS_CCGT_D_BUYBACK_42
High RES,IDA3,IND,43,sell,0.65470997,156.17,102.24605601489999,IDA3_IND_43
High RES,IDA3,COM,43,sell,0.42133359,156.17,65.79966675029999,IDA3_COM_43
High RES,IDA3,RESI,43,sell,1.9649612,156.17,306.867990604,IDA3_RESI_43
High RES,IDA3,W_C,43,buy,0.10987685,156.17,-17.1594676645,IDA3_W_C_43
High RES,IDA3,W_A,43,buy,0.10987685,156.17,-17.1594676645,IDA3_W_A_43
High RES,IDA3,VAS_CCGT_D,43,buy,2.8212511,156.17,-440.594784287,IDA3_VAS_CCGT_D_BUYBACK_43
High RES,IDA3,IND,44,sell,0.65470997,156.17,102.24605601489999,IDA3_IND_44
High RES,IDA3,COM,44,sell,0.4117927,156.17,64.309665959,IDA3_COM_44
High RES,IDA3,RESI,44,sell,1.974502,156.17,308.35797734,IDA3_RESI_44
High RES,IDA3,W_C,44,buy,0.10987685,156.17,-17.1594676645,IDA3_W_C_44
High RES,IDA3,W_A,44,buy,0.10987685,156.17,-17.1594676645,IDA3_W_A_44
High RES,IDA3,VAS_CCGT_D,44,buy,2.821251,156.17,-440.59476867,IDA3_VAS_CCGT_D_BUYBACK_44
High RES,IDA3,IND,45,sell,0.48993704,156.17,76.5134675368,IDA3_IND_45
High RES,IDA3,COM,45,sell,0.28276775,156.17,44.1598395175,IDA3_COM_45
High RES,IDA3,RESI,45,sell,1.3516478,156.17,211.086836926,IDA3_RESI_45
High RES,IDA3,W_C,45,buy,0.15277396,156.17,-23.858709333199997,IDA3_W_C_45
High RES,IDA3,W_A,45,buy,0.15277396,156.17,-23.858709333199997,IDA3_W_A_45
High RES,IDA3,VAS_CCGT_D,45,buy,1.8188047,156.17,-284.04272999899996,IDA3_VAS_CCGT_D_BUYBACK_45
High RES,IDA3,IND,46,sell,0.48993704,156.19,76.5232662776,IDA3_IND_46
High RES,IDA3,COM,46,sell,0.28991806,156.19,45.282301791399995,IDA3_COM_46
High RES,IDA3,RESI,46,sell,1.3444975,156.19,209.99706452499998,IDA3_RESI_46
High RES,IDA3,W_C,46,buy,0.15277396,156.19,-23.861764812399997,IDA3_W_C_46
High RES,IDA3,W_A,46,buy,0.15277396,156.19,-23.861764812399997,IDA3_W_A_46
High RES,IDA3,DKL_ST_H,46,buy,1.8188047,156.19,-284.079106093,IDA3_DKL_ST_H_BUYBACK_46
High RES,IDA3,IND,47,sell,0.28750585,156.17,44.899788594499995,IDA3_IND_47
High RES,IDA3,COM,47,sell,0.15660479,156.17,24.456970054299997,IDA3_COM_47
High RES,IDA3,RESI,47,sell,0.68917747,156.17,107.62884548989999,IDA3_RESI_47
High RES,IDA3,W_C,47,buy,0.21410933,156.17,-33.437454066099995,IDA3_W_C_47
High RES,IDA3,W_A,47,buy,0.21410933,156.17,-33.437454066099995,IDA3_W_A_47
High RES,IDA3,VAS_CCGT_D,47,buy,0.70506944,156.17,-110.1106944448,IDA3_VAS_CCGT_D_BUYBACK_47
High RES,IDA3,IND,48,sell,0.28750585,156.17,44.899788594499995,IDA3_IND_48
High RES,IDA3,COM,48,sell,0.1655464,156.17,25.853381287999998,IDA3_COM_48
High RES,IDA3,RESI,48,sell,0.68023586,156.17,106.2324342562,IDA3_RESI_48
High RES,IDA3,W_C,48,buy,0.21410933,156.17,-33.437454066099995,IDA3_W_C_48
High RES,IDA3,W_A,48,buy,0.21410933,156.17,-33.437454066099995,IDA3_W_A_48
High RES,IDA3,VAS_CCGT_D,48,buy,0.70506944,156.17,-110.1106944448,IDA3_VAS_CCGT_D_BUYBACK_48
High demand,FM,PV_C,13,sell,3.594e-05,85.0,0.0030548999999999997,PV_COM
High demand,FM,COM,13,buy,3.594e-05,85.0,-0.0030548999999999997,PV_COM
High demand,FM,PV_C,14,sell,3.594e-05,85.0,0.0030548999999999997,PV_COM
High demand,FM,COM,14,buy,3.594e-05,85.0,-0.0030548999999999997,PV_COM
High demand,FM,PV_C,15,sell,2.7334115999999997,85.0,232.33998599999998,PV_COM
High demand,FM,COM,15,buy,2.7334115999999997,85.0,-232.33998599999998,PV_COM
High demand,FM,PV_C,16,sell,2.7334115999999997,85.0,232.33998599999998,PV_COM
High demand,FM,COM,16,buy,2.7334115999999997,85.0,-232.33998599999998,PV_COM
High demand,FM,PV_C,17,sell,13.25750808,85.0,1126.8881867999999,PV_COM
High demand,FM,COM,17,buy,13.25750808,85.0,-1126.8881867999999,PV_COM
High demand,FM,PV_C,18,sell,13.25750808,85.0,1126.8881867999999,PV_COM
High demand,FM,COM,18,buy,13.25750808,85.0,-1126.8881867999999,PV_COM
High demand,FM,PV_C,19,sell,24.790708799999997,85.0,2107.210248,PV_COM
High demand,FM,COM,19,buy,24.790708799999997,85.0,-2107.210248,PV_COM
High demand,FM,PV_C,20,sell,24.790708799999997,85.0,2107.210248,PV_COM
High demand,FM,COM,20,buy,24.790708799999997,85.0,-2107.210248,PV_COM
High demand,FM,PV_C,21,sell,30.83372664,85.0,2620.8667643999997,PV_COM
High demand,FM,COM,21,buy,30.83372664,85.0,-2620.8667643999997,PV_COM
High demand,FM,PV_C,22,sell,30.83372664,85.0,2620.8667643999997,PV_COM
High demand,FM,COM,22,buy,30.83372664,85.0,-2620.8667643999997,PV_COM
High demand,FM,PV_C,23,sell,33.20405622,85.0,2822.3447787,PV_COM
High demand,FM,COM,23,buy,33.20405622,85.0,-2822.3447787,PV_COM
High demand,FM,PV_C,24,sell,33.20405622,85.0,2822.3447787,PV_COM
High demand,FM,COM,24,buy,33.20405622,85.0,-2822.3447787,PV_COM
High demand,FM,PV_C,25,sell,32.802520439999995,85.0,2788.2142373999995,PV_COM
High demand,FM,COM,25,buy,32.802520439999995,85.0,-2788.2142373999995,PV_COM
High demand,FM,PV_C,26,sell,32.802520439999995,85.0,2788.2142373999995,PV_COM
High demand,FM,COM,26,buy,32.802520439999995,85.0,-2788.2142373999995,PV_COM
High demand,FM,PV_C,27,sell,29.991842039999998,85.0,2549.3065733999997,PV_COM
High demand,FM,COM,27,buy,29.991842039999998,85.0,-2549.3065733999997,PV_COM
High demand,FM,PV_C,28,sell,29.991842039999998,85.0,2549.3065733999997,PV_COM
High demand,FM,COM,28,buy,29.991842039999998,85.0,-2549.3065733999997,PV_COM
High demand,FM,PV_C,29,sell,23.70322362,85.0,2014.7740076999999,PV_COM
High demand,FM,COM,29,buy,23.70322362,85.0,-2014.7740076999999,PV_COM
High demand,FM,PV_C,30,sell,23.70322362,85.0,2014.7740076999999,PV_COM
High demand,FM,COM,30,buy,23.70322362,85.0,-2014.7740076999999,PV_COM
High demand,FM,PV_C,31,sell,13.5228027,85.0,1149.4382295,PV_COM
High demand,FM,COM,31,buy,13.5228027,85.0,-1149.4382295,PV_COM
High demand,FM,PV_C,32,sell,13.5228027,85.0,1149.4382295,PV_COM
High demand,FM,COM,32,buy,13.5228027,85.0,-1149.4382295,PV_COM
High demand,FM,PV_C,33,sell,3.6086107800000002,85.0,306.7319163,PV_COM
High demand,FM,COM,33,buy,3.6086107800000002,85.0,-306.7319163,PV_COM
High demand,FM,PV_C,34,sell,3.6086107800000002,85.0,306.7319163,PV_COM
High demand,FM,COM,34,buy,3.6086107800000002,85.0,-306.7319163,PV_COM
High demand,FM,PV_C,13,sell,5.99e-06,90.0,0.0005391,PV_RESI
High demand,FM,RESI,13,buy,5.99e-06,90.0,-0.0005391,PV_RESI
High demand,FM,PV_C,14,sell,5.99e-06,90.0,0.0005391,PV_RESI
High demand,FM,RESI,14,buy,5.99e-06,90.0,-0.0005391,PV_RESI
High demand,FM,PV_C,15,sell,0.4555686,90.0,41.001174,PV_RESI
High demand,FM,RESI,15,buy,0.4555686,90.0,-41.001174,PV_RESI
High demand,FM,PV_C,16,sell,0.4555686,90.0,41.001174,PV_RESI
High demand,FM,RESI,16,buy,0.4555686,90.0,-41.001174,PV_RESI
High demand,FM,PV_C,17,sell,2.2095846800000003,90.0,198.86262120000004,PV_RESI
High demand,FM,RESI,17,buy,2.2095846800000003,90.0,-198.86262120000004,PV_RESI
High demand,FM,PV_C,18,sell,2.2095846800000003,90.0,198.86262120000004,PV_RESI
High demand,FM,RESI,18,buy,2.2095846800000003,90.0,-198.86262120000004,PV_RESI
High demand,FM,PV_C,19,sell,4.1317848,90.0,371.860632,PV_RESI
High demand,FM,RESI,19,buy,4.1317848,90.0,-371.860632,PV_RESI
High demand,FM,PV_C,20,sell,4.1317848,90.0,371.860632,PV_RESI
High demand,FM,RESI,20,buy,4.1317848,90.0,-371.860632,PV_RESI
High demand,FM,PV_C,21,sell,5.13895444,90.0,462.5058996,PV_RESI
High demand,FM,RESI,21,buy,5.13895444,90.0,-462.5058996,PV_RESI
High demand,FM,PV_C,22,sell,5.13895444,90.0,462.5058996,PV_RESI
High demand,FM,RESI,22,buy,5.13895444,90.0,-462.5058996,PV_RESI
High demand,FM,PV_C,23,sell,5.534009369999999,90.0,498.0608432999999,PV_RESI
High demand,FM,RESI,23,buy,5.534009369999999,90.0,-498.0608432999999,PV_RESI
High demand,FM,PV_C,24,sell,5.534009369999999,90.0,498.0608432999999,PV_RESI
High demand,FM,RESI,24,buy,5.534009369999999,90.0,-498.0608432999999,PV_RESI
High demand,FM,PV_C,25,sell,5.46708674,90.0,492.0378066,PV_RESI
High demand,FM,RESI,25,buy,5.46708674,90.0,-492.0378066,PV_RESI
High demand,FM,PV_C,26,sell,5.46708674,90.0,492.0378066,PV_RESI
High demand,FM,RESI,26,buy,5.46708674,90.0,-492.0378066,PV_RESI
High demand,FM,PV_C,27,sell,4.998640340000001,90.0,449.87763060000003,PV_RESI
High demand,FM,RESI,27,buy,4.998640340000001,90.0,-449.87763060000003,PV_RESI
High demand,FM,PV_C,28,sell,4.998640340000001,90.0,449.87763060000003,PV_RESI
High demand,FM,RESI,28,buy,4.998640340000001,90.0,-449.87763060000003,PV_RESI
High demand,FM,PV_C,29,sell,3.9505372700000003,90.0,355.5483543,PV_RESI
High demand,FM,RESI,29,buy,3.9505372700000003,90.0,-355.5483543,PV_RESI
High demand,FM,PV_C,30,sell,3.9505372700000003,90.0,355.5483543,PV_RESI
High demand,FM,RESI,30,buy,3.9505372700000003,90.0,-355.5483543,PV_RESI
High demand,FM,PV_C,31,sell,2.25380045,90.0,202.8420405,PV_RESI
High demand,FM,RESI,31,buy,2.25380045,90.0,-202.8420405,PV_RESI
High demand,FM,PV_C,32,sell,2.25380045,90.0,202.8420405,PV_RESI
High demand,FM,RESI,32,buy,2.25380045,90.0,-202.8420405,PV_RESI
High demand,FM,PV_C,33,sell,0.60143513,90.0,54.129161700000004,PV_RESI
High demand,FM,RESI,33,buy,0.60143513,90.0,-54.129161700000004,PV_RESI
High demand,FM,PV_C,34,sell,0.60143513,90.0,54.129161700000004,PV_RESI
High demand,FM,RESI,34,buy,0.60143513,90.0,-54.129161700000004,PV_RESI
High demand,FM,W_C,1,sell,0.8836460202,100.0,88.36460202,W_IND
High demand,FM,IND,1,buy,0.8836460202,100.0,-88.36460202,W_IND
High demand,FM,W_C,2,sell,0.8836460202,100.0,88.36460202,W_IND
High demand,FM,IND,2,buy,0.8836460202,100.0,-88.36460202,W_IND
High demand,FM,W_C,3,sell,0.9225486655499999,100.0,92.25486655499999,W_IND
High demand,FM,IND,3,buy,0.9225486655499999,100.0,-92.25486655499999,W_IND
High demand,FM,W_C,4,sell,0.9225486655499999,100.0,92.25486655499999,W_IND
High demand,FM,IND,4,buy,0.9225486655499999,100.0,-92.25486655499999,W_IND
High demand,FM,W_C,5,sell,1.2810088439999998,100.0,128.10088439999998,W_IND
High demand,FM,IND,5,buy,1.2810088439999998,100.0,-128.10088439999998,W_IND
High demand,FM,W_C,6,sell,1.2810088439999998,100.0,128.10088439999998,W_IND
High demand,FM,IND,6,buy,1.2810088439999998,100.0,-128.10088439999998,W_IND
High demand,FM,W_C,7,sell,1.7311681305,100.0,173.11681305,W_IND
High demand,FM,IND,7,buy,1.7311681305,100.0,-173.11681305,W_IND
High demand,FM,W_C,8,sell,1.7311681305,100.0,173.11681305,W_IND
High demand,FM,IND,8,buy,1.7311681305,100.0,-173.11681305,W_IND
High demand,FM,W_C,9,sell,1.2573893715,100.0,125.73893715,W_IND
High demand,FM,IND,9,buy,1.2573893715,100.0,-125.73893715,W_IND
High demand,FM,W_C,10,sell,1.2573893715,100.0,125.73893715,W_IND
High demand,FM,IND,10,buy,1.2573893715,100.0,-125.73893715,W_IND
High demand,FM,W_C,11,sell,0.8753097440999998,100.0,87.53097440999998,W_IND
High demand,FM,IND,11,buy,0.8753097440999998,100.0,-87.53097440999998,W_IND
High demand,FM,W_C,12,sell,0.8753097440999998,100.0,87.53097440999998,W_IND
High demand,FM,IND,12,buy,0.8753097440999998,100.0,-87.53097440999998,W_IND
High demand,FM,W_C,13,sell,0.9239380449,100.0,92.39380449,W_IND
High demand,FM,IND,13,buy,0.9239380449,100.0,-92.39380449,W_IND
High demand,FM,W_C,14,sell,0.9239380449,100.0,92.39380449,W_IND
High demand,FM,IND,14,buy,0.9239380449,100.0,-92.39380449,W_IND
High demand,FM,W_C,15,sell,0.6759336307499999,100.0,67.59336307499998,W_IND
High demand,FM,IND,15,buy,0.6759336307499999,100.0,-67.59336307499998,W_IND
High demand,FM,W_C,16,sell,0.6759336307499999,100.0,67.59336307499998,W_IND
High demand,FM,IND,16,buy,0.6759336307499999,100.0,-67.59336307499998,W_IND
High demand,FM,W_C,17,sell,0.46196902245,100.0,46.196902245,W_IND
High demand,FM,IND,17,buy,0.46196902245,100.0,-46.196902245,W_IND
High demand,FM,W_C,18,sell,0.46196902245,100.0,46.196902245,W_IND
High demand,FM,IND,18,buy,0.46196902245,100.0,-46.196902245,W_IND
High demand,FM,W_C,19,sell,0.42445575645000005,100.0,42.445575645000005,W_IND
High demand,FM,IND,19,buy,0.42445575645000005,100.0,-42.445575645000005,W_IND
High demand,FM,W_C,20,sell,0.42445575645000005,100.0,42.445575645000005,W_IND
High demand,FM,IND,20,buy,0.42445575645000005,100.0,-42.445575645000005,W_IND
High demand,FM,W_C,21,sell,0.2334159192,100.0,23.34159192,W_IND
High demand,FM,IND,21,buy,0.2334159192,100.0,-23.34159192,W_IND
High demand,FM,W_C,22,sell,0.2334159192,100.0,23.34159192,W_IND
High demand,FM,IND,22,buy,0.2334159192,100.0,-23.34159192,W_IND
High demand,FM,W_C,23,sell,0.12365485634999998,100.0,12.365485634999999,W_IND
High demand,FM,IND,23,buy,0.12365485634999998,100.0,-12.365485634999999,W_IND
High demand,FM,W_C,24,sell,0.12365485634999998,100.0,12.365485634999999,W_IND
High demand,FM,IND,24,buy,0.12365485634999998,100.0,-12.365485634999999,W_IND
High demand,FM,W_C,25,sell,0.13893805275,100.0,13.893805275000002,W_IND
High demand,FM,IND,25,buy,0.13893805275,100.0,-13.893805275000002,W_IND
High demand,FM,W_C,26,sell,0.13893805275,100.0,13.893805275000002,W_IND
High demand,FM,IND,26,buy,0.13893805275,100.0,-13.893805275000002,W_IND
High demand,FM,W_C,27,sell,0.09517256789999999,100.0,9.51725679,W_IND
High demand,FM,IND,27,buy,0.09517256789999999,100.0,-9.51725679,W_IND
High demand,FM,W_C,28,sell,0.09517256789999999,100.0,9.51725679,W_IND
High demand,FM,IND,28,buy,0.09517256789999999,100.0,-9.51725679,W_IND
High demand,FM,W_C,29,sell,0.113234523,100.0,11.3234523,W_IND
High demand,FM,IND,29,buy,0.113234523,100.0,-11.3234523,W_IND
High demand,FM,W_C,30,sell,0.113234523,100.0,11.3234523,W_IND
High demand,FM,IND,30,buy,0.113234523,100.0,-11.3234523,W_IND
High demand,FM,W_C,31,sell,0.23411062065,100.0,23.411062065,W_IND
High demand,FM,IND,31,buy,0.23411062065,100.0,-23.411062065,W_IND
High demand,FM,W_C,32,sell,0.23411062065,100.0,23.411062065,W_IND
High demand,FM,IND,32,buy,0.23411062065,100.0,-23.411062065,W_IND
High demand,FM,W_C,33,sell,0.63633628395,100.0,63.633628394999995,W_IND
High demand,FM,IND,33,buy,0.63633628395,100.0,-63.633628394999995,W_IND
High demand,FM,W_C,34,sell,0.63633628395,100.0,63.633628394999995,W_IND
High demand,FM,IND,34,buy,0.63633628395,100.0,-63.633628394999995,W_IND
High demand,FM,W_C,35,sell,0.7773584174999999,100.0,77.73584174999999,W_IND
High demand,FM,IND,35,buy,0.7773584174999999,100.0,-77.73584174999999,W_IND
High demand,FM,W_C,36,sell,0.7773584174999999,100.0,77.73584174999999,W_IND
High demand,FM,IND,36,buy,0.7773584174999999,100.0,-77.73584174999999,W_IND
High demand,FM,W_C,37,sell,0.5314380606,100.0,53.143806059999996,W_IND
High demand,FM,IND,37,buy,0.5314380606,100.0,-53.143806059999996,W_IND
High demand,FM,W_C,38,sell,0.5314380606,100.0,53.143806059999996,W_IND
High demand,FM,IND,38,buy,0.5314380606,100.0,-53.143806059999996,W_IND
High demand,FM,W_C,39,sell,0.34734514364999997,100.0,34.734514364999995,W_IND
High demand,FM,IND,39,buy,0.34734514364999997,100.0,-34.734514364999995,W_IND
High demand,FM,W_C,40,sell,0.34734514364999997,100.0,34.734514364999995,W_IND
High demand,FM,IND,40,buy,0.34734514364999997,100.0,-34.734514364999995,W_IND
High demand,FM,W_C,41,sell,0.25217257574999996,100.0,25.217257574999998,W_IND
High demand,FM,IND,41,buy,0.25217257574999996,100.0,-25.217257574999998,W_IND
High demand,FM,W_C,42,sell,0.25217257574999996,100.0,25.217257574999998,W_IND
High demand,FM,IND,42,buy,0.25217257574999996,100.0,-25.217257574999998,W_IND
High demand,FM,W_C,43,sell,0.3313672458,100.0,33.13672458,W_IND
High demand,FM,IND,43,buy,0.3313672458,100.0,-33.13672458,W_IND
High demand,FM,W_C,44,sell,0.3313672458,100.0,33.13672458,W_IND
High demand,FM,IND,44,buy,0.3313672458,100.0,-33.13672458,W_IND
High demand,FM,W_C,45,sell,0.367491156,100.0,36.749115599999996,W_IND
High demand,FM,IND,45,buy,0.367491156,100.0,-36.749115599999996,W_IND
High demand,FM,W_C,46,sell,0.367491156,100.0,36.749115599999996,W_IND
High demand,FM,IND,46,buy,0.367491156,100.0,-36.749115599999996,W_IND
High demand,FM,W_C,47,sell,0.357765477,100.0,35.7765477,W_IND
High demand,FM,IND,47,buy,0.357765477,100.0,-35.7765477,W_IND
High demand,FM,W_C,48,sell,0.357765477,100.0,35.7765477,W_IND
High demand,FM,IND,48,buy,0.357765477,100.0,-35.7765477,W_IND
High demand,FM,W_C,1,sell,0.14727433670000004,105.0,15.463805353500003,W_RESI
High demand,FM,RESI,1,buy,0.14727433670000004,105.0,-15.463805353500003,W_RESI
High demand,FM,W_C,2,sell,0.14727433670000004,105.0,15.463805353500003,W_RESI
High demand,FM,RESI,2,buy,0.14727433670000004,105.0,-15.463805353500003,W_RESI
High demand,FM,W_C,3,sell,0.15375811092500002,105.0,16.144601647125004,W_RESI
High demand,FM,RESI,3,buy,0.15375811092500002,105.0,-16.144601647125004,W_RESI
High demand,FM,W_C,4,sell,0.15375811092500002,105.0,16.144601647125004,W_RESI
High demand,FM,RESI,4,buy,0.15375811092500002,105.0,-16.144601647125004,W_RESI
High demand,FM,W_C,5,sell,0.213501474,105.0,22.41765477,W_RESI
High demand,FM,RESI,5,buy,0.213501474,105.0,-22.41765477,W_RESI
High demand,FM,W_C,6,sell,0.213501474,105.0,22.41765477,W_RESI
High demand,FM,RESI,6,buy,0.213501474,105.0,-22.41765477,W_RESI
High demand,FM,W_C,7,sell,0.28852802175000003,105.0,30.295442283750003,W_RESI
High demand,FM,RESI,7,buy,0.28852802175000003,105.0,-30.295442283750003,W_RESI
High demand,FM,W_C,8,sell,0.28852802175000003,105.0,30.295442283750003,W_RESI
High demand,FM,RESI,8,buy,0.28852802175000003,105.0,-30.295442283750003,W_RESI
High demand,FM,W_C,9,sell,0.20956489525000002,105.0,22.004314001250002,W_RESI
High demand,FM,RESI,9,buy,0.20956489525000002,105.0,-22.004314001250002,W_RESI
High demand,FM,W_C,10,sell,0.20956489525000002,105.0,22.004314001250002,W_RESI
High demand,FM,RESI,10,buy,0.20956489525000002,105.0,-22.004314001250002,W_RESI
High demand,FM,W_C,11,sell,0.14588495735,105.0,15.31792052175,W_RESI
High demand,FM,RESI,11,buy,0.14588495735,105.0,-15.31792052175,W_RESI
High demand,FM,W_C,12,sell,0.14588495735,105.0,15.31792052175,W_RESI
High demand,FM,RESI,12,buy,0.14588495735,105.0,-15.31792052175,W_RESI
High demand,FM,W_C,13,sell,0.15398967415,105.0,16.168915785750002,W_RESI
High demand,FM,RESI,13,buy,0.15398967415,105.0,-16.168915785750002,W_RESI
High demand,FM,W_C,14,sell,0.15398967415,105.0,16.168915785750002,W_RESI
High demand,FM,RESI,14,buy,0.15398967415,105.0,-16.168915785750002,W_RESI
High demand,FM,W_C,15,sell,0.112655605125,105.0,11.828838538125,W_RESI
High demand,FM,RESI,15,buy,0.112655605125,105.0,-11.828838538125,W_RESI
High demand,FM,W_C,16,sell,0.112655605125,105.0,11.828838538125,W_RESI
High demand,FM,RESI,16,buy,0.112655605125,105.0,-11.828838538125,W_RESI
High demand,FM,W_C,17,sell,0.076994837075,105.0,8.084457892875001,W_RESI
High demand,FM,RESI,17,buy,0.076994837075,105.0,-8.084457892875001,W_RESI
High demand,FM,W_C,18,sell,0.076994837075,105.0,8.084457892875001,W_RESI
High demand,FM,RESI,18,buy,0.076994837075,105.0,-8.084457892875001,W_RESI
High demand,FM,W_C,19,sell,0.07074262607500001,105.0,7.427975737875001,W_RESI
High demand,FM,RESI,19,buy,0.07074262607500001,105.0,-7.427975737875001,W_RESI
High demand,FM,W_C,20,sell,0.07074262607500001,105.0,7.427975737875001,W_RESI
High demand,FM,RESI,20,buy,0.07074262607500001,105.0,-7.427975737875001,W_RESI
High demand,FM,W_C,21,sell,0.0389026532,105.0,4.084778586,W_RESI
High demand,FM,RESI,21,buy,0.0389026532,105.0,-4.084778586,W_RESI
High demand,FM,W_C,22,sell,0.0389026532,105.0,4.084778586,W_RESI
High demand,FM,RESI,22,buy,0.0389026532,105.0,-4.084778586,W_RESI
High demand,FM,W_C,23,sell,0.020609142724999998,105.0,2.1639599861249996,W_RESI
High demand,FM,RESI,23,buy,0.020609142724999998,105.0,-2.1639599861249996,W_RESI
High demand,FM,W_C,24,sell,0.020609142724999998,105.0,2.1639599861249996,W_RESI
High demand,FM,RESI,24,buy,0.020609142724999998,105.0,-2.1639599861249996,W_RESI
High demand,FM,W_C,25,sell,0.023156342125000003,105.0,2.4314159231250003,W_RESI
High demand,FM,RESI,25,buy,0.023156342125000003,105.0,-2.4314159231250003,W_RESI
High demand,FM,W_C,26,sell,0.023156342125000003,105.0,2.4314159231250003,W_RESI
High demand,FM,RESI,26,buy,0.023156342125000003,105.0,-2.4314159231250003,W_RESI
High demand,FM,W_C,27,sell,0.015862094650000002,105.0,1.66551993825,W_RESI
High demand,FM,RESI,27,buy,0.015862094650000002,105.0,-1.66551993825,W_RESI
High demand,FM,W_C,28,sell,0.015862094650000002,105.0,1.66551993825,W_RESI
High demand,FM,RESI,28,buy,0.015862094650000002,105.0,-1.66551993825,W_RESI
High demand,FM,W_C,29,sell,0.0188724205,105.0,1.9816041525,W_RESI
High demand,FM,RESI,29,buy,0.0188724205,105.0,-1.9816041525,W_RESI
High demand,FM,W_C,30,sell,0.0188724205,105.0,1.9816041525,W_RESI
High demand,FM,RESI,30,buy,0.0188724205,105.0,-1.9816041525,W_RESI
High demand,FM,W_C,31,sell,0.039018436775000005,105.0,4.096935861375001,W_RESI
High demand,FM,RESI,31,buy,0.039018436775000005,105.0,-4.096935861375001,W_RESI
High demand,FM,W_C,32,sell,0.039018436775000005,105.0,4.096935861375001,W_RESI
High demand,FM,RESI,32,buy,0.039018436775000005,105.0,-4.096935861375001,W_RESI
High demand,FM,W_C,33,sell,0.10605604732500001,105.0,11.135884969125001,W_RESI
High demand,FM,RESI,33,buy,0.10605604732500001,105.0,-11.135884969125001,W_RESI
High demand,FM,W_C,34,sell,0.10605604732500001,105.0,11.135884969125001,W_RESI
High demand,FM,RESI,34,buy,0.10605604732500001,105.0,-11.135884969125001,W_RESI
High demand,FM,W_C,35,sell,0.12955973625,105.0,13.60377230625,W_RESI
High demand,FM,RESI,35,buy,0.12955973625,105.0,-13.60377230625,W_RESI
High demand,FM,W_C,36,sell,0.12955973625,105.0,13.60377230625,W_RESI
High demand,FM,RESI,36,buy,0.12955973625,105.0,-13.60377230625,W_RESI
High demand,FM,W_C,37,sell,0.08857301010000002,105.0,9.300166060500002,W_RESI
High demand,FM,RESI,37,buy,0.08857301010000002,105.0,-9.300166060500002,W_RESI
High demand,FM,W_C,38,sell,0.08857301010000002,105.0,9.300166060500002,W_RESI
High demand,FM,RESI,38,buy,0.08857301010000002,105.0,-9.300166060500002,W_RESI
High demand,FM,W_C,39,sell,0.057890857275,105.0,6.078540013875,W_RESI
High demand,FM,RESI,39,buy,0.057890857275,105.0,-6.078540013875,W_RESI
High demand,FM,W_C,40,sell,0.057890857275,105.0,6.078540013875,W_RESI
High demand,FM,RESI,40,buy,0.057890857275,105.0,-6.078540013875,W_RESI
High demand,FM,W_C,41,sell,0.042028762625,105.0,4.413020075625,W_RESI
High demand,FM,RESI,41,buy,0.042028762625,105.0,-4.413020075625,W_RESI
High demand,FM,W_C,42,sell,0.042028762625,105.0,4.413020075625,W_RESI
High demand,FM,RESI,42,buy,0.042028762625,105.0,-4.413020075625,W_RESI
High demand,FM,W_C,43,sell,0.05522787430000001,105.0,5.7989268015,W_RESI
High demand,FM,RESI,43,buy,0.05522787430000001,105.0,-5.7989268015,W_RESI
High demand,FM,W_C,44,sell,0.05522787430000001,105.0,5.7989268015,W_RESI
High demand,FM,RESI,44,buy,0.05522787430000001,105.0,-5.7989268015,W_RESI
High demand,FM,W_C,45,sell,0.061248526000000005,105.0,6.43109523,W_RESI
High demand,FM,RESI,45,buy,0.061248526000000005,105.0,-6.43109523,W_RESI
High demand,FM,W_C,46,sell,0.061248526000000005,105.0,6.43109523,W_RESI
High demand,FM,RESI,46,buy,0.061248526000000005,105.0,-6.43109523,W_RESI
High demand,FM,W_C,47,sell,0.05962757950000001,105.0,6.2608958475000005,W_RESI
High demand,FM,RESI,47,buy,0.05962757950000001,105.0,-6.2608958475000005,W_RESI
High demand,FM,W_C,48,sell,0.05962757950000001,105.0,6.2608958475000005,W_RESI
High demand,FM,RESI,48,buy,0.05962757950000001,105.0,-6.2608958475000005,W_RESI
High demand,DAM,IND,1,buy,84.70769,156.17,-13228.799947299998,DAM_IND_1
High demand,DAM,COM,1,buy,69.651501,156.17,-10877.474911169998,DAM_COM_1
High demand,DAM,RESI,1,buy,161.17234,156.17,-25170.284337799996,DAM_RESI_1
High demand,DAM,W_C,1,sell,0.44182301,156.17,68.99949947169999,DAM_W_C_1
High demand,DAM,W_A,1,sell,1.4727434,156.17,229.99833677799998,DAM_W_A_1
High demand,DAM,DKL_ICE_H,1,sell,36.75,156.17,5739.2474999999995,DAM_DKL_ICE_H_FLEX_1
High demand,DAM,VAS_ST_H,1,sell,136.5,156.17,21317.204999999998,DAM_VAS_ST_H_FLEX_1
High demand,DAM,VAS_CCGT_D,1,sell,66.116963,156.17,10325.486111709999,DAM_VAS_CCGT_D_FLEX_1
High demand,DAM,IND,2,buy,84.70769,156.17,-13228.799947299998,DAM_IND_2
High demand,DAM,COM,2,buy,69.890351,156.17,-10914.776115669998,DAM_COM_2
High demand,DAM,RESI,2,buy,160.93349,156.17,-25132.9831333,DAM_RESI_2
High demand,DAM,W_C,2,sell,0.44182301,156.17,68.99949947169999,DAM_W_C_2
High demand,DAM,W_A,2,sell,1.4727434,156.17,229.99833677799998,DAM_W_A_2
High demand,DAM,DKL_ICE_H,2,sell,36.75,156.17,5739.2474999999995,DAM_DKL_ICE_H_FLEX_2
High demand,DAM,VAS_ST_H,2,sell,136.5,156.17,21317.204999999998,DAM_VAS_ST_H_FLEX_2
High demand,DAM,VAS_CCGT_D,2,sell,66.116963,156.17,10325.486111709999,DAM_VAS_CCGT_D_FLEX_2
High demand,DAM,IND,3,buy,84.668788,156.17,-13222.72462196,DAM_IND_3
High demand,DAM,COM,3,buy,68.009269,156.17,-10621.007539729999,DAM_COM_3
High demand,DAM,RESI,3,buy,155.38797,156.17,-24266.939274899996,DAM_RESI_3
High demand,DAM,W_C,3,sell,0.46127433,156.17,72.0372121161,DAM_W_C_3
High demand,DAM,W_A,3,sell,1.5375811,156.17,240.12404038699998,DAM_W_A_3
High demand,DAM,DKL_ICE_H,3,sell,36.75,156.17,5739.2474999999995,DAM_DKL_ICE_H_FLEX_3
High demand,DAM,VAS_ST_H,3,sell,136.5,156.17,21317.204999999998,DAM_VAS_ST_H_FLEX_3
High demand,DAM,VAS_CCGT_D,3,sell,58.567175,156.17,9146.43571975,DAM_VAS_CCGT_D_FLEX_3
High demand,DAM,IND,4,buy,84.668788,156.17,-13222.72462196,DAM_IND_4
High demand,DAM,COM,4,buy,68.569286,156.17,-10708.46539462,DAM_COM_4
High demand,DAM,RESI,4,buy,154.82796,156.17,-24179.482513199997,DAM_RESI_4
High demand,DAM,W_C,4,sell,0.46127433,156.17,72.0372121161,DAM_W_C_4
High demand,DAM,W_A,4,sell,1.5375811,156.17,240.12404038699998,DAM_W_A_4
High demand,DAM,DKL_ICE_H,4,sell,36.75,156.17,5739.2474999999995,DAM_DKL_ICE_H_FLEX_4
High demand,DAM,VAS_ST_H,4,sell,136.5,156.17,21317.204999999998,DAM_VAS_ST_H_FLEX_4
High demand,DAM,VAS_CCGT_D,4,sell,58.567175,156.17,9146.43571975,DAM_VAS_CCGT_D_FLEX_4
High demand,DAM,IND,5,buy,84.310328,156.17,-13166.74392376,DAM_IND_5
High demand,DAM,COM,5,buy,63.561017,156.17,-9926.324024889998,DAM_COM_5
High demand,DAM,RESI,5,buy,140.94188,156.17,-22010.893399599998,DAM_RESI_5
High demand,DAM,W_C,5,sell,0.64050442,156.17,100.02757527139998,DAM_W_C_5
High demand,DAM,W_A,5,sell,2.1350147,156.17,333.425245699,DAM_W_A_5
High demand,DAM,DKL_ICE_H,5,sell,36.75,156.17,5739.2474999999995,DAM_DKL_ICE_H_FLEX_5
High demand,DAM,VAS_ST_H,5,sell,136.5,156.17,21317.204999999998,DAM_VAS_ST_H_FLEX_5
High demand,DAM,VAS_CCGT_D,5,sell,38.537702,156.17,6018.43292134,DAM_VAS_CCGT_D_FLEX_5
High demand,DAM,IND,6,buy,84.310328,156.17,-13166.74392376,DAM_IND_6
High demand,DAM,COM,6,buy,64.683125,156.17,-10101.56363125,DAM_COM_6
High demand,DAM,RESI,6,buy,139.81977,156.17,-21835.6534809,DAM_RESI_6
High demand,DAM,W_C,6,sell,0.64050442,156.17,100.02757527139998,DAM_W_C_6
High demand,DAM,W_A,6,sell,2.1350147,156.17,333.425245699,DAM_W_A_6
High demand,DAM,DKL_ICE_H,6,sell,36.75,156.17,5739.2474999999995,DAM_DKL_ICE_H_FLEX_6
High demand,DAM,VAS_ST_H,6,sell,136.5,156.17,21317.204999999998,DAM_VAS_ST_H_FLEX_6
High demand,DAM,VAS_CCGT_D,6,sell,38.537701,156.17,6018.43276517,DAM_VAS_CCGT_D_FLEX_6
High demand,DAM,IND,7,buy,83.860168,156.17,-13096.442436559999,DAM_IND_7
High demand,DAM,COM,7,buy,59.328575,156.17,-9265.343557749999,DAM_COM_7
High demand,DAM,RESI,7,buy,123.64363,156.17,-19309.4256971,DAM_RESI_7
High demand,DAM,W_C,7,sell,0.86558407,156.17,135.1782642119,DAM_W_C_7
High demand,DAM,W_A,7,sell,2.8852802,156.17,450.59420883399997,DAM_W_A_7
High demand,DAM,DKL_ICE_H,7,sell,36.75,156.17,5739.2474999999995,DAM_DKL_ICE_H_FLEX_7
High demand,DAM,VAS_ST_H,7,sell,136.5,156.17,21317.204999999998,DAM_VAS_ST_H_FLEX_7
High demand,DAM,VAS_CCGT_D,7,sell,15.581509,156.17,2433.3642605299997,DAM_VAS_CCGT_D_FLEX_7
High demand,DAM,IND,8,buy,83.860168,156.17,-13096.442436559999,DAM_IND_8
High demand,DAM,COM,8,buy,61.287836,156.17,-9571.321348119998,DAM_COM_8
High demand,DAM,RESI,8,buy,121.68437,156.17,-19003.4480629,DAM_RESI_8
High demand,DAM,W_C,8,sell,0.86558407,156.17,135.1782642119,DAM_W_C_8
High demand,DAM,W_A,8,sell,2.8852802,156.17,450.59420883399997,DAM_W_A_8
High demand,DAM,DKL_ICE_H,8,sell,36.75,156.17,5739.2474999999995,DAM_DKL_ICE_H_FLEX_8
High demand,DAM,VAS_ST_H,8,sell,136.5,156.17,21317.204999999998,DAM_VAS_ST_H_FLEX_8
High demand,DAM,VAS_CCGT_D,8,sell,15.581509,156.17,2433.3642605299997,DAM_VAS_CCGT_D_FLEX_8
High demand,DAM,IND,9,buy,84.333947,156.17,-13170.432502989997,DAM_IND_9
High demand,DAM,COM,9,buy,59.563973,156.17,-9302.105663409999,DAM_COM_9
High demand,DAM,RESI,9,buy,111.06789,156.17,-17345.4723813,DAM_RESI_9
High demand,DAM,W_C,9,sell,0.62869469,156.17,98.18324973729999,DAM_W_C_9
High demand,DAM,W_A,9,sell,2.095649,156.17,327.27750432999994,DAM_W_A_9
High demand,DAM,DKL_ICE_H,9,sell,36.75,156.17,5739.2474999999995,DAM_DKL_ICE_H_FLEX_9
High demand,DAM,VAS_ST_H,9,sell,136.5,156.17,21317.204999999998,DAM_VAS_ST_H_FLEX_9
High demand,DAM,VAS_CCGT_D,9,sell,4.7414703,156.17,740.4754167509999,DAM_VAS_CCGT_D_FLEX_9
High demand,DAM,IND,10,buy,84.333947,156.17,-13170.432502989997,DAM_IND_10
High demand,DAM,COM,10,buy,62.681504,156.17,-9788.970479679998,DAM_COM_10
High demand,DAM,RESI,10,buy,107.95036,156.17,-16858.6077212,DAM_RESI_10
High demand,DAM,W_C,10,sell,0.62869469,156.17,98.18324973729999,DAM_W_C_10
High demand,DAM,W_A,10,sell,2.095649,156.17,327.27750432999994,DAM_W_A_10
High demand,DAM,DKL_ICE_H,10,sell,36.75,156.17,5739.2474999999995,DAM_DKL_ICE_H_FLEX_10
High demand,DAM,VAS_ST_H,10,sell,136.5,156.17,21317.204999999998,DAM_VAS_ST_H_FLEX_10
High demand,DAM,VAS_CCGT_D,10,sell,4.7414703,156.17,740.4754167509999,DAM_VAS_CCGT_D_FLEX_10
High demand,DAM,IND,11,buy,84.716027,156.17,-13230.10193659,DAM_IND_11
High demand,DAM,COM,11,buy,65.990084,156.17,-10305.671418279999,DAM_COM_11
High demand,DAM,RESI,11,buy,103.31695,156.17,-16135.0080815,DAM_RESI_11
High demand,DAM,W_C,11,sell,0.43765487,156.17,68.34856104789999,DAM_W_C_11
High demand,DAM,W_A,11,sell,1.4588496,156.17,227.82854203199997,DAM_W_A_11
High demand,DAM,DKL_ICE_H,11,sell,36.75,156.17,5739.2474999999995,DAM_DKL_ICE_H_FLEX_11
High demand,DAM,VAS_ST_H,11,sell,136.5,156.17,21317.204999999998,DAM_VAS_ST_H_FLEX_11
High demand,DAM,VAS_CCGT_D,11,sell,4.6265579,156.17,722.5295472429999,DAM_VAS_CCGT_D_FLEX_11
High demand,DAM,IND,12,buy,84.716027,156.17,-13230.10193659,DAM_IND_12
High demand,DAM,COM,12,buy,70.516569,156.17,-11012.57258073,DAM_COM_12
High demand,DAM,RESI,12,buy,98.790467,156.17,-15428.10723139,DAM_RESI_12
High demand,DAM,W_C,12,sell,0.43765487,156.17,68.34856104789999,DAM_W_C_12
High demand,DAM,W_A,12,sell,1.4588496,156.17,227.82854203199997,DAM_W_A_12
High demand,DAM,DKL_ICE_H,12,sell,36.75,156.17,5739.2474999999995,DAM_DKL_ICE_H_FLEX_12
High demand,DAM,VAS_ST_H,12,sell,136.5,156.17,21317.204999999998,DAM_VAS_ST_H_FLEX_12
High demand,DAM,VAS_CCGT_D,12,sell,4.6265579,156.17,722.5295472429999,DAM_VAS_CCGT_D_FLEX_12
High demand,DAM,IND,13,buy,84.667398,156.17,-13222.50754566,DAM_IND_13
High demand,DAM,COM,13,buy,78.873288,156.17,-12317.64138696,DAM_COM_13
High demand,DAM,RESI,13,buy,97.617822,156.17,-15244.975261739999,DAM_RESI_13
High demand,DAM,PV_C,13,sell,1.797e-05,156.17,0.0028063749,DAM_PV_C_13
High demand,DAM,PV_A,13,sell,5.99e-05,156.17,0.009354583,DAM_PV_A_13
High demand,DAM,W_C,13,sell,0.46196902,156.17,72.1457018534,DAM_W_C_13
High demand,DAM,W_A,13,sell,1.5398967,156.17,240.48566763899996,DAM_W_A_13
High demand,DAM,DKL_ICE_H,13,sell,36.75,156.17,5739.2474999999995,DAM_DKL_ICE_H_FLEX_13
High demand,DAM,VAS_ST_H,13,sell,136.5,156.17,21317.204999999998,DAM_VAS_ST_H_FLEX_13
High demand,DAM,VAS_CCGT_D,13,sell,11.656565,156.17,1820.40575605,DAM_VAS_CCGT_D_FLEX_13
High demand,DAM,IND,14,buy,84.667398,156.17,-13222.50754566,DAM_IND_14
High demand,DAM,COM,14,buy,84.71672,156.17,-13230.210162399999,DAM_COM_14
High demand,DAM,RESI,14,buy,91.77439,156.17,-14332.406486299999,DAM_RESI_14
High demand,DAM,PV_C,14,sell,1.797e-05,156.17,0.0028063749,DAM_PV_C_14
High demand,DAM,PV_A,14,sell,5.99e-05,156.17,0.009354583,DAM_PV_A_14
High demand,DAM,W_C,14,sell,0.46196902,156.17,72.1457018534,DAM_W_C_14
High demand,DAM,W_A,14,sell,1.5398967,156.17,240.48566763899996,DAM_W_A_14
High demand,DAM,DKL_ICE_H,14,sell,36.75,156.17,5739.2474999999995,DAM_DKL_ICE_H_FLEX_14
High demand,DAM,VAS_ST_H,14,sell,136.5,156.17,21317.204999999998,DAM_VAS_ST_H_FLEX_14
High demand,DAM,VAS_CCGT_D,14,sell,11.656565,156.17,1820.40575605,DAM_VAS_CCGT_D_FLEX_14
High demand,DAM,IND,15,buy,84.915403,130.24,-11059.382086720001,DAM_IND_15
High demand,DAM,COM,15,buy,83.455219,130.24,-10869.20772256,DAM_COM_15
High demand,DAM,RESI,15,buy,80.876947,130.24,-10533.41357728,DAM_RESI_15
High demand,DAM,PV_C,15,sell,1.3667058,130.24,177.99976339200003,DAM_PV_C_15
High demand,DAM,PV_A,15,sell,4.555686,130.24,593.33254464,DAM_PV_A_15
High demand,DAM,W_C,15,sell,0.33796682,130.24,44.016798636800004,DAM_W_C_15
High demand,DAM,W_A,15,sell,1.1265561,130.24,146.722666464,DAM_W_A_15
High demand,DAM,DKL_ICE_H,15,sell,36.75,130.24,4786.320000000001,DAM_DKL_ICE_H_FLEX_15
High demand,DAM,VAS_ST_H,15,sell,130.86065,130.24,17043.291056000002,DAM_VAS_ST_H_FLEX_15
High demand,DAM,IND,16,buy,84.915403,130.24,-11059.382086720001,DAM_IND_16
High demand,DAM,COM,16,buy,89.269476,130.24,-11626.45655424,DAM_COM_16
High demand,DAM,RESI,16,buy,75.06269,130.24,-9776.164745600001,DAM_RESI_16
High demand,DAM,PV_C,16,sell,1.3667058,130.24,177.99976339200003,DAM_PV_C_16
High demand,DAM,PV_A,16,sell,4.555686,130.24,593.33254464,DAM_PV_A_16
High demand,DAM,W_C,16,sell,0.33796682,130.24,44.016798636800004,DAM_W_C_16
High demand,DAM,W_A,16,sell,1.1265561,130.24,146.722666464,DAM_W_A_16
High demand,DAM,DKL_ICE_H,16,sell,36.75,130.24,4786.320000000001,DAM_DKL_ICE_H_FLEX_16
High demand,DAM,VAS_ST_H,16,sell,130.86065,130.24,17043.291056000002,DAM_VAS_ST_H_FLEX_16
High demand,DAM,IND,17,buy,85.129367,130.24,-11087.24875808,DAM_IND_17
High demand,DAM,COM,17,buy,74.304215,130.24,-9677.3809616,DAM_COM_17
High demand,DAM,RESI,17,buy,60.512884,130.24,-7881.198012160001,DAM_RESI_17
High demand,DAM,PV_C,17,sell,6.628754,130.24,863.32892096,DAM_PV_C_17
High demand,DAM,PV_A,17,sell,22.095847,130.24,2877.76311328,DAM_PV_A_17
High demand,DAM,W_C,17,sell,0.23098451,130.24,30.083422582400004,DAM_W_C_17
High demand,DAM,W_A,17,sell,0.76994837,130.24,100.27807570880002,DAM_W_A_17
High demand,DAM,DKL_ICE_H,17,sell,36.75,130.24,4786.320000000001,DAM_DKL_ICE_H_FLEX_17
High demand,DAM,VAS_ST_H,17,sell,79.220933,130.24,10317.73431392,DAM_VAS_ST_H_FLEX_17
High demand,DAM,IND,18,buy,85.129367,130.24,-11087.24875808,DAM_IND_18
High demand,DAM,COM,18,buy,79.001318,130.24,-10289.13165632,DAM_COM_18
High demand,DAM,RESI,18,buy,55.815781,130.24,-7269.447317440001,DAM_RESI_18
High demand,DAM,PV_C,18,sell,6.628754,130.24,863.32892096,DAM_PV_C_18
High demand,DAM,PV_A,18,sell,22.095847,130.24,2877.76311328,DAM_PV_A_18
High demand,DAM,W_C,18,sell,0.23098451,130.24,30.083422582400004,DAM_W_C_18
High demand,DAM,W_A,18,sell,0.76994837,130.24,100.27807570880002,DAM_W_A_18
High demand,DAM,DKL_ICE_H,18,sell,36.75,130.24,4786.320000000001,DAM_DKL_ICE_H_FLEX_18
High demand,DAM,VAS_ST_H,18,sell,79.220933,130.24,10317.73431392,DAM_VAS_ST_H_FLEX_18
High demand,DAM,IND,19,buy,85.166881,130.24,-11092.134581440001,DAM_IND_19
High demand,DAM,COM,19,buy,46.881855,130.24,-6105.8927952,DAM_COM_19
High demand,DAM,RESI,19,buy,35.813,130.24,-4664.2851200000005,DAM_RESI_19
High demand,DAM,PV_C,19,sell,12.395354,130.24,1614.37090496,DAM_PV_C_19
High demand,DAM,PV_A,19,sell,41.317848,130.24,5381.23652352,DAM_PV_A_19
High demand,DAM,W_C,19,sell,0.21222788,130.24,27.640559091200004,DAM_W_C_19
High demand,DAM,W_A,19,sell,0.70742626,130.24,92.1351961024,DAM_W_A_19
High demand,DAM,DKL_ICE_H,19,sell,36.75,130.24,4786.320000000001,DAM_DKL_ICE_H_FLEX_19
High demand,DAM,VAS_ST_H,19,sell,2.2288784,130.24,290.28912281600003,DAM_VAS_ST_H_FLEX_19
High demand,DAM,IND,20,buy,85.166881,130.24,-11092.134581440001,DAM_IND_20
High demand,DAM,COM,20,buy,49.615711,130.24,-6461.95020064,DAM_COM_20
High demand,DAM,RESI,20,buy,33.079143,130.24,-4308.2275843200005,DAM_RESI_20
High demand,DAM,PV_C,20,sell,12.395354,130.24,1614.37090496,DAM_PV_C_20
High demand,DAM,PV_A,20,sell,41.317848,130.24,5381.23652352,DAM_PV_A_20
High demand,DAM,W_C,20,sell,0.21222788,130.24,27.640559091200004,DAM_W_C_20
High demand,DAM,W_A,20,sell,0.70742626,130.24,92.1351961024,DAM_W_A_20
High demand,DAM,DKL_ICE_H,20,sell,36.75,130.24,4786.320000000001,DAM_DKL_ICE_H_FLEX_20
High demand,DAM,VAS_ST_H,20,sell,2.2288784,130.24,290.28912281600003,DAM_VAS_ST_H_FLEX_20
High demand,DAM,IND,21,buy,85.357921,125.3,-10695.3475013,DAM_IND_21
High demand,DAM,COM,21,buy,40.130883,125.3,-5028.3996399,DAM_COM_21
High demand,DAM,RESI,21,buy,27.204419,125.3,-3408.7137007,DAM_RESI_21
High demand,DAM,PV_C,21,sell,15.416863,125.3,1931.7329338999998,DAM_PV_C_21
High demand,DAM,PV_A,21,sell,51.389544,125.3,6439.1098632,DAM_PV_A_21
High demand,DAM,W_C,21,sell,0.11670796,125.3,14.623507388,DAM_W_C_21
High demand,DAM,W_A,21,sell,0.38902653,125.3,48.74502420899999,DAM_W_A_21
High demand,DAM,DKL_ICE_H,21,sell,11.13108,125.3,1394.724324,DAM_DKL_ICE_H_FLEX_21
High demand,DAM,IND,22,buy,85.357921,125.3,-10695.3475013,DAM_IND_22
High demand,DAM,COM,22,buy,41.808991,125.3,-5238.6665723,DAM_COM_22
High demand,DAM,RESI,22,buy,25.52631,125.3,-3198.4466429999998,DAM_RESI_22
High demand,DAM,PV_C,22,sell,15.416863,125.3,1931.7329338999998,DAM_PV_C_22
High demand,DAM,PV_A,22,sell,51.389544,125.3,6439.1098632,DAM_PV_A_22
High demand,DAM,W_C,22,sell,0.11670796,125.3,14.623507388,DAM_W_C_22
High demand,DAM,W_A,22,sell,0.38902653,125.3,48.74502420899999,DAM_W_A_22
High demand,DAM,DKL_ICE_H,22,sell,11.13108,125.3,1394.724324,DAM_DKL_ICE_H_FLEX_22
High demand,DAM,IND,23,buy,85.467682,125.3,-10709.1005546,DAM_IND_23
High demand,DAM,COM,23,buy,39.298619,125.3,-4924.1169607,DAM_COM_23
High demand,DAM,RESI,23,buy,23.381262,125.3,-2929.6721285999997,DAM_RESI_23
High demand,DAM,PV_C,23,sell,16.602028,125.3,2080.2341084,DAM_PV_C_23
High demand,DAM,PV_A,23,sell,55.340094,125.3,6934.1137782,DAM_PV_A_23
High demand,DAM,W_C,23,sell,0.061827428,125.3,7.746976728399999,DAM_W_C_23
High demand,DAM,W_A,23,sell,0.20609143,125.3,25.823256178999998,DAM_W_A_23
High demand,DAM,DKL_ICE_H,23,sell,1.6875214,125.3,211.44643142,DAM_DKL_ICE_H_FLEX_23
High demand,DAM,IND,24,buy,85.467682,125.3,-10709.1005546,DAM_IND_24
High demand,DAM,COM,24,buy,40.034815,125.3,-5016.3623195,DAM_COM_24
High demand,DAM,RESI,24,buy,22.645065,125.3,-2837.4266445,DAM_RESI_24
High demand,DAM,PV_C,24,sell,16.602028,125.3,2080.2341084,DAM_PV_C_24
High demand,DAM,PV_A,24,sell,55.340094,125.3,6934.1137782,DAM_PV_A_24
High demand,DAM,W_C,24,sell,0.061827428,125.3,7.746976728399999,DAM_W_C_24
High demand,DAM,W_A,24,sell,0.20609143,125.3,25.823256178999998,DAM_W_A_24
High demand,DAM,DKL_ICE_H,24,sell,1.6875214,125.3,211.44643142,DAM_DKL_ICE_H_FLEX_24
High demand,DAM,IND,25,buy,85.452398,125.3,-10707.1854694,DAM_IND_25
High demand,DAM,COM,25,buy,44.859095,125.3,-5620.844603500001,DAM_COM_25
High demand,DAM,RESI,25,buy,24.055939,125.3,-3014.2091566999998,DAM_RESI_25
High demand,DAM,PV_C,25,sell,16.40126,125.3,2055.077878,DAM_PV_C_25
High demand,DAM,PV_A,25,sell,54.670867,125.3,6850.2596351,DAM_PV_A_25
High demand,DAM,W_C,25,sell,0.069469026,125.3,8.7044689578,DAM_W_C_25
High demand,DAM,W_A,25,sell,0.23156342,125.3,29.014896525999998,DAM_W_A_25
High demand,DAM,DKL_ICE_H,25,sell,8.7442725,125.3,1095.6573442499998,DAM_DKL_ICE_H_FLEX_25
High demand,DAM,IND,26,buy,85.452398,125.3,-10707.1854694,DAM_IND_26
High demand,DAM,COM,26,buy,44.55425,125.3,-5582.647525,DAM_COM_26
High demand,DAM,RESI,26,buy,24.360784,125.3,-3052.4062351999996,DAM_RESI_26
High demand,DAM,PV_C,26,sell,16.40126,125.3,2055.077878,DAM_PV_C_26
High demand,DAM,PV_A,26,sell,54.670867,125.3,6850.2596351,DAM_PV_A_26
High demand,DAM,W_C,26,sell,0.069469026,125.3,8.7044689578,DAM_W_C_26
High demand,DAM,W_A,26,sell,0.23156342,125.3,29.014896525999998,DAM_W_A_26
High demand,DAM,DKL_ICE_H,26,sell,8.7442725,125.3,1095.6573442499998,DAM_DKL_ICE_H_FLEX_26
High demand,DAM,IND,27,buy,85.496164,125.3,-10712.6693492,DAM_IND_27
High demand,DAM,COM,27,buy,47.124171,125.3,-5904.6586263,DAM_COM_27
High demand,DAM,RESI,27,buy,26.031288,125.3,-3261.7203864,DAM_RESI_27
High demand,DAM,PV_C,27,sell,14.995921,125.3,1878.9889013,DAM_PV_C_27
High demand,DAM,PV_A,27,sell,49.986403,125.3,6263.296295900001,DAM_PV_A_27
High demand,DAM,W_C,27,sell,0.047586284,125.3,5.9625613852,DAM_W_C_27
High demand,DAM,W_A,27,sell,0.15862095,125.3,19.875205035,DAM_W_A_27
High demand,DAM,DKL_ICE_H,27,sell,19.21309,125.3,2407.400177,DAM_DKL_ICE_H_FLEX_27
High demand,DAM,IND,28,buy,85.496164,125.3,-10712.6693492,DAM_IND_28
High demand,DAM,COM,28,buy,45.511127,125.3,-5702.5442131,DAM_COM_28
High demand,DAM,RESI,28,buy,27.644332,125.3,-3463.8347995999998,DAM_RESI_28
High demand,DAM,PV_C,28,sell,14.995921,125.3,1878.9889013,DAM_PV_C_28
High demand,DAM,PV_A,28,sell,49.986403,125.3,6263.296295900001,DAM_PV_A_28
High demand,DAM,W_C,28,sell,0.047586284,125.3,5.9625613852,DAM_W_C_28
High demand,DAM,W_A,28,sell,0.15862095,125.3,19.875205035,DAM_W_A_28
High demand,DAM,DKL_ICE_H,28,sell,19.21309,125.3,2407.400177,DAM_DKL_ICE_H_FLEX_28
High demand,DAM,IND,29,buy,85.478102,130.24,-11132.668004480001,DAM_IND_29
High demand,DAM,COM,29,buy,59.965097,130.24,-7809.854233280001,DAM_COM_29
High demand,DAM,RESI,29,buy,36.082738,130.24,-4699.41579712,DAM_RESI_29
High demand,DAM,PV_C,29,sell,11.851612,130.24,1543.55394688,DAM_PV_C_29
High demand,DAM,PV_A,29,sell,39.505373,130.24,5145.17977952,DAM_PV_A_29
High demand,DAM,W_C,29,sell,0.056617262,130.24,7.373832202880001,DAM_W_C_29
High demand,DAM,W_A,29,sell,0.1887242,130.24,24.579439808000004,DAM_W_A_29
High demand,DAM,DKL_ICE_H,29,sell,36.75,130.24,4786.320000000001,DAM_DKL_ICE_H_FLEX_29
High demand,DAM,VAS_ST_H,29,sell,18.92361,130.24,2464.6109664,DAM_VAS_ST_H_FLEX_29
High demand,DAM,IND,30,buy,85.478102,130.24,-11132.668004480001,DAM_IND_30
High demand,DAM,COM,30,buy,56.374423,130.24,-7342.20485152,DAM_COM_30
High demand,DAM,RESI,30,buy,39.673412,130.24,-5167.0651788800005,DAM_RESI_30
High demand,DAM,PV_C,30,sell,11.851612,130.24,1543.55394688,DAM_PV_C_30
High demand,DAM,PV_A,30,sell,39.505373,130.24,5145.17977952,DAM_PV_A_30
High demand,DAM,W_C,30,sell,0.056617261,130.24,7.373832072640001,DAM_W_C_30
High demand,DAM,W_A,30,sell,0.18872421,130.24,24.5794411104,DAM_W_A_30
High demand,DAM,DKL_ICE_H,30,sell,36.75,130.24,4786.320000000001,DAM_DKL_ICE_H_FLEX_30
High demand,DAM,VAS_ST_H,30,sell,18.92361,130.24,2464.6109664,DAM_VAS_ST_H_FLEX_30
High demand,DAM,IND,31,buy,85.357226,130.24,-11116.92511424,DAM_IND_31
High demand,DAM,COM,31,buy,86.731104,130.24,-11295.858984960001,DAM_COM_31
High demand,DAM,RESI,31,buy,61.528569,130.24,-8013.48082656,DAM_RESI_31
High demand,DAM,PV_C,31,sell,6.7614013,130.24,880.604905312,DAM_PV_C_31
High demand,DAM,PV_A,31,sell,22.538004,130.24,2935.34964096,DAM_PV_A_31
High demand,DAM,W_C,31,sell,0.11705531,130.24,15.2452835744,DAM_W_C_31
High demand,DAM,W_A,31,sell,0.39018437,130.24,50.817612348800004,DAM_W_A_31
High demand,DAM,DKL_ICE_H,31,sell,36.75,130.24,4786.320000000001,DAM_DKL_ICE_H_FLEX_31
High demand,DAM,VAS_ST_H,31,sell,92.810253,130.24,12087.607350720002,DAM_VAS_ST_H_FLEX_31
High demand,DAM,IND,32,buy,85.357226,130.24,-11116.92511424,DAM_IND_32
High demand,DAM,COM,32,buy,79.711572,130.24,-10381.635137280002,DAM_COM_32
High demand,DAM,RESI,32,buy,68.548101,130.24,-8927.704674240002,DAM_RESI_32
High demand,DAM,PV_C,32,sell,6.7614013,130.24,880.604905312,DAM_PV_C_32
High demand,DAM,PV_A,32,sell,22.538004,130.24,2935.34964096,DAM_PV_A_32
High demand,DAM,W_C,32,sell,0.11705531,130.24,15.2452835744,DAM_W_C_32
High demand,DAM,W_A,32,sell,0.39018437,130.24,50.817612348800004,DAM_W_A_32
High demand,DAM,DKL_ICE_H,32,sell,36.75,130.24,4786.320000000001,DAM_DKL_ICE_H_FLEX_32
High demand,DAM,VAS_ST_H,32,sell,92.810253,130.24,12087.607350720002,DAM_VAS_ST_H_FLEX_32
High demand,DAM,IND,33,buy,84.955,156.17,-13267.422349999999,DAM_IND_33
High demand,DAM,COM,33,buy,107.66612,156.17,-16814.2179604,DAM_COM_33
High demand,DAM,RESI,33,buy,101.89726,156.17,-15913.295094199999,DAM_RESI_33
High demand,DAM,PV_C,33,sell,1.8043054,156.17,281.778374318,DAM_PV_C_33
High demand,DAM,PV_A,33,sell,6.0143513,156.17,939.261242521,DAM_PV_A_33
High demand,DAM,W_C,33,sell,0.31816814,156.17,49.68831842379999,DAM_W_C_33
High demand,DAM,W_A,33,sell,1.0605605,156.17,165.62773328499998,DAM_W_A_33
High demand,DAM,DKL_ICE_H,33,sell,36.75,156.17,5739.2474999999995,DAM_DKL_ICE_H_FLEX_33
High demand,DAM,VAS_ST_H,33,sell,136.5,156.17,21317.204999999998,DAM_VAS_ST_H_FLEX_33
High demand,DAM,VAS_CCGT_D,33,sell,37.820997,156.17,5906.505101489999,DAM_VAS_CCGT_D_FLEX_33
High demand,DAM,IND,34,buy,84.955,156.17,-13267.422349999999,DAM_IND_34
High demand,DAM,COM,34,buy,96.734185,156.17,-15106.977671449999,DAM_COM_34
High demand,DAM,RESI,34,buy,112.8292,156.17,-17620.536163999997,DAM_RESI_34
High demand,DAM,PV_C,34,sell,1.8043054,156.17,281.778374318,DAM_PV_C_34
High demand,DAM,PV_A,34,sell,6.0143513,156.17,939.261242521,DAM_PV_A_34
High demand,DAM,W_C,34,sell,0.31816814,156.17,49.68831842379999,DAM_W_C_34
High demand,DAM,W_A,34,sell,1.0605605,156.17,165.62773328499998,DAM_W_A_34
High demand,DAM,DKL_ICE_H,34,sell,36.75,156.17,5739.2474999999995,DAM_DKL_ICE_H_FLEX_34
High demand,DAM,VAS_ST_H,34,sell,136.5,156.17,21317.204999999998,DAM_VAS_ST_H_FLEX_34
High demand,DAM,VAS_CCGT_D,34,sell,37.820997,156.17,5906.505101489999,DAM_VAS_CCGT_D_FLEX_34
High demand,DAM,IND,35,buy,84.813978,156.17,-13245.39894426,DAM_IND_35
High demand,DAM,COM,35,buy,113.96284,156.17,-17797.576722799997,DAM_COM_35
High demand,DAM,RESI,35,buy,158.94533,156.17,-24822.4921861,DAM_RESI_35
High demand,DAM,W_C,35,sell,0.38867921,156.17,60.70003222569999,DAM_W_C_35
High demand,DAM,W_A,35,sell,1.2955974,156.17,202.33344595799997,DAM_W_A_35
High demand,DAM,DKL_ICE_H,35,sell,36.75,156.17,5739.2474999999995,DAM_DKL_ICE_H_FLEX_35
High demand,DAM,VAS_ST_H,35,sell,136.5,156.17,21317.204999999998,DAM_VAS_ST_H_FLEX_35
High demand,DAM,VAS_CCGT_D,35,sell,108.53788,156.17,16950.360719599998,DAM_VAS_CCGT_D_FLEX_35
High demand,DAM,IND,36,buy,84.813978,156.17,-13245.39894426,DAM_IND_36
High demand,DAM,COM,36,buy,100.3403,156.17,-15670.144650999999,DAM_COM_36
High demand,DAM,RESI,36,buy,172.56787,156.17,-26949.9242579,DAM_RESI_36
High demand,DAM,W_C,36,sell,0.38867921,156.17,60.70003222569999,DAM_W_C_36
High demand,DAM,W_A,36,sell,1.2955974,156.17,202.33344595799997,DAM_W_A_36
High demand,DAM,DKL_ICE_H,36,sell,36.75,156.17,5739.2474999999995,DAM_DKL_ICE_H_FLEX_36
High demand,DAM,VAS_ST_H,36,sell,136.5,156.17,21317.204999999998,DAM_VAS_ST_H_FLEX_36
High demand,DAM,VAS_CCGT_D,36,sell,108.53788,156.17,16950.360719599998,DAM_VAS_CCGT_D_FLEX_36
High demand,DAM,IND,37,buy,85.059898,156.17,-13283.804270659999,DAM_IND_37
High demand,DAM,COM,37,buy,100.2631,156.17,-15658.088326999998,DAM_COM_37
High demand,DAM,RESI,37,buy,211.3587,156.17,-33007.888178999994,DAM_RESI_37
High demand,DAM,W_C,37,sell,0.26571903,156.17,41.4973409151,DAM_W_C_37
High demand,DAM,W_A,37,sell,0.8857301,156.17,138.32446971699997,DAM_W_A_37
High demand,DAM,DKL_ICE_H,37,sell,36.75,156.17,5739.2474999999995,DAM_DKL_ICE_H_FLEX_37
High demand,DAM,VAS_ST_H,37,sell,136.5,156.17,21317.204999999998,DAM_VAS_ST_H_FLEX_37
High demand,DAM,VAS_CCGT_D,37,sell,82.030252,156.17,12810.66445484,DAM_VAS_CCGT_D_FLEX_37
High demand,DAM,IND,38,buy,85.059898,156.17,-13283.804270659999,DAM_IND_38
High demand,DAM,COM,38,buy,87.7213,156.17,-13699.435420999998,DAM_COM_38
High demand,DAM,RESI,38,buy,223.9005,156.17,-34966.541085,DAM_RESI_38
High demand,DAM,W_C,38,sell,0.26571903,156.17,41.4973409151,DAM_W_C_38
High demand,DAM,W_A,38,sell,0.8857301,156.17,138.32446971699997,DAM_W_A_38
High demand,DAM,DKL_ICE_H,38,sell,36.75,156.17,5739.2474999999995,DAM_DKL_ICE_H_FLEX_38
High demand,DAM,VAS_ST_H,38,sell,136.5,156.17,21317.204999999998,DAM_VAS_ST_H_FLEX_38
High demand,DAM,VAS_CCGT_D,38,sell,82.030252,156.17,12810.66445484,DAM_VAS_CCGT_D_FLEX_38
High demand,DAM,IND,39,buy,85.243991,156.17,-13312.554074469997,DAM_IND_39
High demand,DAM,COM,39,buy,80.210106,156.17,-12526.412254019999,DAM_COM_39
High demand,DAM,RESI,39,buy,243.6229,156.17,-38046.58829299999,DAM_RESI_39
High demand,DAM,W_C,39,sell,0.17367257,156.17,27.122445256899997,DAM_W_C_39
High demand,DAM,W_A,39,sell,0.57890857,156.17,90.40815137689998,DAM_W_A_39
High demand,DAM,DKL_ICE_H,39,sell,36.75,156.17,5739.2474999999995,DAM_DKL_ICE_H_FLEX_39
High demand,DAM,VAS_ST_H,39,sell,136.5,156.17,21317.204999999998,DAM_VAS_ST_H_FLEX_39
High demand,DAM,VAS_CCGT_D,39,sell,94.824417,156.17,14808.72920289,DAM_VAS_CCGT_D_FLEX_39
High demand,DAM,IND,40,buy,85.243991,156.17,-13312.554074469997,DAM_IND_40
High demand,DAM,COM,40,buy,71.442781,156.17,-11157.21910877,DAM_COM_40
High demand,DAM,RESI,40,buy,252.39023,156.17,-39415.782219099994,DAM_RESI_40
High demand,DAM,W_C,40,sell,0.17367257,156.17,27.122445256899997,DAM_W_C_40
High demand,DAM,W_A,40,sell,0.57890857,156.17,90.40815137689998,DAM_W_A_40
High demand,DAM,DKL_ICE_H,40,sell,36.75,156.17,5739.2474999999995,DAM_DKL_ICE_H_FLEX_40
High demand,DAM,VAS_ST_H,40,sell,136.5,156.17,21317.204999999998,DAM_VAS_ST_H_FLEX_40
High demand,DAM,VAS_CCGT_D,40,sell,94.824417,156.17,14808.72920289,DAM_VAS_CCGT_D_FLEX_40
High demand,DAM,IND,41,buy,85.339164,156.17,-13327.417241879999,DAM_IND_41
High demand,DAM,COM,41,buy,64.853806,156.17,-10128.21888302,DAM_COM_41
High demand,DAM,RESI,41,buy,259.3415,156.17,-40501.362055,DAM_RESI_41
High demand,DAM,W_C,41,sell,0.12608629,156.17,19.690895909299996,DAM_W_C_41
High demand,DAM,W_A,41,sell,0.42028763,156.17,65.63631917709999,DAM_W_A_41
High demand,DAM,DKL_ICE_H,41,sell,36.75,156.17,5739.2474999999995,DAM_DKL_ICE_H_FLEX_41
High demand,DAM,VAS_ST_H,41,sell,136.5,156.17,21317.204999999998,DAM_VAS_ST_H_FLEX_41
High demand,DAM,VAS_CCGT_D,41,sell,95.488096,156.17,14912.375952319999,DAM_VAS_CCGT_D_FLEX_41
High demand,DAM,IND,42,buy,85.339164,156.17,-13327.417241879999,DAM_IND_42
High demand,DAM,COM,42,buy,60.155871,156.17,-9394.542374069999,DAM_COM_42
High demand,DAM,RESI,42,buy,264.03943,156.17,-41235.03778309999,DAM_RESI_42
High demand,DAM,W_C,42,sell,0.12608629,156.17,19.690895909299996,DAM_W_C_42
High demand,DAM,W_A,42,sell,0.42028763,156.17,65.63631917709999,DAM_W_A_42
High demand,DAM,DKL_ICE_H,42,sell,36.75,156.17,5739.2474999999995,DAM_DKL_ICE_H_FLEX_42
High demand,DAM,VAS_ST_H,42,sell,136.5,156.17,21317.204999999998,DAM_VAS_ST_H_FLEX_42
High demand,DAM,VAS_CCGT_D,42,sell,95.488096,156.17,14912.375952319999,DAM_VAS_CCGT_D_FLEX_42
High demand,DAM,IND,43,buy,85.259969,156.17,-13315.049358729999,DAM_IND_43
High demand,DAM,COM,43,buy,55.081651,156.17,-8602.10143667,DAM_COM_43
High demand,DAM,RESI,43,buy,256.82746,156.17,-40108.74442819999,DAM_RESI_43
High demand,DAM,W_C,43,sell,0.16568362,156.17,25.8748109354,DAM_W_C_43
High demand,DAM,W_A,43,sell,0.55227874,156.17,86.24937082579999,DAM_W_A_43
High demand,DAM,DKL_ICE_H,43,sell,36.75,156.17,5739.2474999999995,DAM_DKL_ICE_H_FLEX_43
High demand,DAM,VAS_ST_H,43,sell,136.5,156.17,21317.204999999998,DAM_VAS_ST_H_FLEX_43
High demand,DAM,VAS_CCGT_D,43,sell,82.951117,156.17,12954.475941889998,DAM_VAS_CCGT_D_FLEX_43
High demand,DAM,IND,44,buy,85.259969,156.17,-13315.049358729999,DAM_IND_44
High demand,DAM,COM,44,buy,53.834354,156.17,-8407.31106418,DAM_COM_44
High demand,DAM,RESI,44,buy,258.07476,156.17,-40303.5352692,DAM_RESI_44
High demand,DAM,W_C,44,sell,0.16568362,156.17,25.8748109354,DAM_W_C_44
High demand,DAM,W_A,44,sell,0.55227874,156.17,86.24937082579999,DAM_W_A_44
High demand,DAM,DKL_ICE_H,44,sell,36.75,156.17,5739.2474999999995,DAM_DKL_ICE_H_FLEX_44
High demand,DAM,VAS_ST_H,44,sell,136.5,156.17,21317.204999999998,DAM_VAS_ST_H_FLEX_44
High demand,DAM,VAS_CCGT_D,44,sell,82.951117,156.17,12954.475941889998,DAM_VAS_CCGT_D_FLEX_44
High demand,DAM,IND,45,buy,85.223845,156.17,-13309.407873649998,DAM_IND_45
High demand,DAM,COM,45,buy,49.399142,156.17,-7714.664006139999,DAM_COM_45
High demand,DAM,RESI,45,buy,236.0698,156.17,-36867.020666,DAM_RESI_45
High demand,DAM,W_C,45,sell,0.18374558,156.17,28.695547228599995,DAM_W_C_45
High demand,DAM,W_A,45,sell,0.61248526,156.17,95.6518230542,DAM_W_A_45
High demand,DAM,DKL_ICE_H,45,sell,36.75,156.17,5739.2474999999995,DAM_DKL_ICE_H_FLEX_45
High demand,DAM,VAS_ST_H,45,sell,136.5,156.17,21317.204999999998,DAM_VAS_ST_H_FLEX_45
High demand,DAM,VAS_CCGT_D,45,sell,56.396555,156.17,8807.44999435,DAM_VAS_CCGT_D_FLEX_45
High demand,DAM,IND,46,buy,85.223845,156.17,-13309.407873649998,DAM_IND_46
High demand,DAM,COM,46,buy,50.648293,156.17,-7909.743917809999,DAM_COM_46
High demand,DAM,RESI,46,buy,234.82065,156.17,-36671.940910499994,DAM_RESI_46
High demand,DAM,W_C,46,sell,0.18374558,156.17,28.695547228599995,DAM_W_C_46
High demand,DAM,W_A,46,sell,0.61248526,156.17,95.6518230542,DAM_W_A_46
High demand,DAM,DKL_ICE_H,46,sell,36.75,156.17,5739.2474999999995,DAM_DKL_ICE_H_FLEX_46
High demand,DAM,VAS_ST_H,46,sell,136.5,156.17,21317.204999999998,DAM_VAS_ST_H_FLEX_46
High demand,DAM,VAS_CCGT_D,46,sell,56.396555,156.17,8807.44999435,DAM_VAS_CCGT_D_FLEX_46
High demand,DAM,IND,47,buy,85.233571,156.17,-13310.92678307,DAM_IND_47
High demand,DAM,COM,47,buy,46.621707,156.17,-7280.911982189999,DAM_COM_47
High demand,DAM,RESI,47,buy,205.11053,156.17,-32032.1114701,DAM_RESI_47
High demand,DAM,W_C,47,sell,0.17888274,156.17,27.9361175058,DAM_W_C_47
High demand,DAM,W_A,47,sell,0.5962758,156.17,93.12039168599999,DAM_W_A_47
High demand,DAM,DKL_ICE_H,47,sell,36.75,156.17,5739.2474999999995,DAM_DKL_ICE_H_FLEX_47
High demand,DAM,VAS_ST_H,47,sell,136.5,156.17,21317.204999999998,DAM_VAS_ST_H_FLEX_47
High demand,DAM,VAS_CCGT_D,47,sell,22.690654,156.17,3543.5994351799995,DAM_VAS_CCGT_D_FLEX_47
High demand,DAM,IND,48,buy,85.233571,156.17,-13310.92678307,DAM_IND_48
High demand,DAM,COM,48,buy,49.28365,156.17,-7696.6276204999995,DAM_COM_48
High demand,DAM,RESI,48,buy,202.44859,156.17,-31616.396300299995,DAM_RESI_48
High demand,DAM,W_C,48,sell,0.17888274,156.17,27.9361175058,DAM_W_C_48
High demand,DAM,W_A,48,sell,0.59627579,156.17,93.12039012429999,DAM_W_A_48
High demand,DAM,DKL_ICE_H,48,sell,36.75,156.17,5739.2474999999995,DAM_DKL_ICE_H_FLEX_48
High demand,DAM,VAS_ST_H,48,sell,136.5,156.17,21317.204999999998,DAM_VAS_ST_H_FLEX_48
High demand,DAM,VAS_CCGT_D,48,sell,22.690654,156.17,3543.5994351799995,DAM_VAS_CCGT_D_FLEX_48
High demand,DAM,DKL_ICE_H,1,sell,15.75,156.17,2459.6775,DAM_BLOCK_DKL_ICE_H_1
High demand,DAM,DKL_ICE_H,2,sell,15.75,156.17,2459.6775,DAM_BLOCK_DKL_ICE_H_1
High demand,DAM,DKL_ICE_H,3,sell,15.75,156.17,2459.6775,DAM_BLOCK_DKL_ICE_H_1
High demand,DAM,DKL_ICE_H,4,sell,15.75,156.17,2459.6775,DAM_BLOCK_DKL_ICE_H_1
High demand,DAM,DKL_ICE_H,5,sell,15.75,156.17,2459.6775,DAM_BLOCK_DKL_ICE_H_1
High demand,DAM,DKL_ICE_H,6,sell,15.75,156.17,2459.6775,DAM_BLOCK_DKL_ICE_H_1
High demand,DAM,DKL_ICE_H,7,sell,15.75,156.17,2459.6775,DAM_BLOCK_DKL_ICE_H_1
High demand,DAM,DKL_ICE_H,8,sell,15.75,156.17,2459.6775,DAM_BLOCK_DKL_ICE_H_1
High demand,DAM,DKL_ICE_H,9,sell,15.75,156.17,2459.6775,DAM_BLOCK_DKL_ICE_H_1
High demand,DAM,DKL_ICE_H,10,sell,15.75,156.17,2459.6775,DAM_BLOCK_DKL_ICE_H_1
High demand,DAM,DKL_ICE_H,11,sell,15.75,156.17,2459.6775,DAM_BLOCK_DKL_ICE_H_1
High demand,DAM,DKL_ICE_H,12,sell,15.75,156.17,2459.6775,DAM_BLOCK_DKL_ICE_H_1
High demand,DAM,DKL_ICE_H,13,sell,15.75,156.17,2459.6775,DAM_BLOCK_DKL_ICE_H_13
High demand,DAM,DKL_ICE_H,14,sell,15.75,156.17,2459.6775,DAM_BLOCK_DKL_ICE_H_13
High demand,DAM,DKL_ICE_H,15,sell,15.75,130.24,2051.28,DAM_BLOCK_DKL_ICE_H_13
High demand,DAM,DKL_ICE_H,16,sell,15.75,130.24,2051.28,DAM_BLOCK_DKL_ICE_H_13
High demand,DAM,DKL_ICE_H,17,sell,15.75,130.24,2051.28,DAM_BLOCK_DKL_ICE_H_13
High demand,DAM,DKL_ICE_H,18,sell,15.75,130.24,2051.28,DAM_BLOCK_DKL_ICE_H_13
High demand,DAM,DKL_ICE_H,19,sell,15.75,130.24,2051.28,DAM_BLOCK_DKL_ICE_H_13
High demand,DAM,DKL_ICE_H,20,sell,15.75,130.24,2051.28,DAM_BLOCK_DKL_ICE_H_13
High demand,DAM,DKL_ICE_H,21,sell,15.75,125.3,1973.475,DAM_BLOCK_DKL_ICE_H_13
High demand,DAM,DKL_ICE_H,22,sell,15.75,125.3,1973.475,DAM_BLOCK_DKL_ICE_H_13
High demand,DAM,DKL_ICE_H,23,sell,15.75,125.3,1973.475,DAM_BLOCK_DKL_ICE_H_13
High demand,DAM,DKL_ICE_H,24,sell,15.75,125.3,1973.475,DAM_BLOCK_DKL_ICE_H_13
High demand,DAM,DKL_ICE_H,25,sell,15.75,125.3,1973.475,DAM_BLOCK_DKL_ICE_H_25
High demand,DAM,DKL_ICE_H,26,sell,15.75,125.3,1973.475,DAM_BLOCK_DKL_ICE_H_25
High demand,DAM,DKL_ICE_H,27,sell,15.75,125.3,1973.475,DAM_BLOCK_DKL_ICE_H_25
High demand,DAM,DKL_ICE_H,28,sell,15.75,125.3,1973.475,DAM_BLOCK_DKL_ICE_H_25
High demand,DAM,DKL_ICE_H,29,sell,15.75,130.24,2051.28,DAM_BLOCK_DKL_ICE_H_25
High demand,DAM,DKL_ICE_H,30,sell,15.75,130.24,2051.28,DAM_BLOCK_DKL_ICE_H_25
High demand,DAM,DKL_ICE_H,31,sell,15.75,130.24,2051.28,DAM_BLOCK_DKL_ICE_H_25
High demand,DAM,DKL_ICE_H,32,sell,15.75,130.24,2051.28,DAM_BLOCK_DKL_ICE_H_25
High demand,DAM,DKL_ICE_H,33,sell,15.75,156.17,2459.6775,DAM_BLOCK_DKL_ICE_H_25
High demand,DAM,DKL_ICE_H,34,sell,15.75,156.17,2459.6775,DAM_BLOCK_DKL_ICE_H_25
High demand,DAM,DKL_ICE_H,35,sell,15.75,156.17,2459.6775,DAM_BLOCK_DKL_ICE_H_25
High demand,DAM,DKL_ICE_H,36,sell,15.75,156.17,2459.6775,DAM_BLOCK_DKL_ICE_H_25
High demand,DAM,DKL_ICE_H,37,sell,15.75,156.17,2459.6775,DAM_BLOCK_DKL_ICE_H_37
High demand,DAM,DKL_ICE_H,38,sell,15.75,156.17,2459.6775,DAM_BLOCK_DKL_ICE_H_37
High demand,DAM,DKL_ICE_H,39,sell,15.75,156.17,2459.6775,DAM_BLOCK_DKL_ICE_H_37
High demand,DAM,DKL_ICE_H,40,sell,15.75,156.17,2459.6775,DAM_BLOCK_DKL_ICE_H_37
High demand,DAM,DKL_ICE_H,41,sell,15.75,156.17,2459.6775,DAM_BLOCK_DKL_ICE_H_37
High demand,DAM,DKL_ICE_H,42,sell,15.75,156.17,2459.6775,DAM_BLOCK_DKL_ICE_H_37
High demand,DAM,DKL_ICE_H,43,sell,15.75,156.17,2459.6775,DAM_BLOCK_DKL_ICE_H_37
High demand,DAM,DKL_ICE_H,44,sell,15.75,156.17,2459.6775,DAM_BLOCK_DKL_ICE_H_37
High demand,DAM,DKL_ICE_H,45,sell,15.75,156.17,2459.6775,DAM_BLOCK_DKL_ICE_H_37
High demand,DAM,DKL_ICE_H,46,sell,15.75,156.17,2459.6775,DAM_BLOCK_DKL_ICE_H_37
High demand,DAM,DKL_ICE_H,47,sell,15.75,156.17,2459.6775,DAM_BLOCK_DKL_ICE_H_37
High demand,DAM,DKL_ICE_H,48,sell,15.75,156.17,2459.6775,DAM_BLOCK_DKL_ICE_H_37
High demand,DAM,VAS_ST_H,1,sell,58.5,156.17,9135.945,DAM_BLOCK_VAS_ST_H_1
High demand,DAM,VAS_ST_H,2,sell,58.5,156.17,9135.945,DAM_BLOCK_VAS_ST_H_1
High demand,DAM,VAS_ST_H,3,sell,58.5,156.17,9135.945,DAM_BLOCK_VAS_ST_H_1
High demand,DAM,VAS_ST_H,4,sell,58.5,156.17,9135.945,DAM_BLOCK_VAS_ST_H_1
High demand,DAM,VAS_ST_H,5,sell,58.5,156.17,9135.945,DAM_BLOCK_VAS_ST_H_1
High demand,DAM,VAS_ST_H,6,sell,58.5,156.17,9135.945,DAM_BLOCK_VAS_ST_H_1
High demand,DAM,VAS_ST_H,7,sell,58.5,156.17,9135.945,DAM_BLOCK_VAS_ST_H_1
High demand,DAM,VAS_ST_H,8,sell,58.5,156.17,9135.945,DAM_BLOCK_VAS_ST_H_1
High demand,DAM,VAS_ST_H,9,sell,58.5,156.17,9135.945,DAM_BLOCK_VAS_ST_H_1
High demand,DAM,VAS_ST_H,10,sell,58.5,156.17,9135.945,DAM_BLOCK_VAS_ST_H_1
High demand,DAM,VAS_ST_H,11,sell,58.5,156.17,9135.945,DAM_BLOCK_VAS_ST_H_1
High demand,DAM,VAS_ST_H,12,sell,58.5,156.17,9135.945,DAM_BLOCK_VAS_ST_H_1
High demand,DAM,VAS_ST_H,13,sell,58.5,156.17,9135.945,DAM_BLOCK_VAS_ST_H_13
High demand,DAM,VAS_ST_H,14,sell,58.5,156.17,9135.945,DAM_BLOCK_VAS_ST_H_13
High demand,DAM,VAS_ST_H,15,sell,58.5,130.24,7619.040000000001,DAM_BLOCK_VAS_ST_H_13
High demand,DAM,VAS_ST_H,16,sell,58.5,130.24,7619.040000000001,DAM_BLOCK_VAS_ST_H_13
High demand,DAM,VAS_ST_H,17,sell,58.5,130.24,7619.040000000001,DAM_BLOCK_VAS_ST_H_13
High demand,DAM,VAS_ST_H,18,sell,58.5,130.24,7619.040000000001,DAM_BLOCK_VAS_ST_H_13
High demand,DAM,VAS_ST_H,19,sell,58.5,130.24,7619.040000000001,DAM_BLOCK_VAS_ST_H_13
High demand,DAM,VAS_ST_H,20,sell,58.5,130.24,7619.040000000001,DAM_BLOCK_VAS_ST_H_13
High demand,DAM,VAS_ST_H,21,sell,58.5,125.3,7330.05,DAM_BLOCK_VAS_ST_H_13
High demand,DAM,VAS_ST_H,22,sell,58.5,125.3,7330.05,DAM_BLOCK_VAS_ST_H_13
High demand,DAM,VAS_ST_H,23,sell,58.5,125.3,7330.05,DAM_BLOCK_VAS_ST_H_13
High demand,DAM,VAS_ST_H,24,sell,58.5,125.3,7330.05,DAM_BLOCK_VAS_ST_H_13
High demand,DAM,VAS_ST_H,25,sell,58.5,125.3,7330.05,DAM_BLOCK_VAS_ST_H_25
High demand,DAM,VAS_ST_H,26,sell,58.5,125.3,7330.05,DAM_BLOCK_VAS_ST_H_25
High demand,DAM,VAS_ST_H,27,sell,58.5,125.3,7330.05,DAM_BLOCK_VAS_ST_H_25
High demand,DAM,VAS_ST_H,28,sell,58.5,125.3,7330.05,DAM_BLOCK_VAS_ST_H_25
High demand,DAM,VAS_ST_H,29,sell,58.5,130.24,7619.040000000001,DAM_BLOCK_VAS_ST_H_25
High demand,DAM,VAS_ST_H,30,sell,58.5,130.24,7619.040000000001,DAM_BLOCK_VAS_ST_H_25
High demand,DAM,VAS_ST_H,31,sell,58.5,130.24,7619.040000000001,DAM_BLOCK_VAS_ST_H_25
High demand,DAM,VAS_ST_H,32,sell,58.5,130.24,7619.040000000001,DAM_BLOCK_VAS_ST_H_25
High demand,DAM,VAS_ST_H,33,sell,58.5,156.17,9135.945,DAM_BLOCK_VAS_ST_H_25
High demand,DAM,VAS_ST_H,34,sell,58.5,156.17,9135.945,DAM_BLOCK_VAS_ST_H_25
High demand,DAM,VAS_ST_H,35,sell,58.5,156.17,9135.945,DAM_BLOCK_VAS_ST_H_25
High demand,DAM,VAS_ST_H,36,sell,58.5,156.17,9135.945,DAM_BLOCK_VAS_ST_H_25
High demand,DAM,VAS_ST_H,37,sell,58.5,156.17,9135.945,DAM_BLOCK_VAS_ST_H_37
High demand,DAM,VAS_ST_H,38,sell,58.5,156.17,9135.945,DAM_BLOCK_VAS_ST_H_37
High demand,DAM,VAS_ST_H,39,sell,58.5,156.17,9135.945,DAM_BLOCK_VAS_ST_H_37
High demand,DAM,VAS_ST_H,40,sell,58.5,156.17,9135.945,DAM_BLOCK_VAS_ST_H_37
High demand,DAM,VAS_ST_H,41,sell,58.5,156.17,9135.945,DAM_BLOCK_VAS_ST_H_37
High demand,DAM,VAS_ST_H,42,sell,58.5,156.17,9135.945,DAM_BLOCK_VAS_ST_H_37
High demand,DAM,VAS_ST_H,43,sell,58.5,156.17,9135.945,DAM_BLOCK_VAS_ST_H_37
High demand,DAM,VAS_ST_H,44,sell,58.5,156.17,9135.945,DAM_BLOCK_VAS_ST_H_37
High demand,DAM,VAS_ST_H,45,sell,58.5,156.17,9135.945,DAM_BLOCK_VAS_ST_H_37
High demand,DAM,VAS_ST_H,46,sell,58.5,156.17,9135.945,DAM_BLOCK_VAS_ST_H_37
High demand,DAM,VAS_ST_H,47,sell,58.5,156.17,9135.945,DAM_BLOCK_VAS_ST_H_37
High demand,DAM,VAS_ST_H,48,sell,58.5,156.17,9135.945,DAM_BLOCK_VAS_ST_H_37
High demand,DAM,VAS_CCGT_D,37,sell,66.0,156.17,10307.22,DAM_BLOCK_VAS_CCGT_D_37
High demand,DAM,VAS_CCGT_D,38,sell,66.0,156.17,10307.22,DAM_BLOCK_VAS_CCGT_D_37
High demand,DAM,VAS_CCGT_D,39,sell,66.0,156.17,10307.22,DAM_BLOCK_VAS_CCGT_D_37
High demand,DAM,VAS_CCGT_D,40,sell,66.0,156.17,10307.22,DAM_BLOCK_VAS_CCGT_D_37
High demand,DAM,VAS_CCGT_D,41,sell,66.0,156.17,10307.22,DAM_BLOCK_VAS_CCGT_D_37
High demand,DAM,VAS_CCGT_D,42,sell,66.0,156.17,10307.22,DAM_BLOCK_VAS_CCGT_D_37
High demand,DAM,VAS_CCGT_D,43,sell,66.0,156.17,10307.22,DAM_BLOCK_VAS_CCGT_D_37
High demand,DAM,VAS_CCGT_D,44,sell,66.0,156.17,10307.22,DAM_BLOCK_VAS_CCGT_D_37
High demand,DAM,VAS_CCGT_D,45,sell,66.0,156.17,10307.22,DAM_BLOCK_VAS_CCGT_D_37
High demand,DAM,VAS_CCGT_D,46,sell,66.0,156.17,10307.22,DAM_BLOCK_VAS_CCGT_D_37
High demand,DAM,VAS_CCGT_D,47,sell,66.0,156.17,10307.22,DAM_BLOCK_VAS_CCGT_D_37
High demand,DAM,VAS_CCGT_D,48,sell,66.0,156.17,10307.22,DAM_BLOCK_VAS_CCGT_D_37
High demand,IDA1,IND,1,sell,3.7146611,156.17,580.118623987,IDA1_IND_1
High demand,IDA1,COM,1,sell,3.0228735,156.17,472.082154495,IDA1_COM_1
High demand,IDA1,RESI,1,sell,7.0012683,156.17,1093.388070411,IDA1_RESI_1
High demand,IDA1,W_C,1,sell,7.6751696,156.17,1198.631236432,IDA1_W_C_1
High demand,IDA1,W_A,1,sell,7.6751696,156.17,1198.631236432,IDA1_W_A_1
High demand,IDA1,VAS_CCGT_D,1,buy,29.089142,156.17,-4542.85130614,IDA1_VAS_CCGT_D_BUYBACK_1
High demand,IDA1,IND,2,sell,3.7146611,156.17,580.118623987,IDA1_IND_2
High demand,IDA1,COM,2,sell,3.0332397,156.17,473.701043949,IDA1_COM_2
High demand,IDA1,RESI,2,sell,6.9909021,156.17,1091.769180957,IDA1_RESI_2
High demand,IDA1,W_C,2,sell,7.6751696,156.17,1198.631236432,IDA1_W_C_2
High demand,IDA1,W_A,2,sell,7.6751696,156.17,1198.631236432,IDA1_W_A_2
High demand,IDA1,VAS_CCGT_D,2,buy,29.089142,156.17,-4542.85130614,IDA1_VAS_CCGT_D_BUYBACK_2
High demand,IDA1,IND,3,sell,10.534072,156.17,1645.10602424,IDA1_IND_3
High demand,IDA1,COM,3,sell,8.3701752,156.17,1307.170260984,IDA1_COM_3
High demand,IDA1,RESI,3,sell,19.143145,156.17,2989.58495465,IDA1_RESI_3
High demand,IDA1,W_C,3,sell,9.4165266,156.17,1470.5789591219998,IDA1_W_C_3
High demand,IDA1,W_A,3,sell,9.4165266,156.17,1470.5789591219998,IDA1_W_A_3
High demand,IDA1,VAS_CCGT_D,3,buy,56.880445,156.17,-8883.01909565,IDA1_VAS_CCGT_D_BUYBACK_3
High demand,IDA1,IND,4,sell,10.534072,156.17,1645.10602424,IDA1_IND_4
High demand,IDA1,COM,4,sell,8.4390992,156.17,1317.934122064,IDA1_COM_4
High demand,IDA1,RESI,4,sell,19.074228,156.17,2978.82218676,IDA1_RESI_4
High demand,IDA1,W_C,4,sell,9.4165266,156.17,1470.5789591219998,IDA1_W_C_4
High demand,IDA1,W_A,4,sell,9.4165266,156.17,1470.5789591219998,IDA1_W_A_4
High demand,IDA1,VAS_CCGT_D,4,buy,56.880452,156.17,-8883.020188839999,IDA1_VAS_CCGT_D_BUYBACK_4
High demand,IDA1,COM,5,sell,8.5426743,140.553,1200.6985008878999,IDA1_COM_5
High demand,IDA1,RESI,5,sell,11.863612,140.553,1667.466257436,IDA1_RESI_5
High demand,IDA1,W_C,5,sell,9.065708,140.553,1274.2124565240001,IDA1_W_C_5
High demand,IDA1,W_A,5,sell,9.065708,140.553,1274.2124565240001,IDA1_W_A_5
High demand,IDA1,VAS_CCGT_D,5,buy,38.537702,140.553,-5416.589629206001,IDA1_VAS_CCGT_D_BUYBACK_5
High demand,IDA1,IND,6,sell,1.9578693,140.553,275.1844037229,IDA1_IND_6
High demand,IDA1,COM,6,sell,8.6934877,140.553,1221.8957766981,IDA1_COM_6
High demand,IDA1,RESI,6,sell,18.820636,140.553,2645.296851708,IDA1_RESI_6
High demand,IDA1,W_C,6,sell,9.065708,140.553,1274.2124565240001,IDA1_W_C_6
High demand,IDA1,VAS_CCGT_D,6,buy,38.537701,140.553,-5416.5894886529995,IDA1_VAS_CCGT_D_BUYBACK_6
High demand,IDA1,IND,7,sell,2.2045409,140.553,309.8548371177,IDA1_IND_7
High demand,IDA1,COM,7,sell,6.2274475,140.553,875.2864284675001,IDA1_COM_7
High demand,IDA1,W_C,7,sell,7.1495207,140.553,1004.8865829471,IDA1_W_C_7
High demand,IDA1,VAS_CCGT_D,7,buy,15.581509,140.553,-2190.027834477,IDA1_VAS_CCGT_D_BUYBACK_7
High demand,IDA1,IND,8,sell,2.7785743,140.553,390.5369535879,IDA1_IND_8
High demand,IDA1,RESI,8,sell,12.802935,140.553,1799.490923055,IDA1_RESI_8
High demand,IDA1,VAS_CCGT_D,8,buy,15.581509,140.553,-2190.027834477,IDA1_VAS_CCGT_D_BUYBACK_8
High demand,IDA1,RESI,9,sell,4.7414703,140.553,666.4278750758999,IDA1_RESI_9
High demand,IDA1,VAS_CCGT_D,9,buy,4.7414703,140.553,-666.4278750758999,IDA1_VAS_CCGT_D_BUYBACK_9
High demand,IDA1,COM,10,sell,4.2725581,140.553,600.5208586293,IDA1_COM_10
High demand,IDA1,RESI,10,sell,0.4689122,140.553,65.9070164466,IDA1_RESI_10
High demand,IDA1,VAS_CCGT_D,10,buy,4.7414703,140.553,-666.4278750758999,IDA1_VAS_CCGT_D_BUYBACK_10
High demand,IDA1,W_A,11,sell,4.6265579,140.553,650.2765925187,IDA1_W_A_11
High demand,IDA1,VAS_CCGT_D,11,buy,4.6265579,140.553,-650.2765925187,IDA1_VAS_CCGT_D_BUYBACK_11
High demand,IDA1,W_C,12,sell,4.6265579,140.553,650.2765925187,IDA1_W_C_12
High demand,IDA1,VAS_CCGT_D,12,buy,4.6265579,140.553,-650.2765925187,IDA1_VAS_CCGT_D_BUYBACK_12
High demand,IDA1,IND,13,buy,4.8698279,171.787,-836.5731254573,IDA1_IND_13
High demand,IDA1,COM,13,buy,4.4875978,171.787,-770.9109632686,IDA1_COM_13
High demand,IDA1,RESI,13,buy,5.5628513,171.787,-955.6255362731,IDA1_RESI_13
High demand,IDA1,W_C,13,sell,6.5671387,171.787,1128.1490558569,IDA1_W_C_13
High demand,IDA1,W_A,13,sell,6.5671387,171.787,1128.1490558569,IDA1_W_A_13
High demand,IDA1,VAS_GT_D,13,sell,1.7859996,171.787,306.8115132852,IDA1_VAS_GT_D_UP_13
High demand,IDA1,IND,14,buy,4.8698279,171.787,-836.5731254573,IDA1_IND_14
High demand,IDA1,COM,14,buy,4.8200671,171.787,-828.0248669077,IDA1_COM_14
High demand,IDA1,RESI,14,buy,5.230382,171.787,-898.511632634,IDA1_RESI_14
High demand,IDA1,W_C,14,sell,6.5671387,171.787,1128.1490558569,IDA1_W_C_14
High demand,IDA1,W_A,14,sell,6.5671387,171.787,1128.1490558569,IDA1_W_A_14
High demand,IDA1,DKL_ST_H,14,sell,1.7859996,171.787,306.8115132852,IDA1_DKL_ST_H_UP_14
High demand,IDA1,IND,15,buy,14.427537,143.264,-2066.946660768,IDA1_IND_15
High demand,IDA1,COM,15,buy,14.528219,143.264,-2081.370766816,IDA1_COM_15
High demand,IDA1,RESI,15,buy,13.728646,143.264,-1966.820740544,IDA1_RESI_15
High demand,IDA1,W_C,15,sell,5.5332079,143.264,792.7094965856,IDA1_W_C_15
High demand,IDA1,W_A,15,sell,5.5332079,143.264,792.7094965856,IDA1_W_A_15
High demand,IDA1,DKL_ST_H,15,sell,31.617986,143.264,4529.719146304,IDA1_DKL_ST_H_UP_15
High demand,IDA1,IND,16,buy,14.427537,143.264,-2066.946660768,IDA1_IND_16
High demand,IDA1,COM,16,buy,15.508288,143.264,-2221.779372032,IDA1_COM_16
High demand,IDA1,RESI,16,buy,12.748577,143.264,-1826.412135328,IDA1_RESI_16
High demand,IDA1,W_C,16,sell,5.5332079,143.264,792.7094965856,IDA1_W_C_16
High demand,IDA1,W_A,16,sell,5.5332079,143.264,792.7094965856,IDA1_W_A_16
High demand,IDA1,DKL_ST_H,16,sell,31.617986,143.264,4529.719146304,IDA1_DKL_ST_H_UP_16
High demand,IDA1,IND,17,buy,21.053778,143.264,-3016.2484513920003,IDA1_IND_17
High demand,IDA1,COM,17,buy,21.538454,143.264,-3085.6850738560006,IDA1_COM_17
High demand,IDA1,RESI,17,buy,15.447428,143.264,-2213.060324992,IDA1_RESI_17
High demand,IDA1,W_C,17,sell,4.7435767,143.264,679.5837723488,IDA1_W_C_17
High demand,IDA1,W_A,17,sell,4.7435767,143.264,679.5837723488,IDA1_W_A_17
High demand,IDA1,VAS_CCGT_D,17,sell,48.552507,143.264,6955.826362848,IDA1_VAS_CCGT_D_UP_17
High demand,IDA1,IND,18,buy,21.053778,143.264,-3016.2484513920003,IDA1_IND_18
High demand,IDA1,COM,18,buy,22.693849,143.264,-3251.211583136,IDA1_COM_18
High demand,IDA1,RESI,18,buy,14.292033,143.264,-2047.5338157120002,IDA1_RESI_18
High demand,IDA1,W_C,18,sell,4.7435767,143.264,679.5837723488,IDA1_W_C_18
High demand,IDA1,W_A,18,sell,4.7435767,143.264,679.5837723488,IDA1_W_A_18
High demand,IDA1,VAS_CCGT_D,18,sell,48.552507,143.264,6955.826362848,IDA1_VAS_CCGT_D_UP_18
High demand,IDA1,IND,19,buy,27.936988,143.264,-4002.364648832,IDA1_IND_19
High demand,IDA1,COM,19,buy,23.393904,143.264,-3351.5042626560003,IDA1_COM_19
High demand,IDA1,RESI,19,buy,13.061057,143.264,-1871.179270048,IDA1_RESI_19
High demand,IDA1,W_C,19,sell,3.6749115,143.264,526.4825211360001,IDA1_W_C_19
High demand,IDA1,W_A,19,sell,3.6749115,143.264,526.4825211360001,IDA1_W_A_19
High demand,IDA1,DKL_ST_H,19,sell,57.042126,143.264,8172.083139264001,IDA1_DKL_ST_H_UP_19
High demand,IDA1,IND,20,buy,27.936988,143.264,-4002.364648832,IDA1_IND_20
High demand,IDA1,COM,20,buy,24.286235,143.264,-3479.3431710400005,IDA1_COM_20
High demand,IDA1,RESI,20,buy,12.168727,143.264,-1743.3405049280002,IDA1_RESI_20
High demand,IDA1,W_C,20,sell,3.6749115,143.264,526.4825211360001,IDA1_W_C_20
High demand,IDA1,W_A,20,sell,3.6749115,143.264,526.4825211360001,IDA1_W_A_20
High demand,IDA1,VAS_ST_H,20,sell,57.042127,143.264,8172.083282528,IDA1_VAS_ST_H_UP_20
High demand,IDA1,IND,21,buy,16.908936,137.83,-2330.5586488800004,IDA1_IND_21
High demand,IDA1,COM,21,buy,14.019364,137.83,-1932.28894012,IDA1_COM_21
High demand,IDA1,RESI,21,buy,6.3972575,137.83,-881.7340012250002,IDA1_RESI_21
High demand,IDA1,W_C,21,sell,2.4001549,137.83,330.813349867,IDA1_W_C_21
High demand,IDA1,W_A,21,sell,2.4001549,137.83,330.813349867,IDA1_W_A_21
High demand,IDA1,VAS_CCGT_D,21,sell,32.525248,137.83,4482.95493184,IDA1_VAS_CCGT_D_UP_21
High demand,IDA1,IND,22,buy,16.908936,137.83,-2330.5586488800004,IDA1_IND_22
High demand,IDA1,COM,22,buy,14.350882,137.83,-1977.9820660600003,IDA1_COM_22
High demand,IDA1,RESI,22,buy,6.0657409,137.83,-836.041068247,IDA1_RESI_22
High demand,IDA1,W_C,22,sell,2.4001549,137.83,330.813349867,IDA1_W_C_22
High demand,IDA1,W_A,22,sell,2.4001549,137.83,330.813349867,IDA1_W_A_22
High demand,IDA1,DKL_ST_H,22,sell,32.525249,137.83,4482.955069670001,IDA1_DKL_ST_H_UP_22
High demand,IDA1,IND,23,buy,8.053843,137.83,-1110.0611806900001,IDA1_IND_23
High demand,IDA1,COM,23,buy,6.8222462,137.83,-940.3101937460001,IDA1_COM_23
High demand,IDA1,RESI,23,buy,2.7227642,137.83,-375.27858968600003,IDA1_RESI_23
High demand,IDA1,W_C,23,sell,1.2516003,137.83,172.508069349,IDA1_W_C_23
High demand,IDA1,W_A,23,sell,1.2516003,137.83,172.508069349,IDA1_W_A_23
High demand,IDA1,VAS_ST_H,23,sell,15.095653,137.83,2080.6338529900004,IDA1_VAS_ST_H_UP_23
High demand,IDA1,IND,24,buy,8.053843,137.83,-1110.0611806900001,IDA1_IND_24
High demand,IDA1,COM,24,buy,6.8915203,137.83,-949.8582429490001,IDA1_COM_24
High demand,IDA1,RESI,24,buy,2.6534911,137.83,-365.73067831300006,IDA1_RESI_24
High demand,IDA1,W_C,24,sell,1.2516003,137.83,172.508069349,IDA1_W_C_24
High demand,IDA1,W_A,24,sell,1.2516003,137.83,172.508069349,IDA1_W_A_24
High demand,IDA1,DKL_ST_H,24,sell,15.095654,137.83,2080.6339908200002,IDA1_DKL_ST_H_UP_24
High demand,IDA1,IND,25,buy,4.0484616,137.83,-557.9994623280002,IDA1_IND_25
High demand,IDA1,COM,25,buy,3.6733862,137.83,-506.30281994600006,IDA1_COM_25
High demand,IDA1,RESI,25,buy,1.3975316,137.83,-192.62178042800002,IDA1_RESI_25
High demand,IDA1,W_C,25,sell,0.772264,137.83,106.44114712,IDA1_W_C_25
High demand,IDA1,W_A,25,sell,0.772264,137.83,106.44114712,IDA1_W_A_25
High demand,IDA1,VAS_GT_D,25,sell,7.5748514,137.83,1044.0417684620002,IDA1_VAS_GT_D_UP_25
High demand,IDA1,IND,26,buy,4.0484616,137.83,-557.9994623280002,IDA1_IND_26
High demand,IDA1,COM,26,buy,3.6589674,137.83,-504.31547674200004,IDA1_COM_26
High demand,IDA1,RESI,26,buy,1.4119503,137.83,-194.60910984900002,IDA1_RESI_26
High demand,IDA1,W_C,26,sell,0.772264,137.83,106.44114712,IDA1_W_C_26
High demand,IDA1,W_A,26,sell,0.772264,137.83,106.44114712,IDA1_W_A_26
High demand,IDA1,VAS_GT_D,26,sell,7.5748514,137.83,1044.0417684620002,IDA1_VAS_GT_D_UP_26
High demand,IDA1,IND,27,buy,9.2100896,137.83,-1269.4266495680001,IDA1_IND_27
High demand,IDA1,COM,27,buy,8.2980986,137.83,-1143.726930038,IDA1_COM_27
High demand,IDA1,RESI,27,buy,3.3406943,137.83,-460.44789536900004,IDA1_RESI_27
High demand,IDA1,W_C,27,sell,0.74910768,137.83,103.24951153440001,IDA1_W_C_27
High demand,IDA1,W_A,27,sell,0.74910768,137.83,103.24951153440001,IDA1_W_A_27
High demand,IDA1,VAS_ST_H,27,sell,19.350667,137.83,2667.1024326100005,IDA1_VAS_ST_H_UP_27
High demand,IDA1,IND,28,buy,9.2100896,137.83,-1269.4266495680001,IDA1_IND_28
High demand,IDA1,COM,28,buy,8.1245265,137.83,-1119.8034874950001,IDA1_COM_28
High demand,IDA1,RESI,28,buy,3.5142664,137.83,-484.37133791200006,IDA1_RESI_28
High demand,IDA1,W_C,28,sell,0.74910768,137.83,103.24951153440001,IDA1_W_C_28
High demand,IDA1,W_A,28,sell,0.74910768,137.83,103.24951153440001,IDA1_W_A_28
High demand,IDA1,DKL_ICE_H,28,sell,0.35066716,137.83,48.332454662800004,IDA1_DKL_ICE_H_UP_28
High demand,IDA1,VAS_GT_D,28,sell,19.0,137.83,2618.7700000000004,IDA1_VAS_GT_D_UP_28
High demand,IDA1,IND,29,buy,14.122189,143.264,-2023.2012848960003,IDA1_IND_29
High demand,IDA1,COM,29,buy,13.804899,143.264,-1977.7450503360003,IDA1_COM_29
High demand,IDA1,RESI,29,buy,6.6084253,143.264,-946.7494421792002,IDA1_RESI_29
High demand,IDA1,W_C,29,sell,0.73058258,143.264,104.66618274112001,IDA1_W_C_29
High demand,IDA1,W_A,29,sell,0.73058259,143.264,104.66618417376002,IDA1_W_A_29
High demand,IDA1,DKL_ST_H,29,sell,33.074348,143.264,4738.363391872001,IDA1_DKL_ST_H_UP_29
High demand,IDA1,IND,30,buy,14.122189,143.264,-2023.2012848960003,IDA1_IND_30
High demand,IDA1,COM,30,buy,13.212454,143.264,-1892.869009856,IDA1_COM_30
High demand,IDA1,RESI,30,buy,7.2008706,143.264,-1031.6255256384002,IDA1_RESI_30
High demand,IDA1,W_C,30,sell,0.73058258,143.264,104.66618274112001,IDA1_W_C_30
High demand,IDA1,W_A,30,sell,0.73058258,143.264,104.66618274112001,IDA1_W_A_30
High demand,IDA1,VAS_ST_H,30,sell,33.074348,143.264,4738.363391872001,IDA1_VAS_ST_H_UP_30
High demand,IDA1,IND,31,buy,14.193669,143.264,-2033.441795616,IDA1_IND_31
High demand,IDA1,COM,31,buy,16.625172,143.264,-2381.788641408,IDA1_COM_31
High demand,IDA1,RESI,31,buy,10.583544,143.264,-1516.240847616,IDA1_RESI_31
High demand,IDA1,W_C,31,sell,0.59743363,143.264,85.59073156832001,IDA1_W_C_31
High demand,IDA1,W_A,31,sell,0.59743363,143.264,85.59073156832001,IDA1_W_A_31
High demand,IDA1,DKL_ST_H,31,sell,40.207517,143.264,5760.289715488001,IDA1_DKL_ST_H_UP_31
High demand,IDA1,IND,32,buy,14.193669,143.264,-2033.441795616,IDA1_IND_32
High demand,IDA1,COM,32,buy,15.461119,143.264,-2215.0217524160003,IDA1_COM_32
High demand,IDA1,RESI,32,buy,11.747597,143.264,-1683.0077366080002,IDA1_RESI_32
High demand,IDA1,W_C,32,sell,0.59743363,143.264,85.59073156832001,IDA1_W_C_32
High demand,IDA1,W_A,32,sell,0.59743363,143.264,85.59073156832001,IDA1_W_A_32
High demand,IDA1,DKL_ST_H,32,sell,21.207517,143.264,3038.273715488,IDA1_DKL_ST_H_UP_32
High demand,IDA1,VAS_GT_D,32,sell,19.0,143.264,2722.016,IDA1_VAS_GT_D_UP_32
High demand,IDA1,IND,33,buy,11.352596,171.787,-1950.2284090520002,IDA1_IND_33
High demand,IDA1,COM,33,buy,14.759174,171.787,-2535.434223938,IDA1_COM_33
High demand,IDA1,RESI,33,buy,13.609207,171.787,-2337.884842909,IDA1_RESI_33
High demand,IDA1,W_C,33,sell,0.15630532,171.787,26.85122200684,IDA1_W_C_33
High demand,IDA1,W_A,33,sell,0.15630529,171.787,26.851216853230003,IDA1_W_A_33
High demand,IDA1,DKL_ST_H,33,sell,39.408366,171.787,6769.844970042001,IDA1_DKL_ST_H_UP_33
High demand,IDA1,IND,34,buy,11.352596,171.787,-1950.2284090520002,IDA1_IND_34
High demand,IDA1,COM,34,buy,13.309188,171.787,-2286.345478956,IDA1_COM_34
High demand,IDA1,RESI,34,buy,15.059187,171.787,-2586.972557169,IDA1_RESI_34
High demand,IDA1,W_C,34,sell,0.15630532,171.787,26.85122200684,IDA1_W_C_34
High demand,IDA1,W_A,34,sell,0.15630529,171.787,26.851216853230003,IDA1_W_A_34
High demand,IDA1,VAS_CCGT_D,34,sell,39.408361,171.787,6769.844111107001,IDA1_VAS_CCGT_D_UP_34
High demand,IDA1,IND,35,buy,11.162354,171.787,-1917.5473065980002,IDA1_IND_35
High demand,IDA1,COM,35,buy,14.862414,171.787,-2553.169513818,IDA1_COM_35
High demand,IDA1,RESI,35,buy,20.745682,171.787,-3563.8384737339998,IDA1_RESI_35
High demand,IDA1,W_C,35,sell,0.030103218,171.787,5.171341510566,IDA1_W_C_35
High demand,IDA1,W_A,35,sell,0.030103182,171.787,5.171335326234,IDA1_W_A_35
High demand,IDA1,VAS_CCGT_D,35,sell,46.710244,171.787,8024.2126860280005,IDA1_VAS_CCGT_D_UP_35
High demand,IDA1,IND,36,buy,11.162354,171.787,-1917.5473065980002,IDA1_IND_36
High demand,IDA1,COM,36,buy,13.085837,171.787,-2247.976680719,IDA1_COM_36
High demand,IDA1,RESI,36,buy,22.522259,171.787,-3869.0313068329997,IDA1_RESI_36
High demand,IDA1,W_C,36,sell,0.030103218,171.787,5.171341510566,IDA1_W_C_36
High demand,IDA1,W_A,36,sell,0.030103182,171.787,5.171335326234,IDA1_W_A_36
High demand,IDA1,VAS_CCGT_D,36,sell,46.710244,171.787,8024.2126860280005,IDA1_VAS_CCGT_D_UP_36
High demand,IDA1,IND,37,buy,8.5528303,171.787,-1469.2650587461,IDA1_IND_37
High demand,IDA1,COM,37,buy,10.018924,171.787,-1721.120897188,IDA1_COM_37
High demand,IDA1,RESI,37,buy,21.129159,171.787,-3629.7148371330004,IDA1_RESI_37
High demand,IDA1,W_C,37,sell,0.32882005,171.787,56.487009929349995,IDA1_W_C_37
High demand,IDA1,W_A,37,sell,0.32882006,171.787,56.48701164722001,IDA1_W_A_37
High demand,IDA1,VAS_CCGT_D,37,sell,20.043273,171.787,3443.173738851,IDA1_VAS_CCGT_D_UP_37
High demand,IDA1,VAS_GT_D,37,sell,19.0,171.787,3263.953,IDA1_VAS_GT_D_UP_37
High demand,IDA1,IND,38,buy,8.5528303,171.787,-1469.2650587461,IDA1_IND_38
High demand,IDA1,COM,38,buy,8.7656693,171.787,-1505.8280320391002,IDA1_COM_38
High demand,IDA1,RESI,38,buy,22.382414,171.787,-3845.0077538180003,IDA1_RESI_38
High demand,IDA1,W_C,38,sell,0.32882005,171.787,56.487009929349995,IDA1_W_C_38
High demand,IDA1,W_A,38,sell,0.32882006,171.787,56.48701164722001,IDA1_W_A_38
High demand,IDA1,VAS_CCGT_D,38,sell,39.043273,171.787,6707.1267388510005,IDA1_VAS_CCGT_D_UP_38
High demand,IDA1,IND,39,buy,6.2783389,171.787,-1078.5370046143,IDA1_IND_39
High demand,IDA1,COM,39,buy,5.8836118,171.787,-1010.7280202866,IDA1_COM_39
High demand,IDA1,RESI,39,buy,17.874596,171.787,-3070.623223052,IDA1_RESI_39
High demand,IDA1,W_C,39,sell,0.20261796,171.787,34.80713149452,IDA1_W_C_39
High demand,IDA1,W_A,39,sell,0.20261796,171.787,34.80713149452,IDA1_W_A_39
High demand,IDA1,VAS_CCGT_D,39,sell,29.631311,171.787,5090.274022757,IDA1_VAS_CCGT_D_UP_39
High demand,IDA1,IND,40,buy,6.2783389,171.787,-1078.5370046143,IDA1_IND_40
High demand,IDA1,COM,40,buy,5.2405063,171.787,-900.2508557581,IDA1_COM_40
High demand,IDA1,RESI,40,buy,18.517697,171.787,-3181.099614539,IDA1_RESI_40
High demand,IDA1,W_C,40,sell,0.20261796,171.787,34.80713149452,IDA1_W_C_40
High demand,IDA1,W_A,40,sell,0.20261796,171.787,34.80713149452,IDA1_W_A_40
High demand,IDA1,VAS_CCGT_D,40,sell,29.631306,171.787,5090.273163822,IDA1_VAS_CCGT_D_UP_40
High demand,IDA1,IND,41,buy,4.2243946,171.787,-725.6960751502,IDA1_IND_41
High demand,IDA1,COM,41,buy,3.2008861,171.787,-549.8706204607,IDA1_COM_41
High demand,IDA1,RESI,41,buy,12.801977,171.787,-2199.2132228990004,IDA1_RESI_41
High demand,IDA1,W_C,41,sell,0.11693952,171.787,20.08868932224,IDA1_W_C_41
High demand,IDA1,W_A,41,sell,0.11693952,171.787,20.08868932224,IDA1_W_A_41
High demand,IDA1,VAS_CCGT_D,41,sell,19.993379,171.787,3434.6025982730002,IDA1_VAS_CCGT_D_UP_41
High demand,IDA1,IND,42,buy,4.2243946,171.787,-725.6960751502,IDA1_IND_42
High demand,IDA1,COM,42,buy,2.9690172,171.787,-510.03855773640004,IDA1_COM_42
High demand,IDA1,RESI,42,buy,13.033851,171.787,-2239.046161737,IDA1_RESI_42
High demand,IDA1,W_C,42,sell,0.11693952,171.787,20.08868932224,IDA1_W_C_42
High demand,IDA1,W_A,42,sell,0.11693952,171.787,20.08868932224,IDA1_W_A_42
High demand,IDA1,VAS_CCGT_D,42,sell,19.993384,171.787,3434.603457208,IDA1_VAS_CCGT_D_UP_42
High demand,IDA1,IND,43,buy,3.0116661,171.787,-517.3650843207,IDA1_IND_43
High demand,IDA1,COM,43,buy,1.9381344,171.787,-332.94629417280004,IDA1_COM_43
High demand,IDA1,RESI,43,buy,9.0388206,171.787,-1552.7518744121999,IDA1_RESI_43
High demand,IDA1,W_C,43,sell,0.33808263,171.787,58.07820075981,IDA1_W_C_43
High demand,IDA1,W_A,43,sell,0.33808263,171.787,58.07820075981,IDA1_W_A_43
High demand,IDA1,VAS_GT_D,43,sell,13.312456,171.787,2286.906878872,IDA1_VAS_GT_D_UP_43
High demand,IDA1,IND,44,buy,3.0116661,171.787,-517.3650843207,IDA1_IND_44
High demand,IDA1,COM,44,buy,1.8942463,171.787,-325.40688913810004,IDA1_COM_44
High demand,IDA1,RESI,44,buy,9.0827057,171.787,-1560.2907640859,IDA1_RESI_44
High demand,IDA1,W_C,44,sell,0.33808263,171.787,58.07820075981,IDA1_W_C_44
High demand,IDA1,W_A,44,sell,0.33808263,171.787,58.07820075981,IDA1_W_A_44
High demand,IDA1,VAS_GT_D,44,sell,13.312453,171.787,2286.906363511,IDA1_VAS_GT_D_UP_44
High demand,IDA1,IND,45,buy,2.2537107,171.787,-387.15820002090004,IDA1_IND_45
High demand,IDA1,COM,45,buy,1.3007321,171.787,-223.44886526270002,IDA1_COM_45
High demand,IDA1,RESI,45,buy,6.2175787,171.787,-1068.0991921369,IDA1_RESI_45
High demand,IDA1,W_C,45,sell,0.47007374,171.787,80.75255757338,IDA1_W_C_45
High demand,IDA1,W_A,45,sell,0.47007374,171.787,80.75255757338,IDA1_W_A_45
High demand,IDA1,VAS_GT_D,45,sell,8.831874,171.787,1517.201138838,IDA1_VAS_GT_D_UP_45
High demand,IDA1,IND,46,buy,2.2537107,171.787,-387.15820002090004,IDA1_IND_46
High demand,IDA1,COM,46,buy,1.3336227,171.787,-229.09904276490002,IDA1_COM_46
High demand,IDA1,RESI,46,buy,6.184687,171.787,-1062.4488256690001,IDA1_RESI_46
High demand,IDA1,W_C,46,sell,0.47007374,171.787,80.75255757338,IDA1_W_C_46
High demand,IDA1,W_A,46,sell,0.47007374,171.787,80.75255757338,IDA1_W_A_46
High demand,IDA1,VAS_CCGT_D,46,sell,8.831873,171.787,1517.2009670510001,IDA1_VAS_CCGT_D_UP_46
High demand,IDA1,IND,47,buy,1.3225269,171.787,-227.1929285703,IDA1_IND_47
High demand,IDA1,COM,47,buy,0.72038195,171.787,-123.75225404465002,IDA1_COM_47
High demand,IDA1,RESI,47,buy,3.1702213,171.787,-544.6028064631,IDA1_RESI_47
High demand,IDA1,W_C,47,sell,0.65879794,171.787,113.17292171878,IDA1_W_C_47
High demand,IDA1,W_A,47,sell,0.65879794,171.787,113.17292171878,IDA1_W_A_47
High demand,IDA1,VAS_CCGT_D,47,sell,3.8955342,171.787,669.2021336154,IDA1_VAS_CCGT_D_UP_47
High demand,IDA1,IND,48,buy,1.3225269,171.787,-227.1929285703,IDA1_IND_48
High demand,IDA1,COM,48,buy,0.76151387,171.787,-130.81818318569,IDA1_COM_48
High demand,IDA1,RESI,48,buy,3.1290864,171.787,-537.5363653968,IDA1_RESI_48
High demand,IDA1,W_C,48,sell,0.65879794,171.787,113.17292171878,IDA1_W_C_48
High demand,IDA1,W_A,48,sell,0.65879795,171.787,113.17292343665,IDA1_W_A_48
High demand,IDA1,VAS_GT_D,48,sell,3.8955312,171.787,669.2016182544,IDA1_VAS_GT_D_UP_48
High demand,IDA2,IND,1,buy,0.92866542,171.787,-159.53264650554,IDA2_IND_1
High demand,IDA2,COM,1,buy,0.75571832,171.787,-129.82258303784002,IDA2_COM_1
High demand,IDA2,RESI,1,buy,1.7503167,171.787,-300.6816549429,IDA2_RESI_1
High demand,IDA2,VAS_CCGT_D,1,sell,3.4347004,171.787,590.0368776148,IDA2_VAS_CCGT_D_UP_1
High demand,IDA2,IND,2,buy,0.92866542,171.787,-159.53264650554,IDA2_IND_2
High demand,IDA2,COM,2,buy,0.75830983,171.787,-130.26777076621,IDA2_COM_2
High demand,IDA2,RESI,2,buy,1.7477252,171.787,-300.23646893240004,IDA2_RESI_2
High demand,IDA2,VAS_CCGT_D,2,sell,3.4347004,171.787,590.0368776148,IDA2_VAS_CCGT_D_UP_2
High demand,IDA2,IND,3,buy,2.6335183,171.787,-452.4042082021,IDA2_IND_3
High demand,IDA2,COM,3,buy,2.0925439,171.787,-359.4718389493,IDA2_COM_3
High demand,IDA2,RESI,3,buy,4.785787,171.787,-822.1359913690001,IDA2_RESI_3
High demand,IDA2,VAS_GT_D,3,sell,9.5118491,171.787,1634.0120213417,IDA2_VAS_GT_D_UP_3
High demand,IDA2,IND,4,buy,2.6335183,171.787,-452.4042082021,IDA2_IND_4
High demand,IDA2,COM,4,buy,2.1097748,171.787,-362.4318835676,IDA2_COM_4
High demand,IDA2,RESI,4,buy,4.7685561,171.787,-819.1759467507,IDA2_RESI_4
High demand,IDA2,DKL_ST_H,4,sell,9.5118491,171.787,1634.0120213417,IDA2_DKL_ST_H_UP_4
High demand,IDA2,IND,5,sell,6.6685226,140.553,937.2808569978,IDA2_IND_5
High demand,IDA2,COM,5,buy,2.1356687,140.553,-300.1746427911,IDA2_COM_5
High demand,IDA2,W_C,5,buy,2.266427,140.553,-318.55311413100003,IDA2_W_C_5
High demand,IDA2,W_A,5,buy,2.266427,140.553,-318.55311413100003,IDA2_W_A_5
High demand,IDA2,IND,6,sell,2.3456764,140.553,329.6918550492,IDA2_IND_6
High demand,IDA2,COM,6,buy,2.1733718,140.553,-305.4739266054,IDA2_COM_6
High demand,IDA2,RESI,6,buy,4.7051586,140.553,-661.3241567058,IDA2_RESI_6
High demand,IDA2,W_C,6,buy,2.266427,140.553,-318.55311413100003,IDA2_W_C_6
High demand,IDA2,W_A,6,sell,6.799281,140.553,955.659342393,IDA2_W_A_6
High demand,IDA2,IND,7,sell,3.3442421,140.553,470.0432598813,IDA2_IND_7
High demand,IDA2,COM,7,buy,1.5568619,140.553,-218.82161063069998,IDA2_COM_7
High demand,IDA2,W_C,7,buy,1.7873802,140.553,-251.2216492506,IDA2_W_C_7
High demand,IDA2,COM,8,sell,3.2007337,140.553,449.87272373609994,IDA2_COM_8
High demand,IDA2,RESI,8,buy,3.2007337,140.553,-449.87272373609994,IDA2_RESI_8
High demand,IDA2,IND,10,sell,1.0681396,140.553,150.13022519880002,IDA2_IND_10
High demand,IDA2,COM,10,buy,1.0681396,140.553,-150.13022519880002,IDA2_COM_10
High demand,IDA2,IND,13,sell,1.2174569,171.787,209.1432684803,IDA2_IND_13
High demand,IDA2,COM,13,sell,1.1218994,171.787,192.7277322278,IDA2_COM_13
High demand,IDA2,RESI,13,sell,1.3907128,171.787,238.9063797736,IDA2_RESI_13
High demand,IDA2,W_C,13,buy,1.6417847,171.787,-282.03726825890004,IDA2_W_C_13
High demand,IDA2,W_A,13,buy,0.30228482,171.787,-51.928602373340006,IDA2_W_A_13
High demand,IDA2,VAS_GT_D,13,buy,1.7859996,171.787,-306.8115132852,IDA2_VAS_GT_D_BUYBACK_13
High demand,IDA2,IND,14,sell,1.2174569,156.19,190.154593211,IDA2_IND_14
High demand,IDA2,COM,14,sell,1.2050168,156.19,188.211573992,IDA2_COM_14
High demand,IDA2,RESI,14,sell,1.3075955,156.19,204.233341145,IDA2_RESI_14
High demand,IDA2,W_C,14,buy,1.6417847,156.19,-256.430352293,IDA2_W_C_14
High demand,IDA2,W_A,14,buy,1.6417847,156.19,-256.430352293,IDA2_W_A_14
High demand,IDA2,DKL_ST_H,14,buy,0.44649977,156.19,-69.7387990763,IDA2_DKL_ST_H_BUYBACK_14
High demand,IDA2,IND,15,sell,3.6068845,143.264,516.7367010080001,IDA2_IND_15
High demand,IDA2,COM,15,sell,3.632055,143.264,520.34272752,IDA2_COM_15
High demand,IDA2,RESI,15,sell,3.4321613,143.264,491.7051564832001,IDA2_RESI_15
High demand,IDA2,DKL_ST_H,15,buy,31.617986,143.264,-4529.719146304,IDA2_DKL_ST_H_BUYBACK_15
High demand,IDA2,DKL_ST_H,15,sell,20.946885,143.264,3000.9345326400003,IDA2_DKL_ST_H_UP_15
High demand,IDA2,IND,16,sell,3.6068845,143.264,516.7367010080001,IDA2_IND_16
High demand,IDA2,COM,16,sell,3.8770721,143.264,555.4448573344,IDA2_COM_16
High demand,IDA2,RESI,16,sell,3.1871441,143.264,456.6030123424,IDA2_RESI_16
High demand,IDA2,DKL_ST_H,16,buy,31.617986,143.264,-4529.719146304,IDA2_DKL_ST_H_BUYBACK_16
High demand,IDA2,DKL_ST_H,16,sell,20.946885,143.264,3000.9345326400003,IDA2_DKL_ST_H_UP_16
High demand,IDA2,IND,17,sell,5.2634442,143.264,754.0620698688001,IDA2_IND_17
High demand,IDA2,COM,17,sell,5.3846133,143.264,771.4212398112,IDA2_COM_17
High demand,IDA2,RESI,17,sell,3.8618573,143.264,553.2651242272001,IDA2_RESI_17
High demand,IDA2,VAS_CCGT_D,17,buy,48.552507,143.264,-6955.826362848,IDA2_VAS_CCGT_D_BUYBACK_17
High demand,IDA2,VAS_CCGT_D,17,sell,34.042592,143.264,4877.077900288,IDA2_VAS_CCGT_D_UP_17
High demand,IDA2,IND,18,sell,5.2634442,143.264,754.0620698688001,IDA2_IND_18
High demand,IDA2,COM,18,sell,5.6734622,143.264,812.8028886208001,IDA2_COM_18
High demand,IDA2,RESI,18,sell,3.5730083,143.264,511.88346109120005,IDA2_RESI_18
High demand,IDA2,VAS_CCGT_D,18,buy,48.552507,143.264,-6955.826362848,IDA2_VAS_CCGT_D_BUYBACK_18
High demand,IDA2,DKL_ST_H,18,sell,34.042592,143.264,4877.077900288,IDA2_DKL_ST_H_UP_18
High demand,IDA2,IND,19,sell,6.9842469,143.264,1000.5911478816,IDA2_IND_19
High demand,IDA2,COM,19,sell,5.8484758,143.264,837.8760370112001,IDA2_COM_19
High demand,IDA2,RESI,19,sell,3.2652647,143.264,467.7948819808,IDA2_RESI_19
High demand,IDA2,VAS_CCGT_D,19,sell,40.944139,143.264,5865.821129696001,IDA2_VAS_CCGT_D_UP_19
High demand,IDA2,DKL_ST_H,19,buy,57.042126,143.264,-8172.083139264001,IDA2_DKL_ST_H_BUYBACK_19
High demand,IDA2,IND,20,sell,6.9842469,130.24,909.6283162560001,IDA2_IND_20
High demand,IDA2,COM,20,sell,6.0715586,130.24,790.7597920640001,IDA2_COM_20
High demand,IDA2,RESI,20,sell,3.0421818,130.24,396.213757632,IDA2_RESI_20
High demand,IDA2,PV_C,20,buy,1.8079976,130.24,-235.47360742400002,IDA2_PV_C_20
High demand,IDA2,PV_A,20,buy,1.807998,130.24,-235.47365952,IDA2_PV_A_20
High demand,IDA2,W_C,20,buy,0.91872789,130.24,-119.6551203936,IDA2_W_C_20
High demand,IDA2,W_A,20,buy,0.91872789,130.24,-119.6551203936,IDA2_W_A_20
High demand,IDA2,VAS_ST_H,20,buy,10.644536,130.24,-1386.34436864,IDA2_VAS_ST_H_BUYBACK_20
High demand,IDA2,IND,21,sell,4.2272337,137.83,582.639620871,IDA2_IND_21
High demand,IDA2,COM,21,sell,3.5048408,137.83,483.0722074640001,IDA2_COM_21
High demand,IDA2,RESI,21,sell,1.5993145,137.83,220.43351753500002,IDA2_RESI_21
High demand,IDA2,DKL_ICE_H,21,sell,23.193859,137.83,3196.80958597,IDA2_DKL_ICE_H_UP_21
High demand,IDA2,VAS_CCGT_D,21,buy,32.525248,137.83,-4482.95493184,IDA2_VAS_CCGT_D_BUYBACK_21
High demand,IDA2,IND,22,sell,4.2272337,137.83,582.639620871,IDA2_IND_22
High demand,IDA2,COM,22,sell,3.5877206,137.83,494.49553029800006,IDA2_COM_22
High demand,IDA2,RESI,22,sell,1.5164351,137.83,209.01024983300002,IDA2_RESI_22
High demand,IDA2,DKL_ICE_H,22,sell,23.19386,137.83,3196.8097238000005,IDA2_DKL_ICE_H_UP_22
High demand,IDA2,DKL_ST_H,22,buy,32.525249,137.83,-4482.955069670001,IDA2_DKL_ST_H_BUYBACK_22
High demand,IDA2,IND,23,sell,2.0134608,137.83,277.515302064,IDA2_IND_23
High demand,IDA2,COM,23,sell,1.7055616,137.83,235.07755532800002,IDA2_COM_23
High demand,IDA2,RESI,23,sell,0.68069116,137.83,93.8196625828,IDA2_RESI_23
High demand,IDA2,PV_C,23,buy,3.5163128,137.83,-484.65339322400007,IDA2_PV_C_23
High demand,IDA2,PV_A,23,buy,0.25760065,137.83,-35.505097589500004,IDA2_PV_A_23
High demand,IDA2,W_C,23,buy,0.31290007,137.83,-43.1270166481,IDA2_W_C_23
High demand,IDA2,W_A,23,buy,0.31290007,137.83,-43.1270166481,IDA2_W_A_23
High demand,IDA2,IND,24,sell,2.0134608,137.83,277.515302064,IDA2_IND_24
High demand,IDA2,COM,24,sell,1.72288,137.83,237.4645504,IDA2_COM_24
High demand,IDA2,RESI,24,sell,0.66337275,137.83,91.4326661325,IDA2_RESI_24
High demand,IDA2,DKL_ICE_H,24,sell,10.69594,137.83,1474.2214102000003,IDA2_DKL_ICE_H_UP_24
High demand,IDA2,DKL_ST_H,24,buy,15.095654,137.83,-2080.6339908200002,IDA2_DKL_ST_H_BUYBACK_24
High demand,IDA2,IND,25,sell,1.0121153,137.83,139.49985179900003,IDA2_IND_25
High demand,IDA2,COM,25,sell,0.9183466,137.83,126.575711878,IDA2_COM_25
High demand,IDA2,RESI,25,sell,0.34938288,137.83,48.15544235040001,IDA2_RESI_25
High demand,IDA2,DKL_ICE_H,25,sell,5.2950067,137.83,729.810773461,IDA2_DKL_ICE_H_UP_25
High demand,IDA2,VAS_GT_D,25,buy,7.5748514,137.83,-1044.0417684620002,IDA2_VAS_GT_D_BUYBACK_25
High demand,IDA2,IND,26,sell,1.0121153,137.83,139.49985179900003,IDA2_IND_26
High demand,IDA2,COM,26,sell,0.91474177,137.83,126.07885815910001,IDA2_COM_26
High demand,IDA2,RESI,26,sell,0.3529876,137.83,48.65228090800001,IDA2_RESI_26
High demand,IDA2,DKL_ST_H,26,sell,5.2950068,137.83,729.8107872440002,IDA2_DKL_ST_H_UP_26
High demand,IDA2,VAS_GT_D,26,buy,7.5748514,137.83,-1044.0417684620002,IDA2_VAS_GT_D_BUYBACK_26
High demand,IDA2,IND,27,sell,2.3025224,137.83,317.35666239200003,IDA2_IND_27
High demand,IDA2,COM,27,sell,2.0745247,137.83,285.931739401,IDA2_COM_27
High demand,IDA2,RESI,27,sell,0.83517368,137.83,115.11198831440001,IDA2_RESI_27
High demand,IDA2,PV_A,27,buy,5.2122208,137.83,-718.4003928640001,IDA2_PV_A_27
High demand,IDA2,IND,28,sell,2.3025224,137.83,317.35666239200003,IDA2_IND_28
High demand,IDA2,COM,28,sell,2.0311317,137.83,279.950882211,IDA2_COM_28
High demand,IDA2,RESI,28,sell,0.87856671,137.83,121.09284963930001,IDA2_RESI_28
High demand,IDA2,DKL_ST_H,28,sell,13.787779,137.83,1900.3695795700003,IDA2_DKL_ST_H_UP_28
High demand,IDA2,VAS_GT_D,28,buy,19.0,137.83,-2618.7700000000004,IDA2_VAS_GT_D_BUYBACK_28
High demand,IDA2,IND,29,sell,3.5305476,143.264,505.8003713664,IDA2_IND_29
High demand,IDA2,COM,29,sell,3.4512246,143.264,494.4362410944001,IDA2_COM_29
High demand,IDA2,RESI,29,sell,1.6521064,143.264,236.68737128960004,IDA2_RESI_29
High demand,IDA2,VAS_ST_H,29,sell,24.440469,143.264,3501.439350816,IDA2_VAS_ST_H_UP_29
High demand,IDA2,DKL_ST_H,29,buy,33.074348,143.264,-4738.363391872001,IDA2_DKL_ST_H_BUYBACK_29
High demand,IDA2,IND,30,sell,3.5305476,143.264,505.8003713664,IDA2_IND_30
High demand,IDA2,COM,30,sell,3.3031136,143.264,473.21726679040006,IDA2_COM_30
High demand,IDA2,RESI,30,sell,1.8002177,143.264,257.9063885728,IDA2_RESI_30
High demand,IDA2,PV_C,30,buy,0.29001799,143.264,-41.54913731936001,IDA2_PV_C_30
High demand,IDA2,PV_A,30,buy,8.1612153,143.264,-1169.2083487392001,IDA2_PV_A_30
High demand,IDA2,W_A,30,buy,0.18264565,143.264,-26.1665464016,IDA2_W_A_30
High demand,IDA2,IND,31,sell,3.5484176,143.264,508.36049904640004,IDA2_IND_31
High demand,IDA2,COM,31,sell,4.156293,143.264,595.447160352,IDA2_COM_31
High demand,IDA2,RESI,31,sell,2.6458861,143.264,379.0602262304,IDA2_RESI_31
High demand,IDA2,VAS_ST_H,31,sell,29.85692,143.264,4277.42178688,IDA2_VAS_ST_H_UP_31
High demand,IDA2,DKL_ST_H,31,buy,40.207517,143.264,-5760.289715488001,IDA2_DKL_ST_H_BUYBACK_31
High demand,IDA2,IND,32,sell,3.5484176,143.264,508.36049904640004,IDA2_IND_32
High demand,IDA2,COM,32,sell,3.86528,143.264,553.75547392,IDA2_COM_32
High demand,IDA2,RESI,32,sell,2.9368992,143.264,420.75192698880005,IDA2_RESI_32
High demand,IDA2,VAS_ST_H,32,sell,29.85692,143.264,4277.42178688,IDA2_VAS_ST_H_UP_32
High demand,IDA2,DKL_ST_H,32,buy,21.207517,143.264,-3038.273715488,IDA2_DKL_ST_H_BUYBACK_32
High demand,IDA2,VAS_GT_D,32,buy,19.0,143.264,-2722.016,IDA2_VAS_GT_D_BUYBACK_32
High demand,IDA2,IND,33,sell,2.8381486,156.19,443.29042983399995,IDA2_IND_33
High demand,IDA2,COM,33,sell,3.689793,156.19,576.30876867,IDA2_COM_33
High demand,IDA2,RESI,33,sell,3.402302,156.19,531.40554938,IDA2_RESI_33
High demand,IDA2,PV_C,33,buy,2.0875961,156.19,-326.061634859,IDA2_PV_C_33
High demand,IDA2,PV_A,33,buy,2.0875961,156.19,-326.061634859,IDA2_PV_A_33
High demand,IDA2,W_C,33,buy,0.039076332,156.19,-6.1033322950799995,IDA2_W_C_33
High demand,IDA2,W_A,33,buy,0.039076331,156.19,-6.10333213889,IDA2_W_A_33
High demand,IDA2,DKL_ST_H,33,buy,5.6768989,156.19,-886.674839191,IDA2_DKL_ST_H_BUYBACK_33
High demand,IDA2,IND,34,sell,2.8381486,156.17,443.23366686199995,IDA2_IND_34
High demand,IDA2,COM,34,sell,3.3272968,156.17,519.623941256,IDA2_COM_34
High demand,IDA2,RESI,34,sell,3.7647972,156.17,587.9483787239999,IDA2_RESI_34
High demand,IDA2,PV_C,34,buy,2.0875961,156.17,-326.019882937,IDA2_PV_C_34
High demand,IDA2,PV_A,34,buy,2.0875961,156.17,-326.019882937,IDA2_PV_A_34
High demand,IDA2,W_C,34,buy,0.039076332,156.17,-6.1025507684399996,IDA2_W_C_34
High demand,IDA2,W_A,34,buy,0.039076331,156.17,-6.102550612269999,IDA2_W_A_34
High demand,IDA2,VAS_CCGT_D,34,buy,5.6768979,156.17,-886.561145043,IDA2_VAS_CCGT_D_BUYBACK_34
High demand,IDA2,IND,35,sell,2.7905882,156.17,435.806159194,IDA2_IND_35
High demand,IDA2,COM,35,sell,3.7156031,156.17,580.265736127,IDA2_COM_35
High demand,IDA2,RESI,35,sell,5.1864195,156.17,809.963133315,IDA2_RESI_35
High demand,IDA2,W_C,35,buy,0.0075258048,156.17,-1.175304935616,IDA2_W_C_35
High demand,IDA2,W_A,35,buy,0.0075258051,156.17,-1.1753049824669999,IDA2_W_A_35
High demand,IDA2,VAS_CCGT_D,35,buy,11.677559,156.17,-1823.68438903,IDA2_VAS_CCGT_D_BUYBACK_35
High demand,IDA2,IND,36,sell,2.7905882,156.17,435.806159194,IDA2_IND_36
High demand,IDA2,COM,36,sell,3.2714584,156.17,510.903658328,IDA2_COM_36
High demand,IDA2,RESI,36,sell,5.6305641,156.17,879.3251954969999,IDA2_RESI_36
High demand,IDA2,W_C,36,buy,0.0075258048,156.17,-1.175304935616,IDA2_W_C_36
High demand,IDA2,W_A,36,buy,0.0075258051,156.17,-1.1753049824669999,IDA2_W_A_36
High demand,IDA2,VAS_CCGT_D,36,buy,11.677559,156.17,-1823.68438903,IDA2_VAS_CCGT_D_BUYBACK_36
High demand,IDA2,IND,37,sell,2.1382075,171.787,367.3162518025,IDA2_IND_37
High demand,IDA2,COM,37,sell,2.5047316,171.787,430.2803273692,IDA2_COM_37
High demand,IDA2,RESI,37,sell,5.2822884,171.787,907.4284773708,IDA2_RESI_37
High demand,IDA2,VAS_CCGT_D,37,sell,9.0747725,171.787,1558.9279434575,IDA2_VAS_CCGT_D_UP_37
High demand,IDA2,VAS_GT_D,37,buy,19.0,171.787,-3263.953,IDA2_VAS_GT_D_BUYBACK_37
High demand,IDA2,IND,38,sell,2.1382075,156.17,333.92386527499997,IDA2_IND_38
High demand,IDA2,COM,38,sell,2.1914173,156.17,342.23363974099993,IDA2_COM_38
High demand,IDA2,RESI,38,sell,5.595603,156.17,873.8653205099998,IDA2_RESI_38
High demand,IDA2,W_C,38,buy,0.082205009,156.17,-12.837956255529999,IDA2_W_C_38
High demand,IDA2,W_A,38,buy,0.082205018,156.17,-12.837957661059999,IDA2_W_A_38
High demand,IDA2,VAS_CCGT_D,38,buy,9.7608177,156.17,-1524.3469002089998,IDA2_VAS_CCGT_D_BUYBACK_38
High demand,IDA2,IND,39,sell,1.5695846,156.17,245.12202698199997,IDA2_IND_39
High demand,IDA2,COM,39,sell,1.470903,156.17,229.71092151,IDA2_COM_39
High demand,IDA2,RESI,39,sell,4.4686487,156.17,697.868867479,IDA2_RESI_39
High demand,IDA2,W_C,39,buy,0.050654489,156.17,-7.910711547129999,IDA2_W_C_39
High demand,IDA2,W_A,39,buy,0.050654488,156.17,-7.910711390959999,IDA2_W_A_39
High demand,IDA2,VAS_CCGT_D,39,buy,7.4078273,156.17,-1156.880389441,IDA2_VAS_CCGT_D_BUYBACK_39
High demand,IDA2,IND,40,sell,1.5695846,156.17,245.12202698199997,IDA2_IND_40
High demand,IDA2,COM,40,sell,1.3101266,156.17,204.602471122,IDA2_COM_40
High demand,IDA2,RESI,40,sell,4.6294255,156.17,722.9773803349999,IDA2_RESI_40
High demand,IDA2,W_C,40,buy,0.050654489,156.17,-7.910711547129999,IDA2_W_C_40
High demand,IDA2,W_A,40,buy,0.050654488,156.17,-7.910711390959999,IDA2_W_A_40
High demand,IDA2,VAS_CCGT_D,40,buy,7.4078278,156.17,-1156.8804675259998,IDA2_VAS_CCGT_D_BUYBACK_40
High demand,IDA2,IND,41,sell,1.0560987,156.17,164.93093397899997,IDA2_IND_41
High demand,IDA2,COM,41,sell,0.80022144,156.17,124.97058228479999,IDA2_COM_41
High demand,IDA2,RESI,41,sell,3.200494,156.17,499.82114798,IDA2_RESI_41
High demand,IDA2,W_C,41,buy,0.029234877,156.17,-4.5656107410899995,IDA2_W_C_41
High demand,IDA2,W_A,41,buy,0.029234879,156.17,-4.56561105343,IDA2_W_A_41
High demand,IDA2,VAS_CCGT_D,41,buy,4.9983444,156.17,-780.5914449479999,IDA2_VAS_CCGT_D_BUYBACK_41
High demand,IDA2,IND,42,sell,1.0560987,156.17,164.93093397899997,IDA2_IND_42
High demand,IDA2,COM,42,sell,0.74225432,156.17,115.9178571544,IDA2_COM_42
High demand,IDA2,RESI,42,sell,3.2584612,156.17,508.873885604,IDA2_RESI_42
High demand,IDA2,W_C,42,buy,0.029234877,156.17,-4.5656107410899995,IDA2_W_C_42
High demand,IDA2,W_A,42,buy,0.029234879,156.17,-4.56561105343,IDA2_W_A_42
High demand,IDA2,VAS_CCGT_D,42,buy,4.9983445,156.17,-780.5914605649999,IDA2_VAS_CCGT_D_BUYBACK_42
High demand,IDA2,IND,43,sell,0.75291649,171.787,129.34126506763002,IDA2_IND_43
High demand,IDA2,COM,43,sell,0.4845336,171.787,83.23657354320001,IDA2_COM_43
High demand,IDA2,RESI,43,sell,2.2597054,171.787,388.1880115498,IDA2_RESI_43
High demand,IDA2,DKL_ST_H,43,sell,9.8153005,171.787,1686.1410269935,IDA2_DKL_ST_H_UP_43
High demand,IDA2,VAS_GT_D,43,buy,13.312456,171.787,-2286.906878872,IDA2_VAS_GT_D_BUYBACK_43
High demand,IDA2,IND,44,sell,0.75291649,171.787,129.34126506763002,IDA2_IND_44
High demand,IDA2,COM,44,sell,0.4735616,171.787,81.3517265792,IDA2_COM_44
High demand,IDA2,RESI,44,sell,2.2706774,171.787,390.0728585138,IDA2_RESI_44
High demand,IDA2,VAS_CCGT_D,44,sell,9.8152975,171.787,1686.1405116325,IDA2_VAS_CCGT_D_UP_44
High demand,IDA2,VAS_GT_D,44,buy,13.312453,171.787,-2286.906363511,IDA2_VAS_GT_D_BUYBACK_44
High demand,IDA2,IND,45,sell,0.56342758,171.787,96.78953368546001,IDA2_IND_45
High demand,IDA2,COM,45,sell,0.32518294,171.787,55.862201713779996,IDA2_COM_45
High demand,IDA2,RESI,45,sell,1.5543951,171.787,267.0248710437,IDA2_RESI_45
High demand,IDA2,VAS_GT_D,45,buy,8.831874,171.787,-1517.201138838,IDA2_VAS_GT_D_BUYBACK_45
High demand,IDA2,VAS_GT_D,45,sell,6.3888684,171.787,1097.5245358308,IDA2_VAS_GT_D_UP_45
High demand,IDA2,IND,46,sell,0.56342758,156.17,87.9904851686,IDA2_IND_46
High demand,IDA2,COM,46,sell,0.33340574,156.17,52.067974415799995,IDA2_COM_46
High demand,IDA2,RESI,46,sell,1.5461722,156.17,241.465712474,IDA2_RESI_46
High demand,IDA2,W_C,46,buy,0.11751844,156.17,-18.352854774799997,IDA2_W_C_46
High demand,IDA2,W_A,46,buy,0.11751844,156.17,-18.352854774799997,IDA2_W_A_46
High demand,IDA2,VAS_CCGT_D,46,buy,2.2079686,156.17,-344.818456262,IDA2_VAS_CCGT_D_BUYBACK_46
High demand,IDA2,IND,47,sell,0.33063174,156.17,51.6347588358,IDA2_IND_47
High demand,IDA2,COM,47,sell,0.18009551,156.17,28.125515796699997,IDA2_COM_47
High demand,IDA2,RESI,47,sell,0.79255409,156.17,123.7731722353,IDA2_RESI_47
High demand,IDA2,W_C,47,buy,0.16469948,156.17,-25.7211177916,IDA2_W_C_47
High demand,IDA2,W_A,47,buy,0.16469949,156.17,-25.721119353299997,IDA2_W_A_47
High demand,IDA2,VAS_CCGT_D,47,buy,0.97388237,156.17,-152.09120972289998,IDA2_VAS_CCGT_D_BUYBACK_47
High demand,IDA2,IND,48,sell,0.33063174,171.787,56.798234719380005,IDA2_IND_48
High demand,IDA2,COM,48,sell,0.19037836,171.787,32.70452732932,IDA2_COM_48
High demand,IDA2,RESI,48,sell,0.78227126,171.787,134.38403294162,IDA2_RESI_48
High demand,IDA2,VAS_GT_D,48,buy,3.8955312,171.787,-669.2016182544,IDA2_VAS_GT_D_BUYBACK_48
High demand,IDA2,VAS_GT_D,48,sell,2.5922498,171.787,445.3148163926,IDA2_VAS_GT_D_UP_48
High demand,IDA3,IND,1,buy,0.92866538,171.787,-159.53263963406,IDA3_IND_1
High demand,IDA3,COM,1,buy,0.75571827,171.787,-129.82257444849,IDA3_COM_1
High demand,IDA3,RESI,1,buy,1.7503166,171.787,-300.6816377642,IDA3_RESI_1
High demand,IDA3,VAS_GT_D,1,sell,3.4347002,171.787,590.0368432574,IDA3_VAS_GT_D_UP_1
High demand,IDA3,IND,2,buy,0.92866538,171.787,-159.53263963406,IDA3_IND_2
High demand,IDA3,COM,2,buy,0.7583098,171.787,-130.26776561260002,IDA3_COM_2
High demand,IDA3,RESI,2,buy,1.7477251,171.787,-300.2364517537,IDA3_RESI_2
High demand,IDA3,VAS_CCGT_D,2,sell,3.4347002,171.787,590.0368432574,IDA3_VAS_CCGT_D_UP_2
High demand,IDA3,IND,3,buy,2.6335178,171.787,-452.4041223086,IDA3_IND_3
High demand,IDA3,COM,3,buy,2.0925438,171.787,-359.4718217706,IDA3_COM_3
High demand,IDA3,RESI,3,buy,4.7857872,171.787,-822.1360257264,IDA3_RESI_3
High demand,IDA3,DKL_ST_H,3,sell,19.023698,171.787,3268.024008326,IDA3_DKL_ST_H_UP_3
High demand,IDA3,VAS_GT_D,3,buy,9.5118491,171.787,-1634.0120213417,IDA3_VAS_GT_D_BUYBACK_3
High demand,IDA3,IND,4,buy,2.6335178,171.787,-452.4041223086,IDA3_IND_4
High demand,IDA3,COM,4,buy,2.1097747,171.787,-362.4318663889,IDA3_COM_4
High demand,IDA3,RESI,4,buy,4.7685563,171.787,-819.1759811081,IDA3_RESI_4
High demand,IDA3,VAS_GT_D,4,sell,9.5118488,171.787,1634.0119698055998,IDA3_VAS_GT_D_UP_4
High demand,IDA3,IND,5,buy,0.9167346,171.787,-157.4830867302,IDA3_IND_5
High demand,IDA3,COM,5,buy,2.1356686,171.787,-366.88010178819997,IDA3_COM_5
High demand,IDA3,RESI,5,buy,2.3778841,171.787,-408.48957588670004,IDA3_RESI_5
High demand,IDA3,VAS_GT_D,5,sell,5.4302873,171.787,932.8527644051,IDA3_VAS_GT_D_UP_5
High demand,IDA3,IND,6,sell,1.4482423,171.787,248.7891999901,IDA3_IND_6
High demand,IDA3,COM,6,buy,2.1733719,171.787,-373.35703858529996,IDA3_COM_6
High demand,IDA3,RESI,6,buy,4.7051586,171.787,-808.2850804182,IDA3_RESI_6
High demand,IDA3,VAS_GT_D,6,sell,5.4302881,171.787,932.8529018347001,IDA3_VAS_GT_D_UP_6
High demand,IDA3,IND,7,buy,1.056719,140.553,-148.525025607,IDA3_IND_7
High demand,IDA3,COM,7,buy,1.5568619,140.553,-218.82161063069998,IDA3_COM_7
High demand,IDA3,RESI,7,sell,4.400961,140.553,618.568271433,IDA3_RESI_7
High demand,IDA3,W_C,7,buy,1.7873802,140.553,-251.2216492506,IDA3_W_C_7
High demand,IDA3,IND,8,sell,1.7134897,140.553,240.83611780409998,IDA3_IND_8
High demand,IDA3,RESI,8,buy,3.2007334,140.553,-449.8726815702,IDA3_RESI_8
High demand,IDA3,W_A,8,sell,1.4872437,140.553,209.03656376610002,IDA3_W_A_8
High demand,IDA3,RESI,9,buy,0.94897247,140.553,-133.38092757591,IDA3_RESI_9
High demand,IDA3,W_C,9,sell,0.94897247,140.553,133.38092757591,IDA3_W_C_9
High demand,IDA3,COM,10,buy,1.0681395,140.553,-150.1302111435,IDA3_COM_10
High demand,IDA3,W_C,10,sell,1.0681395,140.553,150.1302111435,IDA3_W_C_10
High demand,IDA3,RESI,11,sell,0.83181237,140.553,116.91372404060999,IDA3_RESI_11
High demand,IDA3,W_A,11,buy,0.83181237,140.553,-116.91372404060999,IDA3_W_A_11
High demand,IDA3,COM,12,sell,0.83181234,140.553,116.91371982402,IDA3_COM_12
High demand,IDA3,W_C,12,buy,0.83181234,140.553,-116.91371982402,IDA3_W_C_12
High demand,IDA3,IND,13,sell,1.2174568,171.787,209.1432513016,IDA3_IND_13
High demand,IDA3,COM,13,sell,1.1218994,171.787,192.7277322278,IDA3_COM_13
High demand,IDA3,RESI,13,sell,1.3907129,171.787,238.9063969523,IDA3_RESI_13
High demand,IDA3,W_C,13,buy,1.6417847,171.787,-282.03726825890004,IDA3_W_C_13
High demand,IDA3,W_A,13,buy,2.0882845,171.787,-358.7401294015,IDA3_W_A_13
High demand,IDA3,IND,14,sell,1.2174568,156.19,190.15457759199998,IDA3_IND_14
High demand,IDA3,COM,14,sell,1.2050167,156.19,188.211558373,IDA3_COM_14
High demand,IDA3,RESI,14,sell,1.3075954,156.19,204.23332552600002,IDA3_RESI_14
High demand,IDA3,W_C,14,buy,1.6417847,156.19,-256.430352293,IDA3_W_C_14
High demand,IDA3,W_A,14,buy,1.6417846,156.19,-256.430336674,IDA3_W_A_14
High demand,IDA3,DKL_ST_H,14,buy,0.44649973,156.19,-69.7387928287,IDA3_DKL_ST_H_BUYBACK_14
High demand,IDA3,IND,15,sell,3.6068842,143.264,516.7366580288001,IDA3_IND_15
High demand,IDA3,COM,15,sell,3.6320546,143.264,520.3426702144001,IDA3_COM_15
High demand,IDA3,RESI,15,sell,3.4321616,143.264,491.70519946240006,IDA3_RESI_15
High demand,IDA3,DKL_ST_H,15,buy,20.946885,143.264,-3000.9345326400003,IDA3_DKL_ST_H_BUYBACK_15
High demand,IDA3,VAS_GT_D,15,sell,10.275785,143.264,1472.1500622400001,IDA3_VAS_GT_D_UP_15
High demand,IDA3,IND,16,sell,3.6068842,143.264,516.7366580288001,IDA3_IND_16
High demand,IDA3,COM,16,sell,3.8770719,143.264,555.4448286816,IDA3_COM_16
High demand,IDA3,RESI,16,sell,3.1871444,143.264,456.60305532160004,IDA3_RESI_16
High demand,IDA3,DKL_ST_H,16,buy,20.946885,143.264,-3000.9345326400003,IDA3_DKL_ST_H_BUYBACK_16
High demand,IDA3,VAS_GT_D,16,sell,10.275784,143.264,1472.149918976,IDA3_VAS_GT_D_UP_16
High demand,IDA3,IND,17,sell,5.2634445,143.264,754.0621128480001,IDA3_IND_17
High demand,IDA3,COM,17,sell,5.3846135,143.264,771.4212684640001,IDA3_COM_17
High demand,IDA3,RESI,17,sell,3.8618568,143.264,553.2650525952,IDA3_RESI_17
High demand,IDA3,VAS_CCGT_D,17,buy,34.042592,143.264,-4877.077900288,IDA3_VAS_CCGT_D_BUYBACK_17
High demand,IDA3,DKL_ST_H,17,sell,19.532677,143.264,2798.3294377280004,IDA3_DKL_ST_H_UP_17
High demand,IDA3,IND,18,sell,5.2634445,143.264,754.0621128480001,IDA3_IND_18
High demand,IDA3,COM,18,sell,5.6734622,143.264,812.8028886208001,IDA3_COM_18
High demand,IDA3,RESI,18,sell,3.5730082,143.264,511.8834467648,IDA3_RESI_18
High demand,IDA3,VAS_ST_H,18,sell,19.532677,143.264,2798.3294377280004,IDA3_VAS_ST_H_UP_18
High demand,IDA3,DKL_ST_H,18,buy,34.042592,143.264,-4877.077900288,IDA3_DKL_ST_H_BUYBACK_18
High demand,IDA3,IND,19,sell,6.9842471,143.264,1000.5911765344001,IDA3_IND_19
High demand,IDA3,COM,19,sell,5.8484762,143.264,837.8760943168002,IDA3_COM_19
High demand,IDA3,RESI,19,sell,3.2652642,143.264,467.7948103488,IDA3_RESI_19
High demand,IDA3,VAS_ST_H,19,sell,24.846152,143.264,3559.5591201280004,IDA3_VAS_ST_H_UP_19
High demand,IDA3,VAS_CCGT_D,19,buy,40.944139,143.264,-5865.821129696001,IDA3_VAS_CCGT_D_BUYBACK_19
High demand,IDA3,IND,20,sell,6.9842471,130.24,909.6283423040001,IDA3_IND_20
High demand,IDA3,COM,20,sell,6.0715587,130.24,790.759805088,IDA3_COM_20
High demand,IDA3,RESI,20,sell,3.0421818,130.24,396.213757632,IDA3_RESI_20
High demand,IDA3,PV_C,20,sell,0.602666,130.24,78.49121984000001,IDA3_PV_C_20
High demand,IDA3,PV_A,20,sell,0.602666,130.24,78.49121984000001,IDA3_PV_A_20
High demand,IDA3,W_C,20,buy,0.91872787,130.24,-119.65511778880001,IDA3_W_C_20
High demand,IDA3,W_A,20,buy,0.91872787,130.24,-119.65511778880001,IDA3_W_A_20
High demand,IDA3,VAS_ST_H,20,buy,15.465864,130.24,-2014.2741273600002,IDA3_VAS_ST_H_BUYBACK_20
High demand,IDA3,IND,21,sell,4.2272343,130.24,550.554995232,IDA3_IND_21
High demand,IDA3,COM,21,sell,3.504841,130.24,456.47049184,IDA3_COM_21
High demand,IDA3,RESI,21,sell,1.5993145,130.24,208.29472048000002,IDA3_RESI_21
High demand,IDA3,PV_C,21,buy,1.6634519,130.24,-216.64797545600004,IDA3_PV_C_21
High demand,IDA3,PV_A,21,buy,1.6634518,130.24,-216.647962432,IDA3_PV_A_21
High demand,IDA3,W_C,21,buy,1.2000775,130.24,-156.2980936,IDA3_W_C_21
High demand,IDA3,W_A,21,buy,1.2000775,130.24,-156.2980936,IDA3_W_A_21
High demand,IDA3,VAS_ST_H,21,buy,3.6043312,130.24,-469.428095488,IDA3_VAS_ST_H_BUYBACK_21
High demand,IDA3,IND,22,sell,4.2272343,130.24,550.554995232,IDA3_IND_22
High demand,IDA3,COM,22,sell,3.5877204,130.24,467.264704896,IDA3_COM_22
High demand,IDA3,RESI,22,sell,1.5164351,130.24,197.500507424,IDA3_RESI_22
High demand,IDA3,PV_C,22,buy,1.6634519,130.24,-216.64797545600004,IDA3_PV_C_22
High demand,IDA3,PV_A,22,buy,1.6634518,130.24,-216.647962432,IDA3_PV_A_22
High demand,IDA3,W_C,22,buy,1.2000775,130.24,-156.2980936,IDA3_W_C_22
High demand,IDA3,W_A,22,buy,1.2000775,130.24,-156.2980936,IDA3_W_A_22
High demand,IDA3,VAS_ST_H,22,buy,3.6043312,130.24,-469.428095488,IDA3_VAS_ST_H_BUYBACK_22
High demand,IDA3,IND,23,sell,2.0134609,130.24,262.23314761600005,IDA3_IND_23
High demand,IDA3,COM,23,sell,1.7055616,130.24,222.13234278400003,IDA3_COM_23
High demand,IDA3,RESI,23,sell,0.68069112,130.24,88.65321146880001,IDA3_RESI_23
High demand,IDA3,PV_C,23,sell,1.1721043,130.24,152.654864032,IDA3_PV_C_23
High demand,IDA3,PV_A,23,buy,2.0866082,130.24,-271.759851968,IDA3_PV_A_23
High demand,IDA3,W_C,23,buy,0.31290007,130.24,-40.7521051168,IDA3_W_C_23
High demand,IDA3,W_A,23,buy,0.31290008,130.24,-40.752106419200004,IDA3_W_A_23
High demand,IDA3,VAS_ST_H,23,buy,2.8594095,130.24,-372.40949328,IDA3_VAS_ST_H_BUYBACK_23
High demand,IDA3,IND,24,sell,2.0134609,137.83,277.51531584700007,IDA3_IND_24
High demand,IDA3,COM,24,sell,1.72288,137.83,237.4645504,IDA3_COM_24
High demand,IDA3,RESI,24,sell,0.66337274,137.83,91.4326647542,IDA3_RESI_24
High demand,IDA3,PV_C,24,buy,2.3442085,137.83,-323.10225755500005,IDA3_PV_C_24
High demand,IDA3,PV_A,24,buy,1.429705,137.83,-197.05624015,IDA3_PV_A_24
High demand,IDA3,W_A,24,buy,0.62580015,137.83,-86.2540346745,IDA3_W_A_24
High demand,IDA3,IND,25,sell,1.0121153,137.83,139.49985179900003,IDA3_IND_25
High demand,IDA3,COM,25,sell,0.91834656,137.83,126.57570636480001,IDA3_COM_25
High demand,IDA3,RESI,25,sell,0.34938283,137.83,48.1554354589,IDA3_RESI_25
High demand,IDA3,PV_C,25,buy,2.2798446,137.83,-314.23098121800007,IDA3_PV_C_25
High demand,IDA3,IND,26,sell,1.0121153,137.83,139.49985179900003,IDA3_IND_26
High demand,IDA3,COM,26,sell,0.91474179,137.83,126.0788609157,IDA3_COM_26
High demand,IDA3,RESI,26,sell,0.35298761,137.83,48.65228228630001,IDA3_RESI_26
High demand,IDA3,DKL_ST_H,26,buy,5.2950068,137.83,-729.8107872440002,IDA3_DKL_ST_H_BUYBACK_26
High demand,IDA3,VAS_GT_D,26,sell,3.0151621,137.83,415.57979224300004,IDA3_VAS_GT_D_UP_26
High demand,IDA3,IND,27,sell,2.3025224,130.24,299.880517376,IDA3_IND_27
High demand,IDA3,COM,27,sell,2.0745248,130.24,270.186109952,IDA3_COM_27
High demand,IDA3,RESI,27,sell,0.83517364,130.24,108.77301487360002,IDA3_RESI_27
High demand,IDA3,PV_C,27,buy,4.3918983,130.24,-572.000834592,IDA3_PV_C_27
High demand,IDA3,PV_A,27,sell,0.82032285,130.24,106.83884798400001,IDA3_PV_A_27
High demand,IDA3,W_C,27,buy,0.37455384,130.24,-48.78189212160001,IDA3_W_C_27
High demand,IDA3,W_A,27,buy,0.37455384,130.24,-48.78189212160001,IDA3_W_A_27
High demand,IDA3,VAS_ST_H,27,buy,0.89153772,130.24,-116.11387265280001,IDA3_VAS_ST_H_BUYBACK_27
High demand,IDA3,IND,28,sell,2.3025224,137.83,317.35666239200003,IDA3_IND_28
High demand,IDA3,COM,28,sell,2.0311317,137.83,279.950882211,IDA3_COM_28
High demand,IDA3,RESI,28,sell,0.8785667,137.83,121.09284826100001,IDA3_RESI_28
High demand,IDA3,VAS_CCGT_D,28,sell,8.5755581,137.83,1181.969172923,IDA3_VAS_CCGT_D_UP_28
High demand,IDA3,DKL_ST_H,28,buy,13.787779,137.83,-1900.3695795700003,IDA3_DKL_ST_H_BUYBACK_28
High demand,IDA3,IND,29,sell,3.5305472,143.264,505.8003140608,IDA3_IND_29
High demand,IDA3,COM,29,sell,3.4512249,143.264,494.43628407360006,IDA3_COM_29
High demand,IDA3,RESI,29,sell,1.6521064,143.264,236.68737128960004,IDA3_RESI_29
High demand,IDA3,PV_C,29,buy,3.1930681,143.264,-457.4517082784,IDA3_PV_C_29
High demand,IDA3,PV_A,29,buy,5.4408103,143.264,-779.4722468192,IDA3_PV_A_29
High demand,IDA3,IND,30,sell,3.5305472,130.24,459.81846732800005,IDA3_IND_30
High demand,IDA3,COM,30,sell,3.3031136,130.24,430.19751526400006,IDA3_COM_30
High demand,IDA3,RESI,30,sell,1.8002177,130.24,234.46035324800002,IDA3_RESI_30
High demand,IDA3,PV_C,30,buy,5.1507922,130.24,-670.839176128,IDA3_PV_C_30
High demand,IDA3,PV_A,30,sell,2.720405,130.24,354.30554720000003,IDA3_PV_A_30
High demand,IDA3,W_C,30,buy,0.36529129,130.24,-47.575537609600005,IDA3_W_C_30
High demand,IDA3,W_A,30,buy,0.18264564,130.24,-23.787768153600002,IDA3_W_A_30
High demand,IDA3,VAS_ST_H,30,buy,5.6555543,130.24,-736.5793920320001,IDA3_VAS_ST_H_BUYBACK_30
High demand,IDA3,IND,31,sell,3.5484172,130.24,462.145856128,IDA3_IND_31
High demand,IDA3,COM,31,sell,4.1562931,130.24,541.3156133440001,IDA3_COM_31
High demand,IDA3,RESI,31,sell,2.6458859,130.24,344.60017961600005,IDA3_RESI_31
High demand,IDA3,PV_C,31,buy,4.2009774,130.24,-547.1352965760001,IDA3_PV_C_31
High demand,IDA3,PV_A,31,buy,4.200977,130.24,-547.13524448,IDA3_PV_A_31
High demand,IDA3,W_C,31,buy,0.29871681,130.24,-38.904877334400005,IDA3_W_C_31
High demand,IDA3,W_A,31,buy,0.29871682,130.24,-38.9048786368,IDA3_W_A_31
High demand,IDA3,VAS_ST_H,31,buy,1.3512082,130.24,-175.98135596800003,IDA3_VAS_ST_H_BUYBACK_31
High demand,IDA3,IND,32,sell,3.5484172,130.24,462.145856128,IDA3_IND_32
High demand,IDA3,COM,32,sell,3.8652797,130.24,503.41402812800004,IDA3_COM_32
High demand,IDA3,RESI,32,sell,2.9368993,130.24,382.501764832,IDA3_RESI_32
High demand,IDA3,PV_C,32,buy,4.2009774,130.24,-547.1352965760001,IDA3_PV_C_32
High demand,IDA3,PV_A,32,buy,4.200977,130.24,-547.13524448,IDA3_PV_A_32
High demand,IDA3,W_C,32,buy,0.29871681,130.24,-38.904877334400005,IDA3_W_C_32
High demand,IDA3,W_A,32,buy,0.29871682,130.24,-38.9048786368,IDA3_W_A_32
High demand,IDA3,VAS_ST_H,32,buy,1.3512081,130.24,-175.981342944,IDA3_VAS_ST_H_BUYBACK_32
High demand,IDA3,IND,33,sell,2.8381491,156.19,443.290507929,IDA3_IND_33
High demand,IDA3,COM,33,sell,3.6897926,156.19,576.308706194,IDA3_COM_33
High demand,IDA3,RESI,33,sell,3.402302,156.19,531.40554938,IDA3_RESI_33
High demand,IDA3,PV_C,33,sell,0.69586539,156.19,108.6872152641,IDA3_PV_C_33
High demand,IDA3,PV_A,33,sell,0.6958654,156.19,108.687216826,IDA3_PV_A_33
High demand,IDA3,W_C,33,buy,0.039076329,156.19,-6.10333182651,IDA3_W_C_33
High demand,IDA3,W_A,33,buy,0.039076329,156.19,-6.10333182651,IDA3_W_A_33
High demand,IDA3,DKL_ST_H,33,buy,11.243822,156.19,-1756.17255818,IDA3_DKL_ST_H_BUYBACK_33
High demand,IDA3,IND,34,sell,2.8381491,156.17,443.23374494699993,IDA3_IND_34
High demand,IDA3,COM,34,sell,3.3272971,156.17,519.623988107,IDA3_COM_34
High demand,IDA3,RESI,34,sell,3.7647975,156.17,587.9484255749999,IDA3_RESI_34
High demand,IDA3,PV_C,34,sell,0.69586539,156.17,108.67329795629999,IDA3_PV_C_34
High demand,IDA3,PV_A,34,sell,0.6958654,156.17,108.673299518,IDA3_PV_A_34
High demand,IDA3,W_C,34,buy,0.039076329,156.17,-6.10255029993,IDA3_W_C_34
High demand,IDA3,W_A,34,buy,0.039076329,156.17,-6.10255029993,IDA3_W_A_34
High demand,IDA3,VAS_CCGT_D,34,buy,11.243822,156.17,-1755.9476817399998,IDA3_VAS_CCGT_D_BUYBACK_34
High demand,IDA3,IND,35,sell,2.7905885,156.17,435.806206045,IDA3_IND_35
High demand,IDA3,COM,35,sell,3.7156028,156.17,580.265689276,IDA3_COM_35
High demand,IDA3,RESI,35,sell,5.1864196,156.17,809.9631489319999,IDA3_RESI_35
High demand,IDA3,W_C,35,buy,0.0075258048,156.17,-1.175304935616,IDA3_W_C_35
High demand,IDA3,W_A,35,buy,0.0075258048,156.17,-1.175304935616,IDA3_W_A_35
High demand,IDA3,VAS_CCGT_D,35,buy,11.677559,156.17,-1823.68438903,IDA3_VAS_CCGT_D_BUYBACK_35
High demand,IDA3,IND,36,sell,2.7905885,156.17,435.806206045,IDA3_IND_36
High demand,IDA3,COM,36,sell,3.2714585,156.17,510.903673945,IDA3_COM_36
High demand,IDA3,RESI,36,sell,5.6305639,156.17,879.3251642629999,IDA3_RESI_36
High demand,IDA3,W_C,36,buy,0.0075258048,156.17,-1.175304935616,IDA3_W_C_36
High demand,IDA3,W_A,36,buy,0.0075258048,156.17,-1.175304935616,IDA3_W_A_36
High demand,IDA3,VAS_CCGT_D,36,buy,11.677559,156.17,-1823.68438903,IDA3_VAS_CCGT_D_BUYBACK_36
High demand,IDA3,IND,37,sell,2.1382074,156.17,333.923849658,IDA3_IND_37
High demand,IDA3,COM,37,sell,2.5047314,156.17,391.16390273799993,IDA3_COM_37
High demand,IDA3,RESI,37,sell,5.2822887,156.17,824.9350262789999,IDA3_RESI_37
High demand,IDA3,W_C,37,buy,0.16441002,156.17,-25.675912823399997,IDA3_W_C_37
High demand,IDA3,W_A,37,buy,0.16441003,156.17,-25.6759143851,IDA3_W_A_37
High demand,IDA3,VAS_CCGT_D,37,buy,9.5964075,156.17,-1498.6709592749999,IDA3_VAS_CCGT_D_BUYBACK_37
High demand,IDA3,IND,38,sell,2.1382074,156.17,333.923849658,IDA3_IND_38
High demand,IDA3,COM,38,sell,2.1914174,156.17,342.233655358,IDA3_COM_38
High demand,IDA3,RESI,38,sell,5.5956027,156.17,873.8652736589999,IDA3_RESI_38
High demand,IDA3,W_C,38,buy,0.082205014,156.17,-12.83795703638,IDA3_W_C_38
High demand,IDA3,W_A,38,buy,0.082205014,156.17,-12.83795703638,IDA3_W_A_38
High demand,IDA3,VAS_CCGT_D,38,buy,9.7608175,156.17,-1524.3468689749998,IDA3_VAS_CCGT_D_BUYBACK_38
High demand,IDA3,IND,39,sell,1.5695847,156.17,245.122042599,IDA3_IND_39
High demand,IDA3,COM,39,sell,1.4709029,156.17,229.710905893,IDA3_COM_39
High demand,IDA3,RESI,39,sell,4.4686489,156.17,697.8688987129999,IDA3_RESI_39
High demand,IDA3,W_C,39,buy,0.05065449,156.17,-7.9107117033,IDA3_W_C_39
High demand,IDA3,W_A,39,buy,0.05065449,156.17,-7.9107117033,IDA3_W_A_39
High demand,IDA3,VAS_CCGT_D,39,buy,7.4078275,156.17,-1156.8804206749999,IDA3_VAS_CCGT_D_BUYBACK_39
High demand,IDA3,IND,40,sell,1.5695847,156.17,245.122042599,IDA3_IND_40
High demand,IDA3,COM,40,sell,1.3101267,156.17,204.602486739,IDA3_COM_40
High demand,IDA3,RESI,40,sell,4.6294252,156.17,722.9773334839999,IDA3_RESI_40
High demand,IDA3,W_C,40,buy,0.05065449,156.17,-7.9107117033,IDA3_W_C_40
High demand,IDA3,W_A,40,buy,0.05065449,156.17,-7.9107117033,IDA3_W_A_40
High demand,IDA3,VAS_CCGT_D,40,buy,7.4078276,156.17,-1156.880436292,IDA3_VAS_CCGT_D_BUYBACK_40
High demand,IDA3,IND,41,sell,1.0560986,156.17,164.930918362,IDA3_IND_41
High demand,IDA3,COM,41,sell,0.8002214,156.17,124.97057603799999,IDA3_COM_41
High demand,IDA3,RESI,41,sell,3.2004945,156.17,499.82122606499996,IDA3_RESI_41
High demand,IDA3,W_C,41,buy,0.029234882,156.17,-4.565611521939999,IDA3_W_C_41
High demand,IDA3,W_A,41,buy,0.029234881,156.17,-4.56561136577,IDA3_W_A_41
High demand,IDA3,VAS_CCGT_D,41,buy,4.9983448,156.17,-780.5915074159999,IDA3_VAS_CCGT_D_BUYBACK_41
High demand,IDA3,IND,42,sell,1.0560986,156.17,164.930918362,IDA3_IND_42
High demand,IDA3,COM,42,sell,0.74225428,156.17,115.9178509076,IDA3_COM_42
High demand,IDA3,RESI,42,sell,3.2584616,156.17,508.87394807199996,IDA3_RESI_42
High demand,IDA3,W_C,42,buy,0.029234882,156.17,-4.565611521939999,IDA3_W_C_42
High demand,IDA3,W_A,42,buy,0.029234881,156.17,-4.56561136577,IDA3_W_A_42
High demand,IDA3,VAS_CCGT_D,42,buy,4.9983448,156.17,-780.5915074159999,IDA3_VAS_CCGT_D_BUYBACK_42
High demand,IDA3,IND,43,sell,0.75291646,156.19,117.5980218874,IDA3_IND_43
High demand,IDA3,COM,43,sell,0.48453363,156.19,75.6793076697,IDA3_COM_43
High demand,IDA3,RESI,43,sell,2.2597054,156.19,352.943386426,IDA3_RESI_43
High demand,IDA3,W_C,43,buy,0.16904132,156.19,-26.4025637708,IDA3_W_C_43
High demand,IDA3,W_A,43,buy,0.16904132,156.19,-26.4025637708,IDA3_W_A_43
High demand,IDA3,DKL_ST_H,43,buy,3.1590728,156.19,-493.415580632,IDA3_DKL_ST_H_BUYBACK_43
High demand,IDA3,IND,44,sell,0.75291646,156.17,117.58296355819999,IDA3_IND_44
High demand,IDA3,COM,44,sell,0.47356161,156.17,73.95611663369999,IDA3_COM_44
High demand,IDA3,RESI,44,sell,2.2706774,156.17,354.61168955799997,IDA3_RESI_44
High demand,IDA3,W_C,44,buy,0.16904132,156.17,-26.399182944399996,IDA3_W_C_44
High demand,IDA3,W_A,44,buy,0.16904132,156.17,-26.399182944399996,IDA3_W_A_44
High demand,IDA3,VAS_CCGT_D,44,buy,3.1590728,156.17,-493.352399176,IDA3_VAS_CCGT_D_BUYBACK_44
High demand,IDA3,IND,45,sell,0.5634276,171.787,96.78953712120001,IDA3_IND_45
High demand,IDA3,COM,45,sell,0.32518292,171.787,55.86219827804,IDA3_COM_45
High demand,IDA3,RESI,45,sell,1.554395,171.787,267.024853865,IDA3_RESI_45
High demand,IDA3,VAS_CCGT_D,45,sell,3.9458629,171.787,677.8479500023,IDA3_VAS_CCGT_D_UP_45
High demand,IDA3,VAS_GT_D,45,buy,6.3888684,171.787,-1097.5245358308,IDA3_VAS_GT_D_BUYBACK_45
High demand,IDA3,IND,46,sell,0.5634276,156.17,87.990488292,IDA3_IND_46
High demand,IDA3,COM,46,sell,0.33340578,156.17,52.06798066259999,IDA3_COM_46
High demand,IDA3,RESI,46,sell,1.5461721,156.17,241.46569685699998,IDA3_RESI_46
High demand,IDA3,W_C,46,buy,0.11751843,156.17,-18.352853213099998,IDA3_W_C_46
High demand,IDA3,W_A,46,buy,0.11751843,156.17,-18.352853213099998,IDA3_W_A_46
High demand,IDA3,VAS_CCGT_D,46,buy,2.2079686,156.17,-344.818456262,IDA3_VAS_CCGT_D_BUYBACK_46
High demand,IDA3,IND,47,sell,0.33063172,156.17,51.6347557124,IDA3_IND_47
High demand,IDA3,COM,47,sell,0.18009551,156.17,28.125515796699997,IDA3_COM_47
High demand,IDA3,RESI,47,sell,0.79255409,156.17,123.7731722353,IDA3_RESI_47
High demand,IDA3,W_C,47,buy,0.16469949,156.17,-25.721119353299997,IDA3_W_C_47
High demand,IDA3,W_A,47,buy,0.16469948,156.17,-25.7211177916,IDA3_W_A_47
High demand,IDA3,VAS_CCGT_D,47,buy,0.97388234,156.17,-152.0912050378,IDA3_VAS_CCGT_D_BUYBACK_47
High demand,IDA3,IND,48,sell,0.33063172,171.787,56.79823128364001,IDA3_IND_48
High demand,IDA3,COM,48,sell,0.19037836,171.787,32.70452732932,IDA3_COM_48
High demand,IDA3,RESI,48,sell,0.78227124,171.787,134.38402950588002,IDA3_RESI_48
High demand,IDA3,VAS_CCGT_D,48,sell,1.2889685,171.787,221.4280317095,IDA3_VAS_CCGT_D_UP_48
High demand,IDA3,VAS_GT_D,48,buy,2.5922498,171.787,-445.3148163926,IDA3_VAS_GT_D_BUYBACK_48
No revision,FM,PV_C,13,sell,3.594e-05,85.0,0.0030548999999999997,PV_COM
No revision,FM,COM,13,buy,3.594e-05,85.0,-0.0030548999999999997,PV_COM
No revision,FM,PV_C,14,sell,3.594e-05,85.0,0.0030548999999999997,PV_COM
No revision,FM,COM,14,buy,3.594e-05,85.0,-0.0030548999999999997,PV_COM
No revision,FM,PV_C,15,sell,2.7334115999999997,85.0,232.33998599999998,PV_COM
No revision,FM,COM,15,buy,2.7334115999999997,85.0,-232.33998599999998,PV_COM
No revision,FM,PV_C,16,sell,2.7334115999999997,85.0,232.33998599999998,PV_COM
No revision,FM,COM,16,buy,2.7334115999999997,85.0,-232.33998599999998,PV_COM
No revision,FM,PV_C,17,sell,13.25750808,85.0,1126.8881867999999,PV_COM
No revision,FM,COM,17,buy,13.25750808,85.0,-1126.8881867999999,PV_COM
No revision,FM,PV_C,18,sell,13.25750808,85.0,1126.8881867999999,PV_COM
No revision,FM,COM,18,buy,13.25750808,85.0,-1126.8881867999999,PV_COM
No revision,FM,PV_C,19,sell,24.790708799999997,85.0,2107.210248,PV_COM
No revision,FM,COM,19,buy,24.790708799999997,85.0,-2107.210248,PV_COM
No revision,FM,PV_C,20,sell,24.790708799999997,85.0,2107.210248,PV_COM
No revision,FM,COM,20,buy,24.790708799999997,85.0,-2107.210248,PV_COM
No revision,FM,PV_C,21,sell,30.83372664,85.0,2620.8667643999997,PV_COM
No revision,FM,COM,21,buy,30.83372664,85.0,-2620.8667643999997,PV_COM
No revision,FM,PV_C,22,sell,30.83372664,85.0,2620.8667643999997,PV_COM
No revision,FM,COM,22,buy,30.83372664,85.0,-2620.8667643999997,PV_COM
No revision,FM,PV_C,23,sell,33.20405622,85.0,2822.3447787,PV_COM
No revision,FM,COM,23,buy,33.20405622,85.0,-2822.3447787,PV_COM
No revision,FM,PV_C,24,sell,33.20405622,85.0,2822.3447787,PV_COM
No revision,FM,COM,24,buy,33.20405622,85.0,-2822.3447787,PV_COM
No revision,FM,PV_C,25,sell,32.802520439999995,85.0,2788.2142373999995,PV_COM
No revision,FM,COM,25,buy,32.802520439999995,85.0,-2788.2142373999995,PV_COM
No revision,FM,PV_C,26,sell,32.802520439999995,85.0,2788.2142373999995,PV_COM
No revision,FM,COM,26,buy,32.802520439999995,85.0,-2788.2142373999995,PV_COM
No revision,FM,PV_C,27,sell,29.991842039999998,85.0,2549.3065733999997,PV_COM
No revision,FM,COM,27,buy,29.991842039999998,85.0,-2549.3065733999997,PV_COM
No revision,FM,PV_C,28,sell,29.991842039999998,85.0,2549.3065733999997,PV_COM
No revision,FM,COM,28,buy,29.991842039999998,85.0,-2549.3065733999997,PV_COM
No revision,FM,PV_C,29,sell,23.70322362,85.0,2014.7740076999999,PV_COM
No revision,FM,COM,29,buy,23.70322362,85.0,-2014.7740076999999,PV_COM
No revision,FM,PV_C,30,sell,23.70322362,85.0,2014.7740076999999,PV_COM
No revision,FM,COM,30,buy,23.70322362,85.0,-2014.7740076999999,PV_COM
No revision,FM,PV_C,31,sell,13.5228027,85.0,1149.4382295,PV_COM
No revision,FM,COM,31,buy,13.5228027,85.0,-1149.4382295,PV_COM
No revision,FM,PV_C,32,sell,13.5228027,85.0,1149.4382295,PV_COM
No revision,FM,COM,32,buy,13.5228027,85.0,-1149.4382295,PV_COM
No revision,FM,PV_C,33,sell,3.6086107800000002,85.0,306.7319163,PV_COM
No revision,FM,COM,33,buy,3.6086107800000002,85.0,-306.7319163,PV_COM
No revision,FM,PV_C,34,sell,3.6086107800000002,85.0,306.7319163,PV_COM
No revision,FM,COM,34,buy,3.6086107800000002,85.0,-306.7319163,PV_COM
No revision,FM,PV_C,13,sell,5.99e-06,90.0,0.0005391,PV_RESI
No revision,FM,RESI,13,buy,5.99e-06,90.0,-0.0005391,PV_RESI
No revision,FM,PV_C,14,sell,5.99e-06,90.0,0.0005391,PV_RESI
No revision,FM,RESI,14,buy,5.99e-06,90.0,-0.0005391,PV_RESI
No revision,FM,PV_C,15,sell,0.4555686,90.0,41.001174,PV_RESI
No revision,FM,RESI,15,buy,0.4555686,90.0,-41.001174,PV_RESI
No revision,FM,PV_C,16,sell,0.4555686,90.0,41.001174,PV_RESI
No revision,FM,RESI,16,buy,0.4555686,90.0,-41.001174,PV_RESI
No revision,FM,PV_C,17,sell,2.2095846800000003,90.0,198.86262120000004,PV_RESI
No revision,FM,RESI,17,buy,2.2095846800000003,90.0,-198.86262120000004,PV_RESI
No revision,FM,PV_C,18,sell,2.2095846800000003,90.0,198.86262120000004,PV_RESI
No revision,FM,RESI,18,buy,2.2095846800000003,90.0,-198.86262120000004,PV_RESI
No revision,FM,PV_C,19,sell,4.1317848,90.0,371.860632,PV_RESI
No revision,FM,RESI,19,buy,4.1317848,90.0,-371.860632,PV_RESI
No revision,FM,PV_C,20,sell,4.1317848,90.0,371.860632,PV_RESI
No revision,FM,RESI,20,buy,4.1317848,90.0,-371.860632,PV_RESI
No revision,FM,PV_C,21,sell,5.13895444,90.0,462.5058996,PV_RESI
No revision,FM,RESI,21,buy,5.13895444,90.0,-462.5058996,PV_RESI
No revision,FM,PV_C,22,sell,5.13895444,90.0,462.5058996,PV_RESI
No revision,FM,RESI,22,buy,5.13895444,90.0,-462.5058996,PV_RESI
No revision,FM,PV_C,23,sell,5.534009369999999,90.0,498.0608432999999,PV_RESI
No revision,FM,RESI,23,buy,5.534009369999999,90.0,-498.0608432999999,PV_RESI
No revision,FM,PV_C,24,sell,5.534009369999999,90.0,498.0608432999999,PV_RESI
No revision,FM,RESI,24,buy,5.534009369999999,90.0,-498.0608432999999,PV_RESI
No revision,FM,PV_C,25,sell,5.46708674,90.0,492.0378066,PV_RESI
No revision,FM,RESI,25,buy,5.46708674,90.0,-492.0378066,PV_RESI
No revision,FM,PV_C,26,sell,5.46708674,90.0,492.0378066,PV_RESI
No revision,FM,RESI,26,buy,5.46708674,90.0,-492.0378066,PV_RESI
No revision,FM,PV_C,27,sell,4.998640340000001,90.0,449.87763060000003,PV_RESI
No revision,FM,RESI,27,buy,4.998640340000001,90.0,-449.87763060000003,PV_RESI
No revision,FM,PV_C,28,sell,4.998640340000001,90.0,449.87763060000003,PV_RESI
No revision,FM,RESI,28,buy,4.998640340000001,90.0,-449.87763060000003,PV_RESI
No revision,FM,PV_C,29,sell,3.9505372700000003,90.0,355.5483543,PV_RESI
No revision,FM,RESI,29,buy,3.9505372700000003,90.0,-355.5483543,PV_RESI
No revision,FM,PV_C,30,sell,3.9505372700000003,90.0,355.5483543,PV_RESI
No revision,FM,RESI,30,buy,3.9505372700000003,90.0,-355.5483543,PV_RESI
No revision,FM,PV_C,31,sell,2.25380045,90.0,202.8420405,PV_RESI
No revision,FM,RESI,31,buy,2.25380045,90.0,-202.8420405,PV_RESI
No revision,FM,PV_C,32,sell,2.25380045,90.0,202.8420405,PV_RESI
No revision,FM,RESI,32,buy,2.25380045,90.0,-202.8420405,PV_RESI
No revision,FM,PV_C,33,sell,0.60143513,90.0,54.129161700000004,PV_RESI
No revision,FM,RESI,33,buy,0.60143513,90.0,-54.129161700000004,PV_RESI
No revision,FM,PV_C,34,sell,0.60143513,90.0,54.129161700000004,PV_RESI
No revision,FM,RESI,34,buy,0.60143513,90.0,-54.129161700000004,PV_RESI
No revision,FM,W_C,1,sell,0.8836460202,100.0,88.36460202,W_IND
No revision,FM,IND,1,buy,0.8836460202,100.0,-88.36460202,W_IND
No revision,FM,W_C,2,sell,0.8836460202,100.0,88.36460202,W_IND
No revision,FM,IND,2,buy,0.8836460202,100.0,-88.36460202,W_IND
No revision,FM,W_C,3,sell,0.9225486655499999,100.0,92.25486655499999,W_IND
No revision,FM,IND,3,buy,0.9225486655499999,100.0,-92.25486655499999,W_IND
No revision,FM,W_C,4,sell,0.9225486655499999,100.0,92.25486655499999,W_IND
No revision,FM,IND,4,buy,0.9225486655499999,100.0,-92.25486655499999,W_IND
No revision,FM,W_C,5,sell,1.2810088439999998,100.0,128.10088439999998,W_IND
No revision,FM,IND,5,buy,1.2810088439999998,100.0,-128.10088439999998,W_IND
No revision,FM,W_C,6,sell,1.2810088439999998,100.0,128.10088439999998,W_IND
No revision,FM,IND,6,buy,1.2810088439999998,100.0,-128.10088439999998,W_IND
No revision,FM,W_C,7,sell,1.7311681305,100.0,173.11681305,W_IND
No revision,FM,IND,7,buy,1.7311681305,100.0,-173.11681305,W_IND
No revision,FM,W_C,8,sell,1.7311681305,100.0,173.11681305,W_IND
No revision,FM,IND,8,buy,1.7311681305,100.0,-173.11681305,W_IND
No revision,FM,W_C,9,sell,1.2573893715,100.0,125.73893715,W_IND
No revision,FM,IND,9,buy,1.2573893715,100.0,-125.73893715,W_IND
No revision,FM,W_C,10,sell,1.2573893715,100.0,125.73893715,W_IND
No revision,FM,IND,10,buy,1.2573893715,100.0,-125.73893715,W_IND
No revision,FM,W_C,11,sell,0.8753097440999998,100.0,87.53097440999998,W_IND
No revision,FM,IND,11,buy,0.8753097440999998,100.0,-87.53097440999998,W_IND
No revision,FM,W_C,12,sell,0.8753097440999998,100.0,87.53097440999998,W_IND
No revision,FM,IND,12,buy,0.8753097440999998,100.0,-87.53097440999998,W_IND
No revision,FM,W_C,13,sell,0.9239380449,100.0,92.39380449,W_IND
No revision,FM,IND,13,buy,0.9239380449,100.0,-92.39380449,W_IND
No revision,FM,W_C,14,sell,0.9239380449,100.0,92.39380449,W_IND
No revision,FM,IND,14,buy,0.9239380449,100.0,-92.39380449,W_IND
No revision,FM,W_C,15,sell,0.6759336307499999,100.0,67.59336307499998,W_IND
No revision,FM,IND,15,buy,0.6759336307499999,100.0,-67.59336307499998,W_IND
No revision,FM,W_C,16,sell,0.6759336307499999,100.0,67.59336307499998,W_IND
No revision,FM,IND,16,buy,0.6759336307499999,100.0,-67.59336307499998,W_IND
No revision,FM,W_C,17,sell,0.46196902245,100.0,46.196902245,W_IND
No revision,FM,IND,17,buy,0.46196902245,100.0,-46.196902245,W_IND
No revision,FM,W_C,18,sell,0.46196902245,100.0,46.196902245,W_IND
No revision,FM,IND,18,buy,0.46196902245,100.0,-46.196902245,W_IND
No revision,FM,W_C,19,sell,0.42445575645000005,100.0,42.445575645000005,W_IND
No revision,FM,IND,19,buy,0.42445575645000005,100.0,-42.445575645000005,W_IND
No revision,FM,W_C,20,sell,0.42445575645000005,100.0,42.445575645000005,W_IND
No revision,FM,IND,20,buy,0.42445575645000005,100.0,-42.445575645000005,W_IND
No revision,FM,W_C,21,sell,0.2334159192,100.0,23.34159192,W_IND
No revision,FM,IND,21,buy,0.2334159192,100.0,-23.34159192,W_IND
No revision,FM,W_C,22,sell,0.2334159192,100.0,23.34159192,W_IND
No revision,FM,IND,22,buy,0.2334159192,100.0,-23.34159192,W_IND
No revision,FM,W_C,23,sell,0.12365485634999998,100.0,12.365485634999999,W_IND
No revision,FM,IND,23,buy,0.12365485634999998,100.0,-12.365485634999999,W_IND
No revision,FM,W_C,24,sell,0.12365485634999998,100.0,12.365485634999999,W_IND
No revision,FM,IND,24,buy,0.12365485634999998,100.0,-12.365485634999999,W_IND
No revision,FM,W_C,25,sell,0.13893805275,100.0,13.893805275000002,W_IND
No revision,FM,IND,25,buy,0.13893805275,100.0,-13.893805275000002,W_IND
No revision,FM,W_C,26,sell,0.13893805275,100.0,13.893805275000002,W_IND
No revision,FM,IND,26,buy,0.13893805275,100.0,-13.893805275000002,W_IND
No revision,FM,W_C,27,sell,0.09517256789999999,100.0,9.51725679,W_IND
No revision,FM,IND,27,buy,0.09517256789999999,100.0,-9.51725679,W_IND
No revision,FM,W_C,28,sell,0.09517256789999999,100.0,9.51725679,W_IND
No revision,FM,IND,28,buy,0.09517256789999999,100.0,-9.51725679,W_IND
No revision,FM,W_C,29,sell,0.113234523,100.0,11.3234523,W_IND
No revision,FM,IND,29,buy,0.113234523,100.0,-11.3234523,W_IND
No revision,FM,W_C,30,sell,0.113234523,100.0,11.3234523,W_IND
No revision,FM,IND,30,buy,0.113234523,100.0,-11.3234523,W_IND
No revision,FM,W_C,31,sell,0.23411062065,100.0,23.411062065,W_IND
No revision,FM,IND,31,buy,0.23411062065,100.0,-23.411062065,W_IND
No revision,FM,W_C,32,sell,0.23411062065,100.0,23.411062065,W_IND
No revision,FM,IND,32,buy,0.23411062065,100.0,-23.411062065,W_IND
No revision,FM,W_C,33,sell,0.63633628395,100.0,63.633628394999995,W_IND
No revision,FM,IND,33,buy,0.63633628395,100.0,-63.633628394999995,W_IND
No revision,FM,W_C,34,sell,0.63633628395,100.0,63.633628394999995,W_IND
No revision,FM,IND,34,buy,0.63633628395,100.0,-63.633628394999995,W_IND
No revision,FM,W_C,35,sell,0.7773584174999999,100.0,77.73584174999999,W_IND
No revision,FM,IND,35,buy,0.7773584174999999,100.0,-77.73584174999999,W_IND
No revision,FM,W_C,36,sell,0.7773584174999999,100.0,77.73584174999999,W_IND
No revision,FM,IND,36,buy,0.7773584174999999,100.0,-77.73584174999999,W_IND
No revision,FM,W_C,37,sell,0.5314380606,100.0,53.143806059999996,W_IND
No revision,FM,IND,37,buy,0.5314380606,100.0,-53.143806059999996,W_IND
No revision,FM,W_C,38,sell,0.5314380606,100.0,53.143806059999996,W_IND
No revision,FM,IND,38,buy,0.5314380606,100.0,-53.143806059999996,W_IND
No revision,FM,W_C,39,sell,0.34734514364999997,100.0,34.734514364999995,W_IND
No revision,FM,IND,39,buy,0.34734514364999997,100.0,-34.734514364999995,W_IND
No revision,FM,W_C,40,sell,0.34734514364999997,100.0,34.734514364999995,W_IND
No revision,FM,IND,40,buy,0.34734514364999997,100.0,-34.734514364999995,W_IND
No revision,FM,W_C,41,sell,0.25217257574999996,100.0,25.217257574999998,W_IND
No revision,FM,IND,41,buy,0.25217257574999996,100.0,-25.217257574999998,W_IND
No revision,FM,W_C,42,sell,0.25217257574999996,100.0,25.217257574999998,W_IND
No revision,FM,IND,42,buy,0.25217257574999996,100.0,-25.217257574999998,W_IND
No revision,FM,W_C,43,sell,0.3313672458,100.0,33.13672458,W_IND
No revision,FM,IND,43,buy,0.3313672458,100.0,-33.13672458,W_IND
No revision,FM,W_C,44,sell,0.3313672458,100.0,33.13672458,W_IND
No revision,FM,IND,44,buy,0.3313672458,100.0,-33.13672458,W_IND
No revision,FM,W_C,45,sell,0.367491156,100.0,36.749115599999996,W_IND
No revision,FM,IND,45,buy,0.367491156,100.0,-36.749115599999996,W_IND
No revision,FM,W_C,46,sell,0.367491156,100.0,36.749115599999996,W_IND
No revision,FM,IND,46,buy,0.367491156,100.0,-36.749115599999996,W_IND
No revision,FM,W_C,47,sell,0.357765477,100.0,35.7765477,W_IND
No revision,FM,IND,47,buy,0.357765477,100.0,-35.7765477,W_IND
No revision,FM,W_C,48,sell,0.357765477,100.0,35.7765477,W_IND
No revision,FM,IND,48,buy,0.357765477,100.0,-35.7765477,W_IND
No revision,FM,W_C,1,sell,0.14727433670000004,105.0,15.463805353500003,W_RESI
No revision,FM,RESI,1,buy,0.14727433670000004,105.0,-15.463805353500003,W_RESI
No revision,FM,W_C,2,sell,0.14727433670000004,105.0,15.463805353500003,W_RESI
No revision,FM,RESI,2,buy,0.14727433670000004,105.0,-15.463805353500003,W_RESI
No revision,FM,W_C,3,sell,0.15375811092500002,105.0,16.144601647125004,W_RESI
No revision,FM,RESI,3,buy,0.15375811092500002,105.0,-16.144601647125004,W_RESI
No revision,FM,W_C,4,sell,0.15375811092500002,105.0,16.144601647125004,W_RESI
No revision,FM,RESI,4,buy,0.15375811092500002,105.0,-16.144601647125004,W_RESI
No revision,FM,W_C,5,sell,0.213501474,105.0,22.41765477,W_RESI
No revision,FM,RESI,5,buy,0.213501474,105.0,-22.41765477,W_RESI
No revision,FM,W_C,6,sell,0.213501474,105.0,22.41765477,W_RESI
No revision,FM,RESI,6,buy,0.213501474,105.0,-22.41765477,W_RESI
No revision,FM,W_C,7,sell,0.28852802175000003,105.0,30.295442283750003,W_RESI
No revision,FM,RESI,7,buy,0.28852802175000003,105.0,-30.295442283750003,W_RESI
No revision,FM,W_C,8,sell,0.28852802175000003,105.0,30.295442283750003,W_RESI
No revision,FM,RESI,8,buy,0.28852802175000003,105.0,-30.295442283750003,W_RESI
No revision,FM,W_C,9,sell,0.20956489525000002,105.0,22.004314001250002,W_RESI
No revision,FM,RESI,9,buy,0.20956489525000002,105.0,-22.004314001250002,W_RESI
No revision,FM,W_C,10,sell,0.20956489525000002,105.0,22.004314001250002,W_RESI
No revision,FM,RESI,10,buy,0.20956489525000002,105.0,-22.004314001250002,W_RESI
No revision,FM,W_C,11,sell,0.14588495735,105.0,15.31792052175,W_RESI
No revision,FM,RESI,11,buy,0.14588495735,105.0,-15.31792052175,W_RESI
No revision,FM,W_C,12,sell,0.14588495735,105.0,15.31792052175,W_RESI
No revision,FM,RESI,12,buy,0.14588495735,105.0,-15.31792052175,W_RESI
No revision,FM,W_C,13,sell,0.15398967415,105.0,16.168915785750002,W_RESI
No revision,FM,RESI,13,buy,0.15398967415,105.0,-16.168915785750002,W_RESI
No revision,FM,W_C,14,sell,0.15398967415,105.0,16.168915785750002,W_RESI
No revision,FM,RESI,14,buy,0.15398967415,105.0,-16.168915785750002,W_RESI
No revision,FM,W_C,15,sell,0.112655605125,105.0,11.828838538125,W_RESI
No revision,FM,RESI,15,buy,0.112655605125,105.0,-11.828838538125,W_RESI
No revision,FM,W_C,16,sell,0.112655605125,105.0,11.828838538125,W_RESI
No revision,FM,RESI,16,buy,0.112655605125,105.0,-11.828838538125,W_RESI
No revision,FM,W_C,17,sell,0.076994837075,105.0,8.084457892875001,W_RESI
No revision,FM,RESI,17,buy,0.076994837075,105.0,-8.084457892875001,W_RESI
No revision,FM,W_C,18,sell,0.076994837075,105.0,8.084457892875001,W_RESI
No revision,FM,RESI,18,buy,0.076994837075,105.0,-8.084457892875001,W_RESI
No revision,FM,W_C,19,sell,0.07074262607500001,105.0,7.427975737875001,W_RESI
No revision,FM,RESI,19,buy,0.07074262607500001,105.0,-7.427975737875001,W_RESI
No revision,FM,W_C,20,sell,0.07074262607500001,105.0,7.427975737875001,W_RESI
No revision,FM,RESI,20,buy,0.07074262607500001,105.0,-7.427975737875001,W_RESI
No revision,FM,W_C,21,sell,0.0389026532,105.0,4.084778586,W_RESI
No revision,FM,RESI,21,buy,0.0389026532,105.0,-4.084778586,W_RESI
No revision,FM,W_C,22,sell,0.0389026532,105.0,4.084778586,W_RESI
No revision,FM,RESI,22,buy,0.0389026532,105.0,-4.084778586,W_RESI
No revision,FM,W_C,23,sell,0.020609142724999998,105.0,2.1639599861249996,W_RESI
No revision,FM,RESI,23,buy,0.020609142724999998,105.0,-2.1639599861249996,W_RESI
No revision,FM,W_C,24,sell,0.020609142724999998,105.0,2.1639599861249996,W_RESI
No revision,FM,RESI,24,buy,0.020609142724999998,105.0,-2.1639599861249996,W_RESI
No revision,FM,W_C,25,sell,0.023156342125000003,105.0,2.4314159231250003,W_RESI
No revision,FM,RESI,25,buy,0.023156342125000003,105.0,-2.4314159231250003,W_RESI
No revision,FM,W_C,26,sell,0.023156342125000003,105.0,2.4314159231250003,W_RESI
No revision,FM,RESI,26,buy,0.023156342125000003,105.0,-2.4314159231250003,W_RESI
No revision,FM,W_C,27,sell,0.015862094650000002,105.0,1.66551993825,W_RESI
No revision,FM,RESI,27,buy,0.015862094650000002,105.0,-1.66551993825,W_RESI
No revision,FM,W_C,28,sell,0.015862094650000002,105.0,1.66551993825,W_RESI
No revision,FM,RESI,28,buy,0.015862094650000002,105.0,-1.66551993825,W_RESI
No revision,FM,W_C,29,sell,0.0188724205,105.0,1.9816041525,W_RESI
No revision,FM,RESI,29,buy,0.0188724205,105.0,-1.9816041525,W_RESI
No revision,FM,W_C,30,sell,0.0188724205,105.0,1.9816041525,W_RESI
No revision,FM,RESI,30,buy,0.0188724205,105.0,-1.9816041525,W_RESI
No revision,FM,W_C,31,sell,0.039018436775000005,105.0,4.096935861375001,W_RESI
No revision,FM,RESI,31,buy,0.039018436775000005,105.0,-4.096935861375001,W_RESI
No revision,FM,W_C,32,sell,0.039018436775000005,105.0,4.096935861375001,W_RESI
No revision,FM,RESI,32,buy,0.039018436775000005,105.0,-4.096935861375001,W_RESI
No revision,FM,W_C,33,sell,0.10605604732500001,105.0,11.135884969125001,W_RESI
No revision,FM,RESI,33,buy,0.10605604732500001,105.0,-11.135884969125001,W_RESI
No revision,FM,W_C,34,sell,0.10605604732500001,105.0,11.135884969125001,W_RESI
No revision,FM,RESI,34,buy,0.10605604732500001,105.0,-11.135884969125001,W_RESI
No revision,FM,W_C,35,sell,0.12955973625,105.0,13.60377230625,W_RESI
No revision,FM,RESI,35,buy,0.12955973625,105.0,-13.60377230625,W_RESI
No revision,FM,W_C,36,sell,0.12955973625,105.0,13.60377230625,W_RESI
No revision,FM,RESI,36,buy,0.12955973625,105.0,-13.60377230625,W_RESI
No revision,FM,W_C,37,sell,0.08857301010000002,105.0,9.300166060500002,W_RESI
No revision,FM,RESI,37,buy,0.08857301010000002,105.0,-9.300166060500002,W_RESI
No revision,FM,W_C,38,sell,0.08857301010000002,105.0,9.300166060500002,W_RESI
No revision,FM,RESI,38,buy,0.08857301010000002,105.0,-9.300166060500002,W_RESI
No revision,FM,W_C,39,sell,0.057890857275,105.0,6.078540013875,W_RESI
No revision,FM,RESI,39,buy,0.057890857275,105.0,-6.078540013875,W_RESI
No revision,FM,W_C,40,sell,0.057890857275,105.0,6.078540013875,W_RESI
No revision,FM,RESI,40,buy,0.057890857275,105.0,-6.078540013875,W_RESI
No revision,FM,W_C,41,sell,0.042028762625,105.0,4.413020075625,W_RESI
No revision,FM,RESI,41,buy,0.042028762625,105.0,-4.413020075625,W_RESI
No revision,FM,W_C,42,sell,0.042028762625,105.0,4.413020075625,W_RESI
No revision,FM,RESI,42,buy,0.042028762625,105.0,-4.413020075625,W_RESI
No revision,FM,W_C,43,sell,0.05522787430000001,105.0,5.7989268015,W_RESI
No revision,FM,RESI,43,buy,0.05522787430000001,105.0,-5.7989268015,W_RESI
No revision,FM,W_C,44,sell,0.05522787430000001,105.0,5.7989268015,W_RESI
No revision,FM,RESI,44,buy,0.05522787430000001,105.0,-5.7989268015,W_RESI
No revision,FM,W_C,45,sell,0.061248526000000005,105.0,6.43109523,W_RESI
No revision,FM,RESI,45,buy,0.061248526000000005,105.0,-6.43109523,W_RESI
No revision,FM,W_C,46,sell,0.061248526000000005,105.0,6.43109523,W_RESI
No revision,FM,RESI,46,buy,0.061248526000000005,105.0,-6.43109523,W_RESI
No revision,FM,W_C,47,sell,0.05962757950000001,105.0,6.2608958475000005,W_RESI
No revision,FM,RESI,47,buy,0.05962757950000001,105.0,-6.2608958475000005,W_RESI
No revision,FM,W_C,48,sell,0.05962757950000001,105.0,6.2608958475000005,W_RESI
No revision,FM,RESI,48,buy,0.05962757950000001,105.0,-6.2608958475000005,W_RESI
No revision,DAM,IND,1,buy,73.543603,156.17,-11485.30448051,DAM_IND_1
No revision,DAM,COM,1,buy,60.566522,156.17,-9458.67374074,DAM_COM_1
No revision,DAM,RESI,1,buy,140.13065,156.17,-21884.203610499997,DAM_RESI_1
No revision,DAM,W_C,1,sell,0.44182301,156.17,68.99949947169999,DAM_W_C_1
No revision,DAM,W_A,1,sell,1.4727434,156.17,229.99833677799998,DAM_W_A_1
No revision,DAM,DKL_ICE_H,1,sell,36.75,156.17,5739.2474999999995,DAM_DKL_ICE_H_FLEX_1
No revision,DAM,VAS_ST_H,1,sell,136.5,156.17,21317.204999999998,DAM_VAS_ST_H_FLEX_1
No revision,DAM,VAS_CCGT_D,1,sell,24.826209,156.17,3877.1090595299993,DAM_VAS_CCGT_D_FLEX_1
No revision,DAM,IND,2,buy,73.543603,156.17,-11485.30448051,DAM_IND_2
No revision,DAM,COM,2,buy,60.774218,156.17,-9491.109625059999,DAM_COM_2
No revision,DAM,RESI,2,buy,139.92295,156.17,-21851.767101499998,DAM_RESI_2
No revision,DAM,W_C,2,sell,0.44182301,156.17,68.99949947169999,DAM_W_C_2
No revision,DAM,W_A,2,sell,1.4727434,156.17,229.99833677799998,DAM_W_A_2
No revision,DAM,DKL_ICE_H,2,sell,36.75,156.17,5739.2474999999995,DAM_DKL_ICE_H_FLEX_2
No revision,DAM,VAS_ST_H,2,sell,136.5,156.17,21317.204999999998,DAM_VAS_ST_H_FLEX_2
No revision,DAM,VAS_CCGT_D,2,sell,24.826209,156.17,3877.1090595299993,DAM_VAS_CCGT_D_FLEX_2
No revision,DAM,IND,3,buy,73.5047,156.17,-11479.228998999999,DAM_IND_3
No revision,DAM,COM,3,buy,59.138495,156.17,-9235.65876415,DAM_COM_3
No revision,DAM,RESI,3,buy,135.09992,156.17,-21098.554506399996,DAM_RESI_3
No revision,DAM,W_C,3,sell,0.46127433,156.17,72.0372121161,DAM_W_C_3
No revision,DAM,W_A,3,sell,1.5375811,156.17,240.12404038699998,DAM_W_A_3
No revision,DAM,DKL_ICE_H,3,sell,36.75,156.17,5739.2474999999995,DAM_DKL_ICE_H_FLEX_3
No revision,DAM,VAS_ST_H,3,sell,136.5,156.17,21317.204999999998,DAM_VAS_ST_H_FLEX_3
No revision,DAM,VAS_CCGT_D,3,sell,18.244262,156.17,2849.20639654,DAM_VAS_CCGT_D_FLEX_3
No revision,DAM,IND,4,buy,73.5047,156.17,-11479.228998999999,DAM_IND_4
No revision,DAM,COM,4,buy,59.625466,156.17,-9311.70902522,DAM_COM_4
No revision,DAM,RESI,4,buy,134.61295,156.17,-21022.5044015,DAM_RESI_4
No revision,DAM,W_C,4,sell,0.46127433,156.17,72.0372121161,DAM_W_C_4
No revision,DAM,W_A,4,sell,1.5375811,156.17,240.12404038699998,DAM_W_A_4
No revision,DAM,DKL_ICE_H,4,sell,36.75,156.17,5739.2474999999995,DAM_DKL_ICE_H_FLEX_4
No revision,DAM,VAS_ST_H,4,sell,136.5,156.17,21317.204999999998,DAM_VAS_ST_H_FLEX_4
No revision,DAM,VAS_CCGT_D,4,sell,18.244262,156.17,2849.20639654,DAM_VAS_CCGT_D_FLEX_4
No revision,DAM,IND,5,buy,73.14624,156.17,-11423.2483008,DAM_IND_5
No revision,DAM,COM,5,buy,55.27045,156.17,-8631.586176499999,DAM_COM_5
No revision,DAM,RESI,5,buy,122.5303,156.17,-19135.556951,DAM_RESI_5
No revision,DAM,W_C,5,sell,0.64050442,156.17,100.02757527139998,DAM_W_C_5
No revision,DAM,W_A,5,sell,2.1350147,156.17,333.425245699,DAM_W_A_5
No revision,DAM,DKL_ICE_H,5,sell,36.75,156.17,5739.2474999999995,DAM_DKL_ICE_H_FLEX_5
No revision,DAM,VAS_ST_H,5,sell,136.5,156.17,21317.204999999998,DAM_VAS_ST_H_FLEX_5
No revision,DAM,VAS_CCGT_D,5,sell,0.67147572,156.17,104.86436319239999,DAM_VAS_CCGT_D_FLEX_5
No revision,DAM,IND,6,buy,73.14624,156.17,-11423.2483008,DAM_IND_6
No revision,DAM,COM,6,buy,56.246195,156.17,-8783.96827315,DAM_COM_6
No revision,DAM,RESI,6,buy,121.55456,156.17,-18983.175635199997,DAM_RESI_6
No revision,DAM,W_C,6,sell,0.64050442,156.17,100.02757527139998,DAM_W_C_6
No revision,DAM,W_A,6,sell,2.1350147,156.17,333.425245699,DAM_W_A_6
No revision,DAM,DKL_ICE_H,6,sell,36.75,156.17,5739.2474999999995,DAM_DKL_ICE_H_FLEX_6
No revision,DAM,VAS_ST_H,6,sell,136.5,156.17,21317.204999999998,DAM_VAS_ST_H_FLEX_6
No revision,DAM,VAS_CCGT_D,6,sell,0.67147572,156.17,104.86436319239999,DAM_VAS_CCGT_D_FLEX_6
No revision,DAM,IND,7,buy,72.696081,130.24,-9467.937589440002,DAM_IND_7
No revision,DAM,COM,7,buy,51.590065,130.24,-6719.090065600001,DAM_COM_7
No revision,DAM,RESI,7,buy,107.47857,130.24,-13998.008956800002,DAM_RESI_7
No revision,DAM,W_C,7,sell,0.86558407,130.24,112.73366927680001,DAM_W_C_7
No revision,DAM,W_A,7,sell,2.8852802,130.24,375.77889324800003,DAM_W_A_7
No revision,DAM,DKL_ICE_H,7,sell,36.75,130.24,4786.320000000001,DAM_DKL_ICE_H_FLEX_7
No revision,DAM,VAS_ST_H,7,sell,117.01385,130.24,15239.883824000002,DAM_VAS_ST_H_FLEX_7
No revision,DAM,IND,8,buy,72.696081,130.24,-9467.937589440002,DAM_IND_8
No revision,DAM,COM,8,buy,53.29377,130.24,-6940.980604800001,DAM_COM_8
No revision,DAM,RESI,8,buy,105.77486,130.24,-13776.1177664,DAM_RESI_8
No revision,DAM,W_C,8,sell,0.86558407,130.24,112.73366927680001,DAM_W_C_8
No revision,DAM,W_A,8,sell,2.8852802,130.24,375.77889324800003,DAM_W_A_8
No revision,DAM,DKL_ICE_H,8,sell,36.75,130.24,4786.320000000001,DAM_DKL_ICE_H_FLEX_8
No revision,DAM,VAS_ST_H,8,sell,117.01385,130.24,15239.883824000002,DAM_VAS_ST_H_FLEX_8
No revision,DAM,IND,9,buy,73.16986,130.24,-9529.6425664,DAM_IND_9
No revision,DAM,COM,9,buy,51.794759,130.24,-6745.74941216,DAM_COM_9
No revision,DAM,RESI,9,buy,96.553443,130.24,-12575.120416320002,DAM_RESI_9
No revision,DAM,W_C,9,sell,0.62869469,130.24,81.88119642560001,DAM_W_C_9
No revision,DAM,W_A,9,sell,2.095649,130.24,272.93732576,DAM_W_A_9
No revision,DAM,DKL_ICE_H,9,sell,36.75,130.24,4786.320000000001,DAM_DKL_ICE_H_FLEX_9
No revision,DAM,VAS_ST_H,9,sell,107.79372,130.24,14039.054092800001,DAM_VAS_ST_H_FLEX_9
No revision,DAM,IND,10,buy,73.16986,130.24,-9529.6425664,DAM_IND_10
No revision,DAM,COM,10,buy,54.505656,130.24,-7098.816637440001,DAM_COM_10
No revision,DAM,RESI,10,buy,93.842546,130.24,-12222.05319104,DAM_RESI_10
No revision,DAM,W_C,10,sell,0.62869469,130.24,81.88119642560001,DAM_W_C_10
No revision,DAM,W_A,10,sell,2.095649,130.24,272.93732576,DAM_W_A_10
No revision,DAM,DKL_ICE_H,10,sell,36.75,130.24,4786.320000000001,DAM_DKL_ICE_H_FLEX_10
No revision,DAM,VAS_ST_H,10,sell,107.79372,130.24,14039.054092800001,DAM_VAS_ST_H_FLEX_10
No revision,DAM,IND,11,buy,73.551939,130.24,-9579.404535360001,DAM_IND_11
No revision,DAM,COM,11,buy,57.382682,130.24,-7473.520503680001,DAM_COM_11
No revision,DAM,RESI,11,buy,89.821799,130.24,-11698.39110176,DAM_RESI_11
No revision,DAM,W_C,11,sell,0.43765487,130.24,57.0001702688,DAM_W_C_11
No revision,DAM,W_A,11,sell,1.4588496,130.24,190.000571904,DAM_W_A_11
No revision,DAM,DKL_ICE_H,11,sell,36.75,130.24,4786.320000000001,DAM_DKL_ICE_H_FLEX_11
No revision,DAM,VAS_ST_H,11,sell,107.85992,130.24,14047.6759808,DAM_VAS_ST_H_FLEX_11
No revision,DAM,IND,12,buy,73.551939,130.24,-9579.404535360001,DAM_IND_12
No revision,DAM,COM,12,buy,61.318756,130.24,-7986.154781440001,DAM_COM_12
No revision,DAM,RESI,12,buy,85.885725,130.24,-11185.756824,DAM_RESI_12
No revision,DAM,W_C,12,sell,0.43765487,130.24,57.0001702688,DAM_W_C_12
No revision,DAM,W_A,12,sell,1.4588496,130.24,190.000571904,DAM_W_A_12
No revision,DAM,DKL_ICE_H,12,sell,36.75,130.24,4786.320000000001,DAM_DKL_ICE_H_FLEX_12
No revision,DAM,VAS_ST_H,12,sell,107.85992,130.24,14047.6759808,DAM_VAS_ST_H_FLEX_12
No revision,DAM,IND,13,buy,73.503311,156.17,-11479.012078869999,DAM_IND_13
No revision,DAM,COM,13,buy,68.585463,156.17,-10710.99175671,DAM_COM_13
No revision,DAM,RESI,13,buy,84.864976,156.17,-13253.363301919999,DAM_RESI_13
No revision,DAM,PV_C,13,sell,1.797e-05,156.17,0.0028063749,DAM_PV_C_13
No revision,DAM,PV_A,13,sell,5.99e-05,156.17,0.009354583,DAM_PV_A_13
No revision,DAM,W_C,13,sell,0.46196902,156.17,72.1457018534,DAM_W_C_13
No revision,DAM,W_A,13,sell,1.5398967,156.17,240.48566763899996,DAM_W_A_13
No revision,DAM,DKL_ICE_H,13,sell,36.75,156.17,5739.2474999999995,DAM_DKL_ICE_H_FLEX_13
No revision,DAM,VAS_ST_H,13,sell,136.5,156.17,21317.204999999998,DAM_VAS_ST_H_FLEX_13
No revision,DAM,VAS_CCGT_D,13,sell,35.951807,156.17,5614.59369919,DAM_VAS_CCGT_D_FLEX_13
No revision,DAM,IND,14,buy,73.503311,156.17,-11479.012078869999,DAM_IND_14
No revision,DAM,COM,14,buy,73.666708,156.17,-11504.52978836,DAM_COM_14
No revision,DAM,RESI,14,buy,79.783731,156.17,-12459.82527027,DAM_RESI_14
No revision,DAM,PV_C,14,sell,1.797e-05,156.17,0.0028063749,DAM_PV_C_14
No revision,DAM,PV_A,14,sell,5.99e-05,156.17,0.009354583,DAM_PV_A_14
No revision,DAM,W_C,14,sell,0.46196902,156.17,72.1457018534,DAM_W_C_14
No revision,DAM,W_A,14,sell,1.5398967,156.17,240.48566763899996,DAM_W_A_14
No revision,DAM,DKL_ICE_H,14,sell,36.75,156.17,5739.2474999999995,DAM_DKL_ICE_H_FLEX_14
No revision,DAM,VAS_ST_H,14,sell,136.5,156.17,21317.204999999998,DAM_VAS_ST_H_FLEX_14
No revision,DAM,VAS_CCGT_D,14,sell,35.951807,156.17,5614.59369919,DAM_VAS_CCGT_D_FLEX_14
No revision,DAM,IND,15,buy,73.751315,156.17,-11517.74286355,DAM_IND_15
No revision,DAM,COM,15,buy,72.213224,156.17,-11277.53919208,DAM_COM_15
No revision,DAM,RESI,15,buy,70.253664,156.17,-10971.51470688,DAM_RESI_15
No revision,DAM,PV_C,15,sell,1.3667058,156.17,213.438444786,DAM_PV_C_15
No revision,DAM,PV_A,15,sell,4.555686,156.17,711.4614826199999,DAM_PV_A_15
No revision,DAM,W_C,15,sell,0.33796682,156.17,52.780278279399994,DAM_W_C_15
No revision,DAM,W_A,15,sell,1.1265561,156.17,175.93426613699998,DAM_W_A_15
No revision,DAM,DKL_ICE_H,15,sell,36.75,156.17,5739.2474999999995,DAM_DKL_ICE_H_FLEX_15
No revision,DAM,VAS_ST_H,15,sell,136.5,156.17,21317.204999999998,DAM_VAS_ST_H_FLEX_15
No revision,DAM,VAS_CCGT_D,15,sell,19.831288,156.17,3097.05224696,DAM_VAS_CCGT_D_FLEX_15
No revision,DAM,IND,16,buy,73.751315,156.17,-11517.74286355,DAM_IND_16
No revision,DAM,COM,16,buy,77.2691,156.17,-12067.115346999999,DAM_COM_16
No revision,DAM,RESI,16,buy,65.197788,156.17,-10181.93855196,DAM_RESI_16
No revision,DAM,PV_C,16,sell,1.3667058,156.17,213.438444786,DAM_PV_C_16
No revision,DAM,PV_A,16,sell,4.555686,156.17,711.4614826199999,DAM_PV_A_16
No revision,DAM,W_C,16,sell,0.33796682,156.17,52.780278279399994,DAM_W_C_16
No revision,DAM,W_A,16,sell,1.1265561,156.17,175.93426613699998,DAM_W_A_16
No revision,DAM,DKL_ICE_H,16,sell,36.75,156.17,5739.2474999999995,DAM_DKL_ICE_H_FLEX_16
No revision,DAM,VAS_ST_H,16,sell,136.5,156.17,21317.204999999998,DAM_VAS_ST_H_FLEX_16
No revision,DAM,VAS_CCGT_D,16,sell,19.831288,156.17,3097.05224696,DAM_VAS_CCGT_D_FLEX_16
No revision,DAM,IND,17,buy,73.96528,130.24,-9633.238067200002,DAM_IND_17
No revision,DAM,COM,17,buy,62.883121,130.24,-8189.897679040001,DAM_COM_17
No revision,DAM,RESI,17,buy,52.32165,130.24,-6814.371696,DAM_RESI_17
No revision,DAM,PV_C,17,sell,6.628754,130.24,863.32892096,DAM_PV_C_17
No revision,DAM,PV_A,17,sell,22.095847,130.24,2877.76311328,DAM_PV_A_17
No revision,DAM,W_C,17,sell,0.23098451,130.24,30.083422582400004,DAM_W_C_17
No revision,DAM,W_A,17,sell,0.76994837,130.24,100.27807570880002,DAM_W_A_17
No revision,DAM,DKL_ICE_H,17,sell,36.75,130.24,4786.320000000001,DAM_DKL_ICE_H_FLEX_17
No revision,DAM,VAS_ST_H,17,sell,106.94452,130.24,13928.4542848,DAM_VAS_ST_H_FLEX_17
No revision,DAM,IND,18,buy,73.96528,130.24,-9633.238067200002,DAM_IND_18
No revision,DAM,COM,18,buy,66.967558,130.24,-8721.85475392,DAM_COM_18
No revision,DAM,RESI,18,buy,48.237212,130.24,-6282.414490880001,DAM_RESI_18
No revision,DAM,PV_C,18,sell,6.628754,130.24,863.32892096,DAM_PV_C_18
No revision,DAM,PV_A,18,sell,22.095847,130.24,2877.76311328,DAM_PV_A_18
No revision,DAM,W_C,18,sell,0.23098451,130.24,30.083422582400004,DAM_W_C_18
No revision,DAM,W_A,18,sell,0.76994837,130.24,100.27807570880002,DAM_W_A_18
No revision,DAM,DKL_ICE_H,18,sell,36.75,130.24,4786.320000000001,DAM_DKL_ICE_H_FLEX_18
No revision,DAM,VAS_ST_H,18,sell,106.94452,130.24,13928.4542848,DAM_VAS_ST_H_FLEX_18
No revision,DAM,IND,19,buy,74.002793,130.24,-9638.12376032,DAM_IND_19
No revision,DAM,COM,19,buy,37.533259,130.24,-4888.331652160001,DAM_COM_19
No revision,DAM,RESI,19,buy,30.593583,130.24,-3984.5082499200003,DAM_RESI_19
No revision,DAM,PV_C,19,sell,12.395354,130.24,1614.37090496,DAM_PV_C_19
No revision,DAM,PV_A,19,sell,41.317848,130.24,5381.23652352,DAM_PV_A_19
No revision,DAM,W_C,19,sell,0.21222788,130.24,27.640559091200004,DAM_W_C_19
No revision,DAM,W_A,19,sell,0.70742626,130.24,92.1351961024,DAM_W_A_19
No revision,DAM,DKL_ICE_H,19,sell,36.75,130.24,4786.320000000001,DAM_DKL_ICE_H_FLEX_19
No revision,DAM,VAS_ST_H,19,sell,34.996779,130.24,4557.98049696,DAM_VAS_ST_H_FLEX_19
No revision,DAM,IND,20,buy,74.002793,130.24,-9638.12376032,DAM_IND_20
No revision,DAM,COM,20,buy,39.910526,130.24,-5197.94690624,DAM_COM_20
No revision,DAM,RESI,20,buy,28.216316,130.24,-3674.89299584,DAM_RESI_20
No revision,DAM,PV_C,20,sell,12.395354,130.24,1614.37090496,DAM_PV_C_20
No revision,DAM,PV_A,20,sell,41.317848,130.24,5381.23652352,DAM_PV_A_20
No revision,DAM,W_C,20,sell,0.21222788,130.24,27.640559091200004,DAM_W_C_20
No revision,DAM,W_A,20,sell,0.70742626,130.24,92.1351961024,DAM_W_A_20
No revision,DAM,DKL_ICE_H,20,sell,36.75,130.24,4786.320000000001,DAM_DKL_ICE_H_FLEX_20
No revision,DAM,VAS_ST_H,20,sell,34.996779,130.24,4557.98049696,DAM_VAS_ST_H_FLEX_20
No revision,DAM,IND,21,buy,74.193833,130.24,-9663.004809920001,DAM_IND_21
No revision,DAM,COM,21,buy,30.87463,130.24,-4021.1118112000004,DAM_COM_21
No revision,DAM,RESI,21,buy,22.980643,130.24,-2992.99894432,DAM_RESI_21
No revision,DAM,PV_C,21,sell,15.416863,130.24,2007.8922371200001,DAM_PV_C_21
No revision,DAM,PV_A,21,sell,51.389544,130.24,6692.974210560001,DAM_PV_A_21
No revision,DAM,W_C,21,sell,0.11670796,130.24,15.2000447104,DAM_W_C_21
No revision,DAM,W_A,21,sell,0.38902653,130.24,50.6668152672,DAM_W_A_21
No revision,DAM,DKL_ICE_H,21,sell,36.75,130.24,4786.320000000001,DAM_DKL_ICE_H_FLEX_21
No revision,DAM,VAS_ST_H,21,sell,8.2369641,130.24,1072.7822043840001,DAM_VAS_ST_H_FLEX_21
No revision,DAM,IND,22,buy,74.193833,130.24,-9663.004809920001,DAM_IND_22
No revision,DAM,COM,22,buy,32.333854,130.24,-4211.1611449600005,DAM_COM_22
No revision,DAM,RESI,22,buy,21.521419,130.24,-2802.9496105600006,DAM_RESI_22
No revision,DAM,PV_C,22,sell,15.416863,130.24,2007.8922371200001,DAM_PV_C_22
No revision,DAM,PV_A,22,sell,51.389544,130.24,6692.974210560001,DAM_PV_A_22
No revision,DAM,W_C,22,sell,0.11670796,130.24,15.2000447104,DAM_W_C_22
No revision,DAM,W_A,22,sell,0.38902653,130.24,50.6668152672,DAM_W_A_22
No revision,DAM,DKL_ICE_H,22,sell,36.75,130.24,4786.320000000001,DAM_DKL_ICE_H_FLEX_22
No revision,DAM,VAS_ST_H,22,sell,8.2369641,130.24,1072.7822043840001,DAM_VAS_ST_H_FLEX_22
No revision,DAM,IND,23,buy,74.303594,125.3,-9310.2403282,DAM_IND_23
No revision,DAM,COM,23,buy,29.841748,125.3,-3739.1710243999996,DAM_COM_23
No revision,DAM,RESI,23,buy,19.607016,125.3,-2456.7591048,DAM_RESI_23
No revision,DAM,PV_C,23,sell,16.602028,125.3,2080.2341084,DAM_PV_C_23
No revision,DAM,PV_A,23,sell,55.340094,125.3,6934.1137782,DAM_PV_A_23
No revision,DAM,W_C,23,sell,0.061827428,125.3,7.746976728399999,DAM_W_C_23
No revision,DAM,W_A,23,sell,0.20609143,125.3,25.823256178999998,DAM_W_A_23
No revision,DAM,DKL_ICE_H,23,sell,35.792318,125.3,4484.7774454,DAM_DKL_ICE_H_FLEX_23
No revision,DAM,IND,24,buy,74.303594,125.3,-9310.2403282,DAM_IND_24
No revision,DAM,COM,24,buy,30.481919,125.3,-3819.3844507,DAM_COM_24
No revision,DAM,RESI,24,buy,18.966846,125.3,-2376.5458038,DAM_RESI_24
No revision,DAM,PV_C,24,sell,16.602028,125.3,2080.2341084,DAM_PV_C_24
No revision,DAM,PV_A,24,sell,55.340094,125.3,6934.1137782,DAM_PV_A_24
No revision,DAM,W_C,24,sell,0.061827428,125.3,7.746976728399999,DAM_W_C_24
No revision,DAM,W_A,24,sell,0.20609143,125.3,25.823256178999998,DAM_W_A_24
No revision,DAM,DKL_ICE_H,24,sell,35.792318,125.3,4484.7774454,DAM_DKL_ICE_H_FLEX_24
No revision,DAM,IND,25,buy,74.288311,130.24,-9675.30962464,DAM_IND_25
No revision,DAM,COM,25,buy,34.729319,130.24,-4523.14650656,DAM_COM_25
No revision,DAM,RESI,25,buy,20.202089,130.24,-2631.12007136,DAM_RESI_25
No revision,DAM,PV_C,25,sell,16.40126,130.24,2136.1001024,DAM_PV_C_25
No revision,DAM,PV_A,25,sell,54.670867,130.24,7120.333718080001,DAM_PV_A_25
No revision,DAM,W_C,25,sell,0.069469026,130.24,9.047645946240001,DAM_W_C_25
No revision,DAM,W_A,25,sell,0.23156342,130.24,30.1588198208,DAM_W_A_25
No revision,DAM,DKL_ICE_H,25,sell,36.75,130.24,4786.320000000001,DAM_DKL_ICE_H_FLEX_25
No revision,DAM,VAS_ST_H,25,sell,5.3465594,130.24,696.3358962560001,DAM_VAS_ST_H_FLEX_25
No revision,DAM,IND,26,buy,74.288311,130.24,-9675.30962464,DAM_IND_26
No revision,DAM,COM,26,buy,34.464237,130.24,-4488.62222688,DAM_COM_26
No revision,DAM,RESI,26,buy,20.467172,130.24,-2665.6444812800005,DAM_RESI_26
No revision,DAM,PV_C,26,sell,16.40126,130.24,2136.1001024,DAM_PV_C_26
No revision,DAM,PV_A,26,sell,54.670867,130.24,7120.333718080001,DAM_PV_A_26
No revision,DAM,W_C,26,sell,0.069469026,130.24,9.047645946240001,DAM_W_C_26
No revision,DAM,W_A,26,sell,0.23156342,130.24,30.1588198208,DAM_W_A_26
No revision,DAM,DKL_ICE_H,26,sell,36.75,130.24,4786.320000000001,DAM_DKL_ICE_H_FLEX_26
No revision,DAM,VAS_ST_H,26,sell,5.3465594,130.24,696.3358962560001,DAM_VAS_ST_H_FLEX_26
No revision,DAM,IND,27,buy,74.332077,130.24,-9681.00970848,DAM_IND_27
No revision,DAM,COM,27,buy,37.06556,130.24,-4827.4185344,DAM_COM_27
No revision,DAM,RESI,27,buy,21.981837,130.24,-2862.91445088,DAM_RESI_27
No revision,DAM,PV_C,27,sell,14.995921,130.24,1953.06875104,DAM_PV_C_27
No revision,DAM,PV_A,27,sell,49.986403,130.24,6510.229126720001,DAM_PV_A_27
No revision,DAM,W_C,27,sell,0.047586284,130.24,6.197637628160001,DAM_W_C_27
No revision,DAM,W_A,27,sell,0.15862095,130.24,20.658792528000003,DAM_W_A_27
No revision,DAM,DKL_ICE_H,27,sell,36.75,130.24,4786.320000000001,DAM_DKL_ICE_H_FLEX_27
No revision,DAM,VAS_ST_H,27,sell,15.690942,130.24,2043.5882860800002,DAM_VAS_ST_H_FLEX_27
No revision,DAM,IND,28,buy,74.332077,130.24,-9681.00970848,DAM_IND_28
No revision,DAM,COM,28,buy,35.662913,130.24,-4644.73778912,DAM_COM_28
No revision,DAM,RESI,28,buy,23.384484,130.24,-3045.5951961600003,DAM_RESI_28
No revision,DAM,PV_C,28,sell,14.995921,130.24,1953.06875104,DAM_PV_C_28
No revision,DAM,PV_A,28,sell,49.986403,130.24,6510.229126720001,DAM_PV_A_28
No revision,DAM,W_C,28,sell,0.047586284,130.24,6.197637628160001,DAM_W_C_28
No revision,DAM,W_A,28,sell,0.15862095,130.24,20.658792528000003,DAM_W_A_28
No revision,DAM,DKL_ICE_H,28,sell,36.75,130.24,4786.320000000001,DAM_DKL_ICE_H_FLEX_28
No revision,DAM,VAS_ST_H,28,sell,15.690942,130.24,2043.5882860800002,DAM_VAS_ST_H_FLEX_28
No revision,DAM,IND,29,buy,74.314015,130.24,-9678.6573136,DAM_IND_29
No revision,DAM,COM,29,buy,49.051838,130.24,-6388.51138112,DAM_COM_29
No revision,DAM,RESI,29,buy,30.858545,130.24,-4019.0169008000003,DAM_RESI_29
No revision,DAM,PV_C,29,sell,11.851612,130.24,1543.55394688,DAM_PV_C_29
No revision,DAM,PV_A,29,sell,39.505373,130.24,5145.17977952,DAM_PV_A_29
No revision,DAM,W_C,29,sell,0.056617262,130.24,7.373832202880001,DAM_W_C_29
No revision,DAM,W_A,29,sell,0.1887242,130.24,24.579439808000004,DAM_W_A_29
No revision,DAM,DKL_ICE_H,29,sell,36.75,130.24,4786.320000000001,DAM_DKL_ICE_H_FLEX_29
No revision,DAM,VAS_ST_H,29,sell,50.122071,130.24,6527.89852704,DAM_VAS_ST_H_FLEX_29
No revision,DAM,IND,30,buy,74.314015,130.24,-9678.6573136,DAM_IND_30
No revision,DAM,COM,30,buy,45.929512,130.24,-5981.859642880001,DAM_COM_30
No revision,DAM,RESI,30,buy,33.98087,130.24,-4425.6685088,DAM_RESI_30
No revision,DAM,PV_C,30,sell,11.851612,130.24,1543.55394688,DAM_PV_C_30
No revision,DAM,PV_A,30,sell,39.505373,130.24,5145.17977952,DAM_PV_A_30
No revision,DAM,W_C,30,sell,0.056617262,130.24,7.373832202880001,DAM_W_C_30
No revision,DAM,W_A,30,sell,0.1887242,130.24,24.579439808000004,DAM_W_A_30
No revision,DAM,DKL_ICE_H,30,sell,36.75,130.24,4786.320000000001,DAM_DKL_ICE_H_FLEX_30
No revision,DAM,VAS_ST_H,30,sell,50.122071,130.24,6527.89852704,DAM_VAS_ST_H_FLEX_30
No revision,DAM,IND,31,buy,74.193138,130.24,-9662.914293120002,DAM_IND_31
No revision,DAM,COM,31,buy,73.654507,130.24,-9592.76299168,DAM_COM_31
No revision,DAM,RESI,31,buy,53.20404,130.24,-6929.294169600001,DAM_RESI_31
No revision,DAM,PV_C,31,sell,6.7614013,130.24,880.604905312,DAM_PV_C_31
No revision,DAM,PV_A,31,sell,22.538004,130.24,2935.34964096,DAM_PV_A_31
No revision,DAM,W_C,31,sell,0.11705531,130.24,15.2452835744,DAM_W_C_31
No revision,DAM,W_A,31,sell,0.39018437,130.24,50.817612348800004,DAM_W_A_31
No revision,DAM,DKL_ICE_H,31,sell,36.75,130.24,4786.320000000001,DAM_DKL_ICE_H_FLEX_31
No revision,DAM,VAS_ST_H,31,sell,118.74504,130.24,15465.354009600002,DAM_VAS_ST_H_FLEX_31
No revision,DAM,IND,32,buy,74.193138,130.24,-9662.914293120002,DAM_IND_32
No revision,DAM,COM,32,buy,67.550567,130.24,-8797.78584608,DAM_COM_32
No revision,DAM,RESI,32,buy,59.307981,130.24,-7724.27144544,DAM_RESI_32
No revision,DAM,PV_C,32,sell,6.7614013,130.24,880.604905312,DAM_PV_C_32
No revision,DAM,PV_A,32,sell,22.538004,130.24,2935.34964096,DAM_PV_A_32
No revision,DAM,W_C,32,sell,0.11705531,130.24,15.2452835744,DAM_W_C_32
No revision,DAM,W_A,32,sell,0.39018437,130.24,50.817612348800004,DAM_W_A_32
No revision,DAM,DKL_ICE_H,32,sell,36.75,130.24,4786.320000000001,DAM_DKL_ICE_H_FLEX_32
No revision,DAM,VAS_ST_H,32,sell,118.74504,130.24,15465.354009600002,DAM_VAS_ST_H_FLEX_32
No revision,DAM,IND,33,buy,73.790913,156.17,-11523.926883209999,DAM_IND_33
No revision,DAM,COM,33,buy,93.152027,156.17,-14547.552056589999,DAM_COM_33
No revision,DAM,RESI,33,buy,88.514031,156.17,-13823.236221269999,DAM_RESI_33
No revision,DAM,PV_C,33,sell,1.8043054,156.17,281.778374318,DAM_PV_C_33
No revision,DAM,PV_A,33,sell,6.0143513,156.17,939.261242521,DAM_PV_A_33
No revision,DAM,W_C,33,sell,0.31816814,156.17,49.68831842379999,DAM_W_C_33
No revision,DAM,W_A,33,sell,1.0605605,156.17,165.62773328499998,DAM_W_A_33
No revision,DAM,DKL_ICE_H,33,sell,36.75,156.17,5739.2474999999995,DAM_DKL_ICE_H_FLEX_33
No revision,DAM,VAS_ST_H,33,sell,136.5,156.17,21317.204999999998,DAM_VAS_ST_H_FLEX_33
No revision,DAM,VAS_CCGT_D,33,sell,57.259586,156.17,8942.229545619999,DAM_VAS_CCGT_D_FLEX_33
No revision,DAM,IND,34,buy,73.790913,156.17,-11523.926883209999,DAM_IND_34
No revision,DAM,COM,34,buy,83.645994,156.17,-13062.99488298,DAM_COM_34
No revision,DAM,RESI,34,buy,98.020064,156.17,-15307.79339488,DAM_RESI_34
No revision,DAM,PV_C,34,sell,1.8043054,156.17,281.778374318,DAM_PV_C_34
No revision,DAM,PV_A,34,sell,6.0143513,156.17,939.261242521,DAM_PV_A_34
No revision,DAM,W_C,34,sell,0.31816814,156.17,49.68831842379999,DAM_W_C_34
No revision,DAM,W_A,34,sell,1.0605605,156.17,165.62773328499998,DAM_W_A_34
No revision,DAM,DKL_ICE_H,34,sell,36.75,156.17,5739.2474999999995,DAM_DKL_ICE_H_FLEX_34
No revision,DAM,VAS_ST_H,34,sell,136.5,156.17,21317.204999999998,DAM_VAS_ST_H_FLEX_34
No revision,DAM,VAS_CCGT_D,34,sell,57.259586,156.17,8942.229545619999,DAM_VAS_CCGT_D_FLEX_34
No revision,DAM,IND,35,buy,73.649891,156.17,-11501.90347747,DAM_IND_35
No revision,DAM,COM,35,buy,99.098124,156.17,-15476.154025079999,DAM_COM_35
No revision,DAM,RESI,35,buy,138.19643,156.17,-21582.136473099996,DAM_RESI_35
No revision,DAM,W_C,35,sell,0.38867921,156.17,60.70003222569999,DAM_W_C_35
No revision,DAM,W_A,35,sell,1.2955974,156.17,202.33344595799997,DAM_W_A_35
No revision,DAM,DKL_ICE_H,35,sell,36.75,156.17,5739.2474999999995,DAM_DKL_ICE_H_FLEX_35
No revision,DAM,VAS_ST_H,35,sell,136.5,156.17,21317.204999999998,DAM_VAS_ST_H_FLEX_35
No revision,DAM,VAS_CCGT_D,35,sell,120.26017,156.17,18781.0307489,DAM_VAS_CCGT_D_FLEX_35
No revision,DAM,IND,36,buy,73.649891,156.17,-11501.90347747,DAM_IND_36
No revision,DAM,COM,36,buy,87.252437,156.17,-13626.21308629,DAM_COM_36
No revision,DAM,RESI,36,buy,150.04212,156.17,-23432.0778804,DAM_RESI_36
No revision,DAM,W_C,36,sell,0.38867921,156.17,60.70003222569999,DAM_W_C_36
No revision,DAM,W_A,36,sell,1.2955974,156.17,202.33344595799997,DAM_W_A_36
No revision,DAM,DKL_ICE_H,36,sell,36.75,156.17,5739.2474999999995,DAM_DKL_ICE_H_FLEX_36
No revision,DAM,VAS_ST_H,36,sell,136.5,156.17,21317.204999999998,DAM_VAS_ST_H_FLEX_36
No revision,DAM,VAS_CCGT_D,36,sell,120.26017,156.17,18781.0307489,DAM_VAS_CCGT_D_FLEX_36
No revision,DAM,IND,37,buy,73.895811,156.17,-11540.308803869999,DAM_IND_37
No revision,DAM,COM,37,buy,87.185303,156.17,-13615.72876951,DAM_COM_37
No revision,DAM,RESI,37,buy,183.77862,156.17,-28700.707085399998,DAM_RESI_37
No revision,DAM,W_C,37,sell,0.26571903,156.17,41.4973409151,DAM_W_C_37
No revision,DAM,W_A,37,sell,0.8857301,156.17,138.32446971699997,DAM_W_A_37
No revision,DAM,DKL_ICE_H,37,sell,36.75,156.17,5739.2474999999995,DAM_DKL_ICE_H_FLEX_37
No revision,DAM,VAS_ST_H,37,sell,136.5,156.17,21317.204999999998,DAM_VAS_ST_H_FLEX_37
No revision,DAM,VAS_CCGT_D,37,sell,96.20829,156.17,15024.8486493,DAM_VAS_CCGT_D_FLEX_37
No revision,DAM,IND,38,buy,73.895811,156.17,-11540.308803869999,DAM_IND_38
No revision,DAM,COM,38,buy,76.279391,156.17,-11912.55249247,DAM_COM_38
No revision,DAM,RESI,38,buy,194.68454,156.17,-30403.884611799996,DAM_RESI_38
No revision,DAM,W_C,38,sell,0.26571903,156.17,41.4973409151,DAM_W_C_38
No revision,DAM,W_A,38,sell,0.8857301,156.17,138.32446971699997,DAM_W_A_38
No revision,DAM,DKL_ICE_H,38,sell,36.75,156.17,5739.2474999999995,DAM_DKL_ICE_H_FLEX_38
No revision,DAM,VAS_ST_H,38,sell,136.5,156.17,21317.204999999998,DAM_VAS_ST_H_FLEX_38
No revision,DAM,VAS_CCGT_D,38,sell,96.20829,156.17,15024.8486493,DAM_VAS_CCGT_D_FLEX_38
No revision,DAM,IND,39,buy,74.079904,156.17,-11569.05860768,DAM_IND_39
No revision,DAM,COM,39,buy,69.747918,156.17,-10892.532354059998,DAM_COM_39
No revision,DAM,RESI,39,buy,211.83845,156.17,-33082.810736499996,DAM_RESI_39
No revision,DAM,W_C,39,sell,0.17367257,156.17,27.122445256899997,DAM_W_C_39
No revision,DAM,W_A,39,sell,0.57890857,156.17,90.40815137689998,DAM_W_A_39
No revision,DAM,DKL_ICE_H,39,sell,36.75,156.17,5739.2474999999995,DAM_DKL_ICE_H_FLEX_39
No revision,DAM,VAS_ST_H,39,sell,136.5,156.17,21317.204999999998,DAM_VAS_ST_H_FLEX_39
No revision,DAM,VAS_CCGT_D,39,sell,107.41369,156.17,16774.7959673,DAM_VAS_CCGT_D_FLEX_39
No revision,DAM,IND,40,buy,74.079904,156.17,-11569.05860768,DAM_IND_40
No revision,DAM,COM,40,buy,62.124157,156.17,-9701.929598689998,DAM_COM_40
No revision,DAM,RESI,40,buy,219.46221,156.17,-34273.413335699996,DAM_RESI_40
No revision,DAM,W_C,40,sell,0.17367257,156.17,27.122445256899997,DAM_W_C_40
No revision,DAM,W_A,40,sell,0.57890857,156.17,90.40815137689998,DAM_W_A_40
No revision,DAM,DKL_ICE_H,40,sell,36.75,156.17,5739.2474999999995,DAM_DKL_ICE_H_FLEX_40
No revision,DAM,VAS_ST_H,40,sell,136.5,156.17,21317.204999999998,DAM_VAS_ST_H_FLEX_40
No revision,DAM,VAS_CCGT_D,40,sell,107.41369,156.17,16774.7959673,DAM_VAS_CCGT_D_FLEX_40
No revision,DAM,IND,41,buy,74.175077,156.17,-11583.921775089999,DAM_IND_41
No revision,DAM,COM,41,buy,56.394614,156.17,-8807.14686838,DAM_COM_41
No revision,DAM,RESI,41,buy,225.50887,156.17,-35217.7202279,DAM_RESI_41
No revision,DAM,W_C,41,sell,0.12608629,156.17,19.690895909299996,DAM_W_C_41
No revision,DAM,W_A,41,sell,0.42028763,156.17,65.63631917709999,DAM_W_A_41
No revision,DAM,DKL_ICE_H,41,sell,36.75,156.17,5739.2474999999995,DAM_DKL_ICE_H_FLEX_41
No revision,DAM,VAS_ST_H,41,sell,136.5,156.17,21317.204999999998,DAM_VAS_ST_H_FLEX_41
No revision,DAM,VAS_CCGT_D,41,sell,108.03218,156.17,16871.385550599996,DAM_VAS_CCGT_D_FLEX_41
No revision,DAM,IND,42,buy,74.175077,156.17,-11583.921775089999,DAM_IND_42
No revision,DAM,COM,42,buy,52.309453,156.17,-8169.167275009999,DAM_COM_42
No revision,DAM,RESI,42,buy,229.59403,156.17,-35855.6996651,DAM_RESI_42
No revision,DAM,W_C,42,sell,0.12608629,156.17,19.690895909299996,DAM_W_C_42
No revision,DAM,W_A,42,sell,0.42028763,156.17,65.63631917709999,DAM_W_A_42
No revision,DAM,DKL_ICE_H,42,sell,36.75,156.17,5739.2474999999995,DAM_DKL_ICE_H_FLEX_42
No revision,DAM,VAS_ST_H,42,sell,136.5,156.17,21317.204999999998,DAM_VAS_ST_H_FLEX_42
No revision,DAM,VAS_CCGT_D,42,sell,108.03218,156.17,16871.385550599996,DAM_VAS_CCGT_D_FLEX_42
No revision,DAM,IND,43,buy,74.095882,156.17,-11571.553891939999,DAM_IND_43
No revision,DAM,COM,43,buy,47.897088,156.17,-7480.088232959999,DAM_COM_43
No revision,DAM,RESI,43,buy,223.32102,156.17,-34876.043693399995,DAM_RESI_43
No revision,DAM,W_C,43,sell,0.16568362,156.17,25.8748109354,DAM_W_C_43
No revision,DAM,W_A,43,sell,0.55227874,156.17,86.24937082579999,DAM_W_A_43
No revision,DAM,DKL_ICE_H,43,sell,36.75,156.17,5739.2474999999995,DAM_DKL_ICE_H_FLEX_43
No revision,DAM,VAS_ST_H,43,sell,136.5,156.17,21317.204999999998,DAM_VAS_ST_H_FLEX_43
No revision,DAM,VAS_CCGT_D,43,sell,97.096029,156.17,15163.486848929999,DAM_VAS_CCGT_D_FLEX_43
No revision,DAM,IND,44,buy,74.095882,156.17,-11571.553891939999,DAM_IND_44
No revision,DAM,COM,44,buy,46.812482,156.17,-7310.7053139399995,DAM_COM_44
No revision,DAM,RESI,44,buy,224.40563,156.17,-35045.4272371,DAM_RESI_44
No revision,DAM,W_C,44,sell,0.16568362,156.17,25.8748109354,DAM_W_C_44
No revision,DAM,W_A,44,sell,0.55227874,156.17,86.24937082579999,DAM_W_A_44
No revision,DAM,DKL_ICE_H,44,sell,36.75,156.17,5739.2474999999995,DAM_DKL_ICE_H_FLEX_44
No revision,DAM,VAS_ST_H,44,sell,136.5,156.17,21317.204999999998,DAM_VAS_ST_H_FLEX_44
No revision,DAM,VAS_CCGT_D,44,sell,97.096029,156.17,15163.486848929999,DAM_VAS_CCGT_D_FLEX_44
No revision,DAM,IND,45,buy,74.059758,156.17,-11565.91240686,DAM_IND_45
No revision,DAM,COM,45,buy,42.955776,156.17,-6708.4035379199995,DAM_COM_45
No revision,DAM,RESI,45,buy,205.2701,156.17,-32057.031517,DAM_RESI_45
No revision,DAM,W_C,45,sell,0.18374558,156.17,28.695547228599995,DAM_W_C_45
No revision,DAM,W_A,45,sell,0.61248526,156.17,95.6518230542,DAM_W_A_45
No revision,DAM,DKL_ICE_H,45,sell,36.75,156.17,5739.2474999999995,DAM_DKL_ICE_H_FLEX_45
No revision,DAM,VAS_ST_H,45,sell,136.5,156.17,21317.204999999998,DAM_VAS_ST_H_FLEX_45
No revision,DAM,VAS_CCGT_D,45,sell,73.9894,156.17,11554.924598,DAM_VAS_CCGT_D_FLEX_45
No revision,DAM,IND,46,buy,74.059758,156.17,-11565.91240686,DAM_IND_46
No revision,DAM,COM,46,buy,44.041994,156.17,-6878.03820298,DAM_COM_46
No revision,DAM,RESI,46,buy,204.18388,156.17,-31887.396539599995,DAM_RESI_46
No revision,DAM,W_C,46,sell,0.18374558,156.17,28.695547228599995,DAM_W_C_46
No revision,DAM,W_A,46,sell,0.61248526,156.17,95.6518230542,DAM_W_A_46
No revision,DAM,DKL_ICE_H,46,sell,36.75,156.17,5739.2474999999995,DAM_DKL_ICE_H_FLEX_46
No revision,DAM,VAS_ST_H,46,sell,136.5,156.17,21317.204999999998,DAM_VAS_ST_H_FLEX_46
No revision,DAM,VAS_CCGT_D,46,sell,73.9894,156.17,11554.924598,DAM_VAS_CCGT_D_FLEX_46
No revision,DAM,IND,47,buy,74.069484,156.17,-11567.431316279999,DAM_IND_47
No revision,DAM,COM,47,buy,40.540615,156.17,-6331.22784455,DAM_COM_47
No revision,DAM,RESI,47,buy,178.34921,156.17,-27852.7961257,DAM_RESI_47
No revision,DAM,W_C,47,sell,0.17888274,156.17,27.9361175058,DAM_W_C_47
No revision,DAM,W_A,47,sell,0.59627579,156.17,93.12039012429999,DAM_W_A_47
No revision,DAM,DKL_ICE_H,47,sell,36.75,156.17,5739.2474999999995,DAM_DKL_ICE_H_FLEX_47
No revision,DAM,VAS_ST_H,47,sell,136.5,156.17,21317.204999999998,DAM_VAS_ST_H_FLEX_47
No revision,DAM,VAS_CCGT_D,47,sell,44.684149,156.17,6978.323549329999,DAM_VAS_CCGT_D_FLEX_47
No revision,DAM,IND,48,buy,74.069484,156.17,-11567.431316279999,DAM_IND_48
No revision,DAM,COM,48,buy,42.855348,156.17,-6692.71969716,DAM_COM_48
No revision,DAM,RESI,48,buy,176.03448,156.17,-27491.304741599997,DAM_RESI_48
No revision,DAM,W_C,48,sell,0.17888274,156.17,27.9361175058,DAM_W_C_48
No revision,DAM,W_A,48,sell,0.5962758,156.17,93.12039168599999,DAM_W_A_48
No revision,DAM,DKL_ICE_H,48,sell,36.75,156.17,5739.2474999999995,DAM_DKL_ICE_H_FLEX_48
No revision,DAM,VAS_ST_H,48,sell,136.5,156.17,21317.204999999998,DAM_VAS_ST_H_FLEX_48
No revision,DAM,VAS_CCGT_D,48,sell,44.684149,156.17,6978.323549329999,DAM_VAS_CCGT_D_FLEX_48
No revision,DAM,DKL_ICE_H,1,sell,15.75,156.17,2459.6775,DAM_BLOCK_DKL_ICE_H_1
No revision,DAM,DKL_ICE_H,2,sell,15.75,156.17,2459.6775,DAM_BLOCK_DKL_ICE_H_1
No revision,DAM,DKL_ICE_H,3,sell,15.75,156.17,2459.6775,DAM_BLOCK_DKL_ICE_H_1
No revision,DAM,DKL_ICE_H,4,sell,15.75,156.17,2459.6775,DAM_BLOCK_DKL_ICE_H_1
No revision,DAM,DKL_ICE_H,5,sell,15.75,156.17,2459.6775,DAM_BLOCK_DKL_ICE_H_1
No revision,DAM,DKL_ICE_H,6,sell,15.75,156.17,2459.6775,DAM_BLOCK_DKL_ICE_H_1
No revision,DAM,DKL_ICE_H,7,sell,15.75,130.24,2051.28,DAM_BLOCK_DKL_ICE_H_1
No revision,DAM,DKL_ICE_H,8,sell,15.75,130.24,2051.28,DAM_BLOCK_DKL_ICE_H_1
No revision,DAM,DKL_ICE_H,9,sell,15.75,130.24,2051.28,DAM_BLOCK_DKL_ICE_H_1
No revision,DAM,DKL_ICE_H,10,sell,15.75,130.24,2051.28,DAM_BLOCK_DKL_ICE_H_1
No revision,DAM,DKL_ICE_H,11,sell,15.75,130.24,2051.28,DAM_BLOCK_DKL_ICE_H_1
No revision,DAM,DKL_ICE_H,12,sell,15.75,130.24,2051.28,DAM_BLOCK_DKL_ICE_H_1
No revision,DAM,DKL_ICE_H,13,sell,15.75,156.17,2459.6775,DAM_BLOCK_DKL_ICE_H_13
No revision,DAM,DKL_ICE_H,14,sell,15.75,156.17,2459.6775,DAM_BLOCK_DKL_ICE_H_13
No revision,DAM,DKL_ICE_H,15,sell,15.75,156.17,2459.6775,DAM_BLOCK_DKL_ICE_H_13
No revision,DAM,DKL_ICE_H,16,sell,15.75,156.17,2459.6775,DAM_BLOCK_DKL_ICE_H_13
No revision,DAM,DKL_ICE_H,17,sell,15.75,130.24,2051.28,DAM_BLOCK_DKL_ICE_H_13
No revision,DAM,DKL_ICE_H,18,sell,15.75,130.24,2051.28,DAM_BLOCK_DKL_ICE_H_13
No revision,DAM,DKL_ICE_H,19,sell,15.75,130.24,2051.28,DAM_BLOCK_DKL_ICE_H_13
No revision,DAM,DKL_ICE_H,20,sell,15.75,130.24,2051.28,DAM_BLOCK_DKL_ICE_H_13
No revision,DAM,DKL_ICE_H,21,sell,15.75,130.24,2051.28,DAM_BLOCK_DKL_ICE_H_13
No revision,DAM,DKL_ICE_H,22,sell,15.75,130.24,2051.28,DAM_BLOCK_DKL_ICE_H_13
No revision,DAM,DKL_ICE_H,23,sell,15.75,125.3,1973.475,DAM_BLOCK_DKL_ICE_H_13
No revision,DAM,DKL_ICE_H,24,sell,15.75,125.3,1973.475,DAM_BLOCK_DKL_ICE_H_13
No revision,DAM,DKL_ICE_H,25,sell,15.75,130.24,2051.28,DAM_BLOCK_DKL_ICE_H_25
No revision,DAM,DKL_ICE_H,26,sell,15.75,130.24,2051.28,DAM_BLOCK_DKL_ICE_H_25
No revision,DAM,DKL_ICE_H,27,sell,15.75,130.24,2051.28,DAM_BLOCK_DKL_ICE_H_25
No revision,DAM,DKL_ICE_H,28,sell,15.75,130.24,2051.28,DAM_BLOCK_DKL_ICE_H_25
No revision,DAM,DKL_ICE_H,29,sell,15.75,130.24,2051.28,DAM_BLOCK_DKL_ICE_H_25
No revision,DAM,DKL_ICE_H,30,sell,15.75,130.24,2051.28,DAM_BLOCK_DKL_ICE_H_25
No revision,DAM,DKL_ICE_H,31,sell,15.75,130.24,2051.28,DAM_BLOCK_DKL_ICE_H_25
No revision,DAM,DKL_ICE_H,32,sell,15.75,130.24,2051.28,DAM_BLOCK_DKL_ICE_H_25
No revision,DAM,DKL_ICE_H,33,sell,15.75,156.17,2459.6775,DAM_BLOCK_DKL_ICE_H_25
No revision,DAM,DKL_ICE_H,34,sell,15.75,156.17,2459.6775,DAM_BLOCK_DKL_ICE_H_25
No revision,DAM,DKL_ICE_H,35,sell,15.75,156.17,2459.6775,DAM_BLOCK_DKL_ICE_H_25
No revision,DAM,DKL_ICE_H,36,sell,15.75,156.17,2459.6775,DAM_BLOCK_DKL_ICE_H_25
No revision,DAM,DKL_ICE_H,37,sell,15.75,156.17,2459.6775,DAM_BLOCK_DKL_ICE_H_37
No revision,DAM,DKL_ICE_H,38,sell,15.75,156.17,2459.6775,DAM_BLOCK_DKL_ICE_H_37
No revision,DAM,DKL_ICE_H,39,sell,15.75,156.17,2459.6775,DAM_BLOCK_DKL_ICE_H_37
No revision,DAM,DKL_ICE_H,40,sell,15.75,156.17,2459.6775,DAM_BLOCK_DKL_ICE_H_37
No revision,DAM,DKL_ICE_H,41,sell,15.75,156.17,2459.6775,DAM_BLOCK_DKL_ICE_H_37
No revision,DAM,DKL_ICE_H,42,sell,15.75,156.17,2459.6775,DAM_BLOCK_DKL_ICE_H_37
No revision,DAM,DKL_ICE_H,43,sell,15.75,156.17,2459.6775,DAM_BLOCK_DKL_ICE_H_37
No revision,DAM,DKL_ICE_H,44,sell,15.75,156.17,2459.6775,DAM_BLOCK_DKL_ICE_H_37
No revision,DAM,DKL_ICE_H,45,sell,15.75,156.17,2459.6775,DAM_BLOCK_DKL_ICE_H_37
No revision,DAM,DKL_ICE_H,46,sell,15.75,156.17,2459.6775,DAM_BLOCK_DKL_ICE_H_37
No revision,DAM,DKL_ICE_H,47,sell,15.75,156.17,2459.6775,DAM_BLOCK_DKL_ICE_H_37
No revision,DAM,DKL_ICE_H,48,sell,15.75,156.17,2459.6775,DAM_BLOCK_DKL_ICE_H_37
No revision,DAM,VAS_ST_H,1,sell,58.5,156.17,9135.945,DAM_BLOCK_VAS_ST_H_1
No revision,DAM,VAS_ST_H,2,sell,58.5,156.17,9135.945,DAM_BLOCK_VAS_ST_H_1
No revision,DAM,VAS_ST_H,3,sell,58.5,156.17,9135.945,DAM_BLOCK_VAS_ST_H_1
No revision,DAM,VAS_ST_H,4,sell,58.5,156.17,9135.945,DAM_BLOCK_VAS_ST_H_1
No revision,DAM,VAS_ST_H,5,sell,58.5,156.17,9135.945,DAM_BLOCK_VAS_ST_H_1
No revision,DAM,VAS_ST_H,6,sell,58.5,156.17,9135.945,DAM_BLOCK_VAS_ST_H_1
No revision,DAM,VAS_ST_H,7,sell,58.5,130.24,7619.040000000001,DAM_BLOCK_VAS_ST_H_1
No revision,DAM,VAS_ST_H,8,sell,58.5,130.24,7619.040000000001,DAM_BLOCK_VAS_ST_H_1
No revision,DAM,VAS_ST_H,9,sell,58.5,130.24,7619.040000000001,DAM_BLOCK_VAS_ST_H_1
No revision,DAM,VAS_ST_H,10,sell,58.5,130.24,7619.040000000001,DAM_BLOCK_VAS_ST_H_1
No revision,DAM,VAS_ST_H,11,sell,58.5,130.24,7619.040000000001,DAM_BLOCK_VAS_ST_H_1
No revision,DAM,VAS_ST_H,12,sell,58.5,130.24,7619.040000000001,DAM_BLOCK_VAS_ST_H_1
No revision,DAM,VAS_ST_H,37,sell,58.5,156.17,9135.945,DAM_BLOCK_VAS_ST_H_37
No revision,DAM,VAS_ST_H,38,sell,58.5,156.17,9135.945,DAM_BLOCK_VAS_ST_H_37
No revision,DAM,VAS_ST_H,39,sell,58.5,156.17,9135.945,DAM_BLOCK_VAS_ST_H_37
No revision,DAM,VAS_ST_H,40,sell,58.5,156.17,9135.945,DAM_BLOCK_VAS_ST_H_37
No revision,DAM,VAS_ST_H,41,sell,58.5,156.17,9135.945,DAM_BLOCK_VAS_ST_H_37
No revision,DAM,VAS_ST_H,42,sell,58.5,156.17,9135.945,DAM_BLOCK_VAS_ST_H_37
No revision,DAM,VAS_ST_H,43,sell,58.5,156.17,9135.945,DAM_BLOCK_VAS_ST_H_37
No revision,DAM,VAS_ST_H,44,sell,58.5,156.17,9135.945,DAM_BLOCK_VAS_ST_H_37
No revision,DAM,VAS_ST_H,45,sell,58.5,156.17,9135.945,DAM_BLOCK_VAS_ST_H_37
No revision,DAM,VAS_ST_H,46,sell,58.5,156.17,9135.945,DAM_BLOCK_VAS_ST_H_37
No revision,DAM,VAS_ST_H,47,sell,58.5,156.17,9135.945,DAM_BLOCK_VAS_ST_H_37
No revision,DAM,VAS_ST_H,48,sell,58.5,156.17,9135.945,DAM_BLOCK_VAS_ST_H_37
No revision,IDA1,COM,1,buy,3.5129012e-07,171.787,-6.034707584444e-05,IDA1_COM_1
No revision,IDA1,RESI,1,sell,3.5128812e-07,171.787,6.034673227044e-05,IDA1_RESI_1
No revision,IDA1,COM,2,sell,1.5721205e-07,171.787,2.700698643335e-05,IDA1_COM_2
No revision,IDA1,RESI,2,buy,4.1080121e-06,171.787,-0.0007057030746227,IDA1_RESI_2
No revision,IDA1,VAS_GT_D,2,sell,3.9508e-06,171.787,0.0006786960796000001,IDA1_VAS_GT_D_UP_2
No revision,IDA1,IND,3,buy,4.4695e-07,171.787,-7.678019965e-05,IDA1_IND_3
No revision,IDA1,RESI,3,buy,1.6599584e-06,171.787,-0.0002851592736608,IDA1_RESI_3
No revision,IDA1,DKL_ST_H,3,sell,2.1069084e-06,171.787,0.00036193947331080004,IDA1_DKL_ST_H_UP_3
No revision,IDA1,IND,4,buy,4.4695e-07,171.787,-7.678019965e-05,IDA1_IND_4
No revision,IDA1,COM,4,sell,1.9654016e-07,171.787,3.376304446592e-05,IDA1_COM_4
No revision,IDA1,RESI,4,buy,7.7311512e-07,171.787,-0.00013281112711944,IDA1_RESI_4
No revision,IDA1,VAS_GT_D,4,sell,1.023525e-06,171.787,0.00017582828917500002,IDA1_VAS_GT_D_UP_4
No revision,IDA1,IND,5,buy,2.6849999e-07,171.787,-4.6124807782130005e-05,IDA1_IND_5
No revision,IDA1,RESI,5,buy,4.6946646e-06,171.787,-0.0008064823476402,IDA1_RESI_5
No revision,IDA1,VAS_CCGT_D,5,sell,4.9631646e-06,171.787,0.0008526071571402,IDA1_VAS_CCGT_D_UP_5
No revision,IDA1,IND,6,buy,2.6849999e-07,156.17,-4.19316434383e-05,IDA1_IND_6
No revision,IDA1,COM,6,buy,2.8320141e-07,156.17,-4.4227564199699996e-05,IDA1_COM_6
No revision,IDA1,RESI,6,sell,6.6970141e-07,156.17,0.00010458726919969999,IDA1_RESI_6
No revision,IDA1,VAS_CCGT_D,6,buy,1.1800001e-07,156.17,-1.8428061561699996e-05,IDA1_VAS_CCGT_D_BUYBACK_6
No revision,IDA1,COM,7,buy,2.2413384e-07,130.24,-2.91911913216e-05,IDA1_COM_7
No revision,IDA1,RESI,7,sell,4.3583838e-06,130.24,0.000567635906112,IDA1_RESI_7
No revision,IDA1,VAS_ST_H,7,buy,4.13425e-06,130.24,-0.0005384447200000001,IDA1_VAS_ST_H_BUYBACK_7
No revision,IDA1,COM,8,buy,1.9507272e-07,143.264,-2.7946898158080003e-05,IDA1_COM_8
No revision,IDA1,RESI,8,buy,6.7067731e-07,143.264,-9.608391413984e-05,IDA1_RESI_8
No revision,IDA1,DKL_ST_H,8,sell,8.6574902e-07,143.264,0.00012403066760128,IDA1_DKL_ST_H_UP_8
No revision,IDA1,IND,9,sell,2.59e-07,130.24,3.373216e-05,IDA1_IND_9
No revision,IDA1,RESI,9,sell,2.6763867e-07,130.24,3.4857260380800006e-05,IDA1_RESI_9
No revision,IDA1,VAS_ST_H,9,buy,5.2663867e-07,130.24,-6.85894203808e-05,IDA1_VAS_ST_H_BUYBACK_9
No revision,IDA1,IND,10,sell,2.59e-07,130.24,3.373216e-05,IDA1_IND_10
No revision,IDA1,COM,10,sell,2.360672e-07,130.24,3.0745392128000004e-05,IDA1_COM_10
No revision,IDA1,VAS_ST_H,10,buy,4.9506721e-07,130.24,-6.44775534304e-05,IDA1_VAS_ST_H_BUYBACK_10
No revision,IDA1,IND,11,buy,3.6839999e-07,143.264,-5.2778456167360005e-05,IDA1_IND_11
No revision,IDA1,COM,11,sell,3.5566914e-07,143.264,5.095458367296001e-05,IDA1_COM_11
No revision,IDA1,DKL_ST_H,11,sell,1.2729858e-08,143.264,1.8237303765120002e-06,IDA1_DKL_ST_H_UP_11
No revision,IDA1,IND,12,buy,3.6839999e-07,143.264,-5.2778456167360005e-05,IDA1_IND_12
No revision,IDA1,COM,12,sell,3.5046085e-07,143.264,5.02084232144e-05,IDA1_COM_12
No revision,IDA1,DKL_ST_H,12,sell,1.7938144e-08,143.264,2.5698902620160002e-06,IDA1_DKL_ST_H_UP_12
No revision,IDA1,COM,13,buy,3.0092035e-07,171.787,-5.1694204165450005e-05,IDA1_COM_13
No revision,IDA1,RESI,13,buy,1.8242967e-07,171.787,-3.133904572029e-05,IDA1_RESI_13
No revision,IDA1,DKL_ST_H,13,sell,4.8334902e-07,171.787,8.303307809874002e-05,IDA1_DKL_ST_H_UP_13
No revision,IDA1,COM,14,buy,3.7340392e-07,171.787,-6.414593920504e-05,IDA1_COM_14
No revision,IDA1,RESI,14,buy,1.099461e-07,171.787,-1.8887310680700002e-05,IDA1_RESI_14
No revision,IDA1,DKL_ST_H,14,sell,4.8334902e-07,171.787,8.303307809874002e-05,IDA1_DKL_ST_H_UP_14
No revision,IDA1,IND,15,buy,5.17627e-07,171.787,-8.892158944900001e-05,IDA1_IND_15
No revision,IDA1,COM,15,sell,1.7981404e-07,171.787,3.088971448948e-05,IDA1_COM_15
No revision,IDA1,RESI,15,sell,3.3781096e-07,171.787,5.8031531385520005e-05,IDA1_RESI_15
No revision,IDA1,IND,16,buy,5.1762698e-07,171.787,-8.892158601326e-05,IDA1_IND_16
No revision,IDA1,COM,16,sell,4.0928721e-07,171.787,7.031022194427e-05,IDA1_COM_16
No revision,IDA1,RESI,16,sell,1.0833777e-07,171.787,1.861102049499e-05,IDA1_RESI_16
No revision,IDA1,COM,17,sell,1.2825019e-07,130.24,1.67033047456e-05,IDA1_COM_17
No revision,IDA1,RESI,17,sell,1.8132479e-07,130.24,2.36157406496e-05,IDA1_RESI_17
No revision,IDA1,PV_A,17,buy,2e-07,130.24,-2.6048000000000002e-05,IDA1_PV_A_17
No revision,IDA1,VAS_ST_H,17,buy,1.0957499e-07,130.24,-1.4271046697600001e-05,IDA1_VAS_ST_H_BUYBACK_17
No revision,IDA1,COM,18,buy,3.7640868e-07,143.264,-5.3925813131520005e-05,IDA1_COM_18
No revision,IDA1,RESI,18,buy,3.1401635e-07,143.264,-4.4987238366400004e-05,IDA1_RESI_18
No revision,IDA1,DKL_ST_H,18,sell,6.9042403e-07,143.264,9.891290823392002e-05,IDA1_DKL_ST_H_UP_18
No revision,IDA1,IND,19,buy,3.5604999e-07,143.264,-5.100914576736e-05,IDA1_IND_19
No revision,IDA1,COM,19,buy,4.00002e-07,143.264,-5.7305886528000005e-05,IDA1_COM_19
No revision,IDA1,PV_C,19,sell,4e-07,143.264,5.73056e-05,IDA1_PV_C_19
No revision,IDA1,DKL_ST_H,19,sell,3.5605099e-07,143.264,5.100928903136e-05,IDA1_DKL_ST_H_UP_19
No revision,IDA1,IND,20,buy,3.5604999e-07,143.264,-5.100914576736e-05,IDA1_IND_20
No revision,IDA1,RESI,20,buy,4.1806935e-07,143.264,-5.989428735840001e-05,IDA1_RESI_20
No revision,IDA1,PV_C,20,sell,4e-07,143.264,5.73056e-05,IDA1_PV_C_20
No revision,IDA1,DKL_ST_H,20,sell,3.7411834e-07,143.264,5.359768986176e-05,IDA1_DKL_ST_H_UP_20
No revision,IDA1,IND,21,buy,1.933e-07,130.24,-2.5175392e-05,IDA1_IND_21
No revision,IDA1,COM,21,sell,3.2488281e-07,130.24,4.2312737174400005e-05,IDA1_COM_21
No revision,IDA1,RESI,21,buy,4.7918281e-07,130.24,-6.240876917440001e-05,IDA1_RESI_21
No revision,IDA1,PV_C,21,sell,3.2e-07,130.24,4.16768e-05,IDA1_PV_C_21
No revision,IDA1,PV_A,21,sell,4e-07,130.24,5.2096000000000004e-05,IDA1_PV_A_21
No revision,IDA1,VAS_ST_H,21,buy,3.724e-07,130.24,-4.8501376000000004e-05,IDA1_VAS_ST_H_BUYBACK_21
No revision,IDA1,IND,22,buy,1.933e-07,130.24,-2.5175392e-05,IDA1_IND_22
No revision,IDA1,COM,22,buy,1.1329858e-07,130.24,-1.4756007059200002e-05,IDA1_COM_22
No revision,IDA1,PV_C,22,sell,3.2e-07,130.24,4.16768e-05,IDA1_PV_C_22
No revision,IDA1,PV_A,22,sell,4e-07,130.24,5.2096000000000004e-05,IDA1_PV_A_22
No revision,IDA1,VAS_ST_H,22,buy,4.1340142e-07,130.24,-5.3841400940800005e-05,IDA1_VAS_ST_H_BUYBACK_22
No revision,IDA1,IND,23,buy,2.5614999e-07,137.83,-3.53051531217e-05,IDA1_IND_23
No revision,IDA1,COM,23,buy,1.0264048e-07,137.83,-1.4146937358400002e-05,IDA1_COM_23
No revision,IDA1,RESI,23,buy,4.5213452e-07,137.83,-6.23177008916e-05,IDA1_RESI_23
No revision,IDA1,PV_C,23,sell,1.1e-07,137.83,1.5161300000000002e-05,IDA1_PV_C_23
No revision,IDA1,DKL_ICE_H,23,sell,7.0092399e-07,137.83,9.660835354170002e-05,IDA1_DKL_ICE_H_UP_23
No revision,IDA1,IND,24,buy,2.5614999e-07,125.3,-3.2095593746999995e-05,IDA1_IND_24
No revision,IDA1,RESI,24,sell,4.7046773e-07,125.3,5.8949606569e-05,IDA1_RESI_24
No revision,IDA1,PV_C,24,sell,1.1e-07,125.3,1.3783e-05,IDA1_PV_C_24
No revision,IDA1,PV_A,24,buy,3e-07,125.3,-3.759e-05,IDA1_PV_A_24
No revision,IDA1,DKL_ICE_H,24,buy,2.4317742e-08,125.3,-3.0470130726e-06,IDA1_DKL_ICE_H_BUYBACK_24
No revision,IDA1,RESI,25,buy,4.00002e-07,130.24,-5.209626048e-05,IDA1_RESI_25
No revision,IDA1,PV_C,25,sell,2.2e-07,130.24,2.8652800000000005e-05,IDA1_PV_C_25
No revision,IDA1,PV_A,25,sell,4e-07,130.24,5.2096000000000004e-05,IDA1_PV_A_25
No revision,IDA1,VAS_ST_H,25,buy,2.19998e-07,130.24,-2.865253952e-05,IDA1_VAS_ST_H_BUYBACK_25
No revision,IDA1,COM,26,sell,2.9287055e-07,130.24,3.8143460432e-05,IDA1_COM_26
No revision,IDA1,RESI,26,sell,3.4175444e-07,130.24,4.45100982656e-05,IDA1_RESI_26
No revision,IDA1,PV_C,26,sell,2.2e-07,130.24,2.8652800000000005e-05,IDA1_PV_C_26
No revision,IDA1,PV_A,26,sell,4e-07,130.24,5.2096000000000004e-05,IDA1_PV_A_26
No revision,IDA1,VAS_ST_H,26,buy,1.254625e-06,130.24,-0.00016340236000000002,IDA1_VAS_ST_H_BUYBACK_26
No revision,IDA1,IND,27,sell,4.554e-07,130.24,5.9311296000000005e-05,IDA1_IND_27
No revision,IDA1,COM,27,buy,1.9967256e-07,130.24,-2.60053542144e-05,IDA1_COM_27
No revision,IDA1,RESI,27,sell,1.8682255e-07,130.24,2.4331768912e-05,IDA1_RESI_27
No revision,IDA1,PV_A,27,sell,4e-07,130.24,5.2096000000000004e-05,IDA1_PV_A_27
No revision,IDA1,VAS_ST_H,27,buy,8.4254999e-07,130.24,-0.0001097337106976,IDA1_VAS_ST_H_BUYBACK_27
No revision,IDA1,IND,28,sell,4.554e-07,130.24,5.9311296000000005e-05,IDA1_IND_28
No revision,IDA1,COM,28,buy,3.3180486e-07,130.24,-4.32142649664e-05,IDA1_COM_28
No revision,IDA1,RESI,28,sell,3.1895484e-07,130.24,4.1540678361600005e-05,IDA1_RESI_28
No revision,IDA1,PV_A,28,sell,4e-07,130.24,5.2096000000000004e-05,IDA1_PV_A_28
No revision,IDA1,VAS_ST_H,28,buy,8.4254998e-07,130.24,-0.00010973370939520001,IDA1_VAS_ST_H_BUYBACK_28
No revision,IDA1,IND,29,sell,4.1050001e-07,130.24,5.34635213024e-05,IDA1_IND_29
No revision,IDA1,COM,29,sell,3.8551556e-07,130.24,5.0209546534400005e-05,IDA1_COM_29
No revision,IDA1,RESI,29,sell,4.3748442e-07,130.24,5.6977970860800004e-05,IDA1_RESI_29
No revision,IDA1,PV_C,29,buy,1.9e-07,130.24,-2.4745600000000002e-05,IDA1_PV_C_29
No revision,IDA1,PV_A,29,buy,3e-07,130.24,-3.9072e-05,IDA1_PV_A_29
No revision,IDA1,VAS_ST_H,29,buy,7.4349999e-07,130.24,-9.683343869760002e-05,IDA1_VAS_ST_H_BUYBACK_29
No revision,IDA1,IND,30,sell,4.1050001e-07,143.264,5.880987343264001e-05,IDA1_IND_30
No revision,IDA1,COM,30,buy,2.9656165e-07,143.264,-4.2486608225600005e-05,IDA1_COM_30
No revision,IDA1,RESI,30,sell,1.1956164e-07,143.264,1.712887879296e-05,IDA1_RESI_30
No revision,IDA1,PV_A,30,buy,2.33501e-07,143.264,-3.3452287264e-05,IDA1_PV_A_30
No revision,IDA1,IND,31,buy,4.9184999e-07,143.264,-7.046439696736e-05,IDA1_IND_31
No revision,IDA1,COM,31,buy,1.5552185e-07,143.264,-2.22806823184e-05,IDA1_COM_31
No revision,IDA1,RESI,31,buy,3.4520318e-07,143.264,-4.9455188379520004e-05,IDA1_RESI_31
No revision,IDA1,PV_A,31,sell,5.0072502e-07,143.264,7.173586926528001e-05,IDA1_PV_A_31
No revision,IDA1,DKL_ST_H,31,sell,4.9184899e-07,143.264,7.046425370336e-05,IDA1_DKL_ST_H_UP_31
No revision,IDA1,IND,32,buy,4.9184999e-07,130.24,-6.40585426976e-05,IDA1_IND_32
No revision,IDA1,COM,32,sell,4.5008126e-07,130.24,5.86185833024e-05,IDA1_COM_32
No revision,IDA1,PV_A,32,sell,5e-07,130.24,6.512e-05,IDA1_PV_A_32
No revision,IDA1,VAS_ST_H,32,buy,4.5823127e-07,130.24,-5.9680040604800004e-05,IDA1_VAS_ST_H_BUYBACK_32
No revision,IDA1,IND,33,sell,1.7145001e-07,171.787,2.945288286787e-05,IDA1_IND_33
No revision,IDA1,COM,33,buy,4.4807751e-07,171.787,-7.697389121037e-05,IDA1_COM_33
No revision,IDA1,RESI,33,sell,2.766255e-07,171.787,4.75206647685e-05,IDA1_RESI_33
No revision,IDA1,IND,34,sell,1.7145001e-07,171.787,2.945288286787e-05,IDA1_IND_34
No revision,IDA1,RESI,34,buy,1.7145201e-07,171.787,-2.9453226441870003e-05,IDA1_RESI_34
No revision,IDA1,IND,35,sell,3.05e-07,171.787,5.2395035e-05,IDA1_IND_35
No revision,IDA1,RESI,35,buy,4.5821806e-06,171.787,-0.0007871590587322,IDA1_RESI_35
No revision,IDA1,DKL_ST_H,35,sell,4.2771806e-06,171.787,0.0007347640237322001,IDA1_DKL_ST_H_UP_35
No revision,IDA1,IND,36,sell,3.05e-07,171.787,5.2395035e-05,IDA1_IND_36
No revision,IDA1,COM,36,buy,4.3869061e-07,171.787,-7.536134382007e-05,IDA1_COM_36
No revision,IDA1,RESI,36,buy,1.1125594e-06,171.787,-0.00019112324164780002,IDA1_RESI_36
No revision,IDA1,VAS_ST_H,36,sell,1.24625e-06,171.787,0.00021408954875,IDA1_VAS_ST_H_UP_36
No revision,IDA1,COM,37,sell,1.5614859e-07,171.787,2.682429783033e-05,IDA1_COM_37
No revision,IDA1,RESI,37,buy,4.8335486e-06,171.787,-0.0008303408133481999,IDA1_RESI_37
No revision,IDA1,DKL_ST_H,37,sell,4.6774e-06,171.787,0.0008035165138,IDA1_DKL_ST_H_UP_37
No revision,IDA1,COM,38,buy,2.5187322e-07,156.17,-3.93350407674e-05,IDA1_COM_38
No revision,IDA1,RESI,38,sell,3.5744732e-06,156.17,0.000558225479644,IDA1_RESI_38
No revision,IDA1,VAS_CCGT_D,38,buy,3.3226e-06,156.17,-0.000518890442,IDA1_VAS_CCGT_D_BUYBACK_38
No revision,IDA1,COM,39,buy,2.140229e-07,156.17,-3.3423956292999996e-05,IDA1_COM_39
No revision,IDA1,RESI,39,sell,3.8379787e-07,156.17,5.993771335789999e-05,IDA1_RESI_39
No revision,IDA1,VAS_CCGT_D,39,buy,1.6977496e-07,156.17,-2.65137555032e-05,IDA1_VAS_CCGT_D_BUYBACK_39
No revision,IDA1,COM,40,buy,1.33714e-07,171.787,-2.2970326918e-05,IDA1_COM_40
No revision,IDA1,RESI,40,buy,6.9651102e-07,171.787,-0.00011965153859274,IDA1_RESI_40
No revision,IDA1,DKL_ST_H,40,sell,8.3022403e-07,171.787,0.00014262169544161,IDA1_DKL_ST_H_UP_40
No revision,IDA1,IND,41,sell,4.6325e-07,156.17,7.23457525e-05,IDA1_IND_41
No revision,IDA1,COM,41,buy,3.1167897e-07,156.17,-4.86749047449e-05,IDA1_COM_41
No revision,IDA1,RESI,41,sell,4.5868039e-06,156.17,0.000716321165063,IDA1_RESI_41
No revision,IDA1,VAS_CCGT_D,41,buy,4.738375e-06,156.17,-0.00073999202375,IDA1_VAS_CCGT_D_BUYBACK_41
No revision,IDA1,IND,42,sell,4.6325e-07,156.17,7.23457525e-05,IDA1_IND_42
No revision,IDA1,RESI,42,sell,3.3601765e-06,156.17,0.000524758764005,IDA1_RESI_42
No revision,IDA1,VAS_CCGT_D,42,buy,3.8234265e-06,156.17,-0.0005971045165049999,IDA1_VAS_CCGT_D_BUYBACK_42
No revision,IDA1,IND,43,sell,1.3330001e-07,171.787,2.289920881787e-05,IDA1_IND_43
No revision,IDA1,COM,43,sell,2.6445515e-07,171.787,4.542995685305e-05,IDA1_COM_43
No revision,IDA1,RESI,43,buy,1.6776552e-06,171.787,-0.0002881993538424,IDA1_RESI_43
No revision,IDA1,VAS_GT_D,43,sell,1.2799001e-06,171.787,0.0002198701984787,IDA1_VAS_GT_D_UP_43
No revision,IDA1,IND,44,sell,1.3330001e-07,156.17,2.0817462561699997e-05,IDA1_IND_44
No revision,IDA1,COM,44,sell,3.7001074e-07,156.17,5.7784577265799995e-05,IDA1_COM_44
No revision,IDA1,RESI,44,sell,2.2167893e-06,156.17,0.00034619598498099996,IDA1_RESI_44
No revision,IDA1,VAS_CCGT_D,44,buy,2.7201e-06,156.17,-0.000424798017,IDA1_VAS_CCGT_D_BUYBACK_44
No revision,IDA1,RESI,45,sell,3.2532749e-06,156.17,0.000508063941133,IDA1_RESI_45
No revision,IDA1,VAS_CCGT_D,45,buy,3.2532749e-06,156.17,-0.000508063941133,IDA1_VAS_CCGT_D_BUYBACK_45
No revision,IDA1,COM,46,sell,4.0460467e-07,156.17,6.31871113139e-05,IDA1_COM_46
No revision,IDA1,RESI,46,sell,8.3389529e-07,156.17,0.0001302294274393,IDA1_RESI_46
No revision,IDA1,VAS_CCGT_D,46,buy,1.2385e-06,156.17,-0.000193416545,IDA1_VAS_CCGT_D_BUYBACK_46
No revision,IDA1,IND,47,sell,3.6450001e-07,156.17,5.69239665617e-05,IDA1_IND_47
No revision,IDA1,COM,47,sell,2.8656054e-07,156.17,4.4752159531799996e-05,IDA1_COM_47
No revision,IDA1,RESI,47,sell,6.0543945e-07,156.17,9.45514789065e-05,IDA1_RESI_47
No revision,IDA1,VAS_CCGT_D,47,buy,1.2565e-06,156.17,-0.00019622760499999998,IDA1_VAS_CCGT_D_BUYBACK_47
No revision,IDA1,IND,48,sell,3.6450001e-07,156.17,5.69239665617e-05,IDA1_IND_48
No revision,IDA1,COM,48,buy,2.0280739e-07,156.17,-3.1672430096299996e-05,IDA1_COM_48
No revision,IDA1,RESI,48,sell,4.0948074e-06,156.17,0.0006394860716579999,IDA1_RESI_48
No revision,IDA1,VAS_CCGT_D,48,buy,4.2565e-06,156.17,-0.000664737605,IDA1_VAS_CCGT_D_BUYBACK_48
No revision,IDA2,VAS_CCGT_D,2,sell,3.9508e-06,171.787,0.0006786960796000001,IDA2_VAS_CCGT_D_UP_2
No revision,IDA2,VAS_GT_D,2,buy,3.9508e-06,171.787,-0.0006786960796000001,IDA2_VAS_GT_D_BUYBACK_2
No revision,IDA2,VAS_GT_D,4,buy,1.023525e-06,171.787,-0.00017582828917500002,IDA2_VAS_GT_D_BUYBACK_4
No revision,IDA2,VAS_GT_D,4,sell,1.023525e-06,171.787,0.00017582828917500002,IDA2_VAS_GT_D_UP_4
No revision,IDA2,VAS_CCGT_D,8,sell,8.6574802e-07,143.264,0.00012403052433728002,IDA2_VAS_CCGT_D_UP_8
No revision,IDA2,DKL_ST_H,8,buy,8.6574902e-07,143.264,-0.00012403066760128,IDA2_DKL_ST_H_BUYBACK_8
No revision,IDA2,DKL_ST_H,18,buy,6.9042403e-07,143.264,-9.891290823392002e-05,IDA2_DKL_ST_H_BUYBACK_18
No revision,IDA2,DKL_ST_H,18,sell,6.9042303e-07,143.264,9.891276496992e-05,IDA2_DKL_ST_H_UP_18
No revision,IDA2,DKL_ST_H,19,buy,3.5605099e-07,143.264,-5.100928903136e-05,IDA2_DKL_ST_H_BUYBACK_19
No revision,IDA2,VAS_GT_D,19,sell,3.5604999e-07,143.264,5.100914576736e-05,IDA2_VAS_GT_D_UP_19
No revision,IDA2,VAS_ST_H,20,sell,3.7411834e-07,143.264,5.359768986176e-05,IDA2_VAS_ST_H_UP_20
No revision,IDA2,DKL_ST_H,20,buy,3.7411834e-07,143.264,-5.359768986176e-05,IDA2_DKL_ST_H_BUYBACK_20
No revision,IDA2,DKL_ST_H,31,buy,4.9184899e-07,143.264,-7.046425370336e-05,IDA2_DKL_ST_H_BUYBACK_31
No revision,IDA2,DKL_ST_H,31,sell,4.9184799e-07,143.264,7.046411043936e-05,IDA2_DKL_ST_H_UP_31
No revision,IDA2,VAS_GT_D,43,buy,1.2799001e-06,171.787,-0.0002198701984787,IDA2_VAS_GT_D_BUYBACK_43
No revision,IDA2,VAS_GT_D,43,sell,1.2799001e-06,171.787,0.0002198701984787,IDA2_VAS_GT_D_UP_43
No revision,IDA3,VAS_GT_D,4,buy,1.023525e-06,171.787,-0.00017582828917500002,IDA3_VAS_GT_D_BUYBACK_4
No revision,IDA3,VAS_GT_D,4,sell,1.023525e-06,171.787,0.00017582828917500002,IDA3_VAS_GT_D_UP_4
No revision,IDA3,VAS_CCGT_D,8,buy,8.6574802e-07,143.264,-0.00012403052433728002,IDA3_VAS_CCGT_D_BUYBACK_8
No revision,IDA3,DKL_ST_H,8,sell,8.6574702e-07,143.264,0.00012403038107328002,IDA3_DKL_ST_H_UP_8
No revision,IDA3,DKL_ST_H,18,buy,6.9042303e-07,143.264,-9.891276496992e-05,IDA3_DKL_ST_H_BUYBACK_18
No revision,IDA3,DKL_ST_H,18,sell,6.9042203e-07,143.264,9.891262170592e-05,IDA3_DKL_ST_H_UP_18
No revision,IDA3,DKL_ST_H,19,sell,3.5604899e-07,143.264,5.1009002503360006e-05,IDA3_DKL_ST_H_UP_19
No revision,IDA3,VAS_GT_D,19,buy,3.5604999e-07,143.264,-5.100914576736e-05,IDA3_VAS_GT_D_BUYBACK_19
No revision,IDA3,DKL_ST_H,31,buy,4.9184799e-07,143.264,-7.046411043936e-05,IDA3_DKL_ST_H_BUYBACK_31
No revision,IDA3,DKL_ST_H,31,sell,4.9184699e-07,143.264,7.046396717536e-05,IDA3_DKL_ST_H_UP_31
No revision,IDA3,VAS_CCGT_D,43,sell,1.2799001e-06,171.787,0.0002198701984787,IDA3_VAS_CCGT_D_UP_43
No revision,IDA3,VAS_GT_D,43,buy,1.2799001e-06,171.787,-0.0002198701984787,IDA3_VAS_GT_D_BUYBACK_43
Double revision,FM,PV_C,13,sell,3.594e-05,85.0,0.0030548999999999997,PV_COM
Double revision,FM,COM,13,buy,3.594e-05,85.0,-0.0030548999999999997,PV_COM
Double revision,FM,PV_C,14,sell,3.594e-05,85.0,0.0030548999999999997,PV_COM
Double revision,FM,COM,14,buy,3.594e-05,85.0,-0.0030548999999999997,PV_COM
Double revision,FM,PV_C,15,sell,2.7334115999999997,85.0,232.33998599999998,PV_COM
Double revision,FM,COM,15,buy,2.7334115999999997,85.0,-232.33998599999998,PV_COM
Double revision,FM,PV_C,16,sell,2.7334115999999997,85.0,232.33998599999998,PV_COM
Double revision,FM,COM,16,buy,2.7334115999999997,85.0,-232.33998599999998,PV_COM
Double revision,FM,PV_C,17,sell,13.25750808,85.0,1126.8881867999999,PV_COM
Double revision,FM,COM,17,buy,13.25750808,85.0,-1126.8881867999999,PV_COM
Double revision,FM,PV_C,18,sell,13.25750808,85.0,1126.8881867999999,PV_COM
Double revision,FM,COM,18,buy,13.25750808,85.0,-1126.8881867999999,PV_COM
Double revision,FM,PV_C,19,sell,24.790708799999997,85.0,2107.210248,PV_COM
Double revision,FM,COM,19,buy,24.790708799999997,85.0,-2107.210248,PV_COM
Double revision,FM,PV_C,20,sell,24.790708799999997,85.0,2107.210248,PV_COM
Double revision,FM,COM,20,buy,24.790708799999997,85.0,-2107.210248,PV_COM
Double revision,FM,PV_C,21,sell,30.83372664,85.0,2620.8667643999997,PV_COM
Double revision,FM,COM,21,buy,30.83372664,85.0,-2620.8667643999997,PV_COM
Double revision,FM,PV_C,22,sell,30.83372664,85.0,2620.8667643999997,PV_COM
Double revision,FM,COM,22,buy,30.83372664,85.0,-2620.8667643999997,PV_COM
Double revision,FM,PV_C,23,sell,33.20405622,85.0,2822.3447787,PV_COM
Double revision,FM,COM,23,buy,33.20405622,85.0,-2822.3447787,PV_COM
Double revision,FM,PV_C,24,sell,33.20405622,85.0,2822.3447787,PV_COM
Double revision,FM,COM,24,buy,33.20405622,85.0,-2822.3447787,PV_COM
Double revision,FM,PV_C,25,sell,32.802520439999995,85.0,2788.2142373999995,PV_COM
Double revision,FM,COM,25,buy,32.802520439999995,85.0,-2788.2142373999995,PV_COM
Double revision,FM,PV_C,26,sell,32.802520439999995,85.0,2788.2142373999995,PV_COM
Double revision,FM,COM,26,buy,32.802520439999995,85.0,-2788.2142373999995,PV_COM
Double revision,FM,PV_C,27,sell,29.991842039999998,85.0,2549.3065733999997,PV_COM
Double revision,FM,COM,27,buy,29.991842039999998,85.0,-2549.3065733999997,PV_COM
Double revision,FM,PV_C,28,sell,29.991842039999998,85.0,2549.3065733999997,PV_COM
Double revision,FM,COM,28,buy,29.991842039999998,85.0,-2549.3065733999997,PV_COM
Double revision,FM,PV_C,29,sell,23.70322362,85.0,2014.7740076999999,PV_COM
Double revision,FM,COM,29,buy,23.70322362,85.0,-2014.7740076999999,PV_COM
Double revision,FM,PV_C,30,sell,23.70322362,85.0,2014.7740076999999,PV_COM
Double revision,FM,COM,30,buy,23.70322362,85.0,-2014.7740076999999,PV_COM
Double revision,FM,PV_C,31,sell,13.5228027,85.0,1149.4382295,PV_COM
Double revision,FM,COM,31,buy,13.5228027,85.0,-1149.4382295,PV_COM
Double revision,FM,PV_C,32,sell,13.5228027,85.0,1149.4382295,PV_COM
Double revision,FM,COM,32,buy,13.5228027,85.0,-1149.4382295,PV_COM
Double revision,FM,PV_C,33,sell,3.6086107800000002,85.0,306.7319163,PV_COM
Double revision,FM,COM,33,buy,3.6086107800000002,85.0,-306.7319163,PV_COM
Double revision,FM,PV_C,34,sell,3.6086107800000002,85.0,306.7319163,PV_COM
Double revision,FM,COM,34,buy,3.6086107800000002,85.0,-306.7319163,PV_COM
Double revision,FM,PV_C,13,sell,5.99e-06,90.0,0.0005391,PV_RESI
Double revision,FM,RESI,13,buy,5.99e-06,90.0,-0.0005391,PV_RESI
Double revision,FM,PV_C,14,sell,5.99e-06,90.0,0.0005391,PV_RESI
Double revision,FM,RESI,14,buy,5.99e-06,90.0,-0.0005391,PV_RESI
Double revision,FM,PV_C,15,sell,0.4555686,90.0,41.001174,PV_RESI
Double revision,FM,RESI,15,buy,0.4555686,90.0,-41.001174,PV_RESI
Double revision,FM,PV_C,16,sell,0.4555686,90.0,41.001174,PV_RESI
Double revision,FM,RESI,16,buy,0.4555686,90.0,-41.001174,PV_RESI
Double revision,FM,PV_C,17,sell,2.2095846800000003,90.0,198.86262120000004,PV_RESI
Double revision,FM,RESI,17,buy,2.2095846800000003,90.0,-198.86262120000004,PV_RESI
Double revision,FM,PV_C,18,sell,2.2095846800000003,90.0,198.86262120000004,PV_RESI
Double revision,FM,RESI,18,buy,2.2095846800000003,90.0,-198.86262120000004,PV_RESI
Double revision,FM,PV_C,19,sell,4.1317848,90.0,371.860632,PV_RESI
Double revision,FM,RESI,19,buy,4.1317848,90.0,-371.860632,PV_RESI
Double revision,FM,PV_C,20,sell,4.1317848,90.0,371.860632,PV_RESI
Double revision,FM,RESI,20,buy,4.1317848,90.0,-371.860632,PV_RESI
Double revision,FM,PV_C,21,sell,5.13895444,90.0,462.5058996,PV_RESI
Double revision,FM,RESI,21,buy,5.13895444,90.0,-462.5058996,PV_RESI
Double revision,FM,PV_C,22,sell,5.13895444,90.0,462.5058996,PV_RESI
Double revision,FM,RESI,22,buy,5.13895444,90.0,-462.5058996,PV_RESI
Double revision,FM,PV_C,23,sell,5.534009369999999,90.0,498.0608432999999,PV_RESI
Double revision,FM,RESI,23,buy,5.534009369999999,90.0,-498.0608432999999,PV_RESI
Double revision,FM,PV_C,24,sell,5.534009369999999,90.0,498.0608432999999,PV_RESI
Double revision,FM,RESI,24,buy,5.534009369999999,90.0,-498.0608432999999,PV_RESI
Double revision,FM,PV_C,25,sell,5.46708674,90.0,492.0378066,PV_RESI
Double revision,FM,RESI,25,buy,5.46708674,90.0,-492.0378066,PV_RESI
Double revision,FM,PV_C,26,sell,5.46708674,90.0,492.0378066,PV_RESI
Double revision,FM,RESI,26,buy,5.46708674,90.0,-492.0378066,PV_RESI
Double revision,FM,PV_C,27,sell,4.998640340000001,90.0,449.87763060000003,PV_RESI
Double revision,FM,RESI,27,buy,4.998640340000001,90.0,-449.87763060000003,PV_RESI
Double revision,FM,PV_C,28,sell,4.998640340000001,90.0,449.87763060000003,PV_RESI
Double revision,FM,RESI,28,buy,4.998640340000001,90.0,-449.87763060000003,PV_RESI
Double revision,FM,PV_C,29,sell,3.9505372700000003,90.0,355.5483543,PV_RESI
Double revision,FM,RESI,29,buy,3.9505372700000003,90.0,-355.5483543,PV_RESI
Double revision,FM,PV_C,30,sell,3.9505372700000003,90.0,355.5483543,PV_RESI
Double revision,FM,RESI,30,buy,3.9505372700000003,90.0,-355.5483543,PV_RESI
Double revision,FM,PV_C,31,sell,2.25380045,90.0,202.8420405,PV_RESI
Double revision,FM,RESI,31,buy,2.25380045,90.0,-202.8420405,PV_RESI
Double revision,FM,PV_C,32,sell,2.25380045,90.0,202.8420405,PV_RESI
Double revision,FM,RESI,32,buy,2.25380045,90.0,-202.8420405,PV_RESI
Double revision,FM,PV_C,33,sell,0.60143513,90.0,54.129161700000004,PV_RESI
Double revision,FM,RESI,33,buy,0.60143513,90.0,-54.129161700000004,PV_RESI
Double revision,FM,PV_C,34,sell,0.60143513,90.0,54.129161700000004,PV_RESI
Double revision,FM,RESI,34,buy,0.60143513,90.0,-54.129161700000004,PV_RESI
Double revision,FM,W_C,1,sell,0.8836460202,100.0,88.36460202,W_IND
Double revision,FM,IND,1,buy,0.8836460202,100.0,-88.36460202,W_IND
Double revision,FM,W_C,2,sell,0.8836460202,100.0,88.36460202,W_IND
Double revision,FM,IND,2,buy,0.8836460202,100.0,-88.36460202,W_IND
Double revision,FM,W_C,3,sell,0.9225486655499999,100.0,92.25486655499999,W_IND
Double revision,FM,IND,3,buy,0.9225486655499999,100.0,-92.25486655499999,W_IND
Double revision,FM,W_C,4,sell,0.9225486655499999,100.0,92.25486655499999,W_IND
Double revision,FM,IND,4,buy,0.9225486655499999,100.0,-92.25486655499999,W_IND
Double revision,FM,W_C,5,sell,1.2810088439999998,100.0,128.10088439999998,W_IND
Double revision,FM,IND,5,buy,1.2810088439999998,100.0,-128.10088439999998,W_IND
Double revision,FM,W_C,6,sell,1.2810088439999998,100.0,128.10088439999998,W_IND
Double revision,FM,IND,6,buy,1.2810088439999998,100.0,-128.10088439999998,W_IND
Double revision,FM,W_C,7,sell,1.7311681305,100.0,173.11681305,W_IND
Double revision,FM,IND,7,buy,1.7311681305,100.0,-173.11681305,W_IND
Double revision,FM,W_C,8,sell,1.7311681305,100.0,173.11681305,W_IND
Double revision,FM,IND,8,buy,1.7311681305,100.0,-173.11681305,W_IND
Double revision,FM,W_C,9,sell,1.2573893715,100.0,125.73893715,W_IND
Double revision,FM,IND,9,buy,1.2573893715,100.0,-125.73893715,W_IND
Double revision,FM,W_C,10,sell,1.2573893715,100.0,125.73893715,W_IND
Double revision,FM,IND,10,buy,1.2573893715,100.0,-125.73893715,W_IND
Double revision,FM,W_C,11,sell,0.8753097440999998,100.0,87.53097440999998,W_IND
Double revision,FM,IND,11,buy,0.8753097440999998,100.0,-87.53097440999998,W_IND
Double revision,FM,W_C,12,sell,0.8753097440999998,100.0,87.53097440999998,W_IND
Double revision,FM,IND,12,buy,0.8753097440999998,100.0,-87.53097440999998,W_IND
Double revision,FM,W_C,13,sell,0.9239380449,100.0,92.39380449,W_IND
Double revision,FM,IND,13,buy,0.9239380449,100.0,-92.39380449,W_IND
Double revision,FM,W_C,14,sell,0.9239380449,100.0,92.39380449,W_IND
Double revision,FM,IND,14,buy,0.9239380449,100.0,-92.39380449,W_IND
Double revision,FM,W_C,15,sell,0.6759336307499999,100.0,67.59336307499998,W_IND
Double revision,FM,IND,15,buy,0.6759336307499999,100.0,-67.59336307499998,W_IND
Double revision,FM,W_C,16,sell,0.6759336307499999,100.0,67.59336307499998,W_IND
Double revision,FM,IND,16,buy,0.6759336307499999,100.0,-67.59336307499998,W_IND
Double revision,FM,W_C,17,sell,0.46196902245,100.0,46.196902245,W_IND
Double revision,FM,IND,17,buy,0.46196902245,100.0,-46.196902245,W_IND
Double revision,FM,W_C,18,sell,0.46196902245,100.0,46.196902245,W_IND
Double revision,FM,IND,18,buy,0.46196902245,100.0,-46.196902245,W_IND
Double revision,FM,W_C,19,sell,0.42445575645000005,100.0,42.445575645000005,W_IND
Double revision,FM,IND,19,buy,0.42445575645000005,100.0,-42.445575645000005,W_IND
Double revision,FM,W_C,20,sell,0.42445575645000005,100.0,42.445575645000005,W_IND
Double revision,FM,IND,20,buy,0.42445575645000005,100.0,-42.445575645000005,W_IND
Double revision,FM,W_C,21,sell,0.2334159192,100.0,23.34159192,W_IND
Double revision,FM,IND,21,buy,0.2334159192,100.0,-23.34159192,W_IND
Double revision,FM,W_C,22,sell,0.2334159192,100.0,23.34159192,W_IND
Double revision,FM,IND,22,buy,0.2334159192,100.0,-23.34159192,W_IND
Double revision,FM,W_C,23,sell,0.12365485634999998,100.0,12.365485634999999,W_IND
Double revision,FM,IND,23,buy,0.12365485634999998,100.0,-12.365485634999999,W_IND
Double revision,FM,W_C,24,sell,0.12365485634999998,100.0,12.365485634999999,W_IND
Double revision,FM,IND,24,buy,0.12365485634999998,100.0,-12.365485634999999,W_IND
Double revision,FM,W_C,25,sell,0.13893805275,100.0,13.893805275000002,W_IND
Double revision,FM,IND,25,buy,0.13893805275,100.0,-13.893805275000002,W_IND
Double revision,FM,W_C,26,sell,0.13893805275,100.0,13.893805275000002,W_IND
Double revision,FM,IND,26,buy,0.13893805275,100.0,-13.893805275000002,W_IND
Double revision,FM,W_C,27,sell,0.09517256789999999,100.0,9.51725679,W_IND
Double revision,FM,IND,27,buy,0.09517256789999999,100.0,-9.51725679,W_IND
Double revision,FM,W_C,28,sell,0.09517256789999999,100.0,9.51725679,W_IND
Double revision,FM,IND,28,buy,0.09517256789999999,100.0,-9.51725679,W_IND
Double revision,FM,W_C,29,sell,0.113234523,100.0,11.3234523,W_IND
Double revision,FM,IND,29,buy,0.113234523,100.0,-11.3234523,W_IND
Double revision,FM,W_C,30,sell,0.113234523,100.0,11.3234523,W_IND
Double revision,FM,IND,30,buy,0.113234523,100.0,-11.3234523,W_IND
Double revision,FM,W_C,31,sell,0.23411062065,100.0,23.411062065,W_IND
Double revision,FM,IND,31,buy,0.23411062065,100.0,-23.411062065,W_IND
Double revision,FM,W_C,32,sell,0.23411062065,100.0,23.411062065,W_IND
Double revision,FM,IND,32,buy,0.23411062065,100.0,-23.411062065,W_IND
Double revision,FM,W_C,33,sell,0.63633628395,100.0,63.633628394999995,W_IND
Double revision,FM,IND,33,buy,0.63633628395,100.0,-63.633628394999995,W_IND
Double revision,FM,W_C,34,sell,0.63633628395,100.0,63.633628394999995,W_IND
Double revision,FM,IND,34,buy,0.63633628395,100.0,-63.633628394999995,W_IND
Double revision,FM,W_C,35,sell,0.7773584174999999,100.0,77.73584174999999,W_IND
Double revision,FM,IND,35,buy,0.7773584174999999,100.0,-77.73584174999999,W_IND
Double revision,FM,W_C,36,sell,0.7773584174999999,100.0,77.73584174999999,W_IND
Double revision,FM,IND,36,buy,0.7773584174999999,100.0,-77.73584174999999,W_IND
Double revision,FM,W_C,37,sell,0.5314380606,100.0,53.143806059999996,W_IND
Double revision,FM,IND,37,buy,0.5314380606,100.0,-53.143806059999996,W_IND
Double revision,FM,W_C,38,sell,0.5314380606,100.0,53.143806059999996,W_IND
Double revision,FM,IND,38,buy,0.5314380606,100.0,-53.143806059999996,W_IND
Double revision,FM,W_C,39,sell,0.34734514364999997,100.0,34.734514364999995,W_IND
Double revision,FM,IND,39,buy,0.34734514364999997,100.0,-34.734514364999995,W_IND
Double revision,FM,W_C,40,sell,0.34734514364999997,100.0,34.734514364999995,W_IND
Double revision,FM,IND,40,buy,0.34734514364999997,100.0,-34.734514364999995,W_IND
Double revision,FM,W_C,41,sell,0.25217257574999996,100.0,25.217257574999998,W_IND
Double revision,FM,IND,41,buy,0.25217257574999996,100.0,-25.217257574999998,W_IND
Double revision,FM,W_C,42,sell,0.25217257574999996,100.0,25.217257574999998,W_IND
Double revision,FM,IND,42,buy,0.25217257574999996,100.0,-25.217257574999998,W_IND
Double revision,FM,W_C,43,sell,0.3313672458,100.0,33.13672458,W_IND
Double revision,FM,IND,43,buy,0.3313672458,100.0,-33.13672458,W_IND
Double revision,FM,W_C,44,sell,0.3313672458,100.0,33.13672458,W_IND
Double revision,FM,IND,44,buy,0.3313672458,100.0,-33.13672458,W_IND
Double revision,FM,W_C,45,sell,0.367491156,100.0,36.749115599999996,W_IND
Double revision,FM,IND,45,buy,0.367491156,100.0,-36.749115599999996,W_IND
Double revision,FM,W_C,46,sell,0.367491156,100.0,36.749115599999996,W_IND
Double revision,FM,IND,46,buy,0.367491156,100.0,-36.749115599999996,W_IND
Double revision,FM,W_C,47,sell,0.357765477,100.0,35.7765477,W_IND
Double revision,FM,IND,47,buy,0.357765477,100.0,-35.7765477,W_IND
Double revision,FM,W_C,48,sell,0.357765477,100.0,35.7765477,W_IND
Double revision,FM,IND,48,buy,0.357765477,100.0,-35.7765477,W_IND
Double revision,FM,W_C,1,sell,0.14727433670000004,105.0,15.463805353500003,W_RESI
Double revision,FM,RESI,1,buy,0.14727433670000004,105.0,-15.463805353500003,W_RESI
Double revision,FM,W_C,2,sell,0.14727433670000004,105.0,15.463805353500003,W_RESI
Double revision,FM,RESI,2,buy,0.14727433670000004,105.0,-15.463805353500003,W_RESI
Double revision,FM,W_C,3,sell,0.15375811092500002,105.0,16.144601647125004,W_RESI
Double revision,FM,RESI,3,buy,0.15375811092500002,105.0,-16.144601647125004,W_RESI
Double revision,FM,W_C,4,sell,0.15375811092500002,105.0,16.144601647125004,W_RESI
Double revision,FM,RESI,4,buy,0.15375811092500002,105.0,-16.144601647125004,W_RESI
Double revision,FM,W_C,5,sell,0.213501474,105.0,22.41765477,W_RESI
Double revision,FM,RESI,5,buy,0.213501474,105.0,-22.41765477,W_RESI
Double revision,FM,W_C,6,sell,0.213501474,105.0,22.41765477,W_RESI
Double revision,FM,RESI,6,buy,0.213501474,105.0,-22.41765477,W_RESI
Double revision,FM,W_C,7,sell,0.28852802175000003,105.0,30.295442283750003,W_RESI
Double revision,FM,RESI,7,buy,0.28852802175000003,105.0,-30.295442283750003,W_RESI
Double revision,FM,W_C,8,sell,0.28852802175000003,105.0,30.295442283750003,W_RESI
Double revision,FM,RESI,8,buy,0.28852802175000003,105.0,-30.295442283750003,W_RESI
Double revision,FM,W_C,9,sell,0.20956489525000002,105.0,22.004314001250002,W_RESI
Double revision,FM,RESI,9,buy,0.20956489525000002,105.0,-22.004314001250002,W_RESI
Double revision,FM,W_C,10,sell,0.20956489525000002,105.0,22.004314001250002,W_RESI
Double revision,FM,RESI,10,buy,0.20956489525000002,105.0,-22.004314001250002,W_RESI
Double revision,FM,W_C,11,sell,0.14588495735,105.0,15.31792052175,W_RESI
Double revision,FM,RESI,11,buy,0.14588495735,105.0,-15.31792052175,W_RESI
Double revision,FM,W_C,12,sell,0.14588495735,105.0,15.31792052175,W_RESI
Double revision,FM,RESI,12,buy,0.14588495735,105.0,-15.31792052175,W_RESI
Double revision,FM,W_C,13,sell,0.15398967415,105.0,16.168915785750002,W_RESI
Double revision,FM,RESI,13,buy,0.15398967415,105.0,-16.168915785750002,W_RESI
Double revision,FM,W_C,14,sell,0.15398967415,105.0,16.168915785750002,W_RESI
Double revision,FM,RESI,14,buy,0.15398967415,105.0,-16.168915785750002,W_RESI
Double revision,FM,W_C,15,sell,0.112655605125,105.0,11.828838538125,W_RESI
Double revision,FM,RESI,15,buy,0.112655605125,105.0,-11.828838538125,W_RESI
Double revision,FM,W_C,16,sell,0.112655605125,105.0,11.828838538125,W_RESI
Double revision,FM,RESI,16,buy,0.112655605125,105.0,-11.828838538125,W_RESI
Double revision,FM,W_C,17,sell,0.076994837075,105.0,8.084457892875001,W_RESI
Double revision,FM,RESI,17,buy,0.076994837075,105.0,-8.084457892875001,W_RESI
Double revision,FM,W_C,18,sell,0.076994837075,105.0,8.084457892875001,W_RESI
Double revision,FM,RESI,18,buy,0.076994837075,105.0,-8.084457892875001,W_RESI
Double revision,FM,W_C,19,sell,0.07074262607500001,105.0,7.427975737875001,W_RESI
Double revision,FM,RESI,19,buy,0.07074262607500001,105.0,-7.427975737875001,W_RESI
Double revision,FM,W_C,20,sell,0.07074262607500001,105.0,7.427975737875001,W_RESI
Double revision,FM,RESI,20,buy,0.07074262607500001,105.0,-7.427975737875001,W_RESI
Double revision,FM,W_C,21,sell,0.0389026532,105.0,4.084778586,W_RESI
Double revision,FM,RESI,21,buy,0.0389026532,105.0,-4.084778586,W_RESI
Double revision,FM,W_C,22,sell,0.0389026532,105.0,4.084778586,W_RESI
Double revision,FM,RESI,22,buy,0.0389026532,105.0,-4.084778586,W_RESI
Double revision,FM,W_C,23,sell,0.020609142724999998,105.0,2.1639599861249996,W_RESI
Double revision,FM,RESI,23,buy,0.020609142724999998,105.0,-2.1639599861249996,W_RESI
Double revision,FM,W_C,24,sell,0.020609142724999998,105.0,2.1639599861249996,W_RESI
Double revision,FM,RESI,24,buy,0.020609142724999998,105.0,-2.1639599861249996,W_RESI
Double revision,FM,W_C,25,sell,0.023156342125000003,105.0,2.4314159231250003,W_RESI
Double revision,FM,RESI,25,buy,0.023156342125000003,105.0,-2.4314159231250003,W_RESI
Double revision,FM,W_C,26,sell,0.023156342125000003,105.0,2.4314159231250003,W_RESI
Double revision,FM,RESI,26,buy,0.023156342125000003,105.0,-2.4314159231250003,W_RESI
Double revision,FM,W_C,27,sell,0.015862094650000002,105.0,1.66551993825,W_RESI
Double revision,FM,RESI,27,buy,0.015862094650000002,105.0,-1.66551993825,W_RESI
Double revision,FM,W_C,28,sell,0.015862094650000002,105.0,1.66551993825,W_RESI
Double revision,FM,RESI,28,buy,0.015862094650000002,105.0,-1.66551993825,W_RESI
Double revision,FM,W_C,29,sell,0.0188724205,105.0,1.9816041525,W_RESI
Double revision,FM,RESI,29,buy,0.0188724205,105.0,-1.9816041525,W_RESI
Double revision,FM,W_C,30,sell,0.0188724205,105.0,1.9816041525,W_RESI
Double revision,FM,RESI,30,buy,0.0188724205,105.0,-1.9816041525,W_RESI
Double revision,FM,W_C,31,sell,0.039018436775000005,105.0,4.096935861375001,W_RESI
Double revision,FM,RESI,31,buy,0.039018436775000005,105.0,-4.096935861375001,W_RESI
Double revision,FM,W_C,32,sell,0.039018436775000005,105.0,4.096935861375001,W_RESI
Double revision,FM,RESI,32,buy,0.039018436775000005,105.0,-4.096935861375001,W_RESI
Double revision,FM,W_C,33,sell,0.10605604732500001,105.0,11.135884969125001,W_RESI
Double revision,FM,RESI,33,buy,0.10605604732500001,105.0,-11.135884969125001,W_RESI
Double revision,FM,W_C,34,sell,0.10605604732500001,105.0,11.135884969125001,W_RESI
Double revision,FM,RESI,34,buy,0.10605604732500001,105.0,-11.135884969125001,W_RESI
Double revision,FM,W_C,35,sell,0.12955973625,105.0,13.60377230625,W_RESI
Double revision,FM,RESI,35,buy,0.12955973625,105.0,-13.60377230625,W_RESI
Double revision,FM,W_C,36,sell,0.12955973625,105.0,13.60377230625,W_RESI
Double revision,FM,RESI,36,buy,0.12955973625,105.0,-13.60377230625,W_RESI
Double revision,FM,W_C,37,sell,0.08857301010000002,105.0,9.300166060500002,W_RESI
Double revision,FM,RESI,37,buy,0.08857301010000002,105.0,-9.300166060500002,W_RESI
Double revision,FM,W_C,38,sell,0.08857301010000002,105.0,9.300166060500002,W_RESI
Double revision,FM,RESI,38,buy,0.08857301010000002,105.0,-9.300166060500002,W_RESI
Double revision,FM,W_C,39,sell,0.057890857275,105.0,6.078540013875,W_RESI
Double revision,FM,RESI,39,buy,0.057890857275,105.0,-6.078540013875,W_RESI
Double revision,FM,W_C,40,sell,0.057890857275,105.0,6.078540013875,W_RESI
Double revision,FM,RESI,40,buy,0.057890857275,105.0,-6.078540013875,W_RESI
Double revision,FM,W_C,41,sell,0.042028762625,105.0,4.413020075625,W_RESI
Double revision,FM,RESI,41,buy,0.042028762625,105.0,-4.413020075625,W_RESI
Double revision,FM,W_C,42,sell,0.042028762625,105.0,4.413020075625,W_RESI
Double revision,FM,RESI,42,buy,0.042028762625,105.0,-4.413020075625,W_RESI
Double revision,FM,W_C,43,sell,0.05522787430000001,105.0,5.7989268015,W_RESI
Double revision,FM,RESI,43,buy,0.05522787430000001,105.0,-5.7989268015,W_RESI
Double revision,FM,W_C,44,sell,0.05522787430000001,105.0,5.7989268015,W_RESI
Double revision,FM,RESI,44,buy,0.05522787430000001,105.0,-5.7989268015,W_RESI
Double revision,FM,W_C,45,sell,0.061248526000000005,105.0,6.43109523,W_RESI
Double revision,FM,RESI,45,buy,0.061248526000000005,105.0,-6.43109523,W_RESI
Double revision,FM,W_C,46,sell,0.061248526000000005,105.0,6.43109523,W_RESI
Double revision,FM,RESI,46,buy,0.061248526000000005,105.0,-6.43109523,W_RESI
Double revision,FM,W_C,47,sell,0.05962757950000001,105.0,6.2608958475000005,W_RESI
Double revision,FM,RESI,47,buy,0.05962757950000001,105.0,-6.2608958475000005,W_RESI
Double revision,FM,W_C,48,sell,0.05962757950000001,105.0,6.2608958475000005,W_RESI
Double revision,FM,RESI,48,buy,0.05962757950000001,105.0,-6.2608958475000005,W_RESI
Double revision,DAM,IND,1,buy,73.543603,156.17,-11485.30448051,DAM_IND_1
Double revision,DAM,COM,1,buy,60.566522,156.17,-9458.67374074,DAM_COM_1
Double revision,DAM,RESI,1,buy,140.13065,156.17,-21884.203610499997,DAM_RESI_1
Double revision,DAM,W_C,1,sell,0.44182301,156.17,68.99949947169999,DAM_W_C_1
Double revision,DAM,W_A,1,sell,1.4727434,156.17,229.99833677799998,DAM_W_A_1
Double revision,DAM,DKL_ICE_H,1,sell,36.75,156.17,5739.2474999999995,DAM_DKL_ICE_H_FLEX_1
Double revision,DAM,VAS_ST_H,1,sell,136.5,156.17,21317.204999999998,DAM_VAS_ST_H_FLEX_1
Double revision,DAM,VAS_CCGT_D,1,sell,24.826209,156.17,3877.1090595299993,DAM_VAS_CCGT_D_FLEX_1
Double revision,DAM,IND,2,buy,73.543603,156.17,-11485.30448051,DAM_IND_2
Double revision,DAM,COM,2,buy,60.774218,156.17,-9491.109625059999,DAM_COM_2
Double revision,DAM,RESI,2,buy,139.92295,156.17,-21851.767101499998,DAM_RESI_2
Double revision,DAM,W_C,2,sell,0.44182301,156.17,68.99949947169999,DAM_W_C_2
Double revision,DAM,W_A,2,sell,1.4727434,156.17,229.99833677799998,DAM_W_A_2
Double revision,DAM,DKL_ICE_H,2,sell,36.75,156.17,5739.2474999999995,DAM_DKL_ICE_H_FLEX_2
Double revision,DAM,VAS_ST_H,2,sell,136.5,156.17,21317.204999999998,DAM_VAS_ST_H_FLEX_2
Double revision,DAM,VAS_CCGT_D,2,sell,24.826209,156.17,3877.1090595299993,DAM_VAS_CCGT_D_FLEX_2
Double revision,DAM,IND,3,buy,73.5047,156.17,-11479.228998999999,DAM_IND_3
Double revision,DAM,COM,3,buy,59.138495,156.17,-9235.65876415,DAM_COM_3
Double revision,DAM,RESI,3,buy,135.09992,156.17,-21098.554506399996,DAM_RESI_3
Double revision,DAM,W_C,3,sell,0.46127433,156.17,72.0372121161,DAM_W_C_3
Double revision,DAM,W_A,3,sell,1.5375811,156.17,240.12404038699998,DAM_W_A_3
Double revision,DAM,DKL_ICE_H,3,sell,36.75,156.17,5739.2474999999995,DAM_DKL_ICE_H_FLEX_3
Double revision,DAM,VAS_ST_H,3,sell,136.5,156.17,21317.204999999998,DAM_VAS_ST_H_FLEX_3
Double revision,DAM,VAS_CCGT_D,3,sell,18.244262,156.17,2849.20639654,DAM_VAS_CCGT_D_FLEX_3
Double revision,DAM,IND,4,buy,73.5047,156.17,-11479.228998999999,DAM_IND_4
Double revision,DAM,COM,4,buy,59.625466,156.17,-9311.70902522,DAM_COM_4
Double revision,DAM,RESI,4,buy,134.61295,156.17,-21022.5044015,DAM_RESI_4
Double revision,DAM,W_C,4,sell,0.46127433,156.17,72.0372121161,DAM_W_C_4
Double revision,DAM,W_A,4,sell,1.5375811,156.17,240.12404038699998,DAM_W_A_4
Double revision,DAM,DKL_ICE_H,4,sell,36.75,156.17,5739.2474999999995,DAM_DKL_ICE_H_FLEX_4
Double revision,DAM,VAS_ST_H,4,sell,136.5,156.17,21317.204999999998,DAM_VAS_ST_H_FLEX_4
Double revision,DAM,VAS_CCGT_D,4,sell,18.244262,156.17,2849.20639654,DAM_VAS_CCGT_D_FLEX_4
Double revision,DAM,IND,5,buy,73.14624,156.17,-11423.2483008,DAM_IND_5
Double revision,DAM,COM,5,buy,55.27045,156.17,-8631.586176499999,DAM_COM_5
Double revision,DAM,RESI,5,buy,122.5303,156.17,-19135.556951,DAM_RESI_5
Double revision,DAM,W_C,5,sell,0.64050442,156.17,100.02757527139998,DAM_W_C_5
Double revision,DAM,W_A,5,sell,2.1350147,156.17,333.425245699,DAM_W_A_5
Double revision,DAM,DKL_ICE_H,5,sell,36.75,156.17,5739.2474999999995,DAM_DKL_ICE_H_FLEX_5
Double revision,DAM,VAS_ST_H,5,sell,136.5,156.17,21317.204999999998,DAM_VAS_ST_H_FLEX_5
Double revision,DAM,VAS_CCGT_D,5,sell,0.67147572,156.17,104.86436319239999,DAM_VAS_CCGT_D_FLEX_5
Double revision,DAM,IND,6,buy,73.14624,156.17,-11423.2483008,DAM_IND_6
Double revision,DAM,COM,6,buy,56.246195,156.17,-8783.96827315,DAM_COM_6
Double revision,DAM,RESI,6,buy,121.55456,156.17,-18983.175635199997,DAM_RESI_6
Double revision,DAM,W_C,6,sell,0.64050442,156.17,100.02757527139998,DAM_W_C_6
Double revision,DAM,W_A,6,sell,2.1350147,156.17,333.425245699,DAM_W_A_6
Double revision,DAM,DKL_ICE_H,6,sell,36.75,156.17,5739.2474999999995,DAM_DKL_ICE_H_FLEX_6
Double revision,DAM,VAS_ST_H,6,sell,136.5,156.17,21317.204999999998,DAM_VAS_ST_H_FLEX_6
Double revision,DAM,VAS_CCGT_D,6,sell,0.67147572,156.17,104.86436319239999,DAM_VAS_CCGT_D_FLEX_6
Double revision,DAM,IND,7,buy,72.696081,130.24,-9467.937589440002,DAM_IND_7
Double revision,DAM,COM,7,buy,51.590065,130.24,-6719.090065600001,DAM_COM_7
Double revision,DAM,RESI,7,buy,107.47857,130.24,-13998.008956800002,DAM_RESI_7
Double revision,DAM,W_C,7,sell,0.86558407,130.24,112.73366927680001,DAM_W_C_7
Double revision,DAM,W_A,7,sell,2.8852802,130.24,375.77889324800003,DAM_W_A_7
Double revision,DAM,DKL_ICE_H,7,sell,36.75,130.24,4786.320000000001,DAM_DKL_ICE_H_FLEX_7
Double revision,DAM,VAS_ST_H,7,sell,117.01385,130.24,15239.883824000002,DAM_VAS_ST_H_FLEX_7
Double revision,DAM,IND,8,buy,72.696081,130.24,-9467.937589440002,DAM_IND_8
Double revision,DAM,COM,8,buy,53.29377,130.24,-6940.980604800001,DAM_COM_8
Double revision,DAM,RESI,8,buy,105.77486,130.24,-13776.1177664,DAM_RESI_8
Double revision,DAM,W_C,8,sell,0.86558407,130.24,112.73366927680001,DAM_W_C_8
Double revision,DAM,W_A,8,sell,2.8852802,130.24,375.77889324800003,DAM_W_A_8
Double revision,DAM,DKL_ICE_H,8,sell,36.75,130.24,4786.320000000001,DAM_DKL_ICE_H_FLEX_8
Double revision,DAM,VAS_ST_H,8,sell,117.01385,130.24,15239.883824000002,DAM_VAS_ST_H_FLEX_8
Double revision,DAM,IND,9,buy,73.16986,130.24,-9529.6425664,DAM_IND_9
Double revision,DAM,COM,9,buy,51.794759,130.24,-6745.74941216,DAM_COM_9
Double revision,DAM,RESI,9,buy,96.553443,130.24,-12575.120416320002,DAM_RESI_9
Double revision,DAM,W_C,9,sell,0.62869469,130.24,81.88119642560001,DAM_W_C_9
Double revision,DAM,W_A,9,sell,2.095649,130.24,272.93732576,DAM_W_A_9
Double revision,DAM,DKL_ICE_H,9,sell,36.75,130.24,4786.320000000001,DAM_DKL_ICE_H_FLEX_9
Double revision,DAM,VAS_ST_H,9,sell,107.79372,130.24,14039.054092800001,DAM_VAS_ST_H_FLEX_9
Double revision,DAM,IND,10,buy,73.16986,130.24,-9529.6425664,DAM_IND_10
Double revision,DAM,COM,10,buy,54.505656,130.24,-7098.816637440001,DAM_COM_10
Double revision,DAM,RESI,10,buy,93.842546,130.24,-12222.05319104,DAM_RESI_10
Double revision,DAM,W_C,10,sell,0.62869469,130.24,81.88119642560001,DAM_W_C_10
Double revision,DAM,W_A,10,sell,2.095649,130.24,272.93732576,DAM_W_A_10
Double revision,DAM,DKL_ICE_H,10,sell,36.75,130.24,4786.320000000001,DAM_DKL_ICE_H_FLEX_10
Double revision,DAM,VAS_ST_H,10,sell,107.79372,130.24,14039.054092800001,DAM_VAS_ST_H_FLEX_10
Double revision,DAM,IND,11,buy,73.551939,130.24,-9579.404535360001,DAM_IND_11
Double revision,DAM,COM,11,buy,57.382682,130.24,-7473.520503680001,DAM_COM_11
Double revision,DAM,RESI,11,buy,89.821799,130.24,-11698.39110176,DAM_RESI_11
Double revision,DAM,W_C,11,sell,0.43765487,130.24,57.0001702688,DAM_W_C_11
Double revision,DAM,W_A,11,sell,1.4588496,130.24,190.000571904,DAM_W_A_11
Double revision,DAM,DKL_ICE_H,11,sell,36.75,130.24,4786.320000000001,DAM_DKL_ICE_H_FLEX_11
Double revision,DAM,VAS_ST_H,11,sell,107.85992,130.24,14047.6759808,DAM_VAS_ST_H_FLEX_11
Double revision,DAM,IND,12,buy,73.551939,130.24,-9579.404535360001,DAM_IND_12
Double revision,DAM,COM,12,buy,61.318756,130.24,-7986.154781440001,DAM_COM_12
Double revision,DAM,RESI,12,buy,85.885725,130.24,-11185.756824,DAM_RESI_12
Double revision,DAM,W_C,12,sell,0.43765487,130.24,57.0001702688,DAM_W_C_12
Double revision,DAM,W_A,12,sell,1.4588496,130.24,190.000571904,DAM_W_A_12
Double revision,DAM,DKL_ICE_H,12,sell,36.75,130.24,4786.320000000001,DAM_DKL_ICE_H_FLEX_12
Double revision,DAM,VAS_ST_H,12,sell,107.85992,130.24,14047.6759808,DAM_VAS_ST_H_FLEX_12
Double revision,DAM,IND,13,buy,73.503311,156.17,-11479.012078869999,DAM_IND_13
Double revision,DAM,COM,13,buy,68.585463,156.17,-10710.99175671,DAM_COM_13
Double revision,DAM,RESI,13,buy,84.864976,156.17,-13253.363301919999,DAM_RESI_13
Double revision,DAM,PV_C,13,sell,1.797e-05,156.17,0.0028063749,DAM_PV_C_13
Double revision,DAM,PV_A,13,sell,5.99e-05,156.17,0.009354583,DAM_PV_A_13
Double revision,DAM,W_C,13,sell,0.46196902,156.17,72.1457018534,DAM_W_C_13
Double revision,DAM,W_A,13,sell,1.5398967,156.17,240.48566763899996,DAM_W_A_13
Double revision,DAM,DKL_ICE_H,13,sell,36.75,156.17,5739.2474999999995,DAM_DKL_ICE_H_FLEX_13
Double revision,DAM,VAS_ST_H,13,sell,136.5,156.17,21317.204999999998,DAM_VAS_ST_H_FLEX_13
Double revision,DAM,VAS_CCGT_D,13,sell,35.951807,156.17,5614.59369919,DAM_VAS_CCGT_D_FLEX_13
Double revision,DAM,IND,14,buy,73.503311,156.17,-11479.012078869999,DAM_IND_14
Double revision,DAM,COM,14,buy,73.666708,156.17,-11504.52978836,DAM_COM_14
Double revision,DAM,RESI,14,buy,79.783731,156.17,-12459.82527027,DAM_RESI_14
Double revision,DAM,PV_C,14,sell,1.797e-05,156.17,0.0028063749,DAM_PV_C_14
Double revision,DAM,PV_A,14,sell,5.99e-05,156.17,0.009354583,DAM_PV_A_14
Double revision,DAM,W_C,14,sell,0.46196902,156.17,72.1457018534,DAM_W_C_14
Double revision,DAM,W_A,14,sell,1.5398967,156.17,240.48566763899996,DAM_W_A_14
Double revision,DAM,DKL_ICE_H,14,sell,36.75,156.17,5739.2474999999995,DAM_DKL_ICE_H_FLEX_14
Double revision,DAM,VAS_ST_H,14,sell,136.5,156.17,21317.204999999998,DAM_VAS_ST_H_FLEX_14
Double revision,DAM,VAS_CCGT_D,14,sell,35.951807,156.17,5614.59369919,DAM_VAS_CCGT_D_FLEX_14
Double revision,DAM,IND,15,buy,73.751315,156.17,-11517.74286355,DAM_IND_15
Double revision,DAM,COM,15,buy,72.213224,156.17,-11277.53919208,DAM_COM_15
Double revision,DAM,RESI,15,buy,70.253664,156.17,-10971.51470688,DAM_RESI_15
Double revision,DAM,PV_C,15,sell,1.3667058,156.17,213.438444786,DAM_PV_C_15
Double revision,DAM,PV_A,15,sell,4.555686,156.17,711.4614826199999,DAM_PV_A_15
Double revision,DAM,W_C,15,sell,0.33796682,156.17,52.780278279399994,DAM_W_C_15
Double revision,DAM,W_A,15,sell,1.1265561,156.17,175.93426613699998,DAM_W_A_15
Double revision,DAM,DKL_ICE_H,15,sell,36.75,156.17,5739.2474999999995,DAM_DKL_ICE_H_FLEX_15
Double revision,DAM,VAS_ST_H,15,sell,136.5,156.17,21317.204999999998,DAM_VAS_ST_H_FLEX_15
Double revision,DAM,VAS_CCGT_D,15,sell,19.831288,156.17,3097.05224696,DAM_VAS_CCGT_D_FLEX_15
Double revision,DAM,IND,16,buy,73.751315,156.17,-11517.74286355,DAM_IND_16
Double revision,DAM,COM,16,buy,77.2691,156.17,-12067.115346999999,DAM_COM_16
Double revision,DAM,RESI,16,buy,65.197788,156.17,-10181.93855196,DAM_RESI_16
Double revision,DAM,PV_C,16,sell,1.3667058,156.17,213.438444786,DAM_PV_C_16
Double revision,DAM,PV_A,16,sell,4.555686,156.17,711.4614826199999,DAM_PV_A_16
Double revision,DAM,W_C,16,sell,0.33796682,156.17,52.780278279399994,DAM_W_C_16
Double revision,DAM,W_A,16,sell,1.1265561,156.17,175.93426613699998,DAM_W_A_16
Double revision,DAM,DKL_ICE_H,16,sell,36.75,156.17,5739.2474999999995,DAM_DKL_ICE_H_FLEX_16
Double revision,DAM,VAS_ST_H,16,sell,136.5,156.17,21317.204999999998,DAM_VAS_ST_H_FLEX_16
Double revision,DAM,VAS_CCGT_D,16,sell,19.831288,156.17,3097.05224696,DAM_VAS_CCGT_D_FLEX_16
Double revision,DAM,IND,17,buy,73.96528,130.24,-9633.238067200002,DAM_IND_17
Double revision,DAM,COM,17,buy,62.883121,130.24,-8189.897679040001,DAM_COM_17
Double revision,DAM,RESI,17,buy,52.32165,130.24,-6814.371696,DAM_RESI_17
Double revision,DAM,PV_C,17,sell,6.628754,130.24,863.32892096,DAM_PV_C_17
Double revision,DAM,PV_A,17,sell,22.095847,130.24,2877.76311328,DAM_PV_A_17
Double revision,DAM,W_C,17,sell,0.23098451,130.24,30.083422582400004,DAM_W_C_17
Double revision,DAM,W_A,17,sell,0.76994837,130.24,100.27807570880002,DAM_W_A_17
Double revision,DAM,DKL_ICE_H,17,sell,36.75,130.24,4786.320000000001,DAM_DKL_ICE_H_FLEX_17
Double revision,DAM,VAS_ST_H,17,sell,106.94452,130.24,13928.4542848,DAM_VAS_ST_H_FLEX_17
Double revision,DAM,IND,18,buy,73.96528,130.24,-9633.238067200002,DAM_IND_18
Double revision,DAM,COM,18,buy,66.967558,130.24,-8721.85475392,DAM_COM_18
Double revision,DAM,RESI,18,buy,48.237212,130.24,-6282.414490880001,DAM_RESI_18
Double revision,DAM,PV_C,18,sell,6.628754,130.24,863.32892096,DAM_PV_C_18
Double revision,DAM,PV_A,18,sell,22.095847,130.24,2877.76311328,DAM_PV_A_18
Double revision,DAM,W_C,18,sell,0.23098451,130.24,30.083422582400004,DAM_W_C_18
Double revision,DAM,W_A,18,sell,0.76994837,130.24,100.27807570880002,DAM_W_A_18
Double revision,DAM,DKL_ICE_H,18,sell,36.75,130.24,4786.320000000001,DAM_DKL_ICE_H_FLEX_18
Double revision,DAM,VAS_ST_H,18,sell,106.94452,130.24,13928.4542848,DAM_VAS_ST_H_FLEX_18
Double revision,DAM,IND,19,buy,74.002793,130.24,-9638.12376032,DAM_IND_19
Double revision,DAM,COM,19,buy,37.533259,130.24,-4888.331652160001,DAM_COM_19
Double revision,DAM,RESI,19,buy,30.593583,130.24,-3984.5082499200003,DAM_RESI_19
Double revision,DAM,PV_C,19,sell,12.395354,130.24,1614.37090496,DAM_PV_C_19
Double revision,DAM,PV_A,19,sell,41.317848,130.24,5381.23652352,DAM_PV_A_19
Double revision,DAM,W_C,19,sell,0.21222788,130.24,27.640559091200004,DAM_W_C_19
Double revision,DAM,W_A,19,sell,0.70742626,130.24,92.1351961024,DAM_W_A_19
Double revision,DAM,DKL_ICE_H,19,sell,36.75,130.24,4786.320000000001,DAM_DKL_ICE_H_FLEX_19
Double revision,DAM,VAS_ST_H,19,sell,34.996779,130.24,4557.98049696,DAM_VAS_ST_H_FLEX_19
Double revision,DAM,IND,20,buy,74.002793,130.24,-9638.12376032,DAM_IND_20
Double revision,DAM,COM,20,buy,39.910526,130.24,-5197.94690624,DAM_COM_20
Double revision,DAM,RESI,20,buy,28.216316,130.24,-3674.89299584,DAM_RESI_20
Double revision,DAM,PV_C,20,sell,12.395354,130.24,1614.37090496,DAM_PV_C_20
Double revision,DAM,PV_A,20,sell,41.317848,130.24,5381.23652352,DAM_PV_A_20
Double revision,DAM,W_C,20,sell,0.21222788,130.24,27.640559091200004,DAM_W_C_20
Double revision,DAM,W_A,20,sell,0.70742626,130.24,92.1351961024,DAM_W_A_20
Double revision,DAM,DKL_ICE_H,20,sell,36.75,130.24,4786.320000000001,DAM_DKL_ICE_H_FLEX_20
Double revision,DAM,VAS_ST_H,20,sell,34.996779,130.24,4557.98049696,DAM_VAS_ST_H_FLEX_20
Double revision,DAM,IND,21,buy,74.193833,130.24,-9663.004809920001,DAM_IND_21
Double revision,DAM,COM,21,buy,30.87463,130.24,-4021.1118112000004,DAM_COM_21
Double revision,DAM,RESI,21,buy,22.980643,130.24,-2992.99894432,DAM_RESI_21
Double revision,DAM,PV_C,21,sell,15.416863,130.24,2007.8922371200001,DAM_PV_C_21
Double revision,DAM,PV_A,21,sell,51.389544,130.24,6692.974210560001,DAM_PV_A_21
Double revision,DAM,W_C,21,sell,0.11670796,130.24,15.2000447104,DAM_W_C_21
Double revision,DAM,W_A,21,sell,0.38902653,130.24,50.6668152672,DAM_W_A_21
Double revision,DAM,DKL_ICE_H,21,sell,36.75,130.24,4786.320000000001,DAM_DKL_ICE_H_FLEX_21
Double revision,DAM,VAS_ST_H,21,sell,8.2369641,130.24,1072.7822043840001,DAM_VAS_ST_H_FLEX_21
Double revision,DAM,IND,22,buy,74.193833,130.24,-9663.004809920001,DAM_IND_22
Double revision,DAM,COM,22,buy,32.333854,130.24,-4211.1611449600005,DAM_COM_22
Double revision,DAM,RESI,22,buy,21.521419,130.24,-2802.9496105600006,DAM_RESI_22
Double revision,DAM,PV_C,22,sell,15.416863,130.24,2007.8922371200001,DAM_PV_C_22
Double revision,DAM,PV_A,22,sell,51.389544,130.24,6692.974210560001,DAM_PV_A_22
Double revision,DAM,W_C,22,sell,0.11670796,130.24,15.2000447104,DAM_W_C_22
Double revision,DAM,W_A,22,sell,0.38902653,130.24,50.6668152672,DAM_W_A_22
Double revision,DAM,DKL_ICE_H,22,sell,36.75,130.24,4786.320000000001,DAM_DKL_ICE_H_FLEX_22
Double revision,DAM,VAS_ST_H,22,sell,8.2369641,130.24,1072.7822043840001,DAM_VAS_ST_H_FLEX_22
Double revision,DAM,IND,23,buy,74.303594,125.3,-9310.2403282,DAM_IND_23
Double revision,DAM,COM,23,buy,29.841748,125.3,-3739.1710243999996,DAM_COM_23
Double revision,DAM,RESI,23,buy,19.607016,125.3,-2456.7591048,DAM_RESI_23
Double revision,DAM,PV_C,23,sell,16.602028,125.3,2080.2341084,DAM_PV_C_23
Double revision,DAM,PV_A,23,sell,55.340094,125.3,6934.1137782,DAM_PV_A_23
Double revision,DAM,W_C,23,sell,0.061827428,125.3,7.746976728399999,DAM_W_C_23
Double revision,DAM,W_A,23,sell,0.20609143,125.3,25.823256178999998,DAM_W_A_23
Double revision,DAM,DKL_ICE_H,23,sell,35.792318,125.3,4484.7774454,DAM_DKL_ICE_H_FLEX_23
Double revision,DAM,IND,24,buy,74.303594,125.3,-9310.2403282,DAM_IND_24
Double revision,DAM,COM,24,buy,30.481919,125.3,-3819.3844507,DAM_COM_24
Double revision,DAM,RESI,24,buy,18.966846,125.3,-2376.5458038,DAM_RESI_24
Double revision,DAM,PV_C,24,sell,16.602028,125.3,2080.2341084,DAM_PV_C_24
Double revision,DAM,PV_A,24,sell,55.340094,125.3,6934.1137782,DAM_PV_A_24
Double revision,DAM,W_C,24,sell,0.061827428,125.3,7.746976728399999,DAM_W_C_24
Double revision,DAM,W_A,24,sell,0.20609143,125.3,25.823256178999998,DAM_W_A_24
Double revision,DAM,DKL_ICE_H,24,sell,35.792318,125.3,4484.7774454,DAM_DKL_ICE_H_FLEX_24
Double revision,DAM,IND,25,buy,74.288311,130.24,-9675.30962464,DAM_IND_25
Double revision,DAM,COM,25,buy,34.729319,130.24,-4523.14650656,DAM_COM_25
Double revision,DAM,RESI,25,buy,20.202089,130.24,-2631.12007136,DAM_RESI_25
Double revision,DAM,PV_C,25,sell,16.40126,130.24,2136.1001024,DAM_PV_C_25
Double revision,DAM,PV_A,25,sell,54.670867,130.24,7120.333718080001,DAM_PV_A_25
Double revision,DAM,W_C,25,sell,0.069469026,130.24,9.047645946240001,DAM_W_C_25
Double revision,DAM,W_A,25,sell,0.23156342,130.24,30.1588198208,DAM_W_A_25
Double revision,DAM,DKL_ICE_H,25,sell,36.75,130.24,4786.320000000001,DAM_DKL_ICE_H_FLEX_25
Double revision,DAM,VAS_ST_H,25,sell,5.3465594,130.24,696.3358962560001,DAM_VAS_ST_H_FLEX_25
Double revision,DAM,IND,26,buy,74.288311,130.24,-9675.30962464,DAM_IND_26
Double revision,DAM,COM,26,buy,34.464237,130.24,-4488.62222688,DAM_COM_26
Double revision,DAM,RESI,26,buy,20.467172,130.24,-2665.6444812800005,DAM_RESI_26
Double revision,DAM,PV_C,26,sell,16.40126,130.24,2136.1001024,DAM_PV_C_26
Double revision,DAM,PV_A,26,sell,54.670867,130.24,7120.333718080001,DAM_PV_A_26
Double revision,DAM,W_C,26,sell,0.069469026,130.24,9.047645946240001,DAM_W_C_26
Double revision,DAM,W_A,26,sell,0.23156342,130.24,30.1588198208,DAM_W_A_26
Double revision,DAM,DKL_ICE_H,26,sell,36.75,130.24,4786.320000000001,DAM_DKL_ICE_H_FLEX_26
Double revision,DAM,VAS_ST_H,26,sell,5.3465594,130.24,696.3358962560001,DAM_VAS_ST_H_FLEX_26
Double revision,DAM,IND,27,buy,74.332077,130.24,-9681.00970848,DAM_IND_27
Double revision,DAM,COM,27,buy,37.06556,130.24,-4827.4185344,DAM_COM_27
Double revision,DAM,RESI,27,buy,21.981837,130.24,-2862.91445088,DAM_RESI_27
Double revision,DAM,PV_C,27,sell,14.995921,130.24,1953.06875104,DAM_PV_C_27
Double revision,DAM,PV_A,27,sell,49.986403,130.24,6510.229126720001,DAM_PV_A_27
Double revision,DAM,W_C,27,sell,0.047586284,130.24,6.197637628160001,DAM_W_C_27
Double revision,DAM,W_A,27,sell,0.15862095,130.24,20.658792528000003,DAM_W_A_27
Double revision,DAM,DKL_ICE_H,27,sell,36.75,130.24,4786.320000000001,DAM_DKL_ICE_H_FLEX_27
Double revision,DAM,VAS_ST_H,27,sell,15.690942,130.24,2043.5882860800002,DAM_VAS_ST_H_FLEX_27
Double revision,DAM,IND,28,buy,74.332077,130.24,-9681.00970848,DAM_IND_28
Double revision,DAM,COM,28,buy,35.662913,130.24,-4644.73778912,DAM_COM_28
Double revision,DAM,RESI,28,buy,23.384484,130.24,-3045.5951961600003,DAM_RESI_28
Double revision,DAM,PV_C,28,sell,14.995921,130.24,1953.06875104,DAM_PV_C_28
Double revision,DAM,PV_A,28,sell,49.986403,130.24,6510.229126720001,DAM_PV_A_28
Double revision,DAM,W_C,28,sell,0.047586284,130.24,6.197637628160001,DAM_W_C_28
Double revision,DAM,W_A,28,sell,0.15862095,130.24,20.658792528000003,DAM_W_A_28
Double revision,DAM,DKL_ICE_H,28,sell,36.75,130.24,4786.320000000001,DAM_DKL_ICE_H_FLEX_28
Double revision,DAM,VAS_ST_H,28,sell,15.690942,130.24,2043.5882860800002,DAM_VAS_ST_H_FLEX_28
Double revision,DAM,IND,29,buy,74.314015,130.24,-9678.6573136,DAM_IND_29
Double revision,DAM,COM,29,buy,49.051838,130.24,-6388.51138112,DAM_COM_29
Double revision,DAM,RESI,29,buy,30.858545,130.24,-4019.0169008000003,DAM_RESI_29
Double revision,DAM,PV_C,29,sell,11.851612,130.24,1543.55394688,DAM_PV_C_29
Double revision,DAM,PV_A,29,sell,39.505373,130.24,5145.17977952,DAM_PV_A_29
Double revision,DAM,W_C,29,sell,0.056617262,130.24,7.373832202880001,DAM_W_C_29
Double revision,DAM,W_A,29,sell,0.1887242,130.24,24.579439808000004,DAM_W_A_29
Double revision,DAM,DKL_ICE_H,29,sell,36.75,130.24,4786.320000000001,DAM_DKL_ICE_H_FLEX_29
Double revision,DAM,VAS_ST_H,29,sell,50.122071,130.24,6527.89852704,DAM_VAS_ST_H_FLEX_29
Double revision,DAM,IND,30,buy,74.314015,130.24,-9678.6573136,DAM_IND_30
Double revision,DAM,COM,30,buy,45.929512,130.24,-5981.859642880001,DAM_COM_30
Double revision,DAM,RESI,30,buy,33.98087,130.24,-4425.6685088,DAM_RESI_30
Double revision,DAM,PV_C,30,sell,11.851612,130.24,1543.55394688,DAM_PV_C_30
Double revision,DAM,PV_A,30,sell,39.505373,130.24,5145.17977952,DAM_PV_A_30
Double revision,DAM,W_C,30,sell,0.056617262,130.24,7.373832202880001,DAM_W_C_30
Double revision,DAM,W_A,30,sell,0.1887242,130.24,24.579439808000004,DAM_W_A_30
Double revision,DAM,DKL_ICE_H,30,sell,36.75,130.24,4786.320000000001,DAM_DKL_ICE_H_FLEX_30
Double revision,DAM,VAS_ST_H,30,sell,50.122071,130.24,6527.89852704,DAM_VAS_ST_H_FLEX_30
Double revision,DAM,IND,31,buy,74.193138,130.24,-9662.914293120002,DAM_IND_31
Double revision,DAM,COM,31,buy,73.654507,130.24,-9592.76299168,DAM_COM_31
Double revision,DAM,RESI,31,buy,53.20404,130.24,-6929.294169600001,DAM_RESI_31
Double revision,DAM,PV_C,31,sell,6.7614013,130.24,880.604905312,DAM_PV_C_31
Double revision,DAM,PV_A,31,sell,22.538004,130.24,2935.34964096,DAM_PV_A_31
Double revision,DAM,W_C,31,sell,0.11705531,130.24,15.2452835744,DAM_W_C_31
Double revision,DAM,W_A,31,sell,0.39018437,130.24,50.817612348800004,DAM_W_A_31
Double revision,DAM,DKL_ICE_H,31,sell,36.75,130.24,4786.320000000001,DAM_DKL_ICE_H_FLEX_31
Double revision,DAM,VAS_ST_H,31,sell,118.74504,130.24,15465.354009600002,DAM_VAS_ST_H_FLEX_31
Double revision,DAM,IND,32,buy,74.193138,130.24,-9662.914293120002,DAM_IND_32
Double revision,DAM,COM,32,buy,67.550567,130.24,-8797.78584608,DAM_COM_32
Double revision,DAM,RESI,32,buy,59.307981,130.24,-7724.27144544,DAM_RESI_32
Double revision,DAM,PV_C,32,sell,6.7614013,130.24,880.604905312,DAM_PV_C_32
Double revision,DAM,PV_A,32,sell,22.538004,130.24,2935.34964096,DAM_PV_A_32
Double revision,DAM,W_C,32,sell,0.11705531,130.24,15.2452835744,DAM_W_C_32
Double revision,DAM,W_A,32,sell,0.39018437,130.24,50.817612348800004,DAM_W_A_32
Double revision,DAM,DKL_ICE_H,32,sell,36.75,130.24,4786.320000000001,DAM_DKL_ICE_H_FLEX_32
Double revision,DAM,VAS_ST_H,32,sell,118.74504,130.24,15465.354009600002,DAM_VAS_ST_H_FLEX_32
Double revision,DAM,IND,33,buy,73.790913,156.17,-11523.926883209999,DAM_IND_33
Double revision,DAM,COM,33,buy,93.152027,156.17,-14547.552056589999,DAM_COM_33
Double revision,DAM,RESI,33,buy,88.514031,156.17,-13823.236221269999,DAM_RESI_33
Double revision,DAM,PV_C,33,sell,1.8043054,156.17,281.778374318,DAM_PV_C_33
Double revision,DAM,PV_A,33,sell,6.0143513,156.17,939.261242521,DAM_PV_A_33
Double revision,DAM,W_C,33,sell,0.31816814,156.17,49.68831842379999,DAM_W_C_33
Double revision,DAM,W_A,33,sell,1.0605605,156.17,165.62773328499998,DAM_W_A_33
Double revision,DAM,DKL_ICE_H,33,sell,36.75,156.17,5739.2474999999995,DAM_DKL_ICE_H_FLEX_33
Double revision,DAM,VAS_ST_H,33,sell,136.5,156.17,21317.204999999998,DAM_VAS_ST_H_FLEX_33
Double revision,DAM,VAS_CCGT_D,33,sell,57.259586,156.17,8942.229545619999,DAM_VAS_CCGT_D_FLEX_33
Double revision,DAM,IND,34,buy,73.790913,156.17,-11523.926883209999,DAM_IND_34
Double revision,DAM,COM,34,buy,83.645994,156.17,-13062.99488298,DAM_COM_34
Double revision,DAM,RESI,34,buy,98.020064,156.17,-15307.79339488,DAM_RESI_34
Double revision,DAM,PV_C,34,sell,1.8043054,156.17,281.778374318,DAM_PV_C_34
Double revision,DAM,PV_A,34,sell,6.0143513,156.17,939.261242521,DAM_PV_A_34
Double revision,DAM,W_C,34,sell,0.31816814,156.17,49.68831842379999,DAM_W_C_34
Double revision,DAM,W_A,34,sell,1.0605605,156.17,165.62773328499998,DAM_W_A_34
Double revision,DAM,DKL_ICE_H,34,sell,36.75,156.17,5739.2474999999995,DAM_DKL_ICE_H_FLEX_34
Double revision,DAM,VAS_ST_H,34,sell,136.5,156.17,21317.204999999998,DAM_VAS_ST_H_FLEX_34
Double revision,DAM,VAS_CCGT_D,34,sell,57.259586,156.17,8942.229545619999,DAM_VAS_CCGT_D_FLEX_34
Double revision,DAM,IND,35,buy,73.649891,156.17,-11501.90347747,DAM_IND_35
Double revision,DAM,COM,35,buy,99.098124,156.17,-15476.154025079999,DAM_COM_35
Double revision,DAM,RESI,35,buy,138.19643,156.17,-21582.136473099996,DAM_RESI_35
Double revision,DAM,W_C,35,sell,0.38867921,156.17,60.70003222569999,DAM_W_C_35
Double revision,DAM,W_A,35,sell,1.2955974,156.17,202.33344595799997,DAM_W_A_35
Double revision,DAM,DKL_ICE_H,35,sell,36.75,156.17,5739.2474999999995,DAM_DKL_ICE_H_FLEX_35
Double revision,DAM,VAS_ST_H,35,sell,136.5,156.17,21317.204999999998,DAM_VAS_ST_H_FLEX_35
Double revision,DAM,VAS_CCGT_D,35,sell,120.26017,156.17,18781.0307489,DAM_VAS_CCGT_D_FLEX_35
Double revision,DAM,IND,36,buy,73.649891,156.17,-11501.90347747,DAM_IND_36
Double revision,DAM,COM,36,buy,87.252437,156.17,-13626.21308629,DAM_COM_36
Double revision,DAM,RESI,36,buy,150.04212,156.17,-23432.0778804,DAM_RESI_36
Double revision,DAM,W_C,36,sell,0.38867921,156.17,60.70003222569999,DAM_W_C_36
Double revision,DAM,W_A,36,sell,1.2955974,156.17,202.33344595799997,DAM_W_A_36
Double revision,DAM,DKL_ICE_H,36,sell,36.75,156.17,5739.2474999999995,DAM_DKL_ICE_H_FLEX_36
Double revision,DAM,VAS_ST_H,36,sell,136.5,156.17,21317.204999999998,DAM_VAS_ST_H_FLEX_36
Double revision,DAM,VAS_CCGT_D,36,sell,120.26017,156.17,18781.0307489,DAM_VAS_CCGT_D_FLEX_36
Double revision,DAM,IND,37,buy,73.895811,156.17,-11540.308803869999,DAM_IND_37
Double revision,DAM,COM,37,buy,87.185303,156.17,-13615.72876951,DAM_COM_37
Double revision,DAM,RESI,37,buy,183.77862,156.17,-28700.707085399998,DAM_RESI_37
Double revision,DAM,W_C,37,sell,0.26571903,156.17,41.4973409151,DAM_W_C_37
Double revision,DAM,W_A,37,sell,0.8857301,156.17,138.32446971699997,DAM_W_A_37
Double revision,DAM,DKL_ICE_H,37,sell,36.75,156.17,5739.2474999999995,DAM_DKL_ICE_H_FLEX_37
Double revision,DAM,VAS_ST_H,37,sell,136.5,156.17,21317.204999999998,DAM_VAS_ST_H_FLEX_37
Double revision,DAM,VAS_CCGT_D,37,sell,96.20829,156.17,15024.8486493,DAM_VAS_CCGT_D_FLEX_37
Double revision,DAM,IND,38,buy,73.895811,156.17,-11540.308803869999,DAM_IND_38
Double revision,DAM,COM,38,buy,76.279391,156.17,-11912.55249247,DAM_COM_38
Double revision,DAM,RESI,38,buy,194.68454,156.17,-30403.884611799996,DAM_RESI_38
Double revision,DAM,W_C,38,sell,0.26571903,156.17,41.4973409151,DAM_W_C_38
Double revision,DAM,W_A,38,sell,0.8857301,156.17,138.32446971699997,DAM_W_A_38
Double revision,DAM,DKL_ICE_H,38,sell,36.75,156.17,5739.2474999999995,DAM_DKL_ICE_H_FLEX_38
Double revision,DAM,VAS_ST_H,38,sell,136.5,156.17,21317.204999999998,DAM_VAS_ST_H_FLEX_38
Double revision,DAM,VAS_CCGT_D,38,sell,96.20829,156.17,15024.8486493,DAM_VAS_CCGT_D_FLEX_38
Double revision,DAM,IND,39,buy,74.079904,156.17,-11569.05860768,DAM_IND_39
Double revision,DAM,COM,39,buy,69.747918,156.17,-10892.532354059998,DAM_COM_39
Double revision,DAM,RESI,39,buy,211.83845,156.17,-33082.810736499996,DAM_RESI_39
Double revision,DAM,W_C,39,sell,0.17367257,156.17,27.122445256899997,DAM_W_C_39
Double revision,DAM,W_A,39,sell,0.57890857,156.17,90.40815137689998,DAM_W_A_39
Double revision,DAM,DKL_ICE_H,39,sell,36.75,156.17,5739.2474999999995,DAM_DKL_ICE_H_FLEX_39
Double revision,DAM,VAS_ST_H,39,sell,136.5,156.17,21317.204999999998,DAM_VAS_ST_H_FLEX_39
Double revision,DAM,VAS_CCGT_D,39,sell,107.41369,156.17,16774.7959673,DAM_VAS_CCGT_D_FLEX_39
Double revision,DAM,IND,40,buy,74.079904,156.17,-11569.05860768,DAM_IND_40
Double revision,DAM,COM,40,buy,62.124157,156.17,-9701.929598689998,DAM_COM_40
Double revision,DAM,RESI,40,buy,219.46221,156.17,-34273.413335699996,DAM_RESI_40
Double revision,DAM,W_C,40,sell,0.17367257,156.17,27.122445256899997,DAM_W_C_40
Double revision,DAM,W_A,40,sell,0.57890857,156.17,90.40815137689998,DAM_W_A_40
Double revision,DAM,DKL_ICE_H,40,sell,36.75,156.17,5739.2474999999995,DAM_DKL_ICE_H_FLEX_40
Double revision,DAM,VAS_ST_H,40,sell,136.5,156.17,21317.204999999998,DAM_VAS_ST_H_FLEX_40
Double revision,DAM,VAS_CCGT_D,40,sell,107.41369,156.17,16774.7959673,DAM_VAS_CCGT_D_FLEX_40
Double revision,DAM,IND,41,buy,74.175077,156.17,-11583.921775089999,DAM_IND_41
Double revision,DAM,COM,41,buy,56.394614,156.17,-8807.14686838,DAM_COM_41
Double revision,DAM,RESI,41,buy,225.50887,156.17,-35217.7202279,DAM_RESI_41
Double revision,DAM,W_C,41,sell,0.12608629,156.17,19.690895909299996,DAM_W_C_41
Double revision,DAM,W_A,41,sell,0.42028763,156.17,65.63631917709999,DAM_W_A_41
Double revision,DAM,DKL_ICE_H,41,sell,36.75,156.17,5739.2474999999995,DAM_DKL_ICE_H_FLEX_41
Double revision,DAM,VAS_ST_H,41,sell,136.5,156.17,21317.204999999998,DAM_VAS_ST_H_FLEX_41
Double revision,DAM,VAS_CCGT_D,41,sell,108.03218,156.17,16871.385550599996,DAM_VAS_CCGT_D_FLEX_41
Double revision,DAM,IND,42,buy,74.175077,156.17,-11583.921775089999,DAM_IND_42
Double revision,DAM,COM,42,buy,52.309453,156.17,-8169.167275009999,DAM_COM_42
Double revision,DAM,RESI,42,buy,229.59403,156.17,-35855.6996651,DAM_RESI_42
Double revision,DAM,W_C,42,sell,0.12608629,156.17,19.690895909299996,DAM_W_C_42
Double revision,DAM,W_A,42,sell,0.42028763,156.17,65.63631917709999,DAM_W_A_42
Double revision,DAM,DKL_ICE_H,42,sell,36.75,156.17,5739.2474999999995,DAM_DKL_ICE_H_FLEX_42
Double revision,DAM,VAS_ST_H,42,sell,136.5,156.17,21317.204999999998,DAM_VAS_ST_H_FLEX_42
Double revision,DAM,VAS_CCGT_D,42,sell,108.03218,156.17,16871.385550599996,DAM_VAS_CCGT_D_FLEX_42
Double revision,DAM,IND,43,buy,74.095882,156.17,-11571.553891939999,DAM_IND_43
Double revision,DAM,COM,43,buy,47.897088,156.17,-7480.088232959999,DAM_COM_43
Double revision,DAM,RESI,43,buy,223.32102,156.17,-34876.043693399995,DAM_RESI_43
Double revision,DAM,W_C,43,sell,0.16568362,156.17,25.8748109354,DAM_W_C_43
Double revision,DAM,W_A,43,sell,0.55227874,156.17,86.24937082579999,DAM_W_A_43
Double revision,DAM,DKL_ICE_H,43,sell,36.75,156.17,5739.2474999999995,DAM_DKL_ICE_H_FLEX_43
Double revision,DAM,VAS_ST_H,43,sell,136.5,156.17,21317.204999999998,DAM_VAS_ST_H_FLEX_43
Double revision,DAM,VAS_CCGT_D,43,sell,97.096029,156.17,15163.486848929999,DAM_VAS_CCGT_D_FLEX_43
Double revision,DAM,IND,44,buy,74.095882,156.17,-11571.553891939999,DAM_IND_44
Double revision,DAM,COM,44,buy,46.812482,156.17,-7310.7053139399995,DAM_COM_44
Double revision,DAM,RESI,44,buy,224.40563,156.17,-35045.4272371,DAM_RESI_44
Double revision,DAM,W_C,44,sell,0.16568362,156.17,25.8748109354,DAM_W_C_44
Double revision,DAM,W_A,44,sell,0.55227874,156.17,86.24937082579999,DAM_W_A_44
Double revision,DAM,DKL_ICE_H,44,sell,36.75,156.17,5739.2474999999995,DAM_DKL_ICE_H_FLEX_44
Double revision,DAM,VAS_ST_H,44,sell,136.5,156.17,21317.204999999998,DAM_VAS_ST_H_FLEX_44
Double revision,DAM,VAS_CCGT_D,44,sell,97.096029,156.17,15163.486848929999,DAM_VAS_CCGT_D_FLEX_44
Double revision,DAM,IND,45,buy,74.059758,156.17,-11565.91240686,DAM_IND_45
Double revision,DAM,COM,45,buy,42.955776,156.17,-6708.4035379199995,DAM_COM_45
Double revision,DAM,RESI,45,buy,205.2701,156.17,-32057.031517,DAM_RESI_45
Double revision,DAM,W_C,45,sell,0.18374558,156.17,28.695547228599995,DAM_W_C_45
Double revision,DAM,W_A,45,sell,0.61248526,156.17,95.6518230542,DAM_W_A_45
Double revision,DAM,DKL_ICE_H,45,sell,36.75,156.17,5739.2474999999995,DAM_DKL_ICE_H_FLEX_45
Double revision,DAM,VAS_ST_H,45,sell,136.5,156.17,21317.204999999998,DAM_VAS_ST_H_FLEX_45
Double revision,DAM,VAS_CCGT_D,45,sell,73.9894,156.17,11554.924598,DAM_VAS_CCGT_D_FLEX_45
Double revision,DAM,IND,46,buy,74.059758,156.17,-11565.91240686,DAM_IND_46
Double revision,DAM,COM,46,buy,44.041994,156.17,-6878.03820298,DAM_COM_46
Double revision,DAM,RESI,46,buy,204.18388,156.17,-31887.396539599995,DAM_RESI_46
Double revision,DAM,W_C,46,sell,0.18374558,156.17,28.695547228599995,DAM_W_C_46
Double revision,DAM,W_A,46,sell,0.61248526,156.17,95.6518230542,DAM_W_A_46
Double revision,DAM,DKL_ICE_H,46,sell,36.75,156.17,5739.2474999999995,DAM_DKL_ICE_H_FLEX_46
Double revision,DAM,VAS_ST_H,46,sell,136.5,156.17,21317.204999999998,DAM_VAS_ST_H_FLEX_46
Double revision,DAM,VAS_CCGT_D,46,sell,73.9894,156.17,11554.924598,DAM_VAS_CCGT_D_FLEX_46
Double revision,DAM,IND,47,buy,74.069484,156.17,-11567.431316279999,DAM_IND_47
Double revision,DAM,COM,47,buy,40.540615,156.17,-6331.22784455,DAM_COM_47
Double revision,DAM,RESI,47,buy,178.34921,156.17,-27852.7961257,DAM_RESI_47
Double revision,DAM,W_C,47,sell,0.17888274,156.17,27.9361175058,DAM_W_C_47
Double revision,DAM,W_A,47,sell,0.59627579,156.17,93.12039012429999,DAM_W_A_47
Double revision,DAM,DKL_ICE_H,47,sell,36.75,156.17,5739.2474999999995,DAM_DKL_ICE_H_FLEX_47
Double revision,DAM,VAS_ST_H,47,sell,136.5,156.17,21317.204999999998,DAM_VAS_ST_H_FLEX_47
Double revision,DAM,VAS_CCGT_D,47,sell,44.684149,156.17,6978.323549329999,DAM_VAS_CCGT_D_FLEX_47
Double revision,DAM,IND,48,buy,74.069484,156.17,-11567.431316279999,DAM_IND_48
Double revision,DAM,COM,48,buy,42.855348,156.17,-6692.71969716,DAM_COM_48
Double revision,DAM,RESI,48,buy,176.03448,156.17,-27491.304741599997,DAM_RESI_48
Double revision,DAM,W_C,48,sell,0.17888274,156.17,27.9361175058,DAM_W_C_48
Double revision,DAM,W_A,48,sell,0.5962758,156.17,93.12039168599999,DAM_W_A_48
Double revision,DAM,DKL_ICE_H,48,sell,36.75,156.17,5739.2474999999995,DAM_DKL_ICE_H_FLEX_48
Double revision,DAM,VAS_ST_H,48,sell,136.5,156.17,21317.204999999998,DAM_VAS_ST_H_FLEX_48
Double revision,DAM,VAS_CCGT_D,48,sell,44.684149,156.17,6978.323549329999,DAM_VAS_CCGT_D_FLEX_48
Double revision,DAM,DKL_ICE_H,1,sell,15.75,156.17,2459.6775,DAM_BLOCK_DKL_ICE_H_1
Double revision,DAM,DKL_ICE_H,2,sell,15.75,156.17,2459.6775,DAM_BLOCK_DKL_ICE_H_1
Double revision,DAM,DKL_ICE_H,3,sell,15.75,156.17,2459.6775,DAM_BLOCK_DKL_ICE_H_1
Double revision,DAM,DKL_ICE_H,4,sell,15.75,156.17,2459.6775,DAM_BLOCK_DKL_ICE_H_1
Double revision,DAM,DKL_ICE_H,5,sell,15.75,156.17,2459.6775,DAM_BLOCK_DKL_ICE_H_1
Double revision,DAM,DKL_ICE_H,6,sell,15.75,156.17,2459.6775,DAM_BLOCK_DKL_ICE_H_1
Double revision,DAM,DKL_ICE_H,7,sell,15.75,130.24,2051.28,DAM_BLOCK_DKL_ICE_H_1
Double revision,DAM,DKL_ICE_H,8,sell,15.75,130.24,2051.28,DAM_BLOCK_DKL_ICE_H_1
Double revision,DAM,DKL_ICE_H,9,sell,15.75,130.24,2051.28,DAM_BLOCK_DKL_ICE_H_1
Double revision,DAM,DKL_ICE_H,10,sell,15.75,130.24,2051.28,DAM_BLOCK_DKL_ICE_H_1
Double revision,DAM,DKL_ICE_H,11,sell,15.75,130.24,2051.28,DAM_BLOCK_DKL_ICE_H_1
Double revision,DAM,DKL_ICE_H,12,sell,15.75,130.24,2051.28,DAM_BLOCK_DKL_ICE_H_1
Double revision,DAM,DKL_ICE_H,13,sell,15.75,156.17,2459.6775,DAM_BLOCK_DKL_ICE_H_13
Double revision,DAM,DKL_ICE_H,14,sell,15.75,156.17,2459.6775,DAM_BLOCK_DKL_ICE_H_13
Double revision,DAM,DKL_ICE_H,15,sell,15.75,156.17,2459.6775,DAM_BLOCK_DKL_ICE_H_13
Double revision,DAM,DKL_ICE_H,16,sell,15.75,156.17,2459.6775,DAM_BLOCK_DKL_ICE_H_13
Double revision,DAM,DKL_ICE_H,17,sell,15.75,130.24,2051.28,DAM_BLOCK_DKL_ICE_H_13
Double revision,DAM,DKL_ICE_H,18,sell,15.75,130.24,2051.28,DAM_BLOCK_DKL_ICE_H_13
Double revision,DAM,DKL_ICE_H,19,sell,15.75,130.24,2051.28,DAM_BLOCK_DKL_ICE_H_13
Double revision,DAM,DKL_ICE_H,20,sell,15.75,130.24,2051.28,DAM_BLOCK_DKL_ICE_H_13
Double revision,DAM,DKL_ICE_H,21,sell,15.75,130.24,2051.28,DAM_BLOCK_DKL_ICE_H_13
Double revision,DAM,DKL_ICE_H,22,sell,15.75,130.24,2051.28,DAM_BLOCK_DKL_ICE_H_13
Double revision,DAM,DKL_ICE_H,23,sell,15.75,125.3,1973.475,DAM_BLOCK_DKL_ICE_H_13
Double revision,DAM,DKL_ICE_H,24,sell,15.75,125.3,1973.475,DAM_BLOCK_DKL_ICE_H_13
Double revision,DAM,DKL_ICE_H,25,sell,15.75,130.24,2051.28,DAM_BLOCK_DKL_ICE_H_25
Double revision,DAM,DKL_ICE_H,26,sell,15.75,130.24,2051.28,DAM_BLOCK_DKL_ICE_H_25
Double revision,DAM,DKL_ICE_H,27,sell,15.75,130.24,2051.28,DAM_BLOCK_DKL_ICE_H_25
Double revision,DAM,DKL_ICE_H,28,sell,15.75,130.24,2051.28,DAM_BLOCK_DKL_ICE_H_25
Double revision,DAM,DKL_ICE_H,29,sell,15.75,130.24,2051.28,DAM_BLOCK_DKL_ICE_H_25
Double revision,DAM,DKL_ICE_H,30,sell,15.75,130.24,2051.28,DAM_BLOCK_DKL_ICE_H_25
Double revision,DAM,DKL_ICE_H,31,sell,15.75,130.24,2051.28,DAM_BLOCK_DKL_ICE_H_25
Double revision,DAM,DKL_ICE_H,32,sell,15.75,130.24,2051.28,DAM_BLOCK_DKL_ICE_H_25
Double revision,DAM,DKL_ICE_H,33,sell,15.75,156.17,2459.6775,DAM_BLOCK_DKL_ICE_H_25
Double revision,DAM,DKL_ICE_H,34,sell,15.75,156.17,2459.6775,DAM_BLOCK_DKL_ICE_H_25
Double revision,DAM,DKL_ICE_H,35,sell,15.75,156.17,2459.6775,DAM_BLOCK_DKL_ICE_H_25
Double revision,DAM,DKL_ICE_H,36,sell,15.75,156.17,2459.6775,DAM_BLOCK_DKL_ICE_H_25
Double revision,DAM,DKL_ICE_H,37,sell,15.75,156.17,2459.6775,DAM_BLOCK_DKL_ICE_H_37
Double revision,DAM,DKL_ICE_H,38,sell,15.75,156.17,2459.6775,DAM_BLOCK_DKL_ICE_H_37
Double revision,DAM,DKL_ICE_H,39,sell,15.75,156.17,2459.6775,DAM_BLOCK_DKL_ICE_H_37
Double revision,DAM,DKL_ICE_H,40,sell,15.75,156.17,2459.6775,DAM_BLOCK_DKL_ICE_H_37
Double revision,DAM,DKL_ICE_H,41,sell,15.75,156.17,2459.6775,DAM_BLOCK_DKL_ICE_H_37
Double revision,DAM,DKL_ICE_H,42,sell,15.75,156.17,2459.6775,DAM_BLOCK_DKL_ICE_H_37
Double revision,DAM,DKL_ICE_H,43,sell,15.75,156.17,2459.6775,DAM_BLOCK_DKL_ICE_H_37
Double revision,DAM,DKL_ICE_H,44,sell,15.75,156.17,2459.6775,DAM_BLOCK_DKL_ICE_H_37
Double revision,DAM,DKL_ICE_H,45,sell,15.75,156.17,2459.6775,DAM_BLOCK_DKL_ICE_H_37
Double revision,DAM,DKL_ICE_H,46,sell,15.75,156.17,2459.6775,DAM_BLOCK_DKL_ICE_H_37
Double revision,DAM,DKL_ICE_H,47,sell,15.75,156.17,2459.6775,DAM_BLOCK_DKL_ICE_H_37
Double revision,DAM,DKL_ICE_H,48,sell,15.75,156.17,2459.6775,DAM_BLOCK_DKL_ICE_H_37
Double revision,DAM,VAS_ST_H,1,sell,58.5,156.17,9135.945,DAM_BLOCK_VAS_ST_H_1
Double revision,DAM,VAS_ST_H,2,sell,58.5,156.17,9135.945,DAM_BLOCK_VAS_ST_H_1
Double revision,DAM,VAS_ST_H,3,sell,58.5,156.17,9135.945,DAM_BLOCK_VAS_ST_H_1
Double revision,DAM,VAS_ST_H,4,sell,58.5,156.17,9135.945,DAM_BLOCK_VAS_ST_H_1
Double revision,DAM,VAS_ST_H,5,sell,58.5,156.17,9135.945,DAM_BLOCK_VAS_ST_H_1
Double revision,DAM,VAS_ST_H,6,sell,58.5,156.17,9135.945,DAM_BLOCK_VAS_ST_H_1
Double revision,DAM,VAS_ST_H,7,sell,58.5,130.24,7619.040000000001,DAM_BLOCK_VAS_ST_H_1
Double revision,DAM,VAS_ST_H,8,sell,58.5,130.24,7619.040000000001,DAM_BLOCK_VAS_ST_H_1
Double revision,DAM,VAS_ST_H,9,sell,58.5,130.24,7619.040000000001,DAM_BLOCK_VAS_ST_H_1
Double revision,DAM,VAS_ST_H,10,sell,58.5,130.24,7619.040000000001,DAM_BLOCK_VAS_ST_H_1
Double revision,DAM,VAS_ST_H,11,sell,58.5,130.24,7619.040000000001,DAM_BLOCK_VAS_ST_H_1
Double revision,DAM,VAS_ST_H,12,sell,58.5,130.24,7619.040000000001,DAM_BLOCK_VAS_ST_H_1
Double revision,DAM,VAS_ST_H,37,sell,58.5,156.17,9135.945,DAM_BLOCK_VAS_ST_H_37
Double revision,DAM,VAS_ST_H,38,sell,58.5,156.17,9135.945,DAM_BLOCK_VAS_ST_H_37
Double revision,DAM,VAS_ST_H,39,sell,58.5,156.17,9135.945,DAM_BLOCK_VAS_ST_H_37
Double revision,DAM,VAS_ST_H,40,sell,58.5,156.17,9135.945,DAM_BLOCK_VAS_ST_H_37
Double revision,DAM,VAS_ST_H,41,sell,58.5,156.17,9135.945,DAM_BLOCK_VAS_ST_H_37
Double revision,DAM,VAS_ST_H,42,sell,58.5,156.17,9135.945,DAM_BLOCK_VAS_ST_H_37
Double revision,DAM,VAS_ST_H,43,sell,58.5,156.17,9135.945,DAM_BLOCK_VAS_ST_H_37
Double revision,DAM,VAS_ST_H,44,sell,58.5,156.17,9135.945,DAM_BLOCK_VAS_ST_H_37
Double revision,DAM,VAS_ST_H,45,sell,58.5,156.17,9135.945,DAM_BLOCK_VAS_ST_H_37
Double revision,DAM,VAS_ST_H,46,sell,58.5,156.17,9135.945,DAM_BLOCK_VAS_ST_H_37
Double revision,DAM,VAS_ST_H,47,sell,58.5,156.17,9135.945,DAM_BLOCK_VAS_ST_H_37
Double revision,DAM,VAS_ST_H,48,sell,58.5,156.17,9135.945,DAM_BLOCK_VAS_ST_H_37
Double revision,IDA1,IND,1,sell,6.4602808,140.553,908.0118472823999,IDA1_IND_1
Double revision,IDA1,COM,1,sell,3.0155889,140.553,423.8500666617,IDA1_COM_1
Double revision,IDA1,W_C,1,sell,15.350339,140.553,2157.536197467,IDA1_W_C_1
Double revision,IDA1,VAS_CCGT_D,1,buy,24.826209,140.553,-3489.398153577,IDA1_VAS_CCGT_D_BUYBACK_1
Double revision,IDA1,COM,2,sell,5.2751987,140.553,741.4450028811,IDA1_COM_2
Double revision,IDA1,RESI,2,sell,4.200671,140.553,590.4169110629999,IDA1_RESI_2
Double revision,IDA1,W_A,2,sell,15.350339,140.553,2157.536197467,IDA1_W_A_2
Double revision,IDA1,VAS_CCGT_D,2,buy,24.826209,140.553,-3489.398153577,IDA1_VAS_CCGT_D_BUYBACK_2
Double revision,IDA1,RESI,3,sell,18.244262,140.553,2564.285756886,IDA1_RESI_3
Double revision,IDA1,VAS_CCGT_D,3,buy,18.244262,140.553,-2564.285756886,IDA1_VAS_CCGT_D_BUYBACK_3
Double revision,IDA1,IND,4,sell,18.244262,140.553,2564.285756886,IDA1_IND_4
Double revision,IDA1,VAS_CCGT_D,4,buy,18.244262,140.553,-2564.285756886,IDA1_VAS_CCGT_D_BUYBACK_4
Double revision,IDA1,W_A,5,sell,0.67147572,140.553,94.37792687315999,IDA1_W_A_5
Double revision,IDA1,VAS_CCGT_D,5,buy,0.67147572,140.553,-94.37792687315999,IDA1_VAS_CCGT_D_BUYBACK_5
Double revision,IDA1,W_A,6,sell,0.67147572,140.553,94.37792687315999,IDA1_W_A_6
Double revision,IDA1,VAS_CCGT_D,6,buy,0.67147572,140.553,-94.37792687315999,IDA1_VAS_CCGT_D_BUYBACK_6
Double revision,IDA1,IND,7,sell,15.624572,130.24,2034.9442572800003,IDA1_IND_7
Double revision,IDA1,COM,7,sell,10.830343,130.24,1410.54387232,IDA1_COM_7
Double revision,IDA1,RESI,7,sell,22.623636,130.24,2946.5023526400005,IDA1_RESI_7
Double revision,IDA1,W_C,7,sell,14.299041,130.24,1862.3070998400003,IDA1_W_C_7
Double revision,IDA1,W_A,7,sell,14.299041,130.24,1862.3070998400003,IDA1_W_A_7
Double revision,IDA1,VAS_ST_H,7,buy,77.676634,130.24,-10116.604812160002,IDA1_VAS_ST_H_BUYBACK_7
Double revision,IDA1,IND,8,sell,15.624572,130.24,2034.9442572800003,IDA1_IND_8
Double revision,IDA1,COM,8,sell,11.188003,130.24,1457.1255107200002,IDA1_COM_8
Double revision,IDA1,RESI,8,sell,22.265971,130.24,2899.92006304,IDA1_RESI_8
Double revision,IDA1,W_C,8,sell,14.299041,130.24,1862.3070998400003,IDA1_W_C_8
Double revision,IDA1,W_A,8,sell,14.299041,130.24,1862.3070998400003,IDA1_W_A_8
Double revision,IDA1,VAS_ST_H,8,buy,77.676629,130.24,-10116.604160960002,IDA1_VAS_ST_H_BUYBACK_8
Double revision,IDA1,IND,9,sell,10.146367,130.24,1321.46283808,IDA1_IND_9
Double revision,IDA1,COM,9,sell,7.0609704,130.24,919.6207848960001,IDA1_COM_9
Double revision,IDA1,RESI,9,sell,13.191311,130.24,1718.0363446400002,IDA1_RESI_9
Double revision,IDA1,W_C,9,sell,15.093304,130.24,1965.75191296,IDA1_W_C_9
Double revision,IDA1,W_A,9,sell,15.093304,130.24,1965.75191296,IDA1_W_A_9
Double revision,IDA1,VAS_ST_H,9,buy,60.585255,130.24,-7890.6236112,IDA1_VAS_ST_H_BUYBACK_9
Double revision,IDA1,IND,10,sell,10.146367,130.24,1321.46283808,IDA1_IND_10
Double revision,IDA1,COM,10,sell,7.4305363,130.24,967.753047712,IDA1_COM_10
Double revision,IDA1,RESI,10,sell,12.821745,130.24,1669.9040688,IDA1_RESI_10
Double revision,IDA1,W_C,10,sell,15.093304,130.24,1965.75191296,IDA1_W_C_10
Double revision,IDA1,W_A,10,sell,15.093304,130.24,1965.75191296,IDA1_W_A_10
Double revision,IDA1,VAS_ST_H,10,buy,60.585255,130.24,-7890.6236112,IDA1_VAS_ST_H_BUYBACK_10
Double revision,IDA1,IND,11,sell,3.7289343,130.24,485.65640323200006,IDA1_IND_11
Double revision,IDA1,COM,11,sell,2.8749726,130.24,374.43643142400003,IDA1_COM_11
Double revision,IDA1,RESI,11,sell,4.5075374,130.24,587.0616709760001,IDA1_RESI_11
Double revision,IDA1,W_C,11,sell,15.178982,130.24,1976.91061568,IDA1_W_C_11
Double revision,IDA1,W_A,11,sell,15.178982,130.24,1976.91061568,IDA1_W_A_11
Double revision,IDA1,VAS_ST_H,11,buy,41.469409,130.24,-5400.975828160001,IDA1_VAS_ST_H_BUYBACK_11
Double revision,IDA1,IND,12,sell,3.7289343,130.24,485.65640323200006,IDA1_IND_12
Double revision,IDA1,COM,12,sell,3.0721767,130.24,400.120293408,IDA1_COM_12
Double revision,IDA1,RESI,12,sell,4.3103333,130.24,561.377808992,IDA1_RESI_12
Double revision,IDA1,W_C,12,sell,15.178982,130.24,1976.91061568,IDA1_W_C_12
Double revision,IDA1,W_A,12,sell,15.178982,130.24,1976.91061568,IDA1_W_A_12
Double revision,IDA1,VAS_ST_H,12,buy,41.469409,130.24,-5400.975828160001,IDA1_VAS_ST_H_BUYBACK_12
Double revision,IDA1,IND,13,buy,8.4692652,156.17,-1322.645146284,IDA1_IND_13
Double revision,IDA1,COM,13,buy,7.8045179,156.17,-1218.831560443,IDA1_COM_13
Double revision,IDA1,RESI,13,buy,9.6745243,156.17,-1510.870459931,IDA1_RESI_13
Double revision,IDA1,W_C,13,sell,13.134277,156.17,2051.18003909,IDA1_W_C_13
Double revision,IDA1,W_A,13,sell,13.134277,156.17,2051.18003909,IDA1_W_A_13
Double revision,IDA1,VAS_CCGT_D,13,buy,0.32024739,156.17,-50.0130348963,IDA1_VAS_CCGT_D_BUYBACK_13
Double revision,IDA1,IND,14,buy,8.4692652,156.17,-1322.645146284,IDA1_IND_14
Double revision,IDA1,COM,14,buy,8.3827257,156.17,-1309.130272569,IDA1_COM_14
Double revision,IDA1,RESI,14,buy,9.0963164,156.17,-1420.5717321879997,IDA1_RESI_14
Double revision,IDA1,W_C,14,sell,13.134277,156.17,2051.18003909,IDA1_W_C_14
Double revision,IDA1,W_A,14,sell,13.134277,156.17,2051.18003909,IDA1_W_A_14
Double revision,IDA1,VAS_CCGT_D,14,buy,0.32024739,156.17,-50.0130348963,IDA1_VAS_CCGT_D_BUYBACK_14
Double revision,IDA1,IND,15,buy,25.091369,171.787,-4310.371006403,IDA1_IND_15
Double revision,IDA1,COM,15,buy,25.266467,171.787,-4340.450566529,IDA1_COM_15
Double revision,IDA1,RESI,15,buy,23.875907,171.787,-4101.570435809001,IDA1_RESI_15
Double revision,IDA1,W_C,15,sell,11.066416,171.787,1901.0664053920002,IDA1_W_C_15
Double revision,IDA1,W_A,15,sell,11.066416,171.787,1901.0664053920002,IDA1_W_A_15
Double revision,IDA1,DKL_ST_H,15,sell,52.100911,171.787,8950.259197957,IDA1_DKL_ST_H_UP_15
Double revision,IDA1,IND,16,buy,25.091369,171.787,-4310.371006403,IDA1_IND_16
Double revision,IDA1,COM,16,buy,26.970934,171.787,-4633.255839058,IDA1_COM_16
Double revision,IDA1,RESI,16,buy,22.171439,171.787,-3808.7649914930003,IDA1_RESI_16
Double revision,IDA1,W_C,16,sell,11.066416,171.787,1901.0664053920002,IDA1_W_C_16
Double revision,IDA1,W_A,16,sell,11.066416,171.787,1901.0664053920002,IDA1_W_A_16
Double revision,IDA1,VAS_ST_H,16,sell,52.100911,171.787,8950.259197957,IDA1_VAS_ST_H_UP_16
Double revision,IDA1,IND,17,buy,36.615266,143.264,-5245.649468224,IDA1_IND_17
Double revision,IDA1,COM,17,buy,37.458181,143.264,-5366.408842784001,IDA1_COM_17
Double revision,IDA1,RESI,17,buy,26.865091,143.264,-3848.800397024,IDA1_RESI_17
Double revision,IDA1,W_C,17,sell,9.4871534,143.264,1359.1675446976,IDA1_W_C_17
Double revision,IDA1,W_A,17,sell,9.4871534,143.264,1359.1675446976,IDA1_W_A_17
Double revision,IDA1,VAS_ST_H,17,sell,81.964231,143.264,11742.523589984,IDA1_VAS_ST_H_UP_17
Double revision,IDA1,IND,18,buy,36.615266,143.264,-5245.649468224,IDA1_IND_18
Double revision,IDA1,COM,18,buy,39.467563,143.264,-5654.280945632,IDA1_COM_18
Double revision,IDA1,RESI,18,buy,24.85571,143.264,-3560.92843744,IDA1_RESI_18
Double revision,IDA1,W_C,18,sell,9.4871534,143.264,1359.1675446976,IDA1_W_C_18
Double revision,IDA1,W_A,18,sell,9.4871534,143.264,1359.1675446976,IDA1_W_A_18
Double revision,IDA1,DKL_ST_H,18,sell,81.964232,143.264,11742.523733248001,IDA1_DKL_ST_H_UP_18
Double revision,IDA1,IND,19,buy,48.586067,143.264,-6960.634302688,IDA1_IND_19
Double revision,IDA1,COM,19,buy,40.685052,143.264,-5828.7032897280005,IDA1_COM_19
Double revision,IDA1,RESI,19,buy,22.714882,143.264,-3254.224854848,IDA1_RESI_19
Double revision,IDA1,W_C,19,sell,7.349823,143.264,1052.9650422720001,IDA1_W_C_19
Double revision,IDA1,W_A,19,sell,7.349823,143.264,1052.9650422720001,IDA1_W_A_19
Double revision,IDA1,DKL_ST_H,19,sell,97.286355,143.264,13937.632362720002,IDA1_DKL_ST_H_UP_19
Double revision,IDA1,IND,20,buy,48.586067,143.264,-6960.634302688,IDA1_IND_20
Double revision,IDA1,COM,20,buy,42.23693,143.264,-6051.0315395200005,IDA1_COM_20
Double revision,IDA1,RESI,20,buy,21.163004,143.264,-3031.896605056,IDA1_RESI_20
Double revision,IDA1,W_C,20,sell,7.349823,143.264,1052.9650422720001,IDA1_W_C_20
Double revision,IDA1,W_A,20,sell,7.349823,143.264,1052.9650422720001,IDA1_W_A_20
Double revision,IDA1,VAS_ST_H,20,sell,97.286355,143.264,13937.632362720002,IDA1_VAS_ST_H_UP_20
Double revision,IDA1,IND,21,buy,29.406847,143.264,-4212.942528608,IDA1_IND_21
Double revision,IDA1,COM,21,buy,24.381502,143.264,-3492.991502528,IDA1_COM_21
Double revision,IDA1,RESI,21,buy,11.125666,143.264,-1593.9074138240003,IDA1_RESI_21
Double revision,IDA1,W_C,21,sell,4.8003098,143.264,687.7115831872001,IDA1_W_C_21
Double revision,IDA1,W_A,21,sell,4.8003098,143.264,687.7115831872001,IDA1_W_A_21
Double revision,IDA1,VAS_CCGT_D,21,sell,55.313396,143.264,7924.418364544,IDA1_VAS_CCGT_D_UP_21
Double revision,IDA1,IND,22,buy,29.406847,143.264,-4212.942528608,IDA1_IND_22
Double revision,IDA1,COM,22,buy,24.958055,143.264,-3575.5907915200005,IDA1_COM_22
Double revision,IDA1,RESI,22,buy,10.549114,143.264,-1511.3082680960001,IDA1_RESI_22
Double revision,IDA1,W_C,22,sell,4.8003098,143.264,687.7115831872001,IDA1_W_C_22
Double revision,IDA1,W_A,22,sell,4.8003098,143.264,687.7115831872001,IDA1_W_A_22
Double revision,IDA1,DKL_ST_H,22,sell,55.313396,143.264,7924.418364544,IDA1_DKL_ST_H_UP_22
Double revision,IDA1,IND,23,buy,14.006684,137.83,-1930.5412557200002,IDA1_IND_23
Double revision,IDA1,COM,23,buy,11.864777,137.83,-1635.32221391,IDA1_COM_23
Double revision,IDA1,RESI,23,buy,4.735243,137.83,-652.65854269,IDA1_RESI_23
Double revision,IDA1,W_C,23,sell,2.5032006,137.83,345.016138698,IDA1_W_C_23
Double revision,IDA1,W_A,23,sell,2.5032006,137.83,345.016138698,IDA1_W_A_23
Double revision,IDA1,VAS_ST_H,23,sell,25.600303,137.83,3528.4897624900004,IDA1_VAS_ST_H_UP_23
Double revision,IDA1,IND,24,buy,14.006684,137.83,-1930.5412557200002,IDA1_IND_24
Double revision,IDA1,COM,24,buy,11.985252,137.83,-1651.9272831600001,IDA1_COM_24
Double revision,IDA1,RESI,24,buy,4.6147664,137.83,-636.0532529120001,IDA1_RESI_24
Double revision,IDA1,W_C,24,sell,2.5032006,137.83,345.016138698,IDA1_W_C_24
Double revision,IDA1,W_A,24,sell,2.5032006,137.83,345.016138698,IDA1_W_A_24
Double revision,IDA1,VAS_CCGT_D,24,sell,25.600302,137.83,3528.48962466,IDA1_VAS_CCGT_D_UP_24
Double revision,IDA1,IND,25,buy,7.0408022,143.264,-1008.6934863808001,IDA1_IND_25
Double revision,IDA1,COM,25,buy,6.3884978,143.264,-915.2417488192,IDA1_COM_25
Double revision,IDA1,RESI,25,buy,2.4304896,143.264,-348.2016620544,IDA1_RESI_25
Double revision,IDA1,W_C,25,sell,1.544528,143.264,221.275259392,IDA1_W_C_25
Double revision,IDA1,W_A,25,sell,1.544528,143.264,221.275259392,IDA1_W_A_25
Double revision,IDA1,VAS_GT_D,25,sell,12.770734,143.264,1829.586435776,IDA1_VAS_GT_D_UP_25
Double revision,IDA1,IND,26,buy,7.0408022,143.264,-1008.6934863808001,IDA1_IND_26
Double revision,IDA1,COM,26,buy,6.3634208,143.264,-911.6491174912001,IDA1_COM_26
Double revision,IDA1,RESI,26,buy,2.4555656,143.264,-351.7941501184,IDA1_RESI_26
Double revision,IDA1,W_C,26,sell,1.544528,143.264,221.275259392,IDA1_W_C_26
Double revision,IDA1,W_A,26,sell,1.544528,143.264,221.275259392,IDA1_W_A_26
Double revision,IDA1,VAS_CCGT_D,26,sell,12.770733,143.264,1829.586292512,IDA1_VAS_CCGT_D_UP_26
Double revision,IDA1,IND,27,buy,16.017547,143.264,-2294.7378534080003,IDA1_IND_27
Double revision,IDA1,COM,27,buy,14.431477,143.264,-2067.511120928,IDA1_COM_27
Double revision,IDA1,RESI,27,buy,5.8099034,143.264,-832.3500006976,IDA1_RESI_27
Double revision,IDA1,W_C,27,sell,1.4982154,143.264,214.64033106560004,IDA1_W_C_27
Double revision,IDA1,W_A,27,sell,1.4982154,143.264,214.64033106560004,IDA1_W_A_27
Double revision,IDA1,DKL_ST_H,27,sell,33.262496,143.264,4765.318226944,IDA1_DKL_ST_H_UP_27
Double revision,IDA1,IND,28,buy,16.017547,143.264,-2294.7378534080003,IDA1_IND_28
Double revision,IDA1,COM,28,buy,14.129612,143.264,-2024.264733568,IDA1_COM_28
Double revision,IDA1,RESI,28,buy,6.111768,143.264,-875.596330752,IDA1_RESI_28
Double revision,IDA1,W_C,28,sell,1.4982154,143.264,214.64033106560004,IDA1_W_C_28
Double revision,IDA1,W_A,28,sell,1.4982154,143.264,214.64033106560004,IDA1_W_A_28
Double revision,IDA1,VAS_CCGT_D,28,sell,33.262496,143.264,4765.318226944,IDA1_VAS_CCGT_D_UP_28
Double revision,IDA1,IND,29,buy,24.560328,143.264,-3518.610830592,IDA1_IND_29
Double revision,IDA1,COM,29,buy,24.00852,143.264,-3439.5566092800004,IDA1_COM_29
Double revision,IDA1,RESI,29,buy,11.492914,143.264,-1646.5208312960003,IDA1_RESI_29
Double revision,IDA1,W_C,29,sell,1.4611652,143.264,209.3323712128,IDA1_W_C_29
Double revision,IDA1,W_A,29,sell,1.4611652,143.264,209.3323712128,IDA1_W_A_29
Double revision,IDA1,VAS_CCGT_D,29,sell,57.139431,143.264,8186.0234427840005,IDA1_VAS_CCGT_D_UP_29
Double revision,IDA1,IND,30,buy,24.560328,143.264,-3518.610830592,IDA1_IND_30
Double revision,IDA1,COM,30,buy,22.978182,143.264,-3291.9462660480003,IDA1_COM_30
Double revision,IDA1,RESI,30,buy,12.523253,143.264,-1794.1313177920001,IDA1_RESI_30
Double revision,IDA1,W_C,30,sell,1.4611652,143.264,209.3323712128,IDA1_W_C_30
Double revision,IDA1,W_A,30,sell,1.4611652,143.264,209.3323712128,IDA1_W_A_30
Double revision,IDA1,VAS_ST_H,30,sell,57.139432,143.264,8186.023586048001,IDA1_VAS_ST_H_UP_30
Double revision,IDA1,IND,31,buy,24.684642,143.264,-3536.4205514880005,IDA1_IND_31
Double revision,IDA1,COM,31,buy,28.913344,143.264,-4142.241314816,IDA1_COM_31
Double revision,IDA1,RESI,31,buy,18.406163,143.264,-2636.940536032,IDA1_RESI_31
Double revision,IDA1,W_C,31,sell,1.1948673,143.264,171.1814688672,IDA1_W_C_31
Double revision,IDA1,W_A,31,sell,1.1948673,143.264,171.1814688672,IDA1_W_A_31
Double revision,IDA1,DKL_ST_H,31,sell,69.614414,143.264,9973.239407296,IDA1_DKL_ST_H_UP_31
Double revision,IDA1,IND,32,buy,24.684642,143.264,-3536.4205514880005,IDA1_IND_32
Double revision,IDA1,COM,32,buy,26.888902,143.264,-3852.2116561280004,IDA1_COM_32
Double revision,IDA1,RESI,32,buy,20.430604,143.264,-2926.970051456,IDA1_RESI_32
Double revision,IDA1,W_C,32,sell,1.1948673,143.264,171.1814688672,IDA1_W_C_32
Double revision,IDA1,W_A,32,sell,1.1948673,143.264,171.1814688672,IDA1_W_A_32
Double revision,IDA1,VAS_CCGT_D,32,sell,50.614413,143.264,7251.223264032001,IDA1_VAS_CCGT_D_UP_32
Double revision,IDA1,VAS_GT_D,32,sell,19.0,143.264,2722.016,IDA1_VAS_GT_D_UP_32
Double revision,IDA1,IND,33,buy,19.743645,171.787,-3391.7015436150004,IDA1_IND_33
Double revision,IDA1,COM,33,buy,25.668123,171.787,-4409.449845801,IDA1_COM_33
Double revision,IDA1,RESI,33,buy,23.668188,171.787,-4065.887011956,IDA1_RESI_33
Double revision,IDA1,W_C,33,sell,0.31261063,171.787,53.70244229581,IDA1_W_C_33
Double revision,IDA1,W_A,33,sell,0.3126106,171.787,53.702437142200004,IDA1_W_A_33
Double revision,IDA1,VAS_ST_H,33,sell,58.5,171.787,10049.5395,IDA1_VAS_ST_H_UP_33
Double revision,IDA1,DKL_ST_H,33,sell,9.9547347,171.787,1710.0940099089,IDA1_DKL_ST_H_UP_33
Double revision,IDA1,IND,34,buy,19.743645,171.787,-3391.7015436150004,IDA1_IND_34
Double revision,IDA1,COM,34,buy,23.146415,171.787,-3976.2531936050004,IDA1_COM_34
Double revision,IDA1,RESI,34,buy,26.189895,171.787,-4499.083492365,IDA1_RESI_34
Double revision,IDA1,W_C,34,sell,0.31261063,171.787,53.70244229581,IDA1_W_C_34
Double revision,IDA1,W_A,34,sell,0.3126106,171.787,53.702437142200004,IDA1_W_A_34
Double revision,IDA1,VAS_CCGT_D,34,sell,68.454735,171.787,11759.633561445,IDA1_VAS_CCGT_D_UP_34
Double revision,IDA1,IND,35,buy,19.41279,171.787,-3334.8649557300005,IDA1_IND_35
Double revision,IDA1,COM,35,buy,25.847672,171.787,-4440.294029864,IDA1_COM_35
Double revision,IDA1,RESI,35,buy,36.079445,171.787,-6197.979618215,IDA1_RESI_35
Double revision,IDA1,W_C,35,sell,0.060206437,171.787,10.342683192919,IDA1_W_C_35
Double revision,IDA1,W_A,35,sell,0.060206401,171.787,10.342677008587,IDA1_W_A_35
Double revision,IDA1,DKL_ST_H,35,sell,81.219494,171.787,13952.453215778,IDA1_DKL_ST_H_UP_35
Double revision,IDA1,IND,36,buy,19.41279,171.787,-3334.8649557300005,IDA1_IND_36
Double revision,IDA1,COM,36,buy,22.757973,171.787,-3909.523907751,IDA1_COM_36
Double revision,IDA1,RESI,36,buy,39.169141,171.787,-6728.749224967,IDA1_RESI_36
Double revision,IDA1,W_C,36,sell,0.060206437,171.787,10.342683192919,IDA1_W_C_36
Double revision,IDA1,W_A,36,sell,0.060206401,171.787,10.342677008587,IDA1_W_A_36
Double revision,IDA1,VAS_CCGT_D,36,sell,81.219491,171.787,13952.452700417001,IDA1_VAS_CCGT_D_UP_36
Double revision,IDA1,IND,37,buy,14.874487,171.787,-2555.243498269,IDA1_IND_37
Double revision,IDA1,COM,37,buy,17.424218,171.787,-2993.2541375660003,IDA1_COM_37
Double revision,IDA1,RESI,37,buy,36.746361,171.787,-6312.547117107,IDA1_RESI_37
Double revision,IDA1,W_C,37,sell,0.65764011,171.787,112.97402157657001,IDA1_W_C_37
Double revision,IDA1,W_A,37,sell,0.65764011,171.787,112.97402157657001,IDA1_W_A_37
Double revision,IDA1,VAS_CCGT_D,37,sell,67.729786,171.787,11635.096747582002,IDA1_VAS_CCGT_D_UP_37
Double revision,IDA1,IND,38,buy,14.874487,171.787,-2555.243498269,IDA1_IND_38
Double revision,IDA1,COM,38,buy,15.244643,171.787,-2618.831487041,IDA1_COM_38
Double revision,IDA1,RESI,38,buy,38.925928,171.787,-6686.968393336,IDA1_RESI_38
Double revision,IDA1,W_C,38,sell,0.65764011,171.787,112.97402157657001,IDA1_W_C_38
Double revision,IDA1,W_A,38,sell,0.65764011,171.787,112.97402157657001,IDA1_W_A_38
Double revision,IDA1,VAS_CCGT_D,38,sell,67.729778,171.787,11635.095373286,IDA1_VAS_CCGT_D_UP_38
Double revision,IDA1,IND,39,buy,10.91885,171.787,-1875.7164849500002,IDA1_IND_39
Double revision,IDA1,COM,39,buy,10.232369,171.787,-1757.787973403,IDA1_COM_39
Double revision,IDA1,RESI,39,buy,31.086253,171.787,-5340.214144111,IDA1_RESI_39
Double revision,IDA1,W_C,39,sell,0.40523592,171.787,69.61426298904,IDA1_W_C_39
Double revision,IDA1,W_A,39,sell,0.40523592,171.787,69.61426298904,IDA1_W_A_39
Double revision,IDA1,VAS_CCGT_D,39,sell,51.426999,171.787,8834.489877213,IDA1_VAS_CCGT_D_UP_39
Double revision,IDA1,IND,40,buy,10.91885,171.787,-1875.7164849500002,IDA1_IND_40
Double revision,IDA1,COM,40,buy,9.1139247,171.787,-1565.6537824389002,IDA1_COM_40
Double revision,IDA1,RESI,40,buy,32.204698,171.787,-5532.3484553260005,IDA1_RESI_40
Double revision,IDA1,W_C,40,sell,0.40523592,171.787,69.61426298904,IDA1_W_C_40
Double revision,IDA1,W_A,40,sell,0.40523592,171.787,69.61426298904,IDA1_W_A_40
Double revision,IDA1,VAS_CCGT_D,40,sell,51.427,171.787,8834.490049,IDA1_VAS_CCGT_D_UP_40
Double revision,IDA1,IND,41,buy,7.3467729,171.787,-1262.0800761723,IDA1_IND_41
Double revision,IDA1,COM,41,buy,5.5667579,171.787,-956.2966393673,IDA1_COM_41
Double revision,IDA1,RESI,41,buy,22.264305,171.787,-3824.718163035,IDA1_RESI_41
Double revision,IDA1,W_C,41,sell,0.23387905,171.787,40.17738036235,IDA1_W_C_41
Double revision,IDA1,W_A,41,sell,0.23387905,171.787,40.17738036235,IDA1_W_A_41
Double revision,IDA1,VAS_CCGT_D,41,sell,34.710078,171.787,5962.740169386001,IDA1_VAS_CCGT_D_UP_41
Double revision,IDA1,IND,42,buy,7.3467729,171.787,-1262.0800761723,IDA1_IND_42
Double revision,IDA1,COM,42,buy,5.1635081,171.787,-887.0235659747,IDA1_COM_42
Double revision,IDA1,RESI,42,buy,22.667556,171.787,-3893.9914425720003,IDA1_RESI_42
Double revision,IDA1,W_C,42,sell,0.23387905,171.787,40.17738036235,IDA1_W_C_42
Double revision,IDA1,W_A,42,sell,0.23387905,171.787,40.17738036235,IDA1_W_A_42
Double revision,IDA1,VAS_CCGT_D,42,sell,34.710079,171.787,5962.740341173,IDA1_VAS_CCGT_D_UP_42
Double revision,IDA1,IND,43,buy,5.2376796,171.787,-899.7652654452,IDA1_IND_43
Double revision,IDA1,COM,43,buy,3.3706685,171.787,-579.0370296095,IDA1_COM_43
Double revision,IDA1,RESI,43,buy,15.719691,171.787,-2700.438557817,IDA1_RESI_43
Double revision,IDA1,W_C,43,sell,0.67616525,171.787,116.15639980175001,IDA1_W_C_43
Double revision,IDA1,W_A,43,sell,0.67616525,171.787,116.15639980175001,IDA1_W_A_43
Double revision,IDA1,VAS_CCGT_D,43,sell,22.975709,171.787,3946.928121983,IDA1_VAS_CCGT_D_UP_43
Double revision,IDA1,IND,44,buy,5.2376796,171.787,-899.7652654452,IDA1_IND_44
Double revision,IDA1,COM,44,buy,3.2943413,171.787,-565.9250089031001,IDA1_COM_44
Double revision,IDA1,RESI,44,buy,15.796014,171.787,-2713.5498570180002,IDA1_RESI_44
Double revision,IDA1,W_C,44,sell,0.67616525,171.787,116.15639980175001,IDA1_W_C_44
Double revision,IDA1,W_A,44,sell,0.67616525,171.787,116.15639980175001,IDA1_W_A_44
Double revision,IDA1,VAS_CCGT_D,44,sell,3.9757048,171.787,682.9744004776,IDA1_VAS_CCGT_D_UP_44
Double revision,IDA1,VAS_GT_D,44,sell,19.0,171.787,3263.953,IDA1_VAS_GT_D_UP_44
Double revision,IDA1,IND,45,buy,3.9194963,171.787,-673.3185108881,IDA1_IND_45
Double revision,IDA1,COM,45,buy,2.262142,171.787,-388.606587754,IDA1_COM_45
Double revision,IDA1,RESI,45,buy,10.81318,171.787,-1857.5637526599999,IDA1_RESI_45
Double revision,IDA1,W_C,45,sell,0.94014748,171.787,161.50511514676,IDA1_W_C_45
Double revision,IDA1,W_A,45,sell,0.94014748,171.787,161.50511514676,IDA1_W_A_45
Double revision,IDA1,VAS_GT_D,45,sell,15.114523,171.787,2596.4785626010002,IDA1_VAS_GT_D_UP_45
Double revision,IDA1,IND,46,buy,3.9194963,171.787,-673.3185108881,IDA1_IND_46
Double revision,IDA1,COM,46,buy,2.3193441,171.787,-398.4331649067,IDA1_COM_46
Double revision,IDA1,RESI,46,buy,10.75598,171.787,-1847.7375362599998,IDA1_RESI_46
Double revision,IDA1,W_C,46,sell,0.94014748,171.787,161.50511514676,IDA1_W_C_46
Double revision,IDA1,W_A,46,sell,0.94014748,171.787,161.50511514676,IDA1_W_A_46
Double revision,IDA1,VAS_GT_D,46,sell,15.114525,171.787,2596.4789061750002,IDA1_VAS_GT_D_UP_46
Double revision,IDA1,IND,47,buy,2.3000464,171.787,-395.1180709168,IDA1_IND_47
Double revision,IDA1,COM,47,buy,1.252838,171.787,-215.221281506,IDA1_COM_47
Double revision,IDA1,RESI,47,buy,5.5134191,171.787,-947.1337269317,IDA1_RESI_47
Double revision,IDA1,W_C,47,sell,1.3175959,171.787,226.3458468733,IDA1_W_C_47
Double revision,IDA1,W_A,47,sell,1.3175959,171.787,226.3458468733,IDA1_W_A_47
Double revision,IDA1,DKL_ST_H,47,sell,6.4311118,171.787,1104.7814027866,IDA1_DKL_ST_H_UP_47
Double revision,IDA1,IND,48,buy,2.3000464,171.787,-395.1180709168,IDA1_IND_48
Double revision,IDA1,COM,48,buy,1.3243714,171.787,-227.5097896918,IDA1_COM_48
Double revision,IDA1,RESI,48,buy,5.4418828,171.787,-934.8447205636,IDA1_RESI_48
Double revision,IDA1,W_C,48,sell,1.3175959,171.787,226.3458468733,IDA1_W_C_48
Double revision,IDA1,W_A,48,sell,1.3175959,171.787,226.3458468733,IDA1_W_A_48
Double revision,IDA1,VAS_GT_D,48,sell,6.4311088,171.787,1104.7808874256,IDA1_VAS_GT_D_UP_48
Double revision,IDA2,IND,1,buy,1.6150702,140.553,-227.00296182059998,IDA2_IND_1
Double revision,IDA2,RESI,1,sell,5.4526548,140.553,766.3869901044001,IDA2_RESI_1
Double revision,IDA2,W_C,1,buy,3.8375846,140.553,-539.3840282838,IDA2_W_C_1
Double revision,IDA2,COM,2,buy,1.3187996,140.553,-185.3612401788,IDA2_COM_2
Double revision,IDA2,W_C,2,sell,5.1563842,140.553,724.7452684625999,IDA2_W_C_2
Double revision,IDA2,W_A,2,buy,3.8375846,140.553,-539.3840282838,IDA2_W_A_2
Double revision,IDA2,IND,4,buy,4.5041694,140.553,-633.0745216782001,IDA2_IND_4
Double revision,IDA2,COM,4,sell,4.5041694,140.553,633.0745216782001,IDA2_COM_4
Double revision,IDA2,IND,7,buy,3.9061433,143.264,-559.6097137312,IDA2_IND_7
Double revision,IDA2,COM,7,buy,2.7075856,143.264,-387.8995433984,IDA2_COM_7
Double revision,IDA2,RESI,7,buy,5.6559078,143.264,-810.2879750592,IDA2_RESI_7
Double revision,IDA2,DKL_ST_H,7,sell,12.269637,143.264,1757.797275168,IDA2_DKL_ST_H_UP_7
Double revision,IDA2,IND,8,buy,3.9061433,143.264,-559.6097137312,IDA2_IND_8
Double revision,IDA2,COM,8,buy,2.7970005,143.264,-400.709479632,IDA2_COM_8
Double revision,IDA2,RESI,8,buy,5.566493,143.264,-797.4780531520001,IDA2_RESI_8
Double revision,IDA2,VAS_ST_H,8,sell,12.269637,143.264,1757.797275168,IDA2_VAS_ST_H_UP_8
Double revision,IDA2,IND,9,buy,2.5365919,143.264,-363.4023019616,IDA2_IND_9
Double revision,IDA2,COM,9,buy,1.7652426,143.264,-252.89571584640004,IDA2_COM_9
Double revision,IDA2,RESI,9,buy,3.297828,143.264,-472.460030592,IDA2_RESI_9
Double revision,IDA2,VAS_CCGT_D,9,sell,7.5996625,143.264,1088.7580484,IDA2_VAS_CCGT_D_UP_9
Double revision,IDA2,IND,10,buy,2.5365919,143.264,-363.4023019616,IDA2_IND_10
Double revision,IDA2,COM,10,buy,1.857634,143.264,-266.13207737600004,IDA2_COM_10
Double revision,IDA2,RESI,10,buy,3.2054365,143.264,-459.223654736,IDA2_RESI_10
Double revision,IDA2,VAS_GT_D,10,sell,7.5996624,143.264,1088.7580340736001,IDA2_VAS_GT_D_UP_10
Double revision,IDA2,IND,11,buy,0.93223365,143.264,-133.55552163360002,IDA2_IND_11
Double revision,IDA2,COM,11,buy,0.7187431,143.264,-102.9700114784,IDA2_COM_11
Double revision,IDA2,RESI,11,buy,1.1268843,143.264,-161.44195235520002,IDA2_RESI_11
Double revision,IDA2,VAS_GT_D,11,sell,2.7778611,143.264,397.96749263040005,IDA2_VAS_GT_D_UP_11
Double revision,IDA2,IND,12,buy,0.93223365,143.264,-133.55552163360002,IDA2_IND_12
Double revision,IDA2,COM,12,buy,0.76804408,143.264,-110.03306707712001,IDA2_COM_12
Double revision,IDA2,RESI,12,buy,1.0775834,143.264,-154.3789082176,IDA2_RESI_12
Double revision,IDA2,VAS_CCGT_D,12,sell,2.7778611,143.264,397.96749263040005,IDA2_VAS_CCGT_D_UP_12
Double revision,IDA2,IND,13,sell,2.1173163,171.787,363.7274152281,IDA2_IND_13
Double revision,IDA2,COM,13,sell,1.9511294,171.787,335.1786662378,IDA2_COM_13
Double revision,IDA2,RESI,13,sell,2.4186311,171.787,415.4893807757,IDA2_RESI_13
Double revision,IDA2,W_C,13,buy,3.283569,171.787,-564.0744678030001,IDA2_W_C_13
Double revision,IDA2,W_A,13,buy,3.2035078,171.787,-550.3209944386,IDA2_W_A_13
Double revision,IDA2,IND,14,sell,2.1173163,171.787,363.7274152281,IDA2_IND_14
Double revision,IDA2,COM,14,sell,2.0956813,171.787,360.0108034831,IDA2_COM_14
Double revision,IDA2,RESI,14,sell,2.274079,171.787,390.657209173,IDA2_RESI_14
Double revision,IDA2,W_C,14,buy,3.283569,171.787,-564.0744678030001,IDA2_W_C_14
Double revision,IDA2,W_A,14,buy,3.2035077,171.787,-550.3209772599,IDA2_W_A_14
Double revision,IDA2,IND,15,sell,6.2728422,156.19,979.7552232180001,IDA2_IND_15
Double revision,IDA2,COM,15,sell,6.3166169,156.19,986.5923936109999,IDA2_COM_15
Double revision,IDA2,RESI,15,sell,5.9689771,156.19,932.294533249,IDA2_RESI_15
Double revision,IDA2,PV_C,15,buy,1.3328521,156.19,-208.178169499,IDA2_PV_C_15
Double revision,IDA2,PV_A,15,buy,1.3328522,156.19,-208.17818511800002,IDA2_PV_A_15
Double revision,IDA2,W_C,15,buy,2.7666041,156.19,-432.115894379,IDA2_W_C_15
Double revision,IDA2,W_A,15,buy,2.7666041,156.19,-432.115894379,IDA2_W_A_15
Double revision,IDA2,DKL_ST_H,15,buy,10.359524,156.19,-1618.05405356,IDA2_DKL_ST_H_BUYBACK_15
Double revision,IDA2,IND,16,sell,6.2728422,156.17,979.6297663739999,IDA2_IND_16
Double revision,IDA2,COM,16,sell,6.7427334,156.17,1053.0126750779998,IDA2_COM_16
Double revision,IDA2,RESI,16,sell,5.5428596,156.17,865.6283837319999,IDA2_RESI_16
Double revision,IDA2,PV_C,16,buy,1.3328521,156.17,-208.15151245699997,IDA2_PV_C_16
Double revision,IDA2,PV_A,16,buy,1.3328521,156.17,-208.15151245699997,IDA2_PV_A_16
Double revision,IDA2,W_C,16,buy,2.7666041,156.17,-432.06056229699993,IDA2_W_C_16
Double revision,IDA2,W_A,16,buy,2.7666041,156.17,-432.06056229699993,IDA2_W_A_16
Double revision,IDA2,VAS_CCGT_D,16,buy,10.359523,156.17,-1617.8467069099997,IDA2_VAS_CCGT_D_BUYBACK_16
Double revision,IDA2,IND,17,sell,9.1538167,130.24,1192.193087008,IDA2_IND_17
Double revision,IDA2,COM,17,sell,9.3645455,130.24,1219.6384059200002,IDA2_COM_17
Double revision,IDA2,RESI,17,sell,6.7162729,130.24,874.727382496,IDA2_RESI_17
Double revision,IDA2,PV_C,17,buy,3.0218503,130.24,-393.56578307200004,IDA2_PV_C_17
Double revision,IDA2,PV_A,17,buy,3.0218505,130.24,-393.56580912000004,IDA2_PV_A_17
Double revision,IDA2,W_C,17,buy,2.3717884,130.24,-308.901721216,IDA2_W_C_17
Double revision,IDA2,W_A,17,buy,2.3717884,130.24,-308.901721216,IDA2_W_A_17
Double revision,IDA2,VAS_ST_H,17,buy,14.447357,130.24,-1881.62377568,IDA2_VAS_ST_H_BUYBACK_17
Double revision,IDA2,IND,18,sell,9.1538167,143.264,1311.4123957088002,IDA2_IND_18
Double revision,IDA2,COM,18,sell,9.8668906,143.264,1413.5702149184,IDA2_COM_18
Double revision,IDA2,RESI,18,sell,6.2139278,143.264,890.2321523392,IDA2_RESI_18
Double revision,IDA2,DKL_ST_H,18,buy,81.964232,143.264,-11742.523733248001,IDA2_DKL_ST_H_BUYBACK_18
Double revision,IDA2,DKL_ST_H,18,sell,56.729597,143.264,8127.308984608,IDA2_DKL_ST_H_UP_18
Double revision,IDA2,IND,19,sell,12.146516,143.264,1740.1584682240002,IDA2_IND_19
Double revision,IDA2,COM,19,sell,10.171263,143.264,1457.1758224320001,IDA2_COM_19
Double revision,IDA2,RESI,19,sell,5.6787207,143.264,813.5562423648001,IDA2_RESI_19
Double revision,IDA2,VAS_ST_H,19,sell,69.289855,143.264,9926.741786720002,IDA2_VAS_ST_H_UP_19
Double revision,IDA2,DKL_ST_H,19,buy,97.286355,143.264,-13937.632362720002,IDA2_DKL_ST_H_BUYBACK_19
Double revision,IDA2,IND,20,sell,12.146516,130.24,1581.9622438400002,IDA2_IND_20
Double revision,IDA2,COM,20,sell,10.559232,130.24,1375.23437568,IDA2_COM_20
Double revision,IDA2,RESI,20,sell,5.2907511,130.24,689.067423264,IDA2_RESI_20
Double revision,IDA2,PV_C,20,buy,3.6159956,130.24,-470.94726694400003,IDA2_PV_C_20
Double revision,IDA2,PV_A,20,buy,3.615996,130.24,-470.94731904,IDA2_PV_A_20
Double revision,IDA2,W_C,20,buy,1.8374558,130.24,-239.31024339200002,IDA2_W_C_20
Double revision,IDA2,W_A,20,buy,1.8374558,130.24,-239.31024339200002,IDA2_W_A_20
Double revision,IDA2,VAS_ST_H,20,buy,17.089597,130.24,-2225.7491132800005,IDA2_VAS_ST_H_BUYBACK_20
Double revision,IDA2,IND,21,sell,7.3517117,143.264,1053.2356249888,IDA2_IND_21
Double revision,IDA2,COM,21,sell,6.0953752,143.264,873.2478326528001,IDA2_COM_21
Double revision,IDA2,RESI,21,sell,2.781416,143.264,398.47678182400006,IDA2_RESI_21
Double revision,IDA2,VAS_CCGT_D,21,buy,55.313396,143.264,-7924.418364544,IDA2_VAS_CCGT_D_BUYBACK_21
Double revision,IDA2,DKL_ST_H,21,sell,39.084893,143.264,5599.458110752001,IDA2_DKL_ST_H_UP_21
Double revision,IDA2,IND,22,sell,7.3517117,143.264,1053.2356249888,IDA2_IND_22
Double revision,IDA2,COM,22,sell,6.2395137,143.264,893.8976907168001,IDA2_COM_22
Double revision,IDA2,RESI,22,sell,2.6372786,143.264,377.8270813504,IDA2_RESI_22
Double revision,IDA2,VAS_ST_H,22,sell,39.084892,143.264,5599.457967488001,IDA2_VAS_ST_H_UP_22
Double revision,IDA2,DKL_ST_H,22,buy,55.313396,143.264,-7924.418364544,IDA2_DKL_ST_H_BUYBACK_22
Double revision,IDA2,IND,23,sell,3.5016706,137.83,482.63525879800005,IDA2_IND_23
Double revision,IDA2,COM,23,sell,2.9661946,137.83,408.8306017180001,IDA2_COM_23
Double revision,IDA2,RESI,23,sell,1.1838107,137.83,163.164628781,IDA2_RESI_23
Double revision,IDA2,PV_C,23,buy,7.0326257,137.83,-969.306800231,IDA2_PV_C_23
Double revision,IDA2,W_A,23,buy,0.6190501,137.83,-85.32367528300001,IDA2_W_A_23
Double revision,IDA2,IND,24,sell,3.5016706,137.83,482.63525879800005,IDA2_IND_24
Double revision,IDA2,COM,24,sell,2.9963129,137.83,412.98180700700004,IDA2_COM_24
Double revision,IDA2,RESI,24,sell,1.1536917,137.83,159.013327011,IDA2_RESI_24
Double revision,IDA2,VAS_CCGT_D,24,buy,25.600302,137.83,-3528.48962466,IDA2_VAS_CCGT_D_BUYBACK_24
Double revision,IDA2,VAS_GT_D,24,sell,17.948627,137.83,2473.85925941,IDA2_VAS_GT_D_UP_24
Double revision,IDA2,IND,25,sell,1.7602005,143.264,252.17336443200003,IDA2_IND_25
Double revision,IDA2,COM,25,sell,1.5971244,143.264,228.81043004160003,IDA2_COM_25
Double revision,IDA2,RESI,25,sell,0.6076223,143.264,87.0504011872,IDA2_RESI_25
Double revision,IDA2,VAS_CCGT_D,25,sell,8.8057867,143.264,1261.5522257888001,IDA2_VAS_CCGT_D_UP_25
Double revision,IDA2,VAS_GT_D,25,buy,12.770734,143.264,-1829.586435776,IDA2_VAS_GT_D_BUYBACK_25
Double revision,IDA2,IND,26,sell,1.7602005,143.264,252.17336443200003,IDA2_IND_26
Double revision,IDA2,COM,26,sell,1.5908553,143.264,227.91229369920003,IDA2_COM_26
Double revision,IDA2,RESI,26,sell,0.61389146,143.264,87.94854612544002,IDA2_RESI_26
Double revision,IDA2,VAS_CCGT_D,26,buy,12.770733,143.264,-1829.586292512,IDA2_VAS_CCGT_D_BUYBACK_26
Double revision,IDA2,VAS_GT_D,26,sell,8.8057857,143.264,1261.5520825248,IDA2_VAS_GT_D_UP_26
Double revision,IDA2,IND,27,sell,4.004387,143.264,573.6844991680001,IDA2_IND_27
Double revision,IDA2,COM,27,sell,3.6078693,143.264,516.8777873952,IDA2_COM_27
Double revision,IDA2,RESI,27,sell,1.4524759,143.264,208.08750733760002,IDA2_RESI_27
Double revision,IDA2,DKL_ST_H,27,buy,33.262496,143.264,-4765.318226944,IDA2_DKL_ST_H_BUYBACK_27
Double revision,IDA2,DKL_ST_H,27,sell,24.197764,143.264,3466.668461696,IDA2_DKL_ST_H_UP_27
Double revision,IDA2,IND,28,sell,4.004387,143.264,573.6844991680001,IDA2_IND_28
Double revision,IDA2,COM,28,sell,3.5324027,143.264,506.06614041280005,IDA2_COM_28
Double revision,IDA2,RESI,28,sell,1.5279421,143.264,218.8990970144,IDA2_RESI_28
Double revision,IDA2,VAS_CCGT_D,28,buy,33.262496,143.264,-4765.318226944,IDA2_VAS_CCGT_D_BUYBACK_28
Double revision,IDA2,DKL_ST_H,28,sell,24.197764,143.264,3466.668461696,IDA2_DKL_ST_H_UP_28
Double revision,IDA2,IND,29,sell,6.1400825,143.264,879.6527792800001,IDA2_IND_29
Double revision,IDA2,COM,29,sell,6.0021298,143.264,859.8891236672,IDA2_COM_29
Double revision,IDA2,RESI,29,sell,2.8732289,143.264,411.63026512960005,IDA2_RESI_29
Double revision,IDA2,VAS_CCGT_D,29,buy,57.139431,143.264,-8186.0234427840005,IDA2_VAS_CCGT_D_BUYBACK_29
Double revision,IDA2,VAS_CCGT_D,29,sell,42.12399,143.264,6034.85130336,IDA2_VAS_CCGT_D_UP_29
Double revision,IDA2,IND,30,sell,6.1400825,143.264,879.6527792800001,IDA2_IND_30
Double revision,IDA2,COM,30,sell,5.7445457,143.264,822.9865951648001,IDA2_COM_30
Double revision,IDA2,RESI,30,sell,3.130813,143.264,448.532793632,IDA2_RESI_30
Double revision,IDA2,PV_A,30,buy,15.015441,143.264,-2151.172139424,IDA2_PV_A_30
Double revision,IDA2,IND,31,sell,6.1711606,143.264,884.1051521984001,IDA2_IND_31
Double revision,IDA2,COM,31,sell,7.2283363,143.264,1035.5603716832,IDA2_COM_31
Double revision,IDA2,RESI,31,sell,4.6015406,143.264,659.2351125184,IDA2_RESI_31
Double revision,IDA2,VAS_ST_H,31,sell,32.613376,143.264,4672.322699264,IDA2_VAS_ST_H_UP_31
Double revision,IDA2,DKL_ST_H,31,buy,69.614414,143.264,-9973.239407296,IDA2_DKL_ST_H_BUYBACK_31
Double revision,IDA2,VAS_GT_D,31,sell,19.0,143.264,2722.016,IDA2_VAS_GT_D_UP_31
Double revision,IDA2,IND,32,sell,6.1711606,143.264,884.1051521984001,IDA2_IND_32
Double revision,IDA2,COM,32,sell,6.7222258,143.264,963.0529570112001,IDA2_COM_32
Double revision,IDA2,RESI,32,sell,5.1076512,143.264,731.7425415168001,IDA2_RESI_32
Double revision,IDA2,VAS_CCGT_D,32,buy,50.614413,143.264,-7251.223264032001,IDA2_VAS_CCGT_D_BUYBACK_32
Double revision,IDA2,DKL_ST_H,32,sell,51.613375,143.264,7394.338556000001,IDA2_DKL_ST_H_UP_32
Double revision,IDA2,VAS_GT_D,32,buy,19.0,143.264,-2722.016,IDA2_VAS_GT_D_BUYBACK_32
Double revision,IDA2,IND,33,sell,4.9359109,156.19,770.9399234709999,IDA2_IND_33
Double revision,IDA2,COM,33,sell,6.4170307,156.19,1002.276025033,IDA2_COM_33
Double revision,IDA2,RESI,33,sell,5.9170474,156.19,924.183633406,IDA2_RESI_33
Double revision,IDA2,PV_C,33,buy,4.1751921,156.19,-652.1232540990001,IDA2_PV_C_33
Double revision,IDA2,PV_A,33,buy,4.1751921,156.19,-652.1232540990001,IDA2_PV_A_33
Double revision,IDA2,W_C,33,buy,0.078152657,156.19,-12.20666349683,IDA2_W_C_33
Double revision,IDA2,W_A,33,buy,0.078152655,156.19,-12.20666318445,IDA2_W_A_33
Double revision,IDA2,DKL_ST_H,33,buy,8.7632995,156.19,-1368.739748905,IDA2_DKL_ST_H_BUYBACK_33
Double revision,IDA2,IND,34,sell,4.9359109,156.17,770.8412052529999,IDA2_IND_34
Double revision,IDA2,COM,34,sell,5.7866037,156.17,903.6938998289999,IDA2_COM_34
Double revision,IDA2,RESI,34,sell,6.5474734,156.17,1022.518920878,IDA2_RESI_34
Double revision,IDA2,PV_C,34,buy,4.1751921,156.17,-652.039750257,IDA2_PV_C_34
Double revision,IDA2,PV_A,34,buy,4.1751921,156.17,-652.039750257,IDA2_PV_A_34
Double revision,IDA2,W_C,34,buy,0.078152657,156.17,-12.205100443689998,IDA2_W_C_34
Double revision,IDA2,W_A,34,buy,0.078152655,156.17,-12.20510013135,IDA2_W_A_34
Double revision,IDA2,VAS_CCGT_D,34,buy,8.7632985,156.17,-1368.5643267449998,IDA2_VAS_CCGT_D_BUYBACK_34
Double revision,IDA2,IND,35,sell,4.8531976,156.19,758.020933144,IDA2_IND_35
Double revision,IDA2,COM,35,sell,6.4619183,156.19,1009.2870192769999,IDA2_COM_35
Double revision,IDA2,RESI,35,sell,9.01986,156.19,1408.8119333999998,IDA2_RESI_35
Double revision,IDA2,W_C,35,buy,0.015051609,156.19,-2.35091080971,IDA2_W_C_35
Double revision,IDA2,W_A,35,buy,0.01505161,156.19,-2.3509109659,IDA2_W_A_35
Double revision,IDA2,DKL_ST_H,35,buy,20.304873,156.19,-3171.41811387,IDA2_DKL_ST_H_BUYBACK_35
Double revision,IDA2,IND,36,sell,4.8531976,156.17,757.9238691919999,IDA2_IND_36
Double revision,IDA2,COM,36,sell,5.6894934,156.17,888.5281842779999,IDA2_COM_36
Double revision,IDA2,RESI,36,sell,9.7922849,156.17,1529.261132833,IDA2_RESI_36
Double revision,IDA2,W_C,36,buy,0.015051609,156.17,-2.35060977753,IDA2_W_C_36
Double revision,IDA2,W_A,36,buy,0.01505161,156.17,-2.3506099337,IDA2_W_A_36
Double revision,IDA2,VAS_CCGT_D,36,buy,20.304873,156.17,-3171.01201641,IDA2_VAS_CCGT_D_BUYBACK_36
Double revision,IDA2,IND,37,sell,3.7186219,156.17,580.7371821229999,IDA2_IND_37
Double revision,IDA2,COM,37,sell,4.3560544,156.17,680.2850156479999,IDA2_COM_37
Double revision,IDA2,RESI,37,sell,9.1865891,156.17,1434.669619747,IDA2_RESI_37
Double revision,IDA2,W_C,37,buy,0.16441003,156.17,-25.6759143851,IDA2_W_C_37
Double revision,IDA2,W_A,37,buy,0.16441003,156.17,-25.6759143851,IDA2_W_A_37
Double revision,IDA2,VAS_CCGT_D,37,buy,16.932445,156.17,-2644.33993565,IDA2_VAS_CCGT_D_BUYBACK_37
Double revision,IDA2,IND,38,sell,3.7186219,156.17,580.7371821229999,IDA2_IND_38
Double revision,IDA2,COM,38,sell,3.811161,156.17,595.1890133699999,IDA2_COM_38
Double revision,IDA2,RESI,38,sell,9.7314825,156.17,1519.7656220249999,IDA2_RESI_38
Double revision,IDA2,W_C,38,buy,0.16441003,156.17,-25.6759143851,IDA2_W_C_38
Double revision,IDA2,W_A,38,buy,0.16441003,156.17,-25.6759143851,IDA2_W_A_38
Double revision,IDA2,VAS_CCGT_D,38,buy,16.932445,156.17,-2644.33993565,IDA2_VAS_CCGT_D_BUYBACK_38
Double revision,IDA2,IND,39,sell,2.7297127,156.17,426.299232359,IDA2_IND_39
Double revision,IDA2,COM,39,sell,2.5580924,156.17,399.49729010799996,IDA2_COM_39
Double revision,IDA2,RESI,39,sell,7.7715636,156.17,1213.685087412,IDA2_RESI_39
Double revision,IDA2,W_C,39,buy,0.10130898,156.17,-15.8214234066,IDA2_W_C_39
Double revision,IDA2,W_A,39,buy,0.10130898,156.17,-15.8214234066,IDA2_W_A_39
Double revision,IDA2,VAS_CCGT_D,39,buy,12.856751,156.17,-2007.8388036699996,IDA2_VAS_CCGT_D_BUYBACK_39
Double revision,IDA2,IND,40,sell,2.7297127,156.17,426.299232359,IDA2_IND_40
Double revision,IDA2,COM,40,sell,2.2784811,156.17,355.83039338699996,IDA2_COM_40
Double revision,IDA2,RESI,40,sell,8.0511746,156.17,1257.3519372819999,IDA2_RESI_40
Double revision,IDA2,W_C,40,buy,0.10130898,156.17,-15.8214234066,IDA2_W_C_40
Double revision,IDA2,W_A,40,buy,0.10130898,156.17,-15.8214234066,IDA2_W_A_40
Double revision,IDA2,VAS_CCGT_D,40,buy,12.856751,156.17,-2007.8388036699996,IDA2_VAS_CCGT_D_BUYBACK_40
Double revision,IDA2,IND,41,sell,1.8366933,156.17,286.836392661,IDA2_IND_41
Double revision,IDA2,COM,41,sell,1.3916894,156.17,217.34013359799997,IDA2_COM_41
Double revision,IDA2,RESI,41,sell,5.5660775,156.17,869.2543231749999,IDA2_RESI_41
Double revision,IDA2,W_C,41,buy,0.058469762,156.17,-9.13122273154,IDA2_W_C_41
Double revision,IDA2,W_A,41,buy,0.058469764,156.17,-9.131223043879999,IDA2_W_A_41
Double revision,IDA2,VAS_CCGT_D,41,buy,8.6775207,156.17,-1355.168407719,IDA2_VAS_CCGT_D_BUYBACK_41
Double revision,IDA2,IND,42,sell,1.8366933,156.17,286.836392661,IDA2_IND_42
Double revision,IDA2,COM,42,sell,1.290877,156.17,201.59626108999998,IDA2_COM_42
Double revision,IDA2,RESI,42,sell,5.6668901,156.17,884.9982269169999,IDA2_RESI_42
Double revision,IDA2,W_C,42,buy,0.058469762,156.17,-9.13122273154,IDA2_W_C_42
Double revision,IDA2,W_A,42,buy,0.058469764,156.17,-9.131223043879999,IDA2_W_A_42
Double revision,IDA2,VAS_CCGT_D,42,buy,8.6775209,156.17,-1355.1684389529998,IDA2_VAS_CCGT_D_BUYBACK_42
Double revision,IDA2,IND,43,sell,1.30942,156.17,204.4921214,IDA2_IND_43
Double revision,IDA2,COM,43,sell,0.84266719,156.17,131.59933506229999,IDA2_COM_43
Double revision,IDA2,RESI,43,sell,3.9299222,156.17,613.7359499739999,IDA2_RESI_43
Double revision,IDA2,W_C,43,buy,0.16904131,156.17,-26.399181382699997,IDA2_W_C_43
Double revision,IDA2,W_A,43,buy,0.16904131,156.17,-26.399181382699997,IDA2_W_A_43
Double revision,IDA2,VAS_CCGT_D,43,buy,5.7439267,156.17,-897.029032739,IDA2_VAS_CCGT_D_BUYBACK_43
Double revision,IDA2,IND,44,sell,1.30942,171.787,224.94133354000002,IDA2_IND_44
Double revision,IDA2,COM,44,sell,0.82358545,171.787,141.48127369915002,IDA2_COM_44
Double revision,IDA2,RESI,44,sell,3.9490037,171.787,678.3874986119,IDA2_RESI_44
Double revision,IDA2,VAS_CCGT_D,44,sell,12.917991,171.787,2219.142919917,IDA2_VAS_CCGT_D_UP_44
Double revision,IDA2,VAS_GT_D,44,buy,19.0,171.787,-3263.953,IDA2_VAS_GT_D_BUYBACK_44
Double revision,IDA2,IND,45,sell,0.97987409,171.787,168.32963029883,IDA2_IND_45
Double revision,IDA2,COM,45,sell,0.56553548,171.787,97.15164350276,IDA2_COM_45
Double revision,IDA2,RESI,45,sell,2.7032961,171.787,464.39112713070006,IDA2_RESI_45
Double revision,IDA2,VAS_CCGT_D,45,sell,10.865817,171.787,1866.606104979,IDA2_VAS_CCGT_D_UP_45
Double revision,IDA2,VAS_GT_D,45,buy,15.114523,171.787,-2596.4785626010002,IDA2_VAS_GT_D_BUYBACK_45
Double revision,IDA2,IND,46,sell,0.97987409,171.787,168.32963029883,IDA2_IND_46
Double revision,IDA2,COM,46,sell,0.57983611,171.787,99.60830582857001,IDA2_COM_46
Double revision,IDA2,RESI,46,sell,2.6889956,171.787,461.93448713720005,IDA2_RESI_46
Double revision,IDA2,VAS_CCGT_D,46,sell,10.865819,171.787,1866.606448553,IDA2_VAS_CCGT_D_UP_46
Double revision,IDA2,VAS_GT_D,46,buy,15.114525,171.787,-2596.4789061750002,IDA2_VAS_GT_D_BUYBACK_46
Double revision,IDA2,IND,47,sell,0.57501171,156.19,89.81107898489999,IDA2_IND_47
Double revision,IDA2,COM,47,sell,0.31320955,156.19,48.9201996145,IDA2_COM_47
Double revision,IDA2,RESI,47,sell,1.3783549,156.19,215.28525183099998,IDA2_RESI_47
Double revision,IDA2,W_C,47,buy,0.32939899,156.19,-51.4488282481,IDA2_W_C_47
Double revision,IDA2,W_A,47,buy,0.32939898,156.19,-51.4488266862,IDA2_W_A_47
Double revision,IDA2,DKL_ST_H,47,buy,1.6077782,156.19,-251.118877058,IDA2_DKL_ST_H_BUYBACK_47
Double revision,IDA2,IND,48,sell,0.57501171,171.787,98.77953662576999,IDA2_IND_48
Double revision,IDA2,COM,48,sell,0.33109281,171.787,56.87744055147,IDA2_COM_48
Double revision,IDA2,RESI,48,sell,1.3604717,171.787,233.7113519279,IDA2_RESI_48
Double revision,IDA2,DKL_ST_H,48,sell,4.1645325,171.787,715.4125445775001,IDA2_DKL_ST_H_UP_48
Double revision,IDA2,VAS_GT_D,48,buy,6.4311088,171.787,-1104.7808874256,IDA2_VAS_GT_D_BUYBACK_48
Double revision,IDA3,IND,1,buy,1.6150702,140.553,-227.00296182059998,IDA3_IND_1
Double revision,IDA3,COM,1,buy,0.38700389,140.553,-54.39455775117,IDA3_COM_1
Double revision,IDA3,W_C,1,buy,3.8375848,140.553,-539.3840563944,IDA3_W_C_1
Double revision,IDA3,W_A,1,sell,5.8396589,140.553,820.7815773717,IDA3_W_A_1
Double revision,IDA3,IND,2,sell,3.2301404,140.553,454.00592364119996,IDA3_IND_2
Double revision,IDA3,COM,2,buy,1.3187997,140.553,-185.3612542341,IDA3_COM_2
Double revision,IDA3,RESI,2,sell,1.8783687,140.553,264.0103558911,IDA3_RESI_2
Double revision,IDA3,W_C,2,sell,0.047875348,140.553,6.7290237874439995,IDA3_W_C_2
Double revision,IDA3,W_A,2,buy,3.8375848,140.553,-539.3840563944,IDA3_W_A_2
Double revision,IDA3,RESI,3,buy,1.5980472,140.553,-224.61032810159998,IDA3_RESI_3
Double revision,IDA3,W_C,3,sell,1.5980472,140.553,224.61032810159998,IDA3_W_C_3
Double revision,IDA3,IND,4,buy,4.580031,140.553,-643.737097143,IDA3_IND_4
Double revision,IDA3,W_C,4,sell,4.580031,140.553,643.737097143,IDA3_W_C_4
Double revision,IDA3,IND,7,buy,3.9061429,143.264,-559.6096564256001,IDA3_IND_7
Double revision,IDA3,COM,7,buy,2.7075859,143.264,-387.89958637760003,IDA3_COM_7
Double revision,IDA3,RESI,7,buy,5.655908,143.264,-810.2880037120001,IDA3_RESI_7
Double revision,IDA3,DKL_ST_H,7,buy,12.269637,143.264,-1757.797275168,IDA3_DKL_ST_H_BUYBACK_7
Double revision,IDA3,DKL_ST_H,7,sell,24.539274,143.264,3515.594550336,IDA3_DKL_ST_H_UP_7
Double revision,IDA3,IND,8,buy,3.9061429,143.264,-559.6096564256001,IDA3_IND_8
Double revision,IDA3,COM,8,buy,2.7970009,143.264,-400.70953693760003,IDA3_COM_8
Double revision,IDA3,RESI,8,buy,5.5664929,143.264,-797.4780388256,IDA3_RESI_8
Double revision,IDA3,DKL_ST_H,8,sell,12.269637,143.264,1757.797275168,IDA3_DKL_ST_H_UP_8
Double revision,IDA3,IND,9,buy,2.5365916,143.264,-363.40225898240004,IDA3_IND_9
Double revision,IDA3,COM,9,buy,1.7652426,143.264,-252.89571584640004,IDA3_COM_9
Double revision,IDA3,RESI,9,buy,3.2978276,143.264,-472.45997328640004,IDA3_RESI_9
Double revision,IDA3,VAS_ST_H,9,sell,15.199324,143.264,2177.5159535360003,IDA3_VAS_ST_H_UP_9
Double revision,IDA3,VAS_CCGT_D,9,buy,7.5996625,143.264,-1088.7580484,IDA3_VAS_CCGT_D_BUYBACK_9
Double revision,IDA3,IND,10,buy,2.5365916,143.264,-363.40225898240004,IDA3_IND_10
Double revision,IDA3,COM,10,buy,1.857634,143.264,-266.13207737600004,IDA3_COM_10
Double revision,IDA3,RESI,10,buy,3.2054362,143.264,-459.2236117568,IDA3_RESI_10
Double revision,IDA3,DKL_ST_H,10,sell,15.199324,143.264,2177.5159535360003,IDA3_DKL_ST_H_UP_10
Double revision,IDA3,VAS_GT_D,10,buy,7.5996624,143.264,-1088.7580340736001,IDA3_VAS_GT_D_BUYBACK_10
Double revision,IDA3,IND,11,buy,0.93223368,143.264,-133.55552593152,IDA3_IND_11
Double revision,IDA3,COM,11,buy,0.71874305,143.264,-102.97000431520001,IDA3_COM_11
Double revision,IDA3,RESI,11,buy,1.1268844,143.264,-161.4419666816,IDA3_RESI_11
Double revision,IDA3,VAS_ST_H,11,sell,5.5557222,143.264,795.9349852608001,IDA3_VAS_ST_H_UP_11
Double revision,IDA3,VAS_GT_D,11,buy,2.7778611,143.264,-397.96749263040005,IDA3_VAS_GT_D_BUYBACK_11
Double revision,IDA3,IND,12,buy,0.93223368,143.264,-133.55552593152,IDA3_IND_12
Double revision,IDA3,COM,12,buy,0.76804409,143.264,-110.03306850976,IDA3_COM_12
Double revision,IDA3,RESI,12,buy,1.0775833,143.264,-154.3788938912,IDA3_RESI_12
Double revision,IDA3,VAS_CCGT_D,12,buy,2.7778611,143.264,-397.96749263040005,IDA3_VAS_CCGT_D_BUYBACK_12
Double revision,IDA3,VAS_GT_D,12,sell,5.5557222,143.264,795.9349852608001,IDA3_VAS_GT_D_UP_12
Double revision,IDA3,IND,13,sell,2.1173163,171.787,363.7274152281,IDA3_IND_13
Double revision,IDA3,COM,13,sell,1.9511294,171.787,335.1786662378,IDA3_COM_13
Double revision,IDA3,RESI,13,sell,2.418631,171.787,415.489363597,IDA3_RESI_13
Double revision,IDA3,W_C,13,buy,3.1234462,171.787,-536.5674523594,IDA3_W_C_13
Double revision,IDA3,W_A,13,buy,3.3636305,171.787,-577.8279927035001,IDA3_W_A_13
Double revision,IDA3,IND,14,sell,2.1173163,171.787,363.7274152281,IDA3_IND_14
Double revision,IDA3,COM,14,sell,2.0956813,171.787,360.0108034831,IDA3_COM_14
Double revision,IDA3,RESI,14,sell,2.2740791,171.787,390.6572263517,IDA3_RESI_14
Double revision,IDA3,W_C,14,buy,3.1234462,171.787,-536.5674523594,IDA3_W_C_14
Double revision,IDA3,W_A,14,buy,3.3636306,171.787,-577.8280098822,IDA3_W_A_14
Double revision,IDA3,IND,15,sell,6.2728421,156.19,979.755207599,IDA3_IND_15
Double revision,IDA3,COM,15,sell,6.3166168,156.19,986.592377992,IDA3_COM_15
Double revision,IDA3,RESI,15,sell,5.9689767,156.19,932.294470773,IDA3_RESI_15
Double revision,IDA3,PV_C,15,sell,0.444284,156.19,69.39271796,IDA3_PV_C_15
Double revision,IDA3,PV_A,15,sell,0.4442841,156.19,69.392733579,IDA3_PV_A_15
Double revision,IDA3,W_C,15,buy,2.766604,156.19,-432.11587876,IDA3_W_C_15
Double revision,IDA3,W_A,15,buy,2.766604,156.19,-432.11587876,IDA3_W_A_15
Double revision,IDA3,DKL_ST_H,15,buy,13.913796,156.19,-2173.19579724,IDA3_DKL_ST_H_BUYBACK_15
Double revision,IDA3,IND,16,sell,6.2728421,140.553,881.6667756813,IDA3_IND_16
Double revision,IDA3,COM,16,sell,6.7427336,140.553,947.7114356808,IDA3_COM_16
Double revision,IDA3,RESI,16,sell,1.1008292,140.553,154.72484654759998,IDA3_RESI_16
Double revision,IDA3,PV_C,16,sell,0.444284,140.553,62.445449052,IDA3_PV_C_16
Double revision,IDA3,PV_A,16,sell,0.444284,140.553,62.445449052,IDA3_PV_A_16
Double revision,IDA3,W_C,16,buy,2.766604,140.553,-388.854492012,IDA3_W_C_16
Double revision,IDA3,W_A,16,buy,2.766604,140.553,-388.854492012,IDA3_W_A_16
Double revision,IDA3,VAS_CCGT_D,16,buy,9.471765,140.553,-1331.2849860449999,IDA3_VAS_CCGT_D_BUYBACK_16
Double revision,IDA3,IND,17,sell,9.1538164,130.24,1192.193047936,IDA3_IND_17
Double revision,IDA3,COM,17,sell,9.3645452,130.24,1219.638366848,IDA3_COM_17
Double revision,IDA3,RESI,17,sell,6.7162727,130.24,874.7273564480001,IDA3_RESI_17
Double revision,IDA3,PV_C,17,sell,1.0072834,130.24,131.188590016,IDA3_PV_C_17
Double revision,IDA3,PV_A,17,sell,1.0072834,130.24,131.188590016,IDA3_PV_A_17
Double revision,IDA3,W_C,17,buy,2.3717883,130.24,-308.901708192,IDA3_W_C_17
Double revision,IDA3,W_A,17,buy,2.3717883,130.24,-308.901708192,IDA3_W_A_17
Double revision,IDA3,VAS_ST_H,17,buy,22.505625,130.24,-2931.1326,IDA3_VAS_ST_H_BUYBACK_17
Double revision,IDA3,IND,18,sell,9.1538164,143.264,1311.4123527296001,IDA3_IND_18
Double revision,IDA3,COM,18,sell,9.8668907,143.264,1413.5702292448002,IDA3_COM_18
Double revision,IDA3,RESI,18,sell,6.2139273,143.264,890.2320807072,IDA3_RESI_18
Double revision,IDA3,VAS_ST_H,18,sell,31.494963,143.264,4512.094379232,IDA3_VAS_ST_H_UP_18
Double revision,IDA3,DKL_ST_H,18,buy,56.729597,143.264,-8127.308984608,IDA3_DKL_ST_H_BUYBACK_18
Double revision,IDA3,IND,19,sell,12.146517,130.24,1581.96237408,IDA3_IND_19
Double revision,IDA3,COM,19,sell,10.171263,130.24,1324.70529312,IDA3_COM_19
Double revision,IDA3,RESI,19,sell,5.6787204,130.24,739.596544896,IDA3_RESI_19
Double revision,IDA3,PV_C,19,buy,2.4106636,130.24,-313.964827264,IDA3_PV_C_19
Double revision,IDA3,PV_A,19,buy,2.410664,130.24,-313.96487936000005,IDA3_PV_A_19
Double revision,IDA3,W_C,19,buy,3.6749115,130.24,-478.62047376000004,IDA3_W_C_19
Double revision,IDA3,W_A,19,buy,3.6749115,130.24,-478.62047376000004,IDA3_W_A_19
Double revision,IDA3,VAS_ST_H,19,buy,15.82535,130.24,-2061.093584,IDA3_VAS_ST_H_BUYBACK_19
Double revision,IDA3,IND,20,sell,12.146517,130.24,1581.96237408,IDA3_IND_20
Double revision,IDA3,COM,20,sell,10.559233,130.24,1375.2345059200002,IDA3_COM_20
Double revision,IDA3,RESI,20,sell,5.2907508,130.24,689.067384192,IDA3_RESI_20
Double revision,IDA3,PV_C,20,sell,1.205332,130.24,156.98243968000003,IDA3_PV_C_20
Double revision,IDA3,PV_A,20,sell,1.205332,130.24,156.98243968000003,IDA3_PV_A_20
Double revision,IDA3,W_C,20,buy,1.8374557,130.24,-239.31023036800002,IDA3_W_C_20
Double revision,IDA3,W_A,20,buy,1.8374557,130.24,-239.31023036800002,IDA3_W_A_20
Double revision,IDA3,VAS_ST_H,20,buy,26.732253,130.24,-3481.6086307200003,IDA3_VAS_ST_H_BUYBACK_20
Double revision,IDA3,IND,21,sell,7.3517117,143.264,1053.2356249888,IDA3_IND_21
Double revision,IDA3,COM,21,sell,6.0953757,143.264,873.2479042848,IDA3_COM_21
Double revision,IDA3,RESI,21,sell,2.7814165,143.264,398.4768534560001,IDA3_RESI_21
Double revision,IDA3,VAS_ST_H,21,sell,22.856389,143.264,3274.497713696,IDA3_VAS_ST_H_UP_21
Double revision,IDA3,DKL_ST_H,21,buy,39.084893,143.264,-5599.458110752001,IDA3_DKL_ST_H_BUYBACK_21
Double revision,IDA3,IND,22,sell,7.3517117,130.24,957.4869318080001,IDA3_IND_22
Double revision,IDA3,COM,22,sell,6.2395137,130.24,812.634264288,IDA3_COM_22
Double revision,IDA3,RESI,22,sell,2.6372784,130.24,343.47913881600005,IDA3_RESI_22
Double revision,IDA3,PV_C,22,buy,3.3269041,130.24,-433.2959899840001,IDA3_PV_C_22
Double revision,IDA3,PV_A,22,buy,3.326904,130.24,-433.29597696,IDA3_PV_A_22
Double revision,IDA3,W_C,22,buy,2.4001549,130.24,-312.59617417600003,IDA3_W_C_22
Double revision,IDA3,W_A,22,buy,2.4001549,130.24,-312.59617417600003,IDA3_W_A_22
Double revision,IDA3,VAS_ST_H,22,buy,4.7743859,130.24,-621.8160196160001,IDA3_VAS_ST_H_BUYBACK_22
Double revision,IDA3,IND,23,sell,3.501671,130.24,456.05763104000005,IDA3_IND_23
Double revision,IDA3,COM,23,sell,2.9661941,130.24,386.317119584,IDA3_COM_23
Double revision,IDA3,RESI,23,sell,1.1838106,130.24,154.179492544,IDA3_RESI_23
Double revision,IDA3,PV_C,23,sell,2.3442086,130.24,305.309728064,IDA3_PV_C_23
Double revision,IDA3,PV_A,23,buy,4.6884175,130.24,-610.6194952000001,IDA3_PV_A_23
Double revision,IDA3,W_C,23,buy,1.2516003,130.24,-163.008423072,IDA3_W_C_23
Double revision,IDA3,W_A,23,buy,0.63255019,130.24,-82.3833367456,IDA3_W_A_23
Double revision,IDA3,VAS_ST_H,23,buy,3.4233163,130.24,-445.85271491200007,IDA3_VAS_ST_H_BUYBACK_23
Double revision,IDA3,IND,24,sell,3.501671,137.83,482.63531393000005,IDA3_IND_24
Double revision,IDA3,COM,24,sell,2.996313,137.83,412.98182079000003,IDA3_COM_24
Double revision,IDA3,RESI,24,sell,1.1536917,137.83,159.013327011,IDA3_RESI_24
Double revision,IDA3,VAS_ST_H,24,sell,10.296951,137.83,1419.2287563300001,IDA3_VAS_ST_H_UP_24
Double revision,IDA3,VAS_GT_D,24,buy,17.948627,137.83,-2473.85925941,IDA3_VAS_GT_D_BUYBACK_24
Double revision,IDA3,IND,25,sell,1.7602006,143.264,252.1733787584,IDA3_IND_25
Double revision,IDA3,COM,25,sell,1.5971245,143.264,228.81044436800002,IDA3_COM_25
Double revision,IDA3,RESI,25,sell,0.60762231,143.264,87.05040261984,IDA3_RESI_25
Double revision,IDA3,VAS_CCGT_D,25,buy,8.8057867,143.264,-1261.5522257888001,IDA3_VAS_CCGT_D_BUYBACK_25
Double revision,IDA3,DKL_ST_H,25,sell,4.8408393,143.264,693.5180014752,IDA3_DKL_ST_H_UP_25
Double revision,IDA3,IND,26,sell,1.7602006,143.264,252.1733787584,IDA3_IND_26
Double revision,IDA3,COM,26,sell,1.5908552,143.264,227.91227937280001,IDA3_COM_26
Double revision,IDA3,RESI,26,sell,0.61389149,143.264,87.94855042336,IDA3_RESI_26
Double revision,IDA3,VAS_GT_D,26,buy,8.8057857,143.264,-1261.5520825248,IDA3_VAS_GT_D_BUYBACK_26
Double revision,IDA3,VAS_GT_D,26,sell,4.8408384,143.264,693.5178725376,IDA3_VAS_GT_D_UP_26
Double revision,IDA3,IND,27,sell,4.0043868,143.264,573.6844705152,IDA3_IND_27
Double revision,IDA3,COM,27,sell,3.6078691,143.264,516.8777587424,IDA3_COM_27
Double revision,IDA3,RESI,27,sell,1.4524759,143.264,208.08750733760002,IDA3_RESI_27
Double revision,IDA3,VAS_CCGT_D,27,sell,15.133032,143.264,2168.0186964480004,IDA3_VAS_CCGT_D_UP_27
Double revision,IDA3,DKL_ST_H,27,buy,24.197764,143.264,-3466.668461696,IDA3_DKL_ST_H_BUYBACK_27
Double revision,IDA3,IND,28,sell,4.0043868,143.264,573.6844705152,IDA3_IND_28
Double revision,IDA3,COM,28,sell,3.532403,143.264,506.066183392,IDA3_COM_28
Double revision,IDA3,RESI,28,sell,1.5279421,143.264,218.8990970144,IDA3_RESI_28
Double revision,IDA3,DKL_ST_H,28,buy,24.197764,143.264,-3466.668461696,IDA3_DKL_ST_H_BUYBACK_28
Double revision,IDA3,VAS_GT_D,28,sell,15.133032,143.264,2168.0186964480004,IDA3_VAS_GT_D_UP_28
Double revision,IDA3,IND,29,sell,6.140082,143.264,879.652707648,IDA3_IND_29
Double revision,IDA3,COM,29,sell,6.0021302,143.264,859.8891809728001,IDA3_COM_29
Double revision,IDA3,RESI,29,sell,2.8732285,143.264,411.6302078240001,IDA3_RESI_29
Double revision,IDA3,VAS_CCGT_D,29,buy,42.12399,143.264,-6034.85130336,IDA3_VAS_CCGT_D_BUYBACK_29
Double revision,IDA3,DKL_ST_H,29,sell,27.108549,143.264,3883.6791639360004,IDA3_DKL_ST_H_UP_29
Double revision,IDA3,IND,30,sell,6.140082,130.24,799.68427968,IDA3_IND_30
Double revision,IDA3,COM,30,sell,5.7445453,130.24,748.1695798720001,IDA3_COM_30
Double revision,IDA3,RESI,30,sell,3.1308134,130.24,407.75713721600005,IDA3_RESI_30
Double revision,IDA3,PV_C,30,buy,10.88162,130.24,-1417.2221888000001,IDA3_PV_C_30
Double revision,IDA3,PV_A,30,sell,4.1338207,130.24,538.388807968,IDA3_PV_A_30
Double revision,IDA3,W_C,30,buy,0.73058262,130.24,-95.1510804288,IDA3_W_C_30
Double revision,IDA3,W_A,30,buy,0.73058261,130.24,-95.1510791264,IDA3_W_A_30
Double revision,IDA3,VAS_ST_H,30,buy,6.8064759,130.24,-886.475421216,IDA3_VAS_ST_H_BUYBACK_30
Double revision,IDA3,IND,31,sell,6.1711603,143.264,884.1051092192001,IDA3_IND_31
Double revision,IDA3,COM,31,sell,7.2283359,143.264,1035.5603143776002,IDA3_COM_31
Double revision,IDA3,RESI,31,sell,4.6015407,143.264,659.2351268448001,IDA3_RESI_31
Double revision,IDA3,DKL_ST_H,31,sell,0.99896309,143.264,143.11544812576003,IDA3_DKL_ST_H_UP_31
Double revision,IDA3,VAS_GT_D,31,buy,19.0,143.264,-2722.016,IDA3_VAS_GT_D_BUYBACK_31
Double revision,IDA3,IND,32,sell,6.1711603,143.264,884.1051092192001,IDA3_IND_32
Double revision,IDA3,COM,32,sell,6.7222255,143.264,963.0529140320001,IDA3_COM_32
Double revision,IDA3,RESI,32,sell,5.107651,143.264,731.742512864,IDA3_RESI_32
Double revision,IDA3,DKL_ST_H,32,buy,51.613375,143.264,-7394.338556000001,IDA3_DKL_ST_H_BUYBACK_32
Double revision,IDA3,DKL_ST_H,32,sell,33.612338,143.264,4815.437991232,IDA3_DKL_ST_H_UP_32
Double revision,IDA3,IND,33,sell,4.9359115,156.17,770.8412989549998,IDA3_IND_33
Double revision,IDA3,COM,33,sell,6.4170306,156.17,1002.147668802,IDA3_COM_33
Double revision,IDA3,RESI,33,sell,5.917047,156.17,924.0652299899999,IDA3_RESI_33
Double revision,IDA3,PV_C,33,sell,1.3917307,156.17,217.34658341899998,IDA3_PV_C_33
Double revision,IDA3,PV_A,33,sell,1.3917307,156.17,217.34658341899998,IDA3_PV_A_33
Double revision,IDA3,W_C,33,buy,0.078152657,156.17,-12.205100443689998,IDA3_W_C_33
Double revision,IDA3,W_A,33,buy,0.078152658,156.17,-12.20510059986,IDA3_W_A_33
Double revision,IDA3,VAS_CCGT_D,33,buy,18.70571,156.17,-2921.2707306999996,IDA3_VAS_CCGT_D_BUYBACK_33
Double revision,IDA3,DKL_ST_H,33,buy,1.1914352,156.17,-186.06643518399997,IDA3_DKL_ST_H_BUYBACK_33
Double revision,IDA3,IND,34,sell,4.9359115,156.17,770.8412989549998,IDA3_IND_34
Double revision,IDA3,COM,34,sell,5.7866038,156.17,903.6939154459999,IDA3_COM_34
Double revision,IDA3,RESI,34,sell,6.5474738,156.17,1022.5189833459999,IDA3_RESI_34
Double revision,IDA3,PV_C,34,sell,1.3917307,156.17,217.34658341899998,IDA3_PV_C_34
Double revision,IDA3,PV_A,34,sell,1.3917307,156.17,217.34658341899998,IDA3_PV_A_34
Double revision,IDA3,W_C,34,buy,0.078152657,156.17,-12.205100443689998,IDA3_W_C_34
Double revision,IDA3,W_A,34,buy,0.078152658,156.17,-12.20510059986,IDA3_W_A_34
Double revision,IDA3,VAS_CCGT_D,34,buy,19.897145,156.17,-3107.3371346499994,IDA3_VAS_CCGT_D_BUYBACK_34
Double revision,IDA3,IND,35,sell,4.8531976,156.19,758.020933144,IDA3_IND_35
Double revision,IDA3,COM,35,sell,6.4619179,156.19,1009.2869568010001,IDA3_COM_35
Double revision,IDA3,RESI,35,sell,9.0198601,156.19,1408.8119490190002,IDA3_RESI_35
Double revision,IDA3,W_C,35,buy,0.01505161,156.19,-2.3509109659,IDA3_W_C_35
Double revision,IDA3,W_A,35,buy,0.015051609,156.19,-2.35091080971,IDA3_W_A_35
Double revision,IDA3,DKL_ST_H,35,buy,20.304872,156.19,-3171.4179576799997,IDA3_DKL_ST_H_BUYBACK_35
Double revision,IDA3,IND,36,sell,4.8531976,156.17,757.9238691919999,IDA3_IND_36
Double revision,IDA3,COM,36,sell,5.6894931,156.17,888.5281374269999,IDA3_COM_36
Double revision,IDA3,RESI,36,sell,9.792285,156.17,1529.2611484499998,IDA3_RESI_36
Double revision,IDA3,W_C,36,buy,0.01505161,156.17,-2.3506099337,IDA3_W_C_36
Double revision,IDA3,W_A,36,buy,0.015051609,156.17,-2.35060977753,IDA3_W_A_36
Double revision,IDA3,VAS_CCGT_D,36,buy,20.304872,156.17,-3171.01186024,IDA3_VAS_CCGT_D_BUYBACK_36
Double revision,IDA3,IND,37,sell,3.7186217,156.17,580.737150889,IDA3_IND_37
Double revision,IDA3,COM,37,sell,4.3560546,156.17,680.285046882,IDA3_COM_37
Double revision,IDA3,RESI,37,sell,9.186589,156.17,1434.66960413,IDA3_RESI_37
Double revision,IDA3,W_C,37,buy,0.16441003,156.17,-25.6759143851,IDA3_W_C_37
Double revision,IDA3,W_A,37,buy,0.16441002,156.17,-25.675912823399997,IDA3_W_A_37
Double revision,IDA3,VAS_CCGT_D,37,buy,16.932445,156.17,-2644.33993565,IDA3_VAS_CCGT_D_BUYBACK_37
Double revision,IDA3,IND,38,sell,3.7186217,156.17,580.737150889,IDA3_IND_38
Double revision,IDA3,COM,38,sell,3.8111606,156.17,595.188950902,IDA3_COM_38
Double revision,IDA3,RESI,38,sell,9.7314831,156.17,1519.7657157269998,IDA3_RESI_38
Double revision,IDA3,W_C,38,buy,0.16441003,156.17,-25.6759143851,IDA3_W_C_38
Double revision,IDA3,W_A,38,buy,0.16441002,156.17,-25.675912823399997,IDA3_W_A_38
Double revision,IDA3,VAS_CCGT_D,38,buy,16.932445,156.17,-2644.33993565,IDA3_VAS_CCGT_D_BUYBACK_38
Double revision,IDA3,IND,39,sell,2.7297125,156.17,426.299201125,IDA3_IND_39
Double revision,IDA3,COM,39,sell,2.5580922,156.17,399.49725887399995,IDA3_COM_39
Double revision,IDA3,RESI,39,sell,7.7715633,156.17,1213.685040561,IDA3_RESI_39
Double revision,IDA3,W_C,39,buy,0.10130898,156.17,-15.8214234066,IDA3_W_C_39
Double revision,IDA3,W_A,39,buy,0.10130898,156.17,-15.8214234066,IDA3_W_A_39
Double revision,IDA3,VAS_CCGT_D,39,buy,12.85675,156.17,-2007.8386474999998,IDA3_VAS_CCGT_D_BUYBACK_39
Double revision,IDA3,IND,40,sell,2.7297125,156.17,426.299201125,IDA3_IND_40
Double revision,IDA3,COM,40,sell,2.2784812,156.17,355.83040900399993,IDA3_COM_40
Double revision,IDA3,RESI,40,sell,8.0511743,156.17,1257.351890431,IDA3_RESI_40
Double revision,IDA3,W_C,40,buy,0.10130898,156.17,-15.8214234066,IDA3_W_C_40
Double revision,IDA3,W_A,40,buy,0.10130898,156.17,-15.8214234066,IDA3_W_A_40
Double revision,IDA3,VAS_CCGT_D,40,buy,12.85675,156.17,-2007.8386474999998,IDA3_VAS_CCGT_D_BUYBACK_40
Double revision,IDA3,IND,41,sell,1.8366934,156.17,286.83640827799996,IDA3_IND_41
Double revision,IDA3,COM,41,sell,1.3916894,156.17,217.34013359799997,IDA3_COM_41
Double revision,IDA3,RESI,41,sell,5.5660774,156.17,869.2543075579999,IDA3_RESI_41
Double revision,IDA3,W_C,41,buy,0.058469763,156.17,-9.131222887709999,IDA3_W_C_41
Double revision,IDA3,W_A,41,buy,0.058469763,156.17,-9.131222887709999,IDA3_W_A_41
Double revision,IDA3,VAS_CCGT_D,41,buy,8.6775206,156.17,-1355.1683921019999,IDA3_VAS_CCGT_D_BUYBACK_41
Double revision,IDA3,IND,42,sell,1.8366934,156.17,286.83640827799996,IDA3_IND_42
Double revision,IDA3,COM,42,sell,1.290877,156.17,201.59626108999998,IDA3_COM_42
Double revision,IDA3,RESI,42,sell,5.6668898,156.17,884.9981800659999,IDA3_RESI_42
Double revision,IDA3,W_C,42,buy,0.058469763,156.17,-9.131222887709999,IDA3_W_C_42
Double revision,IDA3,W_A,42,buy,0.058469763,156.17,-9.131222887709999,IDA3_W_A_42
Double revision,IDA3,VAS_CCGT_D,42,buy,8.6775206,156.17,-1355.1683921019999,IDA3_VAS_CCGT_D_BUYBACK_42
Double revision,IDA3,IND,43,sell,1.3094199,156.17,204.49210578299997,IDA3_IND_43
Double revision,IDA3,COM,43,sell,0.84266719,156.17,131.59933506229999,IDA3_COM_43
Double revision,IDA3,RESI,43,sell,3.9299224,156.17,613.735981208,IDA3_RESI_43
Double revision,IDA3,W_C,43,buy,0.16904131,156.17,-26.399181382699997,IDA3_W_C_43
Double revision,IDA3,W_A,43,buy,0.16904131,156.17,-26.399181382699997,IDA3_W_A_43
Double revision,IDA3,VAS_CCGT_D,43,buy,5.7439268,156.17,-897.0290483559999,IDA3_VAS_CCGT_D_BUYBACK_43
Double revision,IDA3,IND,44,sell,1.3094199,156.17,204.49210578299997,IDA3_IND_44
Double revision,IDA3,COM,44,sell,0.82358541,156.17,128.61933347969997,IDA3_COM_44
Double revision,IDA3,RESI,44,sell,3.9490042,156.17,616.7159859139999,IDA3_RESI_44
Double revision,IDA3,W_C,44,buy,0.33808262,156.17,-52.79836276539999,IDA3_W_C_44
Double revision,IDA3,W_A,44,buy,0.33808262,156.17,-52.79836276539999,IDA3_W_A_44
Double revision,IDA3,VAS_CCGT_D,44,buy,5.4058442,156.17,-844.2306887139999,IDA3_VAS_CCGT_D_BUYBACK_44
Double revision,IDA3,IND,45,sell,0.97987409,156.17,153.0269366353,IDA3_IND_45
Double revision,IDA3,COM,45,sell,0.5655355,156.17,88.319679035,IDA3_COM_45
Double revision,IDA3,RESI,45,sell,2.7032957,156.17,422.17368946899995,IDA3_RESI_45
Double revision,IDA3,W_C,45,buy,0.47007374,156.17,-73.4114159758,IDA3_W_C_45
Double revision,IDA3,W_A,45,buy,0.47007374,156.17,-73.4114159758,IDA3_W_A_45
Double revision,IDA3,VAS_CCGT_D,45,buy,3.3085578,156.17,-516.6974716259999,IDA3_VAS_CCGT_D_BUYBACK_45
Double revision,IDA3,IND,46,sell,0.97987409,156.17,153.0269366353,IDA3_IND_46
Double revision,IDA3,COM,46,sell,0.57983613,156.17,90.55300842209999,IDA3_COM_46
Double revision,IDA3,RESI,46,sell,2.6889951,156.17,419.940364767,IDA3_RESI_46
Double revision,IDA3,W_C,46,buy,0.47007374,156.17,-73.4114159758,IDA3_W_C_46
Double revision,IDA3,W_A,46,buy,0.47007374,156.17,-73.4114159758,IDA3_W_A_46
Double revision,IDA3,VAS_CCGT_D,46,buy,3.3085578,156.17,-516.6974716259999,IDA3_VAS_CCGT_D_BUYBACK_46
Double revision,IDA3,IND,47,sell,0.57501168,156.19,89.8110742992,IDA3_IND_47
Double revision,IDA3,COM,47,sell,0.31320958,156.19,48.9202043002,IDA3_COM_47
Double revision,IDA3,RESI,47,sell,1.3783549,156.19,215.28525183099998,IDA3_RESI_47
Double revision,IDA3,W_C,47,buy,0.32939897,156.19,-51.4488251243,IDA3_W_C_47
Double revision,IDA3,W_A,47,buy,0.32939897,156.19,-51.4488251243,IDA3_W_A_47
Double revision,IDA3,DKL_ST_H,47,buy,1.6077783,156.19,-251.11889267700002,IDA3_DKL_ST_H_BUYBACK_47
Double revision,IDA3,IND,48,sell,0.57501168,156.19,89.8110742992,IDA3_IND_48
Double revision,IDA3,COM,48,sell,0.33109279,156.19,51.713382870100006,IDA3_COM_48
Double revision,IDA3,RESI,48,sell,1.3604718,156.19,212.492090442,IDA3_RESI_48
Double revision,IDA3,W_C,48,buy,0.65879796,156.19,-102.8976533724,IDA3_W_C_48
Double revision,IDA3,W_A,48,buy,0.65879796,156.19,-102.8976533724,IDA3_W_A_48
Double revision,IDA3,DKL_ST_H,48,buy,0.94898032,156.19,-148.2212361808,IDA3_DKL_ST_H_BUYBACK_48
Reverse revision,FM,PV_C,13,sell,3.594e-05,85.0,0.0030548999999999997,PV_COM
Reverse revision,FM,COM,13,buy,3.594e-05,85.0,-0.0030548999999999997,PV_COM
Reverse revision,FM,PV_C,14,sell,3.594e-05,85.0,0.0030548999999999997,PV_COM
Reverse revision,FM,COM,14,buy,3.594e-05,85.0,-0.0030548999999999997,PV_COM
Reverse revision,FM,PV_C,15,sell,2.7334115999999997,85.0,232.33998599999998,PV_COM
Reverse revision,FM,COM,15,buy,2.7334115999999997,85.0,-232.33998599999998,PV_COM
Reverse revision,FM,PV_C,16,sell,2.7334115999999997,85.0,232.33998599999998,PV_COM
Reverse revision,FM,COM,16,buy,2.7334115999999997,85.0,-232.33998599999998,PV_COM
Reverse revision,FM,PV_C,17,sell,13.25750808,85.0,1126.8881867999999,PV_COM
Reverse revision,FM,COM,17,buy,13.25750808,85.0,-1126.8881867999999,PV_COM
Reverse revision,FM,PV_C,18,sell,13.25750808,85.0,1126.8881867999999,PV_COM
Reverse revision,FM,COM,18,buy,13.25750808,85.0,-1126.8881867999999,PV_COM
Reverse revision,FM,PV_C,19,sell,24.790708799999997,85.0,2107.210248,PV_COM
Reverse revision,FM,COM,19,buy,24.790708799999997,85.0,-2107.210248,PV_COM
Reverse revision,FM,PV_C,20,sell,24.790708799999997,85.0,2107.210248,PV_COM
Reverse revision,FM,COM,20,buy,24.790708799999997,85.0,-2107.210248,PV_COM
Reverse revision,FM,PV_C,21,sell,30.83372664,85.0,2620.8667643999997,PV_COM
Reverse revision,FM,COM,21,buy,30.83372664,85.0,-2620.8667643999997,PV_COM
Reverse revision,FM,PV_C,22,sell,30.83372664,85.0,2620.8667643999997,PV_COM
Reverse revision,FM,COM,22,buy,30.83372664,85.0,-2620.8667643999997,PV_COM
Reverse revision,FM,PV_C,23,sell,33.20405622,85.0,2822.3447787,PV_COM
Reverse revision,FM,COM,23,buy,33.20405622,85.0,-2822.3447787,PV_COM
Reverse revision,FM,PV_C,24,sell,33.20405622,85.0,2822.3447787,PV_COM
Reverse revision,FM,COM,24,buy,33.20405622,85.0,-2822.3447787,PV_COM
Reverse revision,FM,PV_C,25,sell,32.802520439999995,85.0,2788.2142373999995,PV_COM
Reverse revision,FM,COM,25,buy,32.802520439999995,85.0,-2788.2142373999995,PV_COM
Reverse revision,FM,PV_C,26,sell,32.802520439999995,85.0,2788.2142373999995,PV_COM
Reverse revision,FM,COM,26,buy,32.802520439999995,85.0,-2788.2142373999995,PV_COM
Reverse revision,FM,PV_C,27,sell,29.991842039999998,85.0,2549.3065733999997,PV_COM
Reverse revision,FM,COM,27,buy,29.991842039999998,85.0,-2549.3065733999997,PV_COM
Reverse revision,FM,PV_C,28,sell,29.991842039999998,85.0,2549.3065733999997,PV_COM
Reverse revision,FM,COM,28,buy,29.991842039999998,85.0,-2549.3065733999997,PV_COM
Reverse revision,FM,PV_C,29,sell,23.70322362,85.0,2014.7740076999999,PV_COM
Reverse revision,FM,COM,29,buy,23.70322362,85.0,-2014.7740076999999,PV_COM
Reverse revision,FM,PV_C,30,sell,23.70322362,85.0,2014.7740076999999,PV_COM
Reverse revision,FM,COM,30,buy,23.70322362,85.0,-2014.7740076999999,PV_COM
Reverse revision,FM,PV_C,31,sell,13.5228027,85.0,1149.4382295,PV_COM
Reverse revision,FM,COM,31,buy,13.5228027,85.0,-1149.4382295,PV_COM
Reverse revision,FM,PV_C,32,sell,13.5228027,85.0,1149.4382295,PV_COM
Reverse revision,FM,COM,32,buy,13.5228027,85.0,-1149.4382295,PV_COM
Reverse revision,FM,PV_C,33,sell,3.6086107800000002,85.0,306.7319163,PV_COM
Reverse revision,FM,COM,33,buy,3.6086107800000002,85.0,-306.7319163,PV_COM
Reverse revision,FM,PV_C,34,sell,3.6086107800000002,85.0,306.7319163,PV_COM
Reverse revision,FM,COM,34,buy,3.6086107800000002,85.0,-306.7319163,PV_COM
Reverse revision,FM,PV_C,13,sell,5.99e-06,90.0,0.0005391,PV_RESI
Reverse revision,FM,RESI,13,buy,5.99e-06,90.0,-0.0005391,PV_RESI
Reverse revision,FM,PV_C,14,sell,5.99e-06,90.0,0.0005391,PV_RESI
Reverse revision,FM,RESI,14,buy,5.99e-06,90.0,-0.0005391,PV_RESI
Reverse revision,FM,PV_C,15,sell,0.4555686,90.0,41.001174,PV_RESI
Reverse revision,FM,RESI,15,buy,0.4555686,90.0,-41.001174,PV_RESI
Reverse revision,FM,PV_C,16,sell,0.4555686,90.0,41.001174,PV_RESI
Reverse revision,FM,RESI,16,buy,0.4555686,90.0,-41.001174,PV_RESI
Reverse revision,FM,PV_C,17,sell,2.2095846800000003,90.0,198.86262120000004,PV_RESI
Reverse revision,FM,RESI,17,buy,2.2095846800000003,90.0,-198.86262120000004,PV_RESI
Reverse revision,FM,PV_C,18,sell,2.2095846800000003,90.0,198.86262120000004,PV_RESI
Reverse revision,FM,RESI,18,buy,2.2095846800000003,90.0,-198.86262120000004,PV_RESI
Reverse revision,FM,PV_C,19,sell,4.1317848,90.0,371.860632,PV_RESI
Reverse revision,FM,RESI,19,buy,4.1317848,90.0,-371.860632,PV_RESI
Reverse revision,FM,PV_C,20,sell,4.1317848,90.0,371.860632,PV_RESI
Reverse revision,FM,RESI,20,buy,4.1317848,90.0,-371.860632,PV_RESI
Reverse revision,FM,PV_C,21,sell,5.13895444,90.0,462.5058996,PV_RESI
Reverse revision,FM,RESI,21,buy,5.13895444,90.0,-462.5058996,PV_RESI
Reverse revision,FM,PV_C,22,sell,5.13895444,90.0,462.5058996,PV_RESI
Reverse revision,FM,RESI,22,buy,5.13895444,90.0,-462.5058996,PV_RESI
Reverse revision,FM,PV_C,23,sell,5.534009369999999,90.0,498.0608432999999,PV_RESI
Reverse revision,FM,RESI,23,buy,5.534009369999999,90.0,-498.0608432999999,PV_RESI
Reverse revision,FM,PV_C,24,sell,5.534009369999999,90.0,498.0608432999999,PV_RESI
Reverse revision,FM,RESI,24,buy,5.534009369999999,90.0,-498.0608432999999,PV_RESI
Reverse revision,FM,PV_C,25,sell,5.46708674,90.0,492.0378066,PV_RESI
Reverse revision,FM,RESI,25,buy,5.46708674,90.0,-492.0378066,PV_RESI
Reverse revision,FM,PV_C,26,sell,5.46708674,90.0,492.0378066,PV_RESI
Reverse revision,FM,RESI,26,buy,5.46708674,90.0,-492.0378066,PV_RESI
Reverse revision,FM,PV_C,27,sell,4.998640340000001,90.0,449.87763060000003,PV_RESI
Reverse revision,FM,RESI,27,buy,4.998640340000001,90.0,-449.87763060000003,PV_RESI
Reverse revision,FM,PV_C,28,sell,4.998640340000001,90.0,449.87763060000003,PV_RESI
Reverse revision,FM,RESI,28,buy,4.998640340000001,90.0,-449.87763060000003,PV_RESI
Reverse revision,FM,PV_C,29,sell,3.9505372700000003,90.0,355.5483543,PV_RESI
Reverse revision,FM,RESI,29,buy,3.9505372700000003,90.0,-355.5483543,PV_RESI
Reverse revision,FM,PV_C,30,sell,3.9505372700000003,90.0,355.5483543,PV_RESI
Reverse revision,FM,RESI,30,buy,3.9505372700000003,90.0,-355.5483543,PV_RESI
Reverse revision,FM,PV_C,31,sell,2.25380045,90.0,202.8420405,PV_RESI
Reverse revision,FM,RESI,31,buy,2.25380045,90.0,-202.8420405,PV_RESI
Reverse revision,FM,PV_C,32,sell,2.25380045,90.0,202.8420405,PV_RESI
Reverse revision,FM,RESI,32,buy,2.25380045,90.0,-202.8420405,PV_RESI
Reverse revision,FM,PV_C,33,sell,0.60143513,90.0,54.129161700000004,PV_RESI
Reverse revision,FM,RESI,33,buy,0.60143513,90.0,-54.129161700000004,PV_RESI
Reverse revision,FM,PV_C,34,sell,0.60143513,90.0,54.129161700000004,PV_RESI
Reverse revision,FM,RESI,34,buy,0.60143513,90.0,-54.129161700000004,PV_RESI
Reverse revision,FM,W_C,1,sell,0.8836460202,100.0,88.36460202,W_IND
Reverse revision,FM,IND,1,buy,0.8836460202,100.0,-88.36460202,W_IND
Reverse revision,FM,W_C,2,sell,0.8836460202,100.0,88.36460202,W_IND
Reverse revision,FM,IND,2,buy,0.8836460202,100.0,-88.36460202,W_IND
Reverse revision,FM,W_C,3,sell,0.9225486655499999,100.0,92.25486655499999,W_IND
Reverse revision,FM,IND,3,buy,0.9225486655499999,100.0,-92.25486655499999,W_IND
Reverse revision,FM,W_C,4,sell,0.9225486655499999,100.0,92.25486655499999,W_IND
Reverse revision,FM,IND,4,buy,0.9225486655499999,100.0,-92.25486655499999,W_IND
Reverse revision,FM,W_C,5,sell,1.2810088439999998,100.0,128.10088439999998,W_IND
Reverse revision,FM,IND,5,buy,1.2810088439999998,100.0,-128.10088439999998,W_IND
Reverse revision,FM,W_C,6,sell,1.2810088439999998,100.0,128.10088439999998,W_IND
Reverse revision,FM,IND,6,buy,1.2810088439999998,100.0,-128.10088439999998,W_IND
Reverse revision,FM,W_C,7,sell,1.7311681305,100.0,173.11681305,W_IND
Reverse revision,FM,IND,7,buy,1.7311681305,100.0,-173.11681305,W_IND
Reverse revision,FM,W_C,8,sell,1.7311681305,100.0,173.11681305,W_IND
Reverse revision,FM,IND,8,buy,1.7311681305,100.0,-173.11681305,W_IND
Reverse revision,FM,W_C,9,sell,1.2573893715,100.0,125.73893715,W_IND
Reverse revision,FM,IND,9,buy,1.2573893715,100.0,-125.73893715,W_IND
Reverse revision,FM,W_C,10,sell,1.2573893715,100.0,125.73893715,W_IND
Reverse revision,FM,IND,10,buy,1.2573893715,100.0,-125.73893715,W_IND
Reverse revision,FM,W_C,11,sell,0.8753097440999998,100.0,87.53097440999998,W_IND
Reverse revision,FM,IND,11,buy,0.8753097440999998,100.0,-87.53097440999998,W_IND
Reverse revision,FM,W_C,12,sell,0.8753097440999998,100.0,87.53097440999998,W_IND
Reverse revision,FM,IND,12,buy,0.8753097440999998,100.0,-87.53097440999998,W_IND
Reverse revision,FM,W_C,13,sell,0.9239380449,100.0,92.39380449,W_IND
Reverse revision,FM,IND,13,buy,0.9239380449,100.0,-92.39380449,W_IND
Reverse revision,FM,W_C,14,sell,0.9239380449,100.0,92.39380449,W_IND
Reverse revision,FM,IND,14,buy,0.9239380449,100.0,-92.39380449,W_IND
Reverse revision,FM,W_C,15,sell,0.6759336307499999,100.0,67.59336307499998,W_IND
Reverse revision,FM,IND,15,buy,0.6759336307499999,100.0,-67.59336307499998,W_IND
Reverse revision,FM,W_C,16,sell,0.6759336307499999,100.0,67.59336307499998,W_IND
Reverse revision,FM,IND,16,buy,0.6759336307499999,100.0,-67.59336307499998,W_IND
Reverse revision,FM,W_C,17,sell,0.46196902245,100.0,46.196902245,W_IND
Reverse revision,FM,IND,17,buy,0.46196902245,100.0,-46.196902245,W_IND
Reverse revision,FM,W_C,18,sell,0.46196902245,100.0,46.196902245,W_IND
Reverse revision,FM,IND,18,buy,0.46196902245,100.0,-46.196902245,W_IND
Reverse revision,FM,W_C,19,sell,0.42445575645000005,100.0,42.445575645000005,W_IND
Reverse revision,FM,IND,19,buy,0.42445575645000005,100.0,-42.445575645000005,W_IND
Reverse revision,FM,W_C,20,sell,0.42445575645000005,100.0,42.445575645000005,W_IND
Reverse revision,FM,IND,20,buy,0.42445575645000005,100.0,-42.445575645000005,W_IND
Reverse revision,FM,W_C,21,sell,0.2334159192,100.0,23.34159192,W_IND
Reverse revision,FM,IND,21,buy,0.2334159192,100.0,-23.34159192,W_IND
Reverse revision,FM,W_C,22,sell,0.2334159192,100.0,23.34159192,W_IND
Reverse revision,FM,IND,22,buy,0.2334159192,100.0,-23.34159192,W_IND
Reverse revision,FM,W_C,23,sell,0.12365485634999998,100.0,12.365485634999999,W_IND
Reverse revision,FM,IND,23,buy,0.12365485634999998,100.0,-12.365485634999999,W_IND
Reverse revision,FM,W_C,24,sell,0.12365485634999998,100.0,12.365485634999999,W_IND
Reverse revision,FM,IND,24,buy,0.12365485634999998,100.0,-12.365485634999999,W_IND
Reverse revision,FM,W_C,25,sell,0.13893805275,100.0,13.893805275000002,W_IND
Reverse revision,FM,IND,25,buy,0.13893805275,100.0,-13.893805275000002,W_IND
Reverse revision,FM,W_C,26,sell,0.13893805275,100.0,13.893805275000002,W_IND
Reverse revision,FM,IND,26,buy,0.13893805275,100.0,-13.893805275000002,W_IND
Reverse revision,FM,W_C,27,sell,0.09517256789999999,100.0,9.51725679,W_IND
Reverse revision,FM,IND,27,buy,0.09517256789999999,100.0,-9.51725679,W_IND
Reverse revision,FM,W_C,28,sell,0.09517256789999999,100.0,9.51725679,W_IND
Reverse revision,FM,IND,28,buy,0.09517256789999999,100.0,-9.51725679,W_IND
Reverse revision,FM,W_C,29,sell,0.113234523,100.0,11.3234523,W_IND
Reverse revision,FM,IND,29,buy,0.113234523,100.0,-11.3234523,W_IND
Reverse revision,FM,W_C,30,sell,0.113234523,100.0,11.3234523,W_IND
Reverse revision,FM,IND,30,buy,0.113234523,100.0,-11.3234523,W_IND
Reverse revision,FM,W_C,31,sell,0.23411062065,100.0,23.411062065,W_IND
Reverse revision,FM,IND,31,buy,0.23411062065,100.0,-23.411062065,W_IND
Reverse revision,FM,W_C,32,sell,0.23411062065,100.0,23.411062065,W_IND
Reverse revision,FM,IND,32,buy,0.23411062065,100.0,-23.411062065,W_IND
Reverse revision,FM,W_C,33,sell,0.63633628395,100.0,63.633628394999995,W_IND
Reverse revision,FM,IND,33,buy,0.63633628395,100.0,-63.633628394999995,W_IND
Reverse revision,FM,W_C,34,sell,0.63633628395,100.0,63.633628394999995,W_IND
Reverse revision,FM,IND,34,buy,0.63633628395,100.0,-63.633628394999995,W_IND
Reverse revision,FM,W_C,35,sell,0.7773584174999999,100.0,77.73584174999999,W_IND
Reverse revision,FM,IND,35,buy,0.7773584174999999,100.0,-77.73584174999999,W_IND
Reverse revision,FM,W_C,36,sell,0.7773584174999999,100.0,77.73584174999999,W_IND
Reverse revision,FM,IND,36,buy,0.7773584174999999,100.0,-77.73584174999999,W_IND
Reverse revision,FM,W_C,37,sell,0.5314380606,100.0,53.143806059999996,W_IND
Reverse revision,FM,IND,37,buy,0.5314380606,100.0,-53.143806059999996,W_IND
Reverse revision,FM,W_C,38,sell,0.5314380606,100.0,53.143806059999996,W_IND
Reverse revision,FM,IND,38,buy,0.5314380606,100.0,-53.143806059999996,W_IND
Reverse revision,FM,W_C,39,sell,0.34734514364999997,100.0,34.734514364999995,W_IND
Reverse revision,FM,IND,39,buy,0.34734514364999997,100.0,-34.734514364999995,W_IND
Reverse revision,FM,W_C,40,sell,0.34734514364999997,100.0,34.734514364999995,W_IND
Reverse revision,FM,IND,40,buy,0.34734514364999997,100.0,-34.734514364999995,W_IND
Reverse revision,FM,W_C,41,sell,0.25217257574999996,100.0,25.217257574999998,W_IND
Reverse revision,FM,IND,41,buy,0.25217257574999996,100.0,-25.217257574999998,W_IND
Reverse revision,FM,W_C,42,sell,0.25217257574999996,100.0,25.217257574999998,W_IND
Reverse revision,FM,IND,42,buy,0.25217257574999996,100.0,-25.217257574999998,W_IND
Reverse revision,FM,W_C,43,sell,0.3313672458,100.0,33.13672458,W_IND
Reverse revision,FM,IND,43,buy,0.3313672458,100.0,-33.13672458,W_IND
Reverse revision,FM,W_C,44,sell,0.3313672458,100.0,33.13672458,W_IND
Reverse revision,FM,IND,44,buy,0.3313672458,100.0,-33.13672458,W_IND
Reverse revision,FM,W_C,45,sell,0.367491156,100.0,36.749115599999996,W_IND
Reverse revision,FM,IND,45,buy,0.367491156,100.0,-36.749115599999996,W_IND
Reverse revision,FM,W_C,46,sell,0.367491156,100.0,36.749115599999996,W_IND
Reverse revision,FM,IND,46,buy,0.367491156,100.0,-36.749115599999996,W_IND
Reverse revision,FM,W_C,47,sell,0.357765477,100.0,35.7765477,W_IND
Reverse revision,FM,IND,47,buy,0.357765477,100.0,-35.7765477,W_IND
Reverse revision,FM,W_C,48,sell,0.357765477,100.0,35.7765477,W_IND
Reverse revision,FM,IND,48,buy,0.357765477,100.0,-35.7765477,W_IND
Reverse revision,FM,W_C,1,sell,0.14727433670000004,105.0,15.463805353500003,W_RESI
Reverse revision,FM,RESI,1,buy,0.14727433670000004,105.0,-15.463805353500003,W_RESI
Reverse revision,FM,W_C,2,sell,0.14727433670000004,105.0,15.463805353500003,W_RESI
Reverse revision,FM,RESI,2,buy,0.14727433670000004,105.0,-15.463805353500003,W_RESI
Reverse revision,FM,W_C,3,sell,0.15375811092500002,105.0,16.144601647125004,W_RESI
Reverse revision,FM,RESI,3,buy,0.15375811092500002,105.0,-16.144601647125004,W_RESI
Reverse revision,FM,W_C,4,sell,0.15375811092500002,105.0,16.144601647125004,W_RESI
Reverse revision,FM,RESI,4,buy,0.15375811092500002,105.0,-16.144601647125004,W_RESI
Reverse revision,FM,W_C,5,sell,0.213501474,105.0,22.41765477,W_RESI
Reverse revision,FM,RESI,5,buy,0.213501474,105.0,-22.41765477,W_RESI
Reverse revision,FM,W_C,6,sell,0.213501474,105.0,22.41765477,W_RESI
Reverse revision,FM,RESI,6,buy,0.213501474,105.0,-22.41765477,W_RESI
Reverse revision,FM,W_C,7,sell,0.28852802175000003,105.0,30.295442283750003,W_RESI
Reverse revision,FM,RESI,7,buy,0.28852802175000003,105.0,-30.295442283750003,W_RESI
Reverse revision,FM,W_C,8,sell,0.28852802175000003,105.0,30.295442283750003,W_RESI
Reverse revision,FM,RESI,8,buy,0.28852802175000003,105.0,-30.295442283750003,W_RESI
Reverse revision,FM,W_C,9,sell,0.20956489525000002,105.0,22.004314001250002,W_RESI
Reverse revision,FM,RESI,9,buy,0.20956489525000002,105.0,-22.004314001250002,W_RESI
Reverse revision,FM,W_C,10,sell,0.20956489525000002,105.0,22.004314001250002,W_RESI
Reverse revision,FM,RESI,10,buy,0.20956489525000002,105.0,-22.004314001250002,W_RESI
Reverse revision,FM,W_C,11,sell,0.14588495735,105.0,15.31792052175,W_RESI
Reverse revision,FM,RESI,11,buy,0.14588495735,105.0,-15.31792052175,W_RESI
Reverse revision,FM,W_C,12,sell,0.14588495735,105.0,15.31792052175,W_RESI
Reverse revision,FM,RESI,12,buy,0.14588495735,105.0,-15.31792052175,W_RESI
Reverse revision,FM,W_C,13,sell,0.15398967415,105.0,16.168915785750002,W_RESI
Reverse revision,FM,RESI,13,buy,0.15398967415,105.0,-16.168915785750002,W_RESI
Reverse revision,FM,W_C,14,sell,0.15398967415,105.0,16.168915785750002,W_RESI
Reverse revision,FM,RESI,14,buy,0.15398967415,105.0,-16.168915785750002,W_RESI
Reverse revision,FM,W_C,15,sell,0.112655605125,105.0,11.828838538125,W_RESI
Reverse revision,FM,RESI,15,buy,0.112655605125,105.0,-11.828838538125,W_RESI
Reverse revision,FM,W_C,16,sell,0.112655605125,105.0,11.828838538125,W_RESI
Reverse revision,FM,RESI,16,buy,0.112655605125,105.0,-11.828838538125,W_RESI
Reverse revision,FM,W_C,17,sell,0.076994837075,105.0,8.084457892875001,W_RESI
Reverse revision,FM,RESI,17,buy,0.076994837075,105.0,-8.084457892875001,W_RESI
Reverse revision,FM,W_C,18,sell,0.076994837075,105.0,8.084457892875001,W_RESI
Reverse revision,FM,RESI,18,buy,0.076994837075,105.0,-8.084457892875001,W_RESI
Reverse revision,FM,W_C,19,sell,0.07074262607500001,105.0,7.427975737875001,W_RESI
Reverse revision,FM,RESI,19,buy,0.07074262607500001,105.0,-7.427975737875001,W_RESI
Reverse revision,FM,W_C,20,sell,0.07074262607500001,105.0,7.427975737875001,W_RESI
Reverse revision,FM,RESI,20,buy,0.07074262607500001,105.0,-7.427975737875001,W_RESI
Reverse revision,FM,W_C,21,sell,0.0389026532,105.0,4.084778586,W_RESI
Reverse revision,FM,RESI,21,buy,0.0389026532,105.0,-4.084778586,W_RESI
Reverse revision,FM,W_C,22,sell,0.0389026532,105.0,4.084778586,W_RESI
Reverse revision,FM,RESI,22,buy,0.0389026532,105.0,-4.084778586,W_RESI
Reverse revision,FM,W_C,23,sell,0.020609142724999998,105.0,2.1639599861249996,W_RESI
Reverse revision,FM,RESI,23,buy,0.020609142724999998,105.0,-2.1639599861249996,W_RESI
Reverse revision,FM,W_C,24,sell,0.020609142724999998,105.0,2.1639599861249996,W_RESI
Reverse revision,FM,RESI,24,buy,0.020609142724999998,105.0,-2.1639599861249996,W_RESI
Reverse revision,FM,W_C,25,sell,0.023156342125000003,105.0,2.4314159231250003,W_RESI
Reverse revision,FM,RESI,25,buy,0.023156342125000003,105.0,-2.4314159231250003,W_RESI
Reverse revision,FM,W_C,26,sell,0.023156342125000003,105.0,2.4314159231250003,W_RESI
Reverse revision,FM,RESI,26,buy,0.023156342125000003,105.0,-2.4314159231250003,W_RESI
Reverse revision,FM,W_C,27,sell,0.015862094650000002,105.0,1.66551993825,W_RESI
Reverse revision,FM,RESI,27,buy,0.015862094650000002,105.0,-1.66551993825,W_RESI
Reverse revision,FM,W_C,28,sell,0.015862094650000002,105.0,1.66551993825,W_RESI
Reverse revision,FM,RESI,28,buy,0.015862094650000002,105.0,-1.66551993825,W_RESI
Reverse revision,FM,W_C,29,sell,0.0188724205,105.0,1.9816041525,W_RESI
Reverse revision,FM,RESI,29,buy,0.0188724205,105.0,-1.9816041525,W_RESI
Reverse revision,FM,W_C,30,sell,0.0188724205,105.0,1.9816041525,W_RESI
Reverse revision,FM,RESI,30,buy,0.0188724205,105.0,-1.9816041525,W_RESI
Reverse revision,FM,W_C,31,sell,0.039018436775000005,105.0,4.096935861375001,W_RESI
Reverse revision,FM,RESI,31,buy,0.039018436775000005,105.0,-4.096935861375001,W_RESI
Reverse revision,FM,W_C,32,sell,0.039018436775000005,105.0,4.096935861375001,W_RESI
Reverse revision,FM,RESI,32,buy,0.039018436775000005,105.0,-4.096935861375001,W_RESI
Reverse revision,FM,W_C,33,sell,0.10605604732500001,105.0,11.135884969125001,W_RESI
Reverse revision,FM,RESI,33,buy,0.10605604732500001,105.0,-11.135884969125001,W_RESI
Reverse revision,FM,W_C,34,sell,0.10605604732500001,105.0,11.135884969125001,W_RESI
Reverse revision,FM,RESI,34,buy,0.10605604732500001,105.0,-11.135884969125001,W_RESI
Reverse revision,FM,W_C,35,sell,0.12955973625,105.0,13.60377230625,W_RESI
Reverse revision,FM,RESI,35,buy,0.12955973625,105.0,-13.60377230625,W_RESI
Reverse revision,FM,W_C,36,sell,0.12955973625,105.0,13.60377230625,W_RESI
Reverse revision,FM,RESI,36,buy,0.12955973625,105.0,-13.60377230625,W_RESI
Reverse revision,FM,W_C,37,sell,0.08857301010000002,105.0,9.300166060500002,W_RESI
Reverse revision,FM,RESI,37,buy,0.08857301010000002,105.0,-9.300166060500002,W_RESI
Reverse revision,FM,W_C,38,sell,0.08857301010000002,105.0,9.300166060500002,W_RESI
Reverse revision,FM,RESI,38,buy,0.08857301010000002,105.0,-9.300166060500002,W_RESI
Reverse revision,FM,W_C,39,sell,0.057890857275,105.0,6.078540013875,W_RESI
Reverse revision,FM,RESI,39,buy,0.057890857275,105.0,-6.078540013875,W_RESI
Reverse revision,FM,W_C,40,sell,0.057890857275,105.0,6.078540013875,W_RESI
Reverse revision,FM,RESI,40,buy,0.057890857275,105.0,-6.078540013875,W_RESI
Reverse revision,FM,W_C,41,sell,0.042028762625,105.0,4.413020075625,W_RESI
Reverse revision,FM,RESI,41,buy,0.042028762625,105.0,-4.413020075625,W_RESI
Reverse revision,FM,W_C,42,sell,0.042028762625,105.0,4.413020075625,W_RESI
Reverse revision,FM,RESI,42,buy,0.042028762625,105.0,-4.413020075625,W_RESI
Reverse revision,FM,W_C,43,sell,0.05522787430000001,105.0,5.7989268015,W_RESI
Reverse revision,FM,RESI,43,buy,0.05522787430000001,105.0,-5.7989268015,W_RESI
Reverse revision,FM,W_C,44,sell,0.05522787430000001,105.0,5.7989268015,W_RESI
Reverse revision,FM,RESI,44,buy,0.05522787430000001,105.0,-5.7989268015,W_RESI
Reverse revision,FM,W_C,45,sell,0.061248526000000005,105.0,6.43109523,W_RESI
Reverse revision,FM,RESI,45,buy,0.061248526000000005,105.0,-6.43109523,W_RESI
Reverse revision,FM,W_C,46,sell,0.061248526000000005,105.0,6.43109523,W_RESI
Reverse revision,FM,RESI,46,buy,0.061248526000000005,105.0,-6.43109523,W_RESI
Reverse revision,FM,W_C,47,sell,0.05962757950000001,105.0,6.2608958475000005,W_RESI
Reverse revision,FM,RESI,47,buy,0.05962757950000001,105.0,-6.2608958475000005,W_RESI
Reverse revision,FM,W_C,48,sell,0.05962757950000001,105.0,6.2608958475000005,W_RESI
Reverse revision,FM,RESI,48,buy,0.05962757950000001,105.0,-6.2608958475000005,W_RESI
Reverse revision,DAM,IND,1,buy,73.543603,156.17,-11485.30448051,DAM_IND_1
Reverse revision,DAM,COM,1,buy,60.566522,156.17,-9458.67374074,DAM_COM_1
Reverse revision,DAM,RESI,1,buy,140.13065,156.17,-21884.203610499997,DAM_RESI_1
Reverse revision,DAM,W_C,1,sell,0.44182301,156.17,68.99949947169999,DAM_W_C_1
Reverse revision,DAM,W_A,1,sell,1.4727434,156.17,229.99833677799998,DAM_W_A_1
Reverse revision,DAM,DKL_ICE_H,1,sell,36.75,156.17,5739.2474999999995,DAM_DKL_ICE_H_FLEX_1
Reverse revision,DAM,VAS_ST_H,1,sell,136.5,156.17,21317.204999999998,DAM_VAS_ST_H_FLEX_1
Reverse revision,DAM,VAS_CCGT_D,1,sell,24.826209,156.17,3877.1090595299993,DAM_VAS_CCGT_D_FLEX_1
Reverse revision,DAM,IND,2,buy,73.543603,156.17,-11485.30448051,DAM_IND_2
Reverse revision,DAM,COM,2,buy,60.774218,156.17,-9491.109625059999,DAM_COM_2
Reverse revision,DAM,RESI,2,buy,139.92295,156.17,-21851.767101499998,DAM_RESI_2
Reverse revision,DAM,W_C,2,sell,0.44182301,156.17,68.99949947169999,DAM_W_C_2
Reverse revision,DAM,W_A,2,sell,1.4727434,156.17,229.99833677799998,DAM_W_A_2
Reverse revision,DAM,DKL_ICE_H,2,sell,36.75,156.17,5739.2474999999995,DAM_DKL_ICE_H_FLEX_2
Reverse revision,DAM,VAS_ST_H,2,sell,136.5,156.17,21317.204999999998,DAM_VAS_ST_H_FLEX_2
Reverse revision,DAM,VAS_CCGT_D,2,sell,24.826209,156.17,3877.1090595299993,DAM_VAS_CCGT_D_FLEX_2
Reverse revision,DAM,IND,3,buy,73.5047,156.17,-11479.228998999999,DAM_IND_3
Reverse revision,DAM,COM,3,buy,59.138495,156.17,-9235.65876415,DAM_COM_3
Reverse revision,DAM,RESI,3,buy,135.09992,156.17,-21098.554506399996,DAM_RESI_3
Reverse revision,DAM,W_C,3,sell,0.46127433,156.17,72.0372121161,DAM_W_C_3
Reverse revision,DAM,W_A,3,sell,1.5375811,156.17,240.12404038699998,DAM_W_A_3
Reverse revision,DAM,DKL_ICE_H,3,sell,36.75,156.17,5739.2474999999995,DAM_DKL_ICE_H_FLEX_3
Reverse revision,DAM,VAS_ST_H,3,sell,136.5,156.17,21317.204999999998,DAM_VAS_ST_H_FLEX_3
Reverse revision,DAM,VAS_CCGT_D,3,sell,18.244262,156.17,2849.20639654,DAM_VAS_CCGT_D_FLEX_3
Reverse revision,DAM,IND,4,buy,73.5047,156.17,-11479.228998999999,DAM_IND_4
Reverse revision,DAM,COM,4,buy,59.625466,156.17,-9311.70902522,DAM_COM_4
Reverse revision,DAM,RESI,4,buy,134.61295,156.17,-21022.5044015,DAM_RESI_4
Reverse revision,DAM,W_C,4,sell,0.46127433,156.17,72.0372121161,DAM_W_C_4
Reverse revision,DAM,W_A,4,sell,1.5375811,156.17,240.12404038699998,DAM_W_A_4
Reverse revision,DAM,DKL_ICE_H,4,sell,36.75,156.17,5739.2474999999995,DAM_DKL_ICE_H_FLEX_4
Reverse revision,DAM,VAS_ST_H,4,sell,136.5,156.17,21317.204999999998,DAM_VAS_ST_H_FLEX_4
Reverse revision,DAM,VAS_CCGT_D,4,sell,18.244262,156.17,2849.20639654,DAM_VAS_CCGT_D_FLEX_4
Reverse revision,DAM,IND,5,buy,73.14624,156.17,-11423.2483008,DAM_IND_5
Reverse revision,DAM,COM,5,buy,55.27045,156.17,-8631.586176499999,DAM_COM_5
Reverse revision,DAM,RESI,5,buy,122.5303,156.17,-19135.556951,DAM_RESI_5
Reverse revision,DAM,W_C,5,sell,0.64050442,156.17,100.02757527139998,DAM_W_C_5
Reverse revision,DAM,W_A,5,sell,2.1350147,156.17,333.425245699,DAM_W_A_5
Reverse revision,DAM,DKL_ICE_H,5,sell,36.75,156.17,5739.2474999999995,DAM_DKL_ICE_H_FLEX_5
Reverse revision,DAM,VAS_ST_H,5,sell,136.5,156.17,21317.204999999998,DAM_VAS_ST_H_FLEX_5
Reverse revision,DAM,VAS_CCGT_D,5,sell,0.67147572,156.17,104.86436319239999,DAM_VAS_CCGT_D_FLEX_5
Reverse revision,DAM,IND,6,buy,73.14624,156.17,-11423.2483008,DAM_IND_6
Reverse revision,DAM,COM,6,buy,56.246195,156.17,-8783.96827315,DAM_COM_6
Reverse revision,DAM,RESI,6,buy,121.55456,156.17,-18983.175635199997,DAM_RESI_6
Reverse revision,DAM,W_C,6,sell,0.64050442,156.17,100.02757527139998,DAM_W_C_6
Reverse revision,DAM,W_A,6,sell,2.1350147,156.17,333.425245699,DAM_W_A_6
Reverse revision,DAM,DKL_ICE_H,6,sell,36.75,156.17,5739.2474999999995,DAM_DKL_ICE_H_FLEX_6
Reverse revision,DAM,VAS_ST_H,6,sell,136.5,156.17,21317.204999999998,DAM_VAS_ST_H_FLEX_6
Reverse revision,DAM,VAS_CCGT_D,6,sell,0.67147572,156.17,104.86436319239999,DAM_VAS_CCGT_D_FLEX_6
Reverse revision,DAM,IND,7,buy,72.696081,130.24,-9467.937589440002,DAM_IND_7
Reverse revision,DAM,COM,7,buy,51.590065,130.24,-6719.090065600001,DAM_COM_7
Reverse revision,DAM,RESI,7,buy,107.47857,130.24,-13998.008956800002,DAM_RESI_7
Reverse revision,DAM,W_C,7,sell,0.86558407,130.24,112.73366927680001,DAM_W_C_7
Reverse revision,DAM,W_A,7,sell,2.8852802,130.24,375.77889324800003,DAM_W_A_7
Reverse revision,DAM,DKL_ICE_H,7,sell,36.75,130.24,4786.320000000001,DAM_DKL_ICE_H_FLEX_7
Reverse revision,DAM,VAS_ST_H,7,sell,117.01385,130.24,15239.883824000002,DAM_VAS_ST_H_FLEX_7
Reverse revision,DAM,IND,8,buy,72.696081,130.24,-9467.937589440002,DAM_IND_8
Reverse revision,DAM,COM,8,buy,53.29377,130.24,-6940.980604800001,DAM_COM_8
Reverse revision,DAM,RESI,8,buy,105.77486,130.24,-13776.1177664,DAM_RESI_8
Reverse revision,DAM,W_C,8,sell,0.86558407,130.24,112.73366927680001,DAM_W_C_8
Reverse revision,DAM,W_A,8,sell,2.8852802,130.24,375.77889324800003,DAM_W_A_8
Reverse revision,DAM,DKL_ICE_H,8,sell,36.75,130.24,4786.320000000001,DAM_DKL_ICE_H_FLEX_8
Reverse revision,DAM,VAS_ST_H,8,sell,117.01385,130.24,15239.883824000002,DAM_VAS_ST_H_FLEX_8
Reverse revision,DAM,IND,9,buy,73.16986,130.24,-9529.6425664,DAM_IND_9
Reverse revision,DAM,COM,9,buy,51.794759,130.24,-6745.74941216,DAM_COM_9
Reverse revision,DAM,RESI,9,buy,96.553443,130.24,-12575.120416320002,DAM_RESI_9
Reverse revision,DAM,W_C,9,sell,0.62869469,130.24,81.88119642560001,DAM_W_C_9
Reverse revision,DAM,W_A,9,sell,2.095649,130.24,272.93732576,DAM_W_A_9
Reverse revision,DAM,DKL_ICE_H,9,sell,36.75,130.24,4786.320000000001,DAM_DKL_ICE_H_FLEX_9
Reverse revision,DAM,VAS_ST_H,9,sell,107.79372,130.24,14039.054092800001,DAM_VAS_ST_H_FLEX_9
Reverse revision,DAM,IND,10,buy,73.16986,130.24,-9529.6425664,DAM_IND_10
Reverse revision,DAM,COM,10,buy,54.505656,130.24,-7098.816637440001,DAM_COM_10
Reverse revision,DAM,RESI,10,buy,93.842546,130.24,-12222.05319104,DAM_RESI_10
Reverse revision,DAM,W_C,10,sell,0.62869469,130.24,81.88119642560001,DAM_W_C_10
Reverse revision,DAM,W_A,10,sell,2.095649,130.24,272.93732576,DAM_W_A_10
Reverse revision,DAM,DKL_ICE_H,10,sell,36.75,130.24,4786.320000000001,DAM_DKL_ICE_H_FLEX_10
Reverse revision,DAM,VAS_ST_H,10,sell,107.79372,130.24,14039.054092800001,DAM_VAS_ST_H_FLEX_10
Reverse revision,DAM,IND,11,buy,73.551939,130.24,-9579.404535360001,DAM_IND_11
Reverse revision,DAM,COM,11,buy,57.382682,130.24,-7473.520503680001,DAM_COM_11
Reverse revision,DAM,RESI,11,buy,89.821799,130.24,-11698.39110176,DAM_RESI_11
Reverse revision,DAM,W_C,11,sell,0.43765487,130.24,57.0001702688,DAM_W_C_11
Reverse revision,DAM,W_A,11,sell,1.4588496,130.24,190.000571904,DAM_W_A_11
Reverse revision,DAM,DKL_ICE_H,11,sell,36.75,130.24,4786.320000000001,DAM_DKL_ICE_H_FLEX_11
Reverse revision,DAM,VAS_ST_H,11,sell,107.85992,130.24,14047.6759808,DAM_VAS_ST_H_FLEX_11
Reverse revision,DAM,IND,12,buy,73.551939,130.24,-9579.404535360001,DAM_IND_12
Reverse revision,DAM,COM,12,buy,61.318756,130.24,-7986.154781440001,DAM_COM_12
Reverse revision,DAM,RESI,12,buy,85.885725,130.24,-11185.756824,DAM_RESI_12
Reverse revision,DAM,W_C,12,sell,0.43765487,130.24,57.0001702688,DAM_W_C_12
Reverse revision,DAM,W_A,12,sell,1.4588496,130.24,190.000571904,DAM_W_A_12
Reverse revision,DAM,DKL_ICE_H,12,sell,36.75,130.24,4786.320000000001,DAM_DKL_ICE_H_FLEX_12
Reverse revision,DAM,VAS_ST_H,12,sell,107.85992,130.24,14047.6759808,DAM_VAS_ST_H_FLEX_12
Reverse revision,DAM,IND,13,buy,73.503311,156.17,-11479.012078869999,DAM_IND_13
Reverse revision,DAM,COM,13,buy,68.585463,156.17,-10710.99175671,DAM_COM_13
Reverse revision,DAM,RESI,13,buy,84.864976,156.17,-13253.363301919999,DAM_RESI_13
Reverse revision,DAM,PV_C,13,sell,1.797e-05,156.17,0.0028063749,DAM_PV_C_13
Reverse revision,DAM,PV_A,13,sell,5.99e-05,156.17,0.009354583,DAM_PV_A_13
Reverse revision,DAM,W_C,13,sell,0.46196902,156.17,72.1457018534,DAM_W_C_13
Reverse revision,DAM,W_A,13,sell,1.5398967,156.17,240.48566763899996,DAM_W_A_13
Reverse revision,DAM,DKL_ICE_H,13,sell,36.75,156.17,5739.2474999999995,DAM_DKL_ICE_H_FLEX_13
Reverse revision,DAM,VAS_ST_H,13,sell,136.5,156.17,21317.204999999998,DAM_VAS_ST_H_FLEX_13
Reverse revision,DAM,VAS_CCGT_D,13,sell,35.951807,156.17,5614.59369919,DAM_VAS_CCGT_D_FLEX_13
Reverse revision,DAM,IND,14,buy,73.503311,156.17,-11479.012078869999,DAM_IND_14
Reverse revision,DAM,COM,14,buy,73.666708,156.17,-11504.52978836,DAM_COM_14
Reverse revision,DAM,RESI,14,buy,79.783731,156.17,-12459.82527027,DAM_RESI_14
Reverse revision,DAM,PV_C,14,sell,1.797e-05,156.17,0.0028063749,DAM_PV_C_14
Reverse revision,DAM,PV_A,14,sell,5.99e-05,156.17,0.009354583,DAM_PV_A_14
Reverse revision,DAM,W_C,14,sell,0.46196902,156.17,72.1457018534,DAM_W_C_14
Reverse revision,DAM,W_A,14,sell,1.5398967,156.17,240.48566763899996,DAM_W_A_14
Reverse revision,DAM,DKL_ICE_H,14,sell,36.75,156.17,5739.2474999999995,DAM_DKL_ICE_H_FLEX_14
Reverse revision,DAM,VAS_ST_H,14,sell,136.5,156.17,21317.204999999998,DAM_VAS_ST_H_FLEX_14
Reverse revision,DAM,VAS_CCGT_D,14,sell,35.951807,156.17,5614.59369919,DAM_VAS_CCGT_D_FLEX_14
Reverse revision,DAM,IND,15,buy,73.751315,156.17,-11517.74286355,DAM_IND_15
Reverse revision,DAM,COM,15,buy,72.213224,156.17,-11277.53919208,DAM_COM_15
Reverse revision,DAM,RESI,15,buy,70.253664,156.17,-10971.51470688,DAM_RESI_15
Reverse revision,DAM,PV_C,15,sell,1.3667058,156.17,213.438444786,DAM_PV_C_15
Reverse revision,DAM,PV_A,15,sell,4.555686,156.17,711.4614826199999,DAM_PV_A_15
Reverse revision,DAM,W_C,15,sell,0.33796682,156.17,52.780278279399994,DAM_W_C_15
Reverse revision,DAM,W_A,15,sell,1.1265561,156.17,175.93426613699998,DAM_W_A_15
Reverse revision,DAM,DKL_ICE_H,15,sell,36.75,156.17,5739.2474999999995,DAM_DKL_ICE_H_FLEX_15
Reverse revision,DAM,VAS_ST_H,15,sell,136.5,156.17,21317.204999999998,DAM_VAS_ST_H_FLEX_15
Reverse revision,DAM,VAS_CCGT_D,15,sell,19.831288,156.17,3097.05224696,DAM_VAS_CCGT_D_FLEX_15
Reverse revision,DAM,IND,16,buy,73.751315,156.17,-11517.74286355,DAM_IND_16
Reverse revision,DAM,COM,16,buy,77.2691,156.17,-12067.115346999999,DAM_COM_16
Reverse revision,DAM,RESI,16,buy,65.197788,156.17,-10181.93855196,DAM_RESI_16
Reverse revision,DAM,PV_C,16,sell,1.3667058,156.17,213.438444786,DAM_PV_C_16
Reverse revision,DAM,PV_A,16,sell,4.555686,156.17,711.4614826199999,DAM_PV_A_16
Reverse revision,DAM,W_C,16,sell,0.33796682,156.17,52.780278279399994,DAM_W_C_16
Reverse revision,DAM,W_A,16,sell,1.1265561,156.17,175.93426613699998,DAM_W_A_16
Reverse revision,DAM,DKL_ICE_H,16,sell,36.75,156.17,5739.2474999999995,DAM_DKL_ICE_H_FLEX_16
Reverse revision,DAM,VAS_ST_H,16,sell,136.5,156.17,21317.204999999998,DAM_VAS_ST_H_FLEX_16
Reverse revision,DAM,VAS_CCGT_D,16,sell,19.831288,156.17,3097.05224696,DAM_VAS_CCGT_D_FLEX_16
Reverse revision,DAM,IND,17,buy,73.96528,130.24,-9633.238067200002,DAM_IND_17
Reverse revision,DAM,COM,17,buy,62.883121,130.24,-8189.897679040001,DAM_COM_17
Reverse revision,DAM,RESI,17,buy,52.32165,130.24,-6814.371696,DAM_RESI_17
Reverse revision,DAM,PV_C,17,sell,6.628754,130.24,863.32892096,DAM_PV_C_17
Reverse revision,DAM,PV_A,17,sell,22.095847,130.24,2877.76311328,DAM_PV_A_17
Reverse revision,DAM,W_C,17,sell,0.23098451,130.24,30.083422582400004,DAM_W_C_17
Reverse revision,DAM,W_A,17,sell,0.76994837,130.24,100.27807570880002,DAM_W_A_17
Reverse revision,DAM,DKL_ICE_H,17,sell,36.75,130.24,4786.320000000001,DAM_DKL_ICE_H_FLEX_17
Reverse revision,DAM,VAS_ST_H,17,sell,106.94452,130.24,13928.4542848,DAM_VAS_ST_H_FLEX_17
Reverse revision,DAM,IND,18,buy,73.96528,130.24,-9633.238067200002,DAM_IND_18
Reverse revision,DAM,COM,18,buy,66.967558,130.24,-8721.85475392,DAM_COM_18
Reverse revision,DAM,RESI,18,buy,48.237212,130.24,-6282.414490880001,DAM_RESI_18
Reverse revision,DAM,PV_C,18,sell,6.628754,130.24,863.32892096,DAM_PV_C_18
Reverse revision,DAM,PV_A,18,sell,22.095847,130.24,2877.76311328,DAM_PV_A_18
Reverse revision,DAM,W_C,18,sell,0.23098451,130.24,30.083422582400004,DAM_W_C_18
Reverse revision,DAM,W_A,18,sell,0.76994837,130.24,100.27807570880002,DAM_W_A_18
Reverse revision,DAM,DKL_ICE_H,18,sell,36.75,130.24,4786.320000000001,DAM_DKL_ICE_H_FLEX_18
Reverse revision,DAM,VAS_ST_H,18,sell,106.94452,130.24,13928.4542848,DAM_VAS_ST_H_FLEX_18
Reverse revision,DAM,IND,19,buy,74.002793,130.24,-9638.12376032,DAM_IND_19
Reverse revision,DAM,COM,19,buy,37.533259,130.24,-4888.331652160001,DAM_COM_19
Reverse revision,DAM,RESI,19,buy,30.593583,130.24,-3984.5082499200003,DAM_RESI_19
Reverse revision,DAM,PV_C,19,sell,12.395354,130.24,1614.37090496,DAM_PV_C_19
Reverse revision,DAM,PV_A,19,sell,41.317848,130.24,5381.23652352,DAM_PV_A_19
Reverse revision,DAM,W_C,19,sell,0.21222788,130.24,27.640559091200004,DAM_W_C_19
Reverse revision,DAM,W_A,19,sell,0.70742626,130.24,92.1351961024,DAM_W_A_19
Reverse revision,DAM,DKL_ICE_H,19,sell,36.75,130.24,4786.320000000001,DAM_DKL_ICE_H_FLEX_19
Reverse revision,DAM,VAS_ST_H,19,sell,34.996779,130.24,4557.98049696,DAM_VAS_ST_H_FLEX_19
Reverse revision,DAM,IND,20,buy,74.002793,130.24,-9638.12376032,DAM_IND_20
Reverse revision,DAM,COM,20,buy,39.910526,130.24,-5197.94690624,DAM_COM_20
Reverse revision,DAM,RESI,20,buy,28.216316,130.24,-3674.89299584,DAM_RESI_20
Reverse revision,DAM,PV_C,20,sell,12.395354,130.24,1614.37090496,DAM_PV_C_20
Reverse revision,DAM,PV_A,20,sell,41.317848,130.24,5381.23652352,DAM_PV_A_20
Reverse revision,DAM,W_C,20,sell,0.21222788,130.24,27.640559091200004,DAM_W_C_20
Reverse revision,DAM,W_A,20,sell,0.70742626,130.24,92.1351961024,DAM_W_A_20
Reverse revision,DAM,DKL_ICE_H,20,sell,36.75,130.24,4786.320000000001,DAM_DKL_ICE_H_FLEX_20
Reverse revision,DAM,VAS_ST_H,20,sell,34.996779,130.24,4557.98049696,DAM_VAS_ST_H_FLEX_20
Reverse revision,DAM,IND,21,buy,74.193833,130.24,-9663.004809920001,DAM_IND_21
Reverse revision,DAM,COM,21,buy,30.87463,130.24,-4021.1118112000004,DAM_COM_21
Reverse revision,DAM,RESI,21,buy,22.980643,130.24,-2992.99894432,DAM_RESI_21
Reverse revision,DAM,PV_C,21,sell,15.416863,130.24,2007.8922371200001,DAM_PV_C_21
Reverse revision,DAM,PV_A,21,sell,51.389544,130.24,6692.974210560001,DAM_PV_A_21
Reverse revision,DAM,W_C,21,sell,0.11670796,130.24,15.2000447104,DAM_W_C_21
Reverse revision,DAM,W_A,21,sell,0.38902653,130.24,50.6668152672,DAM_W_A_21
Reverse revision,DAM,DKL_ICE_H,21,sell,36.75,130.24,4786.320000000001,DAM_DKL_ICE_H_FLEX_21
Reverse revision,DAM,VAS_ST_H,21,sell,8.2369641,130.24,1072.7822043840001,DAM_VAS_ST_H_FLEX_21
Reverse revision,DAM,IND,22,buy,74.193833,130.24,-9663.004809920001,DAM_IND_22
Reverse revision,DAM,COM,22,buy,32.333854,130.24,-4211.1611449600005,DAM_COM_22
Reverse revision,DAM,RESI,22,buy,21.521419,130.24,-2802.9496105600006,DAM_RESI_22
Reverse revision,DAM,PV_C,22,sell,15.416863,130.24,2007.8922371200001,DAM_PV_C_22
Reverse revision,DAM,PV_A,22,sell,51.389544,130.24,6692.974210560001,DAM_PV_A_22
Reverse revision,DAM,W_C,22,sell,0.11670796,130.24,15.2000447104,DAM_W_C_22
Reverse revision,DAM,W_A,22,sell,0.38902653,130.24,50.6668152672,DAM_W_A_22
Reverse revision,DAM,DKL_ICE_H,22,sell,36.75,130.24,4786.320000000001,DAM_DKL_ICE_H_FLEX_22
Reverse revision,DAM,VAS_ST_H,22,sell,8.2369641,130.24,1072.7822043840001,DAM_VAS_ST_H_FLEX_22
Reverse revision,DAM,IND,23,buy,74.303594,125.3,-9310.2403282,DAM_IND_23
Reverse revision,DAM,COM,23,buy,29.841748,125.3,-3739.1710243999996,DAM_COM_23
Reverse revision,DAM,RESI,23,buy,19.607016,125.3,-2456.7591048,DAM_RESI_23
Reverse revision,DAM,PV_C,23,sell,16.602028,125.3,2080.2341084,DAM_PV_C_23
Reverse revision,DAM,PV_A,23,sell,55.340094,125.3,6934.1137782,DAM_PV_A_23
Reverse revision,DAM,W_C,23,sell,0.061827428,125.3,7.746976728399999,DAM_W_C_23
Reverse revision,DAM,W_A,23,sell,0.20609143,125.3,25.823256178999998,DAM_W_A_23
Reverse revision,DAM,DKL_ICE_H,23,sell,35.792318,125.3,4484.7774454,DAM_DKL_ICE_H_FLEX_23
Reverse revision,DAM,IND,24,buy,74.303594,125.3,-9310.2403282,DAM_IND_24
Reverse revision,DAM,COM,24,buy,30.481919,125.3,-3819.3844507,DAM_COM_24
Reverse revision,DAM,RESI,24,buy,18.966846,125.3,-2376.5458038,DAM_RESI_24
Reverse revision,DAM,PV_C,24,sell,16.602028,125.3,2080.2341084,DAM_PV_C_24
Reverse revision,DAM,PV_A,24,sell,55.340094,125.3,6934.1137782,DAM_PV_A_24
Reverse revision,DAM,W_C,24,sell,0.061827428,125.3,7.746976728399999,DAM_W_C_24
Reverse revision,DAM,W_A,24,sell,0.20609143,125.3,25.823256178999998,DAM_W_A_24
Reverse revision,DAM,DKL_ICE_H,24,sell,35.792318,125.3,4484.7774454,DAM_DKL_ICE_H_FLEX_24
Reverse revision,DAM,IND,25,buy,74.288311,130.24,-9675.30962464,DAM_IND_25
Reverse revision,DAM,COM,25,buy,34.729319,130.24,-4523.14650656,DAM_COM_25
Reverse revision,DAM,RESI,25,buy,20.202089,130.24,-2631.12007136,DAM_RESI_25
Reverse revision,DAM,PV_C,25,sell,16.40126,130.24,2136.1001024,DAM_PV_C_25
Reverse revision,DAM,PV_A,25,sell,54.670867,130.24,7120.333718080001,DAM_PV_A_25
Reverse revision,DAM,W_C,25,sell,0.069469026,130.24,9.047645946240001,DAM_W_C_25
Reverse revision,DAM,W_A,25,sell,0.23156342,130.24,30.1588198208,DAM_W_A_25
Reverse revision,DAM,DKL_ICE_H,25,sell,36.75,130.24,4786.320000000001,DAM_DKL_ICE_H_FLEX_25
Reverse revision,DAM,VAS_ST_H,25,sell,5.3465594,130.24,696.3358962560001,DAM_VAS_ST_H_FLEX_25
Reverse revision,DAM,IND,26,buy,74.288311,130.24,-9675.30962464,DAM_IND_26
Reverse revision,DAM,COM,26,buy,34.464237,130.24,-4488.62222688,DAM_COM_26
Reverse revision,DAM,RESI,26,buy,20.467172,130.24,-2665.6444812800005,DAM_RESI_26
Reverse revision,DAM,PV_C,26,sell,16.40126,130.24,2136.1001024,DAM_PV_C_26
Reverse revision,DAM,PV_A,26,sell,54.670867,130.24,7120.333718080001,DAM_PV_A_26
Reverse revision,DAM,W_C,26,sell,0.069469026,130.24,9.047645946240001,DAM_W_C_26
Reverse revision,DAM,W_A,26,sell,0.23156342,130.24,30.1588198208,DAM_W_A_26
Reverse revision,DAM,DKL_ICE_H,26,sell,36.75,130.24,4786.320000000001,DAM_DKL_ICE_H_FLEX_26
Reverse revision,DAM,VAS_ST_H,26,sell,5.3465594,130.24,696.3358962560001,DAM_VAS_ST_H_FLEX_26
Reverse revision,DAM,IND,27,buy,74.332077,130.24,-9681.00970848,DAM_IND_27
Reverse revision,DAM,COM,27,buy,37.06556,130.24,-4827.4185344,DAM_COM_27
Reverse revision,DAM,RESI,27,buy,21.981837,130.24,-2862.91445088,DAM_RESI_27
Reverse revision,DAM,PV_C,27,sell,14.995921,130.24,1953.06875104,DAM_PV_C_27
Reverse revision,DAM,PV_A,27,sell,49.986403,130.24,6510.229126720001,DAM_PV_A_27
Reverse revision,DAM,W_C,27,sell,0.047586284,130.24,6.197637628160001,DAM_W_C_27
Reverse revision,DAM,W_A,27,sell,0.15862095,130.24,20.658792528000003,DAM_W_A_27
Reverse revision,DAM,DKL_ICE_H,27,sell,36.75,130.24,4786.320000000001,DAM_DKL_ICE_H_FLEX_27
Reverse revision,DAM,VAS_ST_H,27,sell,15.690942,130.24,2043.5882860800002,DAM_VAS_ST_H_FLEX_27
Reverse revision,DAM,IND,28,buy,74.332077,130.24,-9681.00970848,DAM_IND_28
Reverse revision,DAM,COM,28,buy,35.662913,130.24,-4644.73778912,DAM_COM_28
Reverse revision,DAM,RESI,28,buy,23.384484,130.24,-3045.5951961600003,DAM_RESI_28
Reverse revision,DAM,PV_C,28,sell,14.995921,130.24,1953.06875104,DAM_PV_C_28
Reverse revision,DAM,PV_A,28,sell,49.986403,130.24,6510.229126720001,DAM_PV_A_28
Reverse revision,DAM,W_C,28,sell,0.047586284,130.24,6.197637628160001,DAM_W_C_28
Reverse revision,DAM,W_A,28,sell,0.15862095,130.24,20.658792528000003,DAM_W_A_28
Reverse revision,DAM,DKL_ICE_H,28,sell,36.75,130.24,4786.320000000001,DAM_DKL_ICE_H_FLEX_28
Reverse revision,DAM,VAS_ST_H,28,sell,15.690942,130.24,2043.5882860800002,DAM_VAS_ST_H_FLEX_28
Reverse revision,DAM,IND,29,buy,74.314015,130.24,-9678.6573136,DAM_IND_29
Reverse revision,DAM,COM,29,buy,49.051838,130.24,-6388.51138112,DAM_COM_29
Reverse revision,DAM,RESI,29,buy,30.858545,130.24,-4019.0169008000003,DAM_RESI_29
Reverse revision,DAM,PV_C,29,sell,11.851612,130.24,1543.55394688,DAM_PV_C_29
Reverse revision,DAM,PV_A,29,sell,39.505373,130.24,5145.17977952,DAM_PV_A_29
Reverse revision,DAM,W_C,29,sell,0.056617262,130.24,7.373832202880001,DAM_W_C_29
Reverse revision,DAM,W_A,29,sell,0.1887242,130.24,24.579439808000004,DAM_W_A_29
Reverse revision,DAM,DKL_ICE_H,29,sell,36.75,130.24,4786.320000000001,DAM_DKL_ICE_H_FLEX_29
Reverse revision,DAM,VAS_ST_H,29,sell,50.122071,130.24,6527.89852704,DAM_VAS_ST_H_FLEX_29
Reverse revision,DAM,IND,30,buy,74.314015,130.24,-9678.6573136,DAM_IND_30
Reverse revision,DAM,COM,30,buy,45.929512,130.24,-5981.859642880001,DAM_COM_30
Reverse revision,DAM,RESI,30,buy,33.98087,130.24,-4425.6685088,DAM_RESI_30
Reverse revision,DAM,PV_C,30,sell,11.851612,130.24,1543.55394688,DAM_PV_C_30
Reverse revision,DAM,PV_A,30,sell,39.505373,130.24,5145.17977952,DAM_PV_A_30
Reverse revision,DAM,W_C,30,sell,0.056617262,130.24,7.373832202880001,DAM_W_C_30
Reverse revision,DAM,W_A,30,sell,0.1887242,130.24,24.579439808000004,DAM_W_A_30
Reverse revision,DAM,DKL_ICE_H,30,sell,36.75,130.24,4786.320000000001,DAM_DKL_ICE_H_FLEX_30
Reverse revision,DAM,VAS_ST_H,30,sell,50.122071,130.24,6527.89852704,DAM_VAS_ST_H_FLEX_30
Reverse revision,DAM,IND,31,buy,74.193138,130.24,-9662.914293120002,DAM_IND_31
Reverse revision,DAM,COM,31,buy,73.654507,130.24,-9592.76299168,DAM_COM_31
Reverse revision,DAM,RESI,31,buy,53.20404,130.24,-6929.294169600001,DAM_RESI_31
Reverse revision,DAM,PV_C,31,sell,6.7614013,130.24,880.604905312,DAM_PV_C_31
Reverse revision,DAM,PV_A,31,sell,22.538004,130.24,2935.34964096,DAM_PV_A_31
Reverse revision,DAM,W_C,31,sell,0.11705531,130.24,15.2452835744,DAM_W_C_31
Reverse revision,DAM,W_A,31,sell,0.39018437,130.24,50.817612348800004,DAM_W_A_31
Reverse revision,DAM,DKL_ICE_H,31,sell,36.75,130.24,4786.320000000001,DAM_DKL_ICE_H_FLEX_31
Reverse revision,DAM,VAS_ST_H,31,sell,118.74504,130.24,15465.354009600002,DAM_VAS_ST_H_FLEX_31
Reverse revision,DAM,IND,32,buy,74.193138,130.24,-9662.914293120002,DAM_IND_32
Reverse revision,DAM,COM,32,buy,67.550567,130.24,-8797.78584608,DAM_COM_32
Reverse revision,DAM,RESI,32,buy,59.307981,130.24,-7724.27144544,DAM_RESI_32
Reverse revision,DAM,PV_C,32,sell,6.7614013,130.24,880.604905312,DAM_PV_C_32
Reverse revision,DAM,PV_A,32,sell,22.538004,130.24,2935.34964096,DAM_PV_A_32
Reverse revision,DAM,W_C,32,sell,0.11705531,130.24,15.2452835744,DAM_W_C_32
Reverse revision,DAM,W_A,32,sell,0.39018437,130.24,50.817612348800004,DAM_W_A_32
Reverse revision,DAM,DKL_ICE_H,32,sell,36.75,130.24,4786.320000000001,DAM_DKL_ICE_H_FLEX_32
Reverse revision,DAM,VAS_ST_H,32,sell,118.74504,130.24,15465.354009600002,DAM_VAS_ST_H_FLEX_32
Reverse revision,DAM,IND,33,buy,73.790913,156.17,-11523.926883209999,DAM_IND_33
Reverse revision,DAM,COM,33,buy,93.152027,156.17,-14547.552056589999,DAM_COM_33
Reverse revision,DAM,RESI,33,buy,88.514031,156.17,-13823.236221269999,DAM_RESI_33
Reverse revision,DAM,PV_C,33,sell,1.8043054,156.17,281.778374318,DAM_PV_C_33
Reverse revision,DAM,PV_A,33,sell,6.0143513,156.17,939.261242521,DAM_PV_A_33
Reverse revision,DAM,W_C,33,sell,0.31816814,156.17,49.68831842379999,DAM_W_C_33
Reverse revision,DAM,W_A,33,sell,1.0605605,156.17,165.62773328499998,DAM_W_A_33
Reverse revision,DAM,DKL_ICE_H,33,sell,36.75,156.17,5739.2474999999995,DAM_DKL_ICE_H_FLEX_33
Reverse revision,DAM,VAS_ST_H,33,sell,136.5,156.17,21317.204999999998,DAM_VAS_ST_H_FLEX_33
Reverse revision,DAM,VAS_CCGT_D,33,sell,57.259586,156.17,8942.229545619999,DAM_VAS_CCGT_D_FLEX_33
Reverse revision,DAM,IND,34,buy,73.790913,156.17,-11523.926883209999,DAM_IND_34
Reverse revision,DAM,COM,34,buy,83.645994,156.17,-13062.99488298,DAM_COM_34
Reverse revision,DAM,RESI,34,buy,98.020064,156.17,-15307.79339488,DAM_RESI_34
Reverse revision,DAM,PV_C,34,sell,1.8043054,156.17,281.778374318,DAM_PV_C_34
Reverse revision,DAM,PV_A,34,sell,6.0143513,156.17,939.261242521,DAM_PV_A_34
Reverse revision,DAM,W_C,34,sell,0.31816814,156.17,49.68831842379999,DAM_W_C_34
Reverse revision,DAM,W_A,34,sell,1.0605605,156.17,165.62773328499998,DAM_W_A_34
Reverse revision,DAM,DKL_ICE_H,34,sell,36.75,156.17,5739.2474999999995,DAM_DKL_ICE_H_FLEX_34
Reverse revision,DAM,VAS_ST_H,34,sell,136.5,156.17,21317.204999999998,DAM_VAS_ST_H_FLEX_34
Reverse revision,DAM,VAS_CCGT_D,34,sell,57.259586,156.17,8942.229545619999,DAM_VAS_CCGT_D_FLEX_34
Reverse revision,DAM,IND,35,buy,73.649891,156.17,-11501.90347747,DAM_IND_35
Reverse revision,DAM,COM,35,buy,99.098124,156.17,-15476.154025079999,DAM_COM_35
Reverse revision,DAM,RESI,35,buy,138.19643,156.17,-21582.136473099996,DAM_RESI_35
Reverse revision,DAM,W_C,35,sell,0.38867921,156.17,60.70003222569999,DAM_W_C_35
Reverse revision,DAM,W_A,35,sell,1.2955974,156.17,202.33344595799997,DAM_W_A_35
Reverse revision,DAM,DKL_ICE_H,35,sell,36.75,156.17,5739.2474999999995,DAM_DKL_ICE_H_FLEX_35
Reverse revision,DAM,VAS_ST_H,35,sell,136.5,156.17,21317.204999999998,DAM_VAS_ST_H_FLEX_35
Reverse revision,DAM,VAS_CCGT_D,35,sell,120.26017,156.17,18781.0307489,DAM_VAS_CCGT_D_FLEX_35
Reverse revision,DAM,IND,36,buy,73.649891,156.17,-11501.90347747,DAM_IND_36
Reverse revision,DAM,COM,36,buy,87.252437,156.17,-13626.21308629,DAM_COM_36
Reverse revision,DAM,RESI,36,buy,150.04212,156.17,-23432.0778804,DAM_RESI_36
Reverse revision,DAM,W_C,36,sell,0.38867921,156.17,60.70003222569999,DAM_W_C_36
Reverse revision,DAM,W_A,36,sell,1.2955974,156.17,202.33344595799997,DAM_W_A_36
Reverse revision,DAM,DKL_ICE_H,36,sell,36.75,156.17,5739.2474999999995,DAM_DKL_ICE_H_FLEX_36
Reverse revision,DAM,VAS_ST_H,36,sell,136.5,156.17,21317.204999999998,DAM_VAS_ST_H_FLEX_36
Reverse revision,DAM,VAS_CCGT_D,36,sell,120.26017,156.17,18781.0307489,DAM_VAS_CCGT_D_FLEX_36
Reverse revision,DAM,IND,37,buy,73.895811,156.17,-11540.308803869999,DAM_IND_37
Reverse revision,DAM,COM,37,buy,87.185303,156.17,-13615.72876951,DAM_COM_37
Reverse revision,DAM,RESI,37,buy,183.77862,156.17,-28700.707085399998,DAM_RESI_37
Reverse revision,DAM,W_C,37,sell,0.26571903,156.17,41.4973409151,DAM_W_C_37
Reverse revision,DAM,W_A,37,sell,0.8857301,156.17,138.32446971699997,DAM_W_A_37
Reverse revision,DAM,DKL_ICE_H,37,sell,36.75,156.17,5739.2474999999995,DAM_DKL_ICE_H_FLEX_37
Reverse revision,DAM,VAS_ST_H,37,sell,136.5,156.17,21317.204999999998,DAM_VAS_ST_H_FLEX_37
Reverse revision,DAM,VAS_CCGT_D,37,sell,96.20829,156.17,15024.8486493,DAM_VAS_CCGT_D_FLEX_37
Reverse revision,DAM,IND,38,buy,73.895811,156.17,-11540.308803869999,DAM_IND_38
Reverse revision,DAM,COM,38,buy,76.279391,156.17,-11912.55249247,DAM_COM_38
Reverse revision,DAM,RESI,38,buy,194.68454,156.17,-30403.884611799996,DAM_RESI_38
Reverse revision,DAM,W_C,38,sell,0.26571903,156.17,41.4973409151,DAM_W_C_38
Reverse revision,DAM,W_A,38,sell,0.8857301,156.17,138.32446971699997,DAM_W_A_38
Reverse revision,DAM,DKL_ICE_H,38,sell,36.75,156.17,5739.2474999999995,DAM_DKL_ICE_H_FLEX_38
Reverse revision,DAM,VAS_ST_H,38,sell,136.5,156.17,21317.204999999998,DAM_VAS_ST_H_FLEX_38
Reverse revision,DAM,VAS_CCGT_D,38,sell,96.20829,156.17,15024.8486493,DAM_VAS_CCGT_D_FLEX_38
Reverse revision,DAM,IND,39,buy,74.079904,156.17,-11569.05860768,DAM_IND_39
Reverse revision,DAM,COM,39,buy,69.747918,156.17,-10892.532354059998,DAM_COM_39
Reverse revision,DAM,RESI,39,buy,211.83845,156.17,-33082.810736499996,DAM_RESI_39
Reverse revision,DAM,W_C,39,sell,0.17367257,156.17,27.122445256899997,DAM_W_C_39
Reverse revision,DAM,W_A,39,sell,0.57890857,156.17,90.40815137689998,DAM_W_A_39
Reverse revision,DAM,DKL_ICE_H,39,sell,36.75,156.17,5739.2474999999995,DAM_DKL_ICE_H_FLEX_39
Reverse revision,DAM,VAS_ST_H,39,sell,136.5,156.17,21317.204999999998,DAM_VAS_ST_H_FLEX_39
Reverse revision,DAM,VAS_CCGT_D,39,sell,107.41369,156.17,16774.7959673,DAM_VAS_CCGT_D_FLEX_39
Reverse revision,DAM,IND,40,buy,74.079904,156.17,-11569.05860768,DAM_IND_40
Reverse revision,DAM,COM,40,buy,62.124157,156.17,-9701.929598689998,DAM_COM_40
Reverse revision,DAM,RESI,40,buy,219.46221,156.17,-34273.413335699996,DAM_RESI_40
Reverse revision,DAM,W_C,40,sell,0.17367257,156.17,27.122445256899997,DAM_W_C_40
Reverse revision,DAM,W_A,40,sell,0.57890857,156.17,90.40815137689998,DAM_W_A_40
Reverse revision,DAM,DKL_ICE_H,40,sell,36.75,156.17,5739.2474999999995,DAM_DKL_ICE_H_FLEX_40
Reverse revision,DAM,VAS_ST_H,40,sell,136.5,156.17,21317.204999999998,DAM_VAS_ST_H_FLEX_40
Reverse revision,DAM,VAS_CCGT_D,40,sell,107.41369,156.17,16774.7959673,DAM_VAS_CCGT_D_FLEX_40
Reverse revision,DAM,IND,41,buy,74.175077,156.17,-11583.921775089999,DAM_IND_41
Reverse revision,DAM,COM,41,buy,56.394614,156.17,-8807.14686838,DAM_COM_41
Reverse revision,DAM,RESI,41,buy,225.50887,156.17,-35217.7202279,DAM_RESI_41
Reverse revision,DAM,W_C,41,sell,0.12608629,156.17,19.690895909299996,DAM_W_C_41
Reverse revision,DAM,W_A,41,sell,0.42028763,156.17,65.63631917709999,DAM_W_A_41
Reverse revision,DAM,DKL_ICE_H,41,sell,36.75,156.17,5739.2474999999995,DAM_DKL_ICE_H_FLEX_41
Reverse revision,DAM,VAS_ST_H,41,sell,136.5,156.17,21317.204999999998,DAM_VAS_ST_H_FLEX_41
Reverse revision,DAM,VAS_CCGT_D,41,sell,108.03218,156.17,16871.385550599996,DAM_VAS_CCGT_D_FLEX_41
Reverse revision,DAM,IND,42,buy,74.175077,156.17,-11583.921775089999,DAM_IND_42
Reverse revision,DAM,COM,42,buy,52.309453,156.17,-8169.167275009999,DAM_COM_42
Reverse revision,DAM,RESI,42,buy,229.59403,156.17,-35855.6996651,DAM_RESI_42
Reverse revision,DAM,W_C,42,sell,0.12608629,156.17,19.690895909299996,DAM_W_C_42
Reverse revision,DAM,W_A,42,sell,0.42028763,156.17,65.63631917709999,DAM_W_A_42
Reverse revision,DAM,DKL_ICE_H,42,sell,36.75,156.17,5739.2474999999995,DAM_DKL_ICE_H_FLEX_42
Reverse revision,DAM,VAS_ST_H,42,sell,136.5,156.17,21317.204999999998,DAM_VAS_ST_H_FLEX_42
Reverse revision,DAM,VAS_CCGT_D,42,sell,108.03218,156.17,16871.385550599996,DAM_VAS_CCGT_D_FLEX_42
Reverse revision,DAM,IND,43,buy,74.095882,156.17,-11571.553891939999,DAM_IND_43
Reverse revision,DAM,COM,43,buy,47.897088,156.17,-7480.088232959999,DAM_COM_43
Reverse revision,DAM,RESI,43,buy,223.32102,156.17,-34876.043693399995,DAM_RESI_43
Reverse revision,DAM,W_C,43,sell,0.16568362,156.17,25.8748109354,DAM_W_C_43
Reverse revision,DAM,W_A,43,sell,0.55227874,156.17,86.24937082579999,DAM_W_A_43
Reverse revision,DAM,DKL_ICE_H,43,sell,36.75,156.17,5739.2474999999995,DAM_DKL_ICE_H_FLEX_43
Reverse revision,DAM,VAS_ST_H,43,sell,136.5,156.17,21317.204999999998,DAM_VAS_ST_H_FLEX_43
Reverse revision,DAM,VAS_CCGT_D,43,sell,97.096029,156.17,15163.486848929999,DAM_VAS_CCGT_D_FLEX_43
Reverse revision,DAM,IND,44,buy,74.095882,156.17,-11571.553891939999,DAM_IND_44
Reverse revision,DAM,COM,44,buy,46.812482,156.17,-7310.7053139399995,DAM_COM_44
Reverse revision,DAM,RESI,44,buy,224.40563,156.17,-35045.4272371,DAM_RESI_44
Reverse revision,DAM,W_C,44,sell,0.16568362,156.17,25.8748109354,DAM_W_C_44
Reverse revision,DAM,W_A,44,sell,0.55227874,156.17,86.24937082579999,DAM_W_A_44
Reverse revision,DAM,DKL_ICE_H,44,sell,36.75,156.17,5739.2474999999995,DAM_DKL_ICE_H_FLEX_44
Reverse revision,DAM,VAS_ST_H,44,sell,136.5,156.17,21317.204999999998,DAM_VAS_ST_H_FLEX_44
Reverse revision,DAM,VAS_CCGT_D,44,sell,97.096029,156.17,15163.486848929999,DAM_VAS_CCGT_D_FLEX_44
Reverse revision,DAM,IND,45,buy,74.059758,156.17,-11565.91240686,DAM_IND_45
Reverse revision,DAM,COM,45,buy,42.955776,156.17,-6708.4035379199995,DAM_COM_45
Reverse revision,DAM,RESI,45,buy,205.2701,156.17,-32057.031517,DAM_RESI_45
Reverse revision,DAM,W_C,45,sell,0.18374558,156.17,28.695547228599995,DAM_W_C_45
Reverse revision,DAM,W_A,45,sell,0.61248526,156.17,95.6518230542,DAM_W_A_45
Reverse revision,DAM,DKL_ICE_H,45,sell,36.75,156.17,5739.2474999999995,DAM_DKL_ICE_H_FLEX_45
Reverse revision,DAM,VAS_ST_H,45,sell,136.5,156.17,21317.204999999998,DAM_VAS_ST_H_FLEX_45
Reverse revision,DAM,VAS_CCGT_D,45,sell,73.9894,156.17,11554.924598,DAM_VAS_CCGT_D_FLEX_45
Reverse revision,DAM,IND,46,buy,74.059758,156.17,-11565.91240686,DAM_IND_46
Reverse revision,DAM,COM,46,buy,44.041994,156.17,-6878.03820298,DAM_COM_46
Reverse revision,DAM,RESI,46,buy,204.18388,156.17,-31887.396539599995,DAM_RESI_46
Reverse revision,DAM,W_C,46,sell,0.18374558,156.17,28.695547228599995,DAM_W_C_46
Reverse revision,DAM,W_A,46,sell,0.61248526,156.17,95.6518230542,DAM_W_A_46
Reverse revision,DAM,DKL_ICE_H,46,sell,36.75,156.17,5739.2474999999995,DAM_DKL_ICE_H_FLEX_46
Reverse revision,DAM,VAS_ST_H,46,sell,136.5,156.17,21317.204999999998,DAM_VAS_ST_H_FLEX_46
Reverse revision,DAM,VAS_CCGT_D,46,sell,73.9894,156.17,11554.924598,DAM_VAS_CCGT_D_FLEX_46
Reverse revision,DAM,IND,47,buy,74.069484,156.17,-11567.431316279999,DAM_IND_47
Reverse revision,DAM,COM,47,buy,40.540615,156.17,-6331.22784455,DAM_COM_47
Reverse revision,DAM,RESI,47,buy,178.34921,156.17,-27852.7961257,DAM_RESI_47
Reverse revision,DAM,W_C,47,sell,0.17888274,156.17,27.9361175058,DAM_W_C_47
Reverse revision,DAM,W_A,47,sell,0.59627579,156.17,93.12039012429999,DAM_W_A_47
Reverse revision,DAM,DKL_ICE_H,47,sell,36.75,156.17,5739.2474999999995,DAM_DKL_ICE_H_FLEX_47
Reverse revision,DAM,VAS_ST_H,47,sell,136.5,156.17,21317.204999999998,DAM_VAS_ST_H_FLEX_47
Reverse revision,DAM,VAS_CCGT_D,47,sell,44.684149,156.17,6978.323549329999,DAM_VAS_CCGT_D_FLEX_47
Reverse revision,DAM,IND,48,buy,74.069484,156.17,-11567.431316279999,DAM_IND_48
Reverse revision,DAM,COM,48,buy,42.855348,156.17,-6692.71969716,DAM_COM_48
Reverse revision,DAM,RESI,48,buy,176.03448,156.17,-27491.304741599997,DAM_RESI_48
Reverse revision,DAM,W_C,48,sell,0.17888274,156.17,27.9361175058,DAM_W_C_48
Reverse revision,DAM,W_A,48,sell,0.5962758,156.17,93.12039168599999,DAM_W_A_48
Reverse revision,DAM,DKL_ICE_H,48,sell,36.75,156.17,5739.2474999999995,DAM_DKL_ICE_H_FLEX_48
Reverse revision,DAM,VAS_ST_H,48,sell,136.5,156.17,21317.204999999998,DAM_VAS_ST_H_FLEX_48
Reverse revision,DAM,VAS_CCGT_D,48,sell,44.684149,156.17,6978.323549329999,DAM_VAS_CCGT_D_FLEX_48
Reverse revision,DAM,DKL_ICE_H,1,sell,15.75,156.17,2459.6775,DAM_BLOCK_DKL_ICE_H_1
Reverse revision,DAM,DKL_ICE_H,2,sell,15.75,156.17,2459.6775,DAM_BLOCK_DKL_ICE_H_1
Reverse revision,DAM,DKL_ICE_H,3,sell,15.75,156.17,2459.6775,DAM_BLOCK_DKL_ICE_H_1
Reverse revision,DAM,DKL_ICE_H,4,sell,15.75,156.17,2459.6775,DAM_BLOCK_DKL_ICE_H_1
Reverse revision,DAM,DKL_ICE_H,5,sell,15.75,156.17,2459.6775,DAM_BLOCK_DKL_ICE_H_1
Reverse revision,DAM,DKL_ICE_H,6,sell,15.75,156.17,2459.6775,DAM_BLOCK_DKL_ICE_H_1
Reverse revision,DAM,DKL_ICE_H,7,sell,15.75,130.24,2051.28,DAM_BLOCK_DKL_ICE_H_1
Reverse revision,DAM,DKL_ICE_H,8,sell,15.75,130.24,2051.28,DAM_BLOCK_DKL_ICE_H_1
Reverse revision,DAM,DKL_ICE_H,9,sell,15.75,130.24,2051.28,DAM_BLOCK_DKL_ICE_H_1
Reverse revision,DAM,DKL_ICE_H,10,sell,15.75,130.24,2051.28,DAM_BLOCK_DKL_ICE_H_1
Reverse revision,DAM,DKL_ICE_H,11,sell,15.75,130.24,2051.28,DAM_BLOCK_DKL_ICE_H_1
Reverse revision,DAM,DKL_ICE_H,12,sell,15.75,130.24,2051.28,DAM_BLOCK_DKL_ICE_H_1
Reverse revision,DAM,DKL_ICE_H,13,sell,15.75,156.17,2459.6775,DAM_BLOCK_DKL_ICE_H_13
Reverse revision,DAM,DKL_ICE_H,14,sell,15.75,156.17,2459.6775,DAM_BLOCK_DKL_ICE_H_13
Reverse revision,DAM,DKL_ICE_H,15,sell,15.75,156.17,2459.6775,DAM_BLOCK_DKL_ICE_H_13
Reverse revision,DAM,DKL_ICE_H,16,sell,15.75,156.17,2459.6775,DAM_BLOCK_DKL_ICE_H_13
Reverse revision,DAM,DKL_ICE_H,17,sell,15.75,130.24,2051.28,DAM_BLOCK_DKL_ICE_H_13
Reverse revision,DAM,DKL_ICE_H,18,sell,15.75,130.24,2051.28,DAM_BLOCK_DKL_ICE_H_13
Reverse revision,DAM,DKL_ICE_H,19,sell,15.75,130.24,2051.28,DAM_BLOCK_DKL_ICE_H_13
Reverse revision,DAM,DKL_ICE_H,20,sell,15.75,130.24,2051.28,DAM_BLOCK_DKL_ICE_H_13
Reverse revision,DAM,DKL_ICE_H,21,sell,15.75,130.24,2051.28,DAM_BLOCK_DKL_ICE_H_13
Reverse revision,DAM,DKL_ICE_H,22,sell,15.75,130.24,2051.28,DAM_BLOCK_DKL_ICE_H_13
Reverse revision,DAM,DKL_ICE_H,23,sell,15.75,125.3,1973.475,DAM_BLOCK_DKL_ICE_H_13
Reverse revision,DAM,DKL_ICE_H,24,sell,15.75,125.3,1973.475,DAM_BLOCK_DKL_ICE_H_13
Reverse revision,DAM,DKL_ICE_H,25,sell,15.75,130.24,2051.28,DAM_BLOCK_DKL_ICE_H_25
Reverse revision,DAM,DKL_ICE_H,26,sell,15.75,130.24,2051.28,DAM_BLOCK_DKL_ICE_H_25
Reverse revision,DAM,DKL_ICE_H,27,sell,15.75,130.24,2051.28,DAM_BLOCK_DKL_ICE_H_25
Reverse revision,DAM,DKL_ICE_H,28,sell,15.75,130.24,2051.28,DAM_BLOCK_DKL_ICE_H_25
Reverse revision,DAM,DKL_ICE_H,29,sell,15.75,130.24,2051.28,DAM_BLOCK_DKL_ICE_H_25
Reverse revision,DAM,DKL_ICE_H,30,sell,15.75,130.24,2051.28,DAM_BLOCK_DKL_ICE_H_25
Reverse revision,DAM,DKL_ICE_H,31,sell,15.75,130.24,2051.28,DAM_BLOCK_DKL_ICE_H_25
Reverse revision,DAM,DKL_ICE_H,32,sell,15.75,130.24,2051.28,DAM_BLOCK_DKL_ICE_H_25
Reverse revision,DAM,DKL_ICE_H,33,sell,15.75,156.17,2459.6775,DAM_BLOCK_DKL_ICE_H_25
Reverse revision,DAM,DKL_ICE_H,34,sell,15.75,156.17,2459.6775,DAM_BLOCK_DKL_ICE_H_25
Reverse revision,DAM,DKL_ICE_H,35,sell,15.75,156.17,2459.6775,DAM_BLOCK_DKL_ICE_H_25
Reverse revision,DAM,DKL_ICE_H,36,sell,15.75,156.17,2459.6775,DAM_BLOCK_DKL_ICE_H_25
Reverse revision,DAM,DKL_ICE_H,37,sell,15.75,156.17,2459.6775,DAM_BLOCK_DKL_ICE_H_37
Reverse revision,DAM,DKL_ICE_H,38,sell,15.75,156.17,2459.6775,DAM_BLOCK_DKL_ICE_H_37
Reverse revision,DAM,DKL_ICE_H,39,sell,15.75,156.17,2459.6775,DAM_BLOCK_DKL_ICE_H_37
Reverse revision,DAM,DKL_ICE_H,40,sell,15.75,156.17,2459.6775,DAM_BLOCK_DKL_ICE_H_37
Reverse revision,DAM,DKL_ICE_H,41,sell,15.75,156.17,2459.6775,DAM_BLOCK_DKL_ICE_H_37
Reverse revision,DAM,DKL_ICE_H,42,sell,15.75,156.17,2459.6775,DAM_BLOCK_DKL_ICE_H_37
Reverse revision,DAM,DKL_ICE_H,43,sell,15.75,156.17,2459.6775,DAM_BLOCK_DKL_ICE_H_37
Reverse revision,DAM,DKL_ICE_H,44,sell,15.75,156.17,2459.6775,DAM_BLOCK_DKL_ICE_H_37
Reverse revision,DAM,DKL_ICE_H,45,sell,15.75,156.17,2459.6775,DAM_BLOCK_DKL_ICE_H_37
Reverse revision,DAM,DKL_ICE_H,46,sell,15.75,156.17,2459.6775,DAM_BLOCK_DKL_ICE_H_37
Reverse revision,DAM,DKL_ICE_H,47,sell,15.75,156.17,2459.6775,DAM_BLOCK_DKL_ICE_H_37
Reverse revision,DAM,DKL_ICE_H,48,sell,15.75,156.17,2459.6775,DAM_BLOCK_DKL_ICE_H_37
Reverse revision,DAM,VAS_ST_H,1,sell,58.5,156.17,9135.945,DAM_BLOCK_VAS_ST_H_1
Reverse revision,DAM,VAS_ST_H,2,sell,58.5,156.17,9135.945,DAM_BLOCK_VAS_ST_H_1
Reverse revision,DAM,VAS_ST_H,3,sell,58.5,156.17,9135.945,DAM_BLOCK_VAS_ST_H_1
Reverse revision,DAM,VAS_ST_H,4,sell,58.5,156.17,9135.945,DAM_BLOCK_VAS_ST_H_1
Reverse revision,DAM,VAS_ST_H,5,sell,58.5,156.17,9135.945,DAM_BLOCK_VAS_ST_H_1
Reverse revision,DAM,VAS_ST_H,6,sell,58.5,156.17,9135.945,DAM_BLOCK_VAS_ST_H_1
Reverse revision,DAM,VAS_ST_H,7,sell,58.5,130.24,7619.040000000001,DAM_BLOCK_VAS_ST_H_1
Reverse revision,DAM,VAS_ST_H,8,sell,58.5,130.24,7619.040000000001,DAM_BLOCK_VAS_ST_H_1
Reverse revision,DAM,VAS_ST_H,9,sell,58.5,130.24,7619.040000000001,DAM_BLOCK_VAS_ST_H_1
Reverse revision,DAM,VAS_ST_H,10,sell,58.5,130.24,7619.040000000001,DAM_BLOCK_VAS_ST_H_1
Reverse revision,DAM,VAS_ST_H,11,sell,58.5,130.24,7619.040000000001,DAM_BLOCK_VAS_ST_H_1
Reverse revision,DAM,VAS_ST_H,12,sell,58.5,130.24,7619.040000000001,DAM_BLOCK_VAS_ST_H_1
Reverse revision,DAM,VAS_ST_H,37,sell,58.5,156.17,9135.945,DAM_BLOCK_VAS_ST_H_37
Reverse revision,DAM,VAS_ST_H,38,sell,58.5,156.17,9135.945,DAM_BLOCK_VAS_ST_H_37
Reverse revision,DAM,VAS_ST_H,39,sell,58.5,156.17,9135.945,DAM_BLOCK_VAS_ST_H_37
Reverse revision,DAM,VAS_ST_H,40,sell,58.5,156.17,9135.945,DAM_BLOCK_VAS_ST_H_37
Reverse revision,DAM,VAS_ST_H,41,sell,58.5,156.17,9135.945,DAM_BLOCK_VAS_ST_H_37
Reverse revision,DAM,VAS_ST_H,42,sell,58.5,156.17,9135.945,DAM_BLOCK_VAS_ST_H_37
Reverse revision,DAM,VAS_ST_H,43,sell,58.5,156.17,9135.945,DAM_BLOCK_VAS_ST_H_37
Reverse revision,DAM,VAS_ST_H,44,sell,58.5,156.17,9135.945,DAM_BLOCK_VAS_ST_H_37
Reverse revision,DAM,VAS_ST_H,45,sell,58.5,156.17,9135.945,DAM_BLOCK_VAS_ST_H_37
Reverse revision,DAM,VAS_ST_H,46,sell,58.5,156.17,9135.945,DAM_BLOCK_VAS_ST_H_37
Reverse revision,DAM,VAS_ST_H,47,sell,58.5,156.17,9135.945,DAM_BLOCK_VAS_ST_H_37
Reverse revision,DAM,VAS_ST_H,48,sell,58.5,156.17,9135.945,DAM_BLOCK_VAS_ST_H_37
Reverse revision,IDA1,IND,1,buy,3.2301405,171.787,-554.8961460735001,IDA1_IND_1
Reverse revision,IDA1,COM,1,buy,2.6285856,171.787,-451.5568344672,IDA1_COM_1
Reverse revision,IDA1,RESI,1,buy,6.0880575,171.787,-1045.8491337525,IDA1_RESI_1
Reverse revision,IDA1,DKL_ST_H,1,sell,11.946784,171.787,2052.302183008,IDA1_DKL_ST_H_UP_1
Reverse revision,IDA1,IND,2,buy,3.2301405,171.787,-554.8961460735001,IDA1_IND_2
Reverse revision,IDA1,COM,2,buy,2.6375991,171.787,-453.1052365917,IDA1_COM_2
Reverse revision,IDA1,RESI,2,buy,6.079048,171.787,-1044.301418776,IDA1_RESI_2
Reverse revision,IDA1,DKL_ST_H,2,sell,11.946788,171.787,2052.302870156,IDA1_DKL_ST_H_UP_2
Reverse revision,IDA1,IND,3,buy,9.1600625,171.787,-1573.5796566875001,IDA1_IND_3
Reverse revision,IDA1,COM,3,buy,7.2784132,171.787,-1250.3367683884,IDA1_COM_3
Reverse revision,IDA1,RESI,3,buy,16.646218,171.787,-2859.6038515660002,IDA1_RESI_3
Reverse revision,IDA1,DKL_ST_H,3,sell,33.084694,171.787,5683.520328178,IDA1_DKL_ST_H_UP_3
Reverse revision,IDA1,IND,4,buy,9.1600625,171.787,-1573.5796566875001,IDA1_IND_4
Reverse revision,IDA1,COM,4,buy,7.3383466,171.787,-1260.6325473742002,IDA1_COM_4
Reverse revision,IDA1,RESI,4,buy,16.586284,171.787,-2849.307969508,IDA1_RESI_4
Reverse revision,IDA1,DKL_ST_H,4,sell,33.084693,171.787,5683.5201563910005,IDA1_DKL_ST_H_UP_4
Reverse revision,IDA1,IND,5,buy,10.003109,171.787,-1718.404085783,IDA1_IND_5
Reverse revision,IDA1,COM,5,buy,7.4284127,171.787,-1276.1047324949,IDA1_COM_5
Reverse revision,IDA1,RESI,5,buy,16.496915,171.787,-2833.9555371050005,IDA1_RESI_5
Reverse revision,IDA1,DKL_ST_H,5,sell,33.928437,171.787,5828.464406919001,IDA1_DKL_ST_H_UP_5
Reverse revision,IDA1,IND,6,buy,10.003109,171.787,-1718.404085783,IDA1_IND_6
Reverse revision,IDA1,COM,6,buy,7.5595544,171.787,-1298.6331717128,IDA1_COM_6
Reverse revision,IDA1,RESI,6,buy,16.365768,171.787,-2811.426187416,IDA1_RESI_6
Reverse revision,IDA1,DKL_ST_H,6,sell,33.928432,171.787,5828.463547984001,IDA1_DKL_ST_H_UP_6
Reverse revision,IDA1,IND,7,buy,7.8122858,143.264,-1119.2193128512001,IDA1_IND_7
Reverse revision,IDA1,COM,7,buy,5.4151719,143.264,-775.7991870816,IDA1_COM_7
Reverse revision,IDA1,RESI,7,buy,11.311812,143.264,-1620.575434368,IDA1_RESI_7
Reverse revision,IDA1,DKL_ST_H,7,sell,24.539269,143.264,3515.5938340160005,IDA1_DKL_ST_H_UP_7
Reverse revision,IDA1,IND,8,buy,7.8122858,143.264,-1119.2193128512001,IDA1_IND_8
Reverse revision,IDA1,COM,8,buy,5.594002,143.264,-801.419102528,IDA1_COM_8
Reverse revision,IDA1,RESI,8,buy,11.132986,143.264,-1594.9561063040003,IDA1_RESI_8
Reverse revision,IDA1,DKL_ST_H,8,sell,24.539274,143.264,3515.594550336,IDA1_DKL_ST_H_UP_8
Reverse revision,IDA1,IND,9,buy,5.073183,143.264,-726.8044893120001,IDA1_IND_9
Reverse revision,IDA1,COM,9,buy,3.5304853,143.264,-505.79144601920007,IDA1_COM_9
Reverse revision,IDA1,RESI,9,buy,6.5956549,143.264,-944.9199035936001,IDA1_RESI_9
Reverse revision,IDA1,VAS_GT_D,9,sell,15.199323,143.264,2177.515810272,IDA1_VAS_GT_D_UP_9
Reverse revision,IDA1,IND,10,buy,5.073183,143.264,-726.8044893120001,IDA1_IND_10
Reverse revision,IDA1,COM,10,buy,3.7152678,143.264,-532.2641260992,IDA1_COM_10
Reverse revision,IDA1,RESI,10,buy,6.4108724,143.264,-918.4472235136,IDA1_RESI_10
Reverse revision,IDA1,DKL_ST_H,10,sell,15.199323,143.264,2177.515810272,IDA1_DKL_ST_H_UP_10
Reverse revision,IDA1,IND,11,buy,1.8644677,143.264,-267.1111005728,IDA1_IND_11
Reverse revision,IDA1,COM,11,buy,1.4374857,143.264,-205.93995132480003,IDA1_COM_11
Reverse revision,IDA1,RESI,11,buy,2.2537688,143.264,-322.8839333632,IDA1_RESI_11
Reverse revision,IDA1,VAS_ST_H,11,sell,5.5557223,143.264,795.9349995872001,IDA1_VAS_ST_H_UP_11
Reverse revision,IDA1,IND,12,buy,1.8644677,143.264,-267.1111005728,IDA1_IND_12
Reverse revision,IDA1,COM,12,buy,1.5360878,143.264,-220.0660825792,IDA1_COM_12
Reverse revision,IDA1,RESI,12,buy,2.1551668,143.264,-308.7578164352,IDA1_RESI_12
Reverse revision,IDA1,VAS_GT_D,12,sell,5.5557223,143.264,795.9349995872001,IDA1_VAS_GT_D_UP_12
Reverse revision,IDA1,IND,13,sell,4.2346325,156.17,661.322557525,IDA1_IND_13
Reverse revision,IDA1,COM,13,sell,3.9022585,156.17,609.4157099449999,IDA1_COM_13
Reverse revision,IDA1,RESI,13,sell,4.8372619,156.17,755.4351909229999,IDA1_RESI_13
Reverse revision,IDA1,W_C,13,buy,1.5398967,156.17,-240.48566763899996,IDA1_W_C_13
Reverse revision,IDA1,W_A,13,buy,1.5398967,156.17,-240.48566763899996,IDA1_W_A_13
Reverse revision,IDA1,VAS_CCGT_D,13,buy,9.8943594,156.17,-1545.202107498,IDA1_VAS_CCGT_D_BUYBACK_13
Reverse revision,IDA1,IND,14,sell,4.2346325,156.17,661.322557525,IDA1_IND_14
Reverse revision,IDA1,COM,14,sell,4.1913623,156.17,654.5650503909999,IDA1_COM_14
Reverse revision,IDA1,RESI,14,sell,4.5481581,156.17,710.2858504769999,IDA1_RESI_14
Reverse revision,IDA1,W_C,14,buy,1.5398967,156.17,-240.48566763899996,IDA1_W_C_14
Reverse revision,IDA1,W_A,14,buy,1.5398967,156.17,-240.48566763899996,IDA1_W_A_14
Reverse revision,IDA1,VAS_CCGT_D,14,buy,9.8943594,156.17,-1545.202107498,IDA1_VAS_CCGT_D_BUYBACK_14
Reverse revision,IDA1,IND,15,sell,12.545684,140.553,1763.3335232519998,IDA1_IND_15
Reverse revision,IDA1,RESI,15,sell,9.5387165,140.553,1340.6952202245,IDA1_RESI_15
Reverse revision,IDA1,W_C,15,buy,1.1265561,140.553,-158.3408395233,IDA1_W_C_15
Reverse revision,IDA1,W_A,15,buy,1.1265561,140.553,-158.3408395233,IDA1_W_A_15
Reverse revision,IDA1,VAS_CCGT_D,15,buy,19.831288,140.553,-2787.347022264,IDA1_VAS_CCGT_D_BUYBACK_15
Reverse revision,IDA1,IND,16,sell,8.5989324,140.553,1208.6057456172,IDA1_IND_16
Reverse revision,IDA1,COM,16,sell,13.485468,140.553,1895.4229838039998,IDA1_COM_16
Reverse revision,IDA1,W_C,16,buy,1.1265561,140.553,-158.3408395233,IDA1_W_C_16
Reverse revision,IDA1,W_A,16,buy,1.1265561,140.553,-158.3408395233,IDA1_W_A_16
Reverse revision,IDA1,VAS_CCGT_D,16,buy,19.831288,140.553,-2787.347022264,IDA1_VAS_CCGT_D_BUYBACK_16
Reverse revision,IDA1,IND,17,sell,18.307633,130.24,2384.3861219200003,IDA1_IND_17
Reverse revision,IDA1,COM,17,sell,18.729091,130.24,2439.2768118400004,IDA1_COM_17
Reverse revision,IDA1,RESI,17,sell,13.432546,130.24,1749.4547910400001,IDA1_RESI_17
Reverse revision,IDA1,PV_C,17,sell,2.0145669,130.24,262.37719305600007,IDA1_PV_C_17
Reverse revision,IDA1,PV_A,17,sell,2.0145667,130.24,262.377167008,IDA1_PV_A_17
Reverse revision,IDA1,W_C,17,buy,0.76994837,130.24,-100.27807570880002,IDA1_W_C_17
Reverse revision,IDA1,W_A,17,buy,0.76994837,130.24,-100.27807570880002,IDA1_W_A_17
Reverse revision,IDA1,VAS_ST_H,17,buy,52.958506,130.24,-6897.31582144,IDA1_VAS_ST_H_BUYBACK_17
Reverse revision,IDA1,IND,18,sell,18.307633,130.24,2384.3861219200003,IDA1_IND_18
Reverse revision,IDA1,COM,18,sell,19.733781,130.24,2570.1276374400004,IDA1_COM_18
Reverse revision,IDA1,RESI,18,sell,12.427854,130.24,1618.6037049600002,IDA1_RESI_18
Reverse revision,IDA1,PV_C,18,sell,2.0145669,130.24,262.37719305600007,IDA1_PV_C_18
Reverse revision,IDA1,PV_A,18,sell,2.0145667,130.24,262.377167008,IDA1_PV_A_18
Reverse revision,IDA1,W_C,18,buy,0.76994837,130.24,-100.27807570880002,IDA1_W_C_18
Reverse revision,IDA1,W_A,18,buy,0.76994837,130.24,-100.27807570880002,IDA1_W_A_18
Reverse revision,IDA1,VAS_ST_H,18,buy,52.958505,130.24,-6897.3156912,IDA1_VAS_ST_H_BUYBACK_18
Reverse revision,IDA1,IND,19,sell,24.293033,125.3,3043.9170349,IDA1_IND_19
Reverse revision,IDA1,COM,19,sell,20.342526,125.3,2548.9185078,IDA1_COM_19
Reverse revision,IDA1,RESI,19,sell,11.357441,125.3,1423.0873573,IDA1_RESI_19
Reverse revision,IDA1,PV_C,19,sell,2.4106644,125.3,302.05624932,IDA1_PV_C_19
Reverse revision,IDA1,PV_A,19,sell,2.410664,125.3,302.05619920000004,IDA1_PV_A_19
Reverse revision,IDA1,W_C,19,buy,0.70742626,125.3,-88.64051037799999,IDA1_W_C_19
Reverse revision,IDA1,W_A,19,buy,0.70742626,125.3,-88.64051037799999,IDA1_W_A_19
Reverse revision,IDA1,DKL_ICE_H,19,buy,24.402696,125.3,-3057.6578087999997,IDA1_DKL_ICE_H_BUYBACK_19
Reverse revision,IDA1,VAS_ST_H,19,buy,34.996779,125.3,-4385.096408699999,IDA1_VAS_ST_H_BUYBACK_19
Reverse revision,IDA1,IND,20,sell,24.293033,125.3,3043.9170349,IDA1_IND_20
Reverse revision,IDA1,COM,20,sell,21.118465,125.3,2646.1436645,IDA1_COM_20
Reverse revision,IDA1,RESI,20,sell,10.581501,125.3,1325.8620752999998,IDA1_RESI_20
Reverse revision,IDA1,PV_C,20,sell,2.4106644,125.3,302.05624932,IDA1_PV_C_20
Reverse revision,IDA1,PV_A,20,sell,2.410664,125.3,302.05619920000004,IDA1_PV_A_20
Reverse revision,IDA1,W_C,20,buy,0.70742626,125.3,-88.64051037799999,IDA1_W_C_20
Reverse revision,IDA1,W_A,20,buy,0.70742626,125.3,-88.64051037799999,IDA1_W_A_20
Reverse revision,IDA1,DKL_ICE_H,20,buy,24.402696,125.3,-3057.6578087999997,IDA1_DKL_ICE_H_BUYBACK_20
Reverse revision,IDA1,VAS_ST_H,20,buy,34.996779,125.3,-4385.096408699999,IDA1_VAS_ST_H_BUYBACK_20
Reverse revision,IDA1,IND,21,sell,14.703423,125.3,1842.3389019,IDA1_IND_21
Reverse revision,IDA1,COM,21,sell,12.190752,125.3,1527.5012256,IDA1_COM_21
Reverse revision,IDA1,RESI,21,sell,5.5628325,125.3,697.02291225,IDA1_RESI_21
Reverse revision,IDA1,PV_C,21,sell,3.3269047,125.3,416.86115891,IDA1_PV_C_21
Reverse revision,IDA1,PV_A,21,sell,3.3269048,125.3,416.86117143999996,IDA1_PV_A_21
Reverse revision,IDA1,W_C,21,buy,0.38902653,125.3,-48.74502420899999,IDA1_W_C_21
Reverse revision,IDA1,W_A,21,buy,0.38902653,125.3,-48.74502420899999,IDA1_W_A_21
Reverse revision,IDA1,DKL_ICE_H,21,buy,30.0958,125.3,-3771.00374,IDA1_DKL_ICE_H_BUYBACK_21
Reverse revision,IDA1,VAS_ST_H,21,buy,8.2369641,125.3,-1032.0916017299999,IDA1_VAS_ST_H_BUYBACK_21
Reverse revision,IDA1,IND,22,sell,14.703423,125.3,1842.3389019,IDA1_IND_22
Reverse revision,IDA1,COM,22,sell,12.479027,125.3,1563.6220831,IDA1_COM_22
Reverse revision,IDA1,RESI,22,sell,5.2745569,125.3,660.90197957,IDA1_RESI_22
Reverse revision,IDA1,PV_C,22,sell,3.3269047,125.3,416.86115891,IDA1_PV_C_22
Reverse revision,IDA1,PV_A,22,sell,3.3269048,125.3,416.86117143999996,IDA1_PV_A_22
Reverse revision,IDA1,W_C,22,buy,0.38902653,125.3,-48.74502420899999,IDA1_W_C_22
Reverse revision,IDA1,W_A,22,buy,0.38902653,125.3,-48.74502420899999,IDA1_W_A_22
Reverse revision,IDA1,DKL_ICE_H,22,buy,30.0958,125.3,-3771.00374,IDA1_DKL_ICE_H_BUYBACK_22
Reverse revision,IDA1,VAS_ST_H,22,buy,8.2369641,125.3,-1032.0916017299999,IDA1_VAS_ST_H_BUYBACK_22
Reverse revision,IDA1,IND,23,sell,7.0033419,125.3,877.5187400699999,IDA1_IND_23
Reverse revision,IDA1,COM,23,sell,5.9323881,125.3,743.3282289299999,IDA1_COM_23
Reverse revision,IDA1,RESI,23,sell,2.3676208,125.3,296.66288624,IDA1_RESI_23
Reverse revision,IDA1,PV_C,23,sell,4.6884173,125.3,587.45868769,IDA1_PV_C_23
Reverse revision,IDA1,PV_A,23,sell,4.6884169,125.3,587.45863757,IDA1_PV_A_23
Reverse revision,IDA1,W_C,23,buy,0.20609143,125.3,-25.823256178999998,IDA1_W_C_23
Reverse revision,IDA1,W_A,23,buy,0.20609143,125.3,-25.823256178999998,IDA1_W_A_23
Reverse revision,IDA1,DKL_ICE_H,23,buy,24.268002,125.3,-3040.7806505999997,IDA1_DKL_ICE_H_BUYBACK_23
Reverse revision,IDA1,IND,24,sell,7.0033419,125.3,877.5187400699999,IDA1_IND_24
Reverse revision,IDA1,COM,24,sell,5.992626,125.3,750.8760378,IDA1_COM_24
Reverse revision,IDA1,RESI,24,sell,2.3073839,125.3,289.11520267,IDA1_RESI_24
Reverse revision,IDA1,PV_C,24,sell,4.6884173,125.3,587.45868769,IDA1_PV_C_24
Reverse revision,IDA1,PV_A,24,sell,4.6884169,125.3,587.45863757,IDA1_PV_A_24
Reverse revision,IDA1,W_C,24,buy,0.20609143,125.3,-25.823256178999998,IDA1_W_C_24
Reverse revision,IDA1,W_A,24,buy,0.20609143,125.3,-25.823256178999998,IDA1_W_A_24
Reverse revision,IDA1,DKL_ICE_H,24,buy,24.268003,125.3,-3040.7807758999998,IDA1_DKL_ICE_H_BUYBACK_24
Reverse revision,IDA1,IND,25,sell,3.520401,125.3,441.1062453,IDA1_IND_25
Reverse revision,IDA1,COM,25,sell,3.1942489,125.3,400.23938717,IDA1_COM_25
Reverse revision,IDA1,RESI,25,sell,1.2152443,125.3,152.27011079,IDA1_RESI_25
Reverse revision,IDA1,PV_C,25,sell,5.8267549,125.3,730.09238897,IDA1_PV_C_25
Reverse revision,IDA1,PV_A,25,sell,5.8267551,125.3,730.09241403,IDA1_PV_A_25
Reverse revision,IDA1,W_C,25,buy,0.23156342,125.3,-29.014896525999998,IDA1_W_C_25
Reverse revision,IDA1,W_A,25,buy,0.23156342,125.3,-29.014896525999998,IDA1_W_A_25
Reverse revision,IDA1,DKL_ICE_H,25,buy,13.773718,125.3,-1725.8468654,IDA1_DKL_ICE_H_BUYBACK_25
Reverse revision,IDA1,VAS_ST_H,25,buy,5.3465594,125.3,-669.92389282,IDA1_VAS_ST_H_BUYBACK_25
Reverse revision,IDA1,IND,26,sell,3.520401,125.3,441.1062453,IDA1_IND_26
Reverse revision,IDA1,COM,26,sell,3.1817108,125.3,398.66836323999996,IDA1_COM_26
Reverse revision,IDA1,RESI,26,sell,1.2277833,125.3,153.84124749,IDA1_RESI_26
Reverse revision,IDA1,PV_C,26,sell,5.8267549,125.3,730.09238897,IDA1_PV_C_26
Reverse revision,IDA1,PV_A,26,sell,5.8267551,125.3,730.09241403,IDA1_PV_A_26
Reverse revision,IDA1,W_C,26,buy,0.23156342,125.3,-29.014896525999998,IDA1_W_C_26
Reverse revision,IDA1,W_A,26,buy,0.23156342,125.3,-29.014896525999998,IDA1_W_A_26
Reverse revision,IDA1,DKL_ICE_H,26,buy,13.773719,125.3,-1725.8469906999999,IDA1_DKL_ICE_H_BUYBACK_26
Reverse revision,IDA1,VAS_ST_H,26,buy,5.3465594,125.3,-669.92389282,IDA1_VAS_ST_H_BUYBACK_26
Reverse revision,IDA1,IND,27,sell,8.0087741,125.3,1003.49939473,IDA1_IND_27
Reverse revision,IDA1,COM,27,sell,7.2157382,125.3,904.13199646,IDA1_COM_27
Reverse revision,IDA1,RESI,27,sell,2.904952,125.3,363.9904856,IDA1_RESI_27
Reverse revision,IDA1,PV_C,27,sell,8.7837967,125.3,1100.60972651,IDA1_PV_C_27
Reverse revision,IDA1,PV_A,27,sell,8.7837971,125.3,1100.60977663,IDA1_PV_A_27
Reverse revision,IDA1,W_C,27,buy,0.15862095,125.3,-19.875205035,IDA1_W_C_27
Reverse revision,IDA1,W_A,27,buy,0.15862095,125.3,-19.875205035,IDA1_W_A_27
Reverse revision,IDA1,DKL_ICE_H,27,buy,19.688874,125.3,-2467.0159121999995,IDA1_DKL_ICE_H_BUYBACK_27
Reverse revision,IDA1,VAS_ST_H,27,buy,15.690942,125.3,-1966.0750326,IDA1_VAS_ST_H_BUYBACK_27
Reverse revision,IDA1,IND,28,sell,8.0087741,125.3,1003.49939473,IDA1_IND_28
Reverse revision,IDA1,COM,28,sell,7.0648057,125.3,885.22015421,IDA1_COM_28
Reverse revision,IDA1,RESI,28,sell,3.0558845,125.3,382.90232785,IDA1_RESI_28
Reverse revision,IDA1,PV_C,28,sell,8.7837967,125.3,1100.60972651,IDA1_PV_C_28
Reverse revision,IDA1,PV_A,28,sell,8.7837971,125.3,1100.60977663,IDA1_PV_A_28
Reverse revision,IDA1,W_C,28,buy,0.15862095,125.3,-19.875205035,IDA1_W_C_28
Reverse revision,IDA1,W_A,28,buy,0.15862095,125.3,-19.875205035,IDA1_W_A_28
Reverse revision,IDA1,DKL_ICE_H,28,buy,19.688874,125.3,-2467.0159121999995,IDA1_DKL_ICE_H_BUYBACK_28
Reverse revision,IDA1,VAS_ST_H,28,buy,15.690942,125.3,-1966.0750326,IDA1_VAS_ST_H_BUYBACK_28
Reverse revision,IDA1,IND,29,sell,12.280164,125.3,1538.7045492,IDA1_IND_29
Reverse revision,IDA1,COM,29,sell,12.004261,125.3,1504.1339033,IDA1_COM_29
Reverse revision,IDA1,RESI,29,sell,5.7464575,125.3,720.03112475,IDA1_RESI_29
Reverse revision,IDA1,PV_C,29,sell,10.88162,125.3,1363.466986,IDA1_PV_C_29
Reverse revision,IDA1,PV_A,29,sell,10.88162,125.3,1363.466986,IDA1_PV_A_29
Reverse revision,IDA1,W_C,29,buy,0.18872421,125.3,-23.647143513,IDA1_W_C_29
Reverse revision,IDA1,W_A,29,buy,0.1887242,125.3,-23.64714226,IDA1_W_A_29
Reverse revision,IDA1,DKL_ICE_H,29,buy,1.2946027,125.3,-162.21371831,IDA1_DKL_ICE_H_BUYBACK_29
Reverse revision,IDA1,VAS_ST_H,29,buy,50.122071,125.3,-6280.295496299999,IDA1_VAS_ST_H_BUYBACK_29
Reverse revision,IDA1,IND,30,sell,12.280164,125.3,1538.7045492,IDA1_IND_30
Reverse revision,IDA1,COM,30,sell,11.48909,125.3,1439.5829769999998,IDA1_COM_30
Reverse revision,IDA1,RESI,30,sell,6.2616269,125.3,784.58185057,IDA1_RESI_30
Reverse revision,IDA1,PV_C,30,sell,10.88162,125.3,1363.466986,IDA1_PV_C_30
Reverse revision,IDA1,PV_A,30,sell,10.88162,125.3,1363.466986,IDA1_PV_A_30
Reverse revision,IDA1,W_C,30,buy,0.18872421,125.3,-23.647143513,IDA1_W_C_30
Reverse revision,IDA1,W_A,30,buy,0.1887242,125.3,-23.64714226,IDA1_W_A_30
Reverse revision,IDA1,DKL_ICE_H,30,buy,1.2946017,125.3,-162.21359301,IDA1_DKL_ICE_H_BUYBACK_30
Reverse revision,IDA1,VAS_ST_H,30,buy,50.122071,125.3,-6280.295496299999,IDA1_VAS_ST_H_BUYBACK_30
Reverse revision,IDA1,IND,31,sell,12.34232,130.24,1607.4637568000003,IDA1_IND_31
Reverse revision,IDA1,COM,31,sell,14.456672,130.24,1882.83696128,IDA1_COM_31
Reverse revision,IDA1,RESI,31,sell,9.203081,130.24,1198.60926944,IDA1_RESI_31
Reverse revision,IDA1,PV_C,31,sell,8.401955,130.24,1094.2706192,IDA1_PV_C_31
Reverse revision,IDA1,PV_A,31,sell,8.4019555,130.24,1094.27068432,IDA1_PV_A_31
Reverse revision,IDA1,W_C,31,buy,0.39018437,130.24,-50.817612348800004,IDA1_W_C_31
Reverse revision,IDA1,W_A,31,buy,0.39018437,130.24,-50.817612348800004,IDA1_W_A_31
Reverse revision,IDA1,VAS_ST_H,31,buy,52.025614,130.24,-6775.81596736,IDA1_VAS_ST_H_BUYBACK_31
Reverse revision,IDA1,IND,32,sell,12.34232,130.24,1607.4637568000003,IDA1_IND_32
Reverse revision,IDA1,COM,32,sell,13.444452,130.24,1751.00542848,IDA1_COM_32
Reverse revision,IDA1,RESI,32,sell,10.215302,130.24,1330.4409324800001,IDA1_RESI_32
Reverse revision,IDA1,PV_C,32,sell,8.4019551,130.24,1094.270632224,IDA1_PV_C_32
Reverse revision,IDA1,PV_A,32,sell,8.4019555,130.24,1094.27068432,IDA1_PV_A_32
Reverse revision,IDA1,W_C,32,buy,0.39018437,130.24,-50.817612348800004,IDA1_W_C_32
Reverse revision,IDA1,W_A,32,buy,0.39018437,130.24,-50.817612348800004,IDA1_W_A_32
Reverse revision,IDA1,VAS_ST_H,32,buy,52.025615,130.24,-6775.816097600001,IDA1_VAS_ST_H_BUYBACK_32
Reverse revision,IDA1,IND,33,sell,9.871823,156.17,1541.6825979099997,IDA1_IND_33
Reverse revision,IDA1,COM,33,sell,12.834061,156.17,2004.29530637,IDA1_COM_33
Reverse revision,IDA1,RESI,33,sell,11.834094,156.17,1848.1304599799998,IDA1_RESI_33
Reverse revision,IDA1,PV_C,33,sell,2.7834614,156.17,434.69316683799997,IDA1_PV_C_33
Reverse revision,IDA1,PV_A,33,sell,2.7834614,156.17,434.69316683799997,IDA1_PV_A_33
Reverse revision,IDA1,W_C,33,buy,0.15630531,156.17,-24.4102002627,IDA1_W_C_33
Reverse revision,IDA1,W_A,33,buy,0.15630534,156.17,-24.410204947799997,IDA1_W_A_33
Reverse revision,IDA1,VAS_CCGT_D,33,buy,39.79429,156.17,-6214.674269299999,IDA1_VAS_CCGT_D_BUYBACK_33
Reverse revision,IDA1,IND,34,sell,9.871823,156.17,1541.6825979099997,IDA1_IND_34
Reverse revision,IDA1,COM,34,sell,11.573207,156.17,1807.3877371899998,IDA1_COM_34
Reverse revision,IDA1,RESI,34,sell,13.094948,156.17,2045.03802916,IDA1_RESI_34
Reverse revision,IDA1,PV_C,34,sell,2.7834614,156.17,434.69316683799997,IDA1_PV_C_34
Reverse revision,IDA1,PV_A,34,sell,2.7834614,156.17,434.69316683799997,IDA1_PV_A_34
Reverse revision,IDA1,W_C,34,buy,0.15630531,156.17,-24.4102002627,IDA1_W_C_34
Reverse revision,IDA1,W_A,34,buy,0.15630534,156.17,-24.410204947799997,IDA1_W_A_34
Reverse revision,IDA1,VAS_CCGT_D,34,buy,39.79429,156.17,-6214.674269299999,IDA1_VAS_CCGT_D_BUYBACK_34
Reverse revision,IDA1,IND,35,sell,9.7063954,156.17,1515.8477696179998,IDA1_IND_35
Reverse revision,IDA1,COM,35,sell,12.923836,156.17,2018.3154681199999,IDA1_COM_35
Reverse revision,IDA1,RESI,35,sell,18.039716,156.17,2817.2624477199997,IDA1_RESI_35
Reverse revision,IDA1,W_C,35,buy,0.030103221,156.17,-4.7012200235699995,IDA1_W_C_35
Reverse revision,IDA1,W_A,35,buy,0.030103257,156.17,-4.70122564569,IDA1_W_A_35
Reverse revision,IDA1,VAS_CCGT_D,35,buy,40.60974,156.17,-6342.0230958,IDA1_VAS_CCGT_D_BUYBACK_35
Reverse revision,IDA1,IND,36,sell,9.7063954,156.17,1515.8477696179998,IDA1_IND_36
Reverse revision,IDA1,COM,36,sell,11.378986,156.17,1777.0562436199998,IDA1_COM_36
Reverse revision,IDA1,RESI,36,sell,19.584569,156.17,3058.5221407299996,IDA1_RESI_36
Reverse revision,IDA1,W_C,36,buy,0.030103221,156.17,-4.7012200235699995,IDA1_W_C_36
Reverse revision,IDA1,W_A,36,buy,0.030103257,156.17,-4.70122564569,IDA1_W_A_36
Reverse revision,IDA1,VAS_CCGT_D,36,buy,40.609743,156.17,-6342.0235643099995,IDA1_VAS_CCGT_D_BUYBACK_36
Reverse revision,IDA1,IND,37,sell,7.4372433,156.17,1161.4742861609998,IDA1_IND_37
Reverse revision,IDA1,COM,37,sell,8.7121093,156.17,1360.5701093809998,IDA1_COM_37
Reverse revision,IDA1,RESI,37,sell,18.373173,156.17,2869.33842741,IDA1_RESI_37
Reverse revision,IDA1,W_C,37,buy,0.32882005,156.17,-51.35182720849999,IDA1_W_C_37
Reverse revision,IDA1,W_A,37,buy,0.32882005,156.17,-51.35182720849999,IDA1_W_A_37
Reverse revision,IDA1,VAS_CCGT_D,37,buy,33.864886,156.17,-5288.6792466199995,IDA1_VAS_CCGT_D_BUYBACK_37
Reverse revision,IDA1,IND,38,sell,7.4372433,156.17,1161.4742861609998,IDA1_IND_38
Reverse revision,IDA1,COM,38,sell,7.6223209,156.17,1190.377854953,IDA1_COM_38
Reverse revision,IDA1,RESI,38,sell,19.46297,156.17,3039.5320248999997,IDA1_RESI_38
Reverse revision,IDA1,W_C,38,buy,0.32882005,156.17,-51.35182720849999,IDA1_W_C_38
Reverse revision,IDA1,W_A,38,buy,0.32882005,156.17,-51.35182720849999,IDA1_W_A_38
Reverse revision,IDA1,VAS_CCGT_D,38,buy,33.864894,156.17,-5288.680495979999,IDA1_VAS_CCGT_D_BUYBACK_38
Reverse revision,IDA1,IND,39,sell,5.4594249,156.17,852.5983866329999,IDA1_IND_39
Reverse revision,IDA1,COM,39,sell,5.116184,156.17,798.9944552799999,IDA1_COM_39
Reverse revision,IDA1,RESI,39,sell,15.543127,156.17,2427.3701435899998,IDA1_RESI_39
Reverse revision,IDA1,W_C,39,buy,0.20261796,156.17,-31.6428468132,IDA1_W_C_39
Reverse revision,IDA1,W_A,39,buy,0.20261796,156.17,-31.6428468132,IDA1_W_A_39
Reverse revision,IDA1,VAS_CCGT_D,39,buy,25.7135,156.17,-4015.6772949999995,IDA1_VAS_CCGT_D_BUYBACK_39
Reverse revision,IDA1,IND,40,sell,5.4594249,156.17,852.5983866329999,IDA1_IND_40
Reverse revision,IDA1,COM,40,sell,4.5569622,156.17,711.6607867739999,IDA1_COM_40
Reverse revision,IDA1,RESI,40,sell,16.102348,156.17,2514.70368716,IDA1_RESI_40
Reverse revision,IDA1,W_C,40,buy,0.20261796,156.17,-31.6428468132,IDA1_W_C_40
Reverse revision,IDA1,W_A,40,buy,0.20261796,156.17,-31.6428468132,IDA1_W_A_40
Reverse revision,IDA1,VAS_CCGT_D,40,buy,25.713499,156.17,-4015.6771388299994,IDA1_VAS_CCGT_D_BUYBACK_40
Reverse revision,IDA1,IND,41,sell,3.6733872,156.17,573.6728790239999,IDA1_IND_41
Reverse revision,IDA1,COM,41,sell,2.7833785,156.17,434.68022034499995,IDA1_COM_41
Reverse revision,IDA1,RESI,41,sell,11.132159,156.17,1738.5092710299998,IDA1_RESI_41
Reverse revision,IDA1,W_C,41,buy,0.11693953,156.17,-18.2624464001,IDA1_W_C_41
Reverse revision,IDA1,W_A,41,buy,0.11693953,156.17,-18.2624464001,IDA1_W_A_41
Reverse revision,IDA1,VAS_CCGT_D,41,buy,17.355046,156.17,-2710.33753382,IDA1_VAS_CCGT_D_BUYBACK_41
Reverse revision,IDA1,IND,42,sell,3.6733872,156.17,573.6728790239999,IDA1_IND_42
Reverse revision,IDA1,COM,42,sell,2.5817539,156.17,403.19250656299994,IDA1_COM_42
Reverse revision,IDA1,RESI,42,sell,11.333783,156.17,1769.99689111,IDA1_RESI_42
Reverse revision,IDA1,W_C,42,buy,0.11693953,156.17,-18.2624464001,IDA1_W_C_42
Reverse revision,IDA1,W_A,42,buy,0.11693953,156.17,-18.2624464001,IDA1_W_A_42
Reverse revision,IDA1,VAS_CCGT_D,42,buy,17.355045,156.17,-2710.33737765,IDA1_VAS_CCGT_D_BUYBACK_42
Reverse revision,IDA1,IND,43,sell,2.61884,156.17,408.9842428,IDA1_IND_43
Reverse revision,IDA1,COM,43,sell,1.6853346,156.17,263.198704482,IDA1_COM_43
Reverse revision,IDA1,RESI,43,sell,7.8598431,156.17,1227.4716969269998,IDA1_RESI_43
Reverse revision,IDA1,W_C,43,buy,0.33808262,156.17,-52.79836276539999,IDA1_W_C_43
Reverse revision,IDA1,W_A,43,buy,0.33808262,156.17,-52.79836276539999,IDA1_W_A_43
Reverse revision,IDA1,VAS_CCGT_D,43,buy,11.487852,156.17,-1794.05784684,IDA1_VAS_CCGT_D_BUYBACK_43
Reverse revision,IDA1,IND,44,sell,2.61884,156.17,408.9842428,IDA1_IND_44
Reverse revision,IDA1,COM,44,sell,1.6471712,156.17,257.238726304,IDA1_COM_44
Reverse revision,IDA1,RESI,44,sell,7.8980106,156.17,1233.4323154019999,IDA1_RESI_44
Reverse revision,IDA1,W_C,44,buy,0.33808262,156.17,-52.79836276539999,IDA1_W_C_44
Reverse revision,IDA1,W_A,44,buy,0.33808262,156.17,-52.79836276539999,IDA1_W_A_44
Reverse revision,IDA1,VAS_CCGT_D,44,buy,11.487856,156.17,-1794.05847152,IDA1_VAS_CCGT_D_BUYBACK_44
Reverse revision,IDA1,IND,45,sell,1.9597482,156.17,306.053876394,IDA1_IND_45
Reverse revision,IDA1,COM,45,sell,1.131071,156.17,176.63935807,IDA1_COM_45
Reverse revision,IDA1,RESI,45,sell,5.4065947,156.17,844.347894299,IDA1_RESI_45
Reverse revision,IDA1,W_C,45,buy,0.47007374,156.17,-73.4114159758,IDA1_W_C_45
Reverse revision,IDA1,W_A,45,buy,0.47007374,156.17,-73.4114159758,IDA1_W_A_45
Reverse revision,IDA1,VAS_CCGT_D,45,buy,7.5572664,156.17,-1180.218293688,IDA1_VAS_CCGT_D_BUYBACK_45
Reverse revision,IDA1,IND,46,sell,1.9597482,156.17,306.053876394,IDA1_IND_46
Reverse revision,IDA1,COM,46,sell,1.1596727,156.17,181.10608555899998,IDA1_COM_46
Reverse revision,IDA1,RESI,46,sell,5.377991,156.17,839.8808544699999,IDA1_RESI_46
Reverse revision,IDA1,W_C,46,buy,0.47007374,156.17,-73.4114159758,IDA1_W_C_46
Reverse revision,IDA1,W_A,46,buy,0.47007374,156.17,-73.4114159758,IDA1_W_A_46
Reverse revision,IDA1,VAS_CCGT_D,46,buy,7.5572644,156.17,-1180.217981348,IDA1_VAS_CCGT_D_BUYBACK_46
Reverse revision,IDA1,IND,47,sell,1.1500237,156.17,179.599201229,IDA1_IND_47
Reverse revision,IDA1,COM,47,sell,0.62641944,156.17,97.8279239448,IDA1_COM_47
Reverse revision,IDA1,RESI,47,sell,2.7567105,156.17,430.51547878499997,IDA1_RESI_47
Reverse revision,IDA1,W_C,47,buy,0.5962758,156.17,-93.12039168599999,IDA1_W_C_47
Reverse revision,IDA1,W_A,47,buy,0.59627579,156.17,-93.12039012429999,IDA1_W_A_47
Reverse revision,IDA1,VAS_CCGT_D,47,buy,3.3406021,156.17,-521.701829957,IDA1_VAS_CCGT_D_BUYBACK_47
Reverse revision,IDA1,IND,48,sell,1.1500237,156.17,179.599201229,IDA1_IND_48
Reverse revision,IDA1,COM,48,sell,0.66218539,156.17,103.41349235629998,IDA1_COM_48
Reverse revision,IDA1,RESI,48,sell,2.7209475,156.17,424.9303710749999,IDA1_RESI_48
Reverse revision,IDA1,W_C,48,buy,0.5962758,156.17,-93.12039168599999,IDA1_W_C_48
Reverse revision,IDA1,W_A,48,buy,0.5962758,156.17,-93.12039168599999,IDA1_W_A_48
Reverse revision,IDA1,VAS_CCGT_D,48,buy,3.3406051,156.17,-521.702298467,IDA1_VAS_CCGT_D_BUYBACK_48
Reverse revision,IDA2,IND,1,sell,0.80753507,156.19,126.1289025833,IDA2_IND_1
Reverse revision,IDA2,COM,1,sell,0.65714631,156.19,102.6396821589,IDA2_COM_1
Reverse revision,IDA2,RESI,1,sell,1.5220145,156.19,237.723444755,IDA2_RESI_1
Reverse revision,IDA2,W_C,1,buy,1.4727434,156.19,-230.027791646,IDA2_W_C_1
Reverse revision,IDA2,W_A,1,buy,1.4727434,156.19,-230.027791646,IDA2_W_A_1
Reverse revision,IDA2,DKL_ST_H,1,buy,0.04120909,156.19,-6.4364477671,IDA2_DKL_ST_H_BUYBACK_1
Reverse revision,IDA2,IND,2,sell,0.80753507,156.19,126.1289025833,IDA2_IND_2
Reverse revision,IDA2,COM,2,sell,0.65939979,156.19,102.9916532001,IDA2_COM_2
Reverse revision,IDA2,RESI,2,sell,1.519761,156.19,237.37147058999997,IDA2_RESI_2
Reverse revision,IDA2,W_C,2,buy,1.4727434,156.19,-230.027791646,IDA2_W_C_2
Reverse revision,IDA2,W_A,2,buy,1.4727434,156.19,-230.027791646,IDA2_W_A_2
Reverse revision,IDA2,DKL_ST_H,2,buy,0.04120909,156.19,-6.4364477671,IDA2_DKL_ST_H_BUYBACK_2
Reverse revision,IDA2,IND,3,sell,2.2900155,156.19,357.67752094499997,IDA2_IND_3
Reverse revision,IDA2,COM,3,sell,1.8196033,156.19,284.203839427,IDA2_COM_3
Reverse revision,IDA2,RESI,3,sell,4.161554,156.19,649.99311926,IDA2_RESI_3
Reverse revision,IDA2,W_C,3,buy,1.5375811,156.19,-240.15479200899998,IDA2_W_C_3
Reverse revision,IDA2,W_A,3,buy,1.5375811,156.19,-240.15479200899998,IDA2_W_A_3
Reverse revision,IDA2,DKL_ST_H,3,buy,5.1960106,156.19,-811.564895614,IDA2_DKL_ST_H_BUYBACK_3
Reverse revision,IDA2,IND,4,sell,2.2900155,156.19,357.67752094499997,IDA2_IND_4
Reverse revision,IDA2,COM,4,sell,1.8345867,156.19,286.544096673,IDA2_COM_4
Reverse revision,IDA2,RESI,4,sell,4.146571,156.19,647.6529244899999,IDA2_RESI_4
Reverse revision,IDA2,W_C,4,buy,1.5375811,156.19,-240.15479200899998,IDA2_W_C_4
Reverse revision,IDA2,W_A,4,buy,1.5375811,156.19,-240.15479200899998,IDA2_W_A_4
Reverse revision,IDA2,DKL_ST_H,4,buy,5.196011,156.19,-811.56495809,IDA2_DKL_ST_H_BUYBACK_4
Reverse revision,IDA2,IND,5,sell,2.500777,156.19,390.59635962999994,IDA2_IND_5
Reverse revision,IDA2,COM,5,sell,1.8571032,156.19,290.060948808,IDA2_COM_5
Reverse revision,IDA2,RESI,5,sell,4.1242275,156.19,644.163093225,IDA2_RESI_5
Reverse revision,IDA2,W_C,5,buy,2.1350147,156.19,-333.467945993,IDA2_W_C_5
Reverse revision,IDA2,W_A,5,buy,2.1350147,156.19,-333.467945993,IDA2_W_A_5
Reverse revision,IDA2,DKL_ST_H,5,buy,4.2120782,156.19,-657.884494058,IDA2_DKL_ST_H_BUYBACK_5
Reverse revision,IDA2,IND,6,sell,2.500777,156.19,390.59635962999994,IDA2_IND_6
Reverse revision,IDA2,COM,6,sell,1.8898885,156.19,295.181684815,IDA2_COM_6
Reverse revision,IDA2,RESI,6,sell,4.0914418,156.19,639.042294742,IDA2_RESI_6
Reverse revision,IDA2,W_C,6,buy,2.1350147,156.19,-333.467945993,IDA2_W_C_6
Reverse revision,IDA2,W_A,6,buy,2.1350147,156.19,-333.467945993,IDA2_W_A_6
Reverse revision,IDA2,DKL_ST_H,6,buy,4.2120779,156.19,-657.884447201,IDA2_DKL_ST_H_BUYBACK_6
Reverse revision,IDA2,IND,7,sell,1.9530715,143.264,279.804835376,IDA2_IND_7
Reverse revision,IDA2,COM,7,sell,1.3537929,143.264,193.94978602560002,IDA2_COM_7
Reverse revision,IDA2,RESI,7,sell,2.8279545,143.264,405.14407348800006,IDA2_RESI_7
Reverse revision,IDA2,DKL_ST_H,7,buy,24.539269,143.264,-3515.5938340160005,IDA2_DKL_ST_H_BUYBACK_7
Reverse revision,IDA2,VAS_GT_D,7,sell,18.40445,143.264,2636.6951248000005,IDA2_VAS_GT_D_UP_7
Reverse revision,IDA2,IND,8,sell,1.9530715,143.264,279.804835376,IDA2_IND_8
Reverse revision,IDA2,COM,8,sell,1.3985005,143.264,200.354775632,IDA2_COM_8
Reverse revision,IDA2,RESI,8,sell,2.783246,143.264,398.73895494400006,IDA2_RESI_8
Reverse revision,IDA2,VAS_ST_H,8,sell,18.404456,143.264,2636.695984384,IDA2_VAS_ST_H_UP_8
Reverse revision,IDA2,DKL_ST_H,8,buy,24.539274,143.264,-3515.594550336,IDA2_DKL_ST_H_BUYBACK_8
Reverse revision,IDA2,IND,9,sell,1.2682958,143.264,181.70112949120002,IDA2_IND_9
Reverse revision,IDA2,COM,9,sell,0.88262132,143.264,126.44786078848001,IDA2_COM_9
Reverse revision,IDA2,RESI,9,sell,1.6489138,143.264,236.22998664320002,IDA2_RESI_9
Reverse revision,IDA2,VAS_ST_H,9,sell,11.399492,143.264,1633.1368218880002,IDA2_VAS_ST_H_UP_9
Reverse revision,IDA2,VAS_GT_D,9,buy,15.199323,143.264,-2177.515810272,IDA2_VAS_GT_D_BUYBACK_9
Reverse revision,IDA2,IND,10,sell,1.2682958,143.264,181.70112949120002,IDA2_IND_10
Reverse revision,IDA2,COM,10,sell,0.92881701,143.264,133.06604012064003,IDA2_COM_10
Reverse revision,IDA2,RESI,10,sell,1.6027181,143.264,229.6118058784,IDA2_RESI_10
Reverse revision,IDA2,VAS_ST_H,10,sell,11.399492,143.264,1633.1368218880002,IDA2_VAS_ST_H_UP_10
Reverse revision,IDA2,DKL_ST_H,10,buy,15.199323,143.264,-2177.515810272,IDA2_DKL_ST_H_BUYBACK_10
Reverse revision,IDA2,IND,11,sell,0.46611682,143.264,66.77776010048001,IDA2_IND_11
Reverse revision,IDA2,COM,11,sell,0.35937148,143.264,51.48499571072001,IDA2_COM_11
Reverse revision,IDA2,RESI,11,sell,0.56344215,143.264,80.72097617760001,IDA2_RESI_11
Reverse revision,IDA2,W_C,11,buy,1.3889305,143.264,-198.98373915200003,IDA2_W_C_11
Reverse revision,IDA2,IND,12,sell,0.46611682,143.264,66.77776010048001,IDA2_IND_12
Reverse revision,IDA2,COM,12,sell,0.38402202,143.264,55.01653067328001,IDA2_COM_12
Reverse revision,IDA2,RESI,12,sell,0.53879171,143.264,77.18945554144001,IDA2_RESI_12
Reverse revision,IDA2,VAS_CCGT_D,12,sell,4.1667917,143.264,596.9512461088001,IDA2_VAS_CCGT_D_UP_12
Reverse revision,IDA2,VAS_GT_D,12,buy,5.5557223,143.264,-795.9349995872001,IDA2_VAS_GT_D_BUYBACK_12
Reverse revision,IDA2,IND,13,buy,1.0586581,171.787,-181.8636990247,IDA2_IND_13
Reverse revision,IDA2,COM,13,buy,0.9755647,171.787,-167.5893331189,IDA2_COM_13
Reverse revision,IDA2,RESI,13,buy,1.2093156,171.787,-207.74469897720002,IDA2_RESI_13
Reverse revision,IDA2,DKL_ST_H,13,sell,3.2435384,171.787,557.1977311208,IDA2_DKL_ST_H_UP_13
Reverse revision,IDA2,IND,14,buy,1.0586581,171.787,-181.8636990247,IDA2_IND_14
Reverse revision,IDA2,COM,14,buy,1.0478407,171.787,-180.00541033090002,IDA2_COM_14
Reverse revision,IDA2,RESI,14,buy,1.1370396,171.787,-195.3286217652,IDA2_RESI_14
Reverse revision,IDA2,VAS_ST_H,14,sell,3.2435384,171.787,557.1977311208,IDA2_VAS_ST_H_UP_14
Reverse revision,IDA2,IND,15,buy,3.1364213,140.553,-440.8334229789,IDA2_IND_15
Reverse revision,IDA2,COM,15,sell,3.7216724,140.553,523.0922208372,IDA2_COM_15
Reverse revision,IDA2,RESI,15,buy,0.58525104,140.553,-82.25878942511999,IDA2_RESI_15
Reverse revision,IDA2,COM,16,buy,3.3713671,140.553,-473.8557600063,IDA2_COM_16
Reverse revision,IDA2,RESI,16,sell,2.704941,140.553,380.18757237299997,IDA2_RESI_16
Reverse revision,IDA2,PV_C,16,sell,0.66642608,140.553,93.66818482224001,IDA2_PV_C_16
Reverse revision,IDA2,IND,17,buy,4.5769085,143.264,-655.706219344,IDA2_IND_17
Reverse revision,IDA2,COM,17,buy,4.6822731,143.264,-670.8011733984,IDA2_COM_17
Reverse revision,IDA2,RESI,17,buy,3.3581367,143.264,-481.1000961888001,IDA2_RESI_17
Reverse revision,IDA2,VAS_GT_D,17,sell,12.617318,143.264,1807.607445952,IDA2_VAS_GT_D_UP_17
Reverse revision,IDA2,IND,18,buy,4.5769085,143.264,-655.706219344,IDA2_IND_18
Reverse revision,IDA2,COM,18,buy,4.9334454,143.264,-706.7851217856,IDA2_COM_18
Reverse revision,IDA2,RESI,18,buy,3.1069634,143.264,-445.1160045376001,IDA2_RESI_18
Reverse revision,IDA2,DKL_ST_H,18,sell,12.617317,143.264,1807.6073026880001,IDA2_DKL_ST_H_UP_18
Reverse revision,IDA2,IND,19,buy,6.0732583,143.264,-870.0792770912001,IDA2_IND_19
Reverse revision,IDA2,COM,19,buy,5.085632,143.264,-728.5879828480001,IDA2_COM_19
Reverse revision,IDA2,RESI,19,buy,2.8393605,143.264,-406.77814267200006,IDA2_RESI_19
Reverse revision,IDA2,VAS_GT_D,19,sell,13.998251,143.264,2005.445431264,IDA2_VAS_GT_D_UP_19
Reverse revision,IDA2,IND,20,buy,6.0732583,143.264,-870.0792770912001,IDA2_IND_20
Reverse revision,IDA2,COM,20,buy,5.2796162,143.264,-756.3789352768001,IDA2_COM_20
Reverse revision,IDA2,RESI,20,buy,2.6453752,143.264,-378.98703265280005,IDA2_RESI_20
Reverse revision,IDA2,DKL_ICE_H,20,sell,13.99825,143.264,2005.4452880000001,IDA2_DKL_ICE_H_UP_20
Reverse revision,IDA2,IND,21,buy,3.6758556,143.264,-526.6177766784,IDA2_IND_21
Reverse revision,IDA2,COM,21,buy,3.0476881,143.264,-436.6239879584,IDA2_COM_21
Reverse revision,IDA2,RESI,21,buy,1.3907082,143.264,-199.2384195648,IDA2_RESI_21
Reverse revision,IDA2,VAS_GT_D,21,sell,8.114252,143.264,1162.480198528,IDA2_VAS_GT_D_UP_21
Reverse revision,IDA2,IND,22,buy,3.6758556,143.264,-526.6177766784,IDA2_IND_22
Reverse revision,IDA2,COM,22,buy,3.1197565,143.264,-446.948795216,IDA2_COM_22
Reverse revision,IDA2,RESI,22,buy,1.3186393,143.264,-188.9135406752,IDA2_RESI_22
Reverse revision,IDA2,DKL_ICE_H,22,sell,8.1142514,143.264,1162.4801125696001,IDA2_DKL_ICE_H_UP_22
Reverse revision,IDA2,IND,23,buy,1.7508356,137.83,-241.31767074800004,IDA2_IND_23
Reverse revision,IDA2,COM,23,buy,1.483097,137.83,-204.41525951000003,IDA2_COM_23
Reverse revision,IDA2,RESI,23,buy,0.5919053,137.83,-81.58230749900001,IDA2_RESI_23
Reverse revision,IDA2,VAS_CCGT_D,23,sell,3.8258379,137.83,527.315237757,IDA2_VAS_CCGT_D_UP_23
Reverse revision,IDA2,IND,24,buy,1.7508356,137.83,-241.31767074800004,IDA2_IND_24
Reverse revision,IDA2,COM,24,buy,1.4981565,137.83,-206.49091039500001,IDA2_COM_24
Reverse revision,IDA2,RESI,24,buy,0.57684585,137.83,-79.5066635055,IDA2_RESI_24
Reverse revision,IDA2,DKL_ICE_H,24,sell,3.8258379,137.83,527.315237757,IDA2_DKL_ICE_H_UP_24
Reverse revision,IDA2,IND,25,buy,0.88010026,143.264,-126.08668364864,IDA2_IND_25
Reverse revision,IDA2,COM,25,buy,0.79856222,143.264,-114.40521788608001,IDA2_COM_25
Reverse revision,IDA2,RESI,25,buy,0.3038112,143.264,-43.5252077568,IDA2_RESI_25
Reverse revision,IDA2,DKL_ICE_H,25,sell,1.9824737,143.264,284.0171121568,IDA2_DKL_ICE_H_UP_25
Reverse revision,IDA2,IND,26,buy,0.88010026,143.264,-126.08668364864,IDA2_IND_26
Reverse revision,IDA2,COM,26,buy,0.7954276,143.264,-113.95613968640001,IDA2_COM_26
Reverse revision,IDA2,RESI,26,buy,0.30694572,143.264,-43.97427163008,IDA2_RESI_26
Reverse revision,IDA2,VAS_GT_D,26,sell,1.9824736,143.264,284.0170978304,IDA2_VAS_GT_D_UP_26
Reverse revision,IDA2,IND,27,buy,2.0021934,143.264,-286.8422352576,IDA2_IND_27
Reverse revision,IDA2,COM,27,buy,1.8039346,143.264,-258.4388865344,IDA2_COM_27
Reverse revision,IDA2,RESI,27,buy,0.72623797,143.264,-104.04375653408,IDA2_RESI_27
Reverse revision,IDA2,VAS_GT_D,27,sell,4.532366,143.264,649.324882624,IDA2_VAS_GT_D_UP_27
Reverse revision,IDA2,IND,28,buy,2.0021934,143.264,-286.8422352576,IDA2_IND_28
Reverse revision,IDA2,COM,28,buy,1.7662015,143.264,-253.033091696,IDA2_COM_28
Reverse revision,IDA2,RESI,28,buy,0.76397106,143.264,-109.44954993984001,IDA2_RESI_28
Reverse revision,IDA2,VAS_CCGT_D,28,sell,4.532366,143.264,649.324882624,IDA2_VAS_CCGT_D_UP_28
Reverse revision,IDA2,IND,29,buy,3.0700406,143.264,-439.82629651840006,IDA2_IND_29
Reverse revision,IDA2,COM,29,buy,3.0010653,143.264,-429.94461913920003,IDA2_COM_29
Reverse revision,IDA2,RESI,29,buy,1.4366143,143.264,-205.8151110752,IDA2_RESI_29
Reverse revision,IDA2,VAS_CCGT_D,29,sell,7.5077202,143.264,1075.5860267328,IDA2_VAS_CCGT_D_UP_29
Reverse revision,IDA2,IND,30,buy,3.0700406,143.264,-439.82629651840006,IDA2_IND_30
Reverse revision,IDA2,COM,30,buy,2.8722723,143.264,-411.4932187872,IDA2_COM_30
Reverse revision,IDA2,RESI,30,buy,1.5654067,143.264,-224.2664254688,IDA2_RESI_30
Reverse revision,IDA2,VAS_ST_H,30,sell,7.5077196,143.264,1075.5859407744001,IDA2_VAS_ST_H_UP_30
Reverse revision,IDA2,IND,31,buy,3.0855801,143.264,-442.0525474464,IDA2_IND_31
Reverse revision,IDA2,COM,31,buy,3.6141684,143.264,-517.7802216576,IDA2_COM_31
Reverse revision,IDA2,RESI,31,buy,2.3007703,143.264,-329.6175562592,IDA2_RESI_31
Reverse revision,IDA2,VAS_ST_H,31,sell,9.0005188,143.264,1289.4503253632001,IDA2_VAS_ST_H_UP_31
Reverse revision,IDA2,IND,32,buy,3.0855801,143.264,-442.0525474464,IDA2_IND_32
Reverse revision,IDA2,COM,32,buy,3.3611132,143.264,-481.52652148480007,IDA2_COM_32
Reverse revision,IDA2,RESI,32,buy,2.5538255,143.264,-365.871256432,IDA2_RESI_32
Reverse revision,IDA2,VAS_GT_D,32,sell,9.0005188,143.264,1289.4503253632001,IDA2_VAS_GT_D_UP_32
Reverse revision,IDA2,IND,33,buy,2.4679557,171.787,-423.9627058359,IDA2_IND_33
Reverse revision,IDA2,COM,33,buy,3.2085155,171.787,-551.1812521985,IDA2_COM_33
Reverse revision,IDA2,RESI,33,buy,2.9585233,171.787,-508.2358421371,IDA2_RESI_33
Reverse revision,IDA2,W_C,33,sell,0.039076326,171.787,6.712804814562,IDA2_W_C_33
Reverse revision,IDA2,W_A,33,sell,0.039076328,171.787,6.712805158136001,IDA2_W_A_33
Reverse revision,IDA2,VAS_GT_D,33,sell,8.5568418,171.787,1469.9541822966003,IDA2_VAS_GT_D_UP_33
Reverse revision,IDA2,IND,34,buy,2.4679557,171.787,-423.9627058359,IDA2_IND_34
Reverse revision,IDA2,COM,34,buy,2.8933014,171.787,-497.0315676018,IDA2_COM_34
Reverse revision,IDA2,RESI,34,buy,3.2737374,171.787,-562.3855267338,IDA2_RESI_34
Reverse revision,IDA2,W_C,34,sell,0.039076326,171.787,6.712804814562,IDA2_W_C_34
Reverse revision,IDA2,W_A,34,sell,0.039076328,171.787,6.712805158136001,IDA2_W_A_34
Reverse revision,IDA2,VAS_CCGT_D,34,sell,8.5568418,171.787,1469.9541822966003,IDA2_VAS_CCGT_D_UP_34
Reverse revision,IDA2,IND,35,buy,2.4265988,171.787,-416.8581280556,IDA2_IND_35
Reverse revision,IDA2,COM,35,buy,3.2309591,171.787,-555.0367709117,IDA2_COM_35
Reverse revision,IDA2,RESI,35,buy,4.5099304,171.787,-774.7474136248001,IDA2_RESI_35
Reverse revision,IDA2,W_C,35,sell,0.0075258053,171.787,1.2928355150711,IDA2_W_C_35
Reverse revision,IDA2,W_A,35,sell,0.0075258051,171.787,1.2928354807137,IDA2_W_A_35
Reverse revision,IDA2,VAS_CCGT_D,35,sell,10.152437,171.787,1744.0566949190002,IDA2_VAS_CCGT_D_UP_35
Reverse revision,IDA2,IND,36,buy,2.4265988,171.787,-416.8581280556,IDA2_IND_36
Reverse revision,IDA2,COM,36,buy,2.8447469,171.787,-488.6905357103,IDA2_COM_36
Reverse revision,IDA2,RESI,36,buy,4.8961426,171.787,-841.0936488262,IDA2_RESI_36
Reverse revision,IDA2,W_C,36,sell,0.0075258053,171.787,1.2928355150711,IDA2_W_C_36
Reverse revision,IDA2,W_A,36,sell,0.0075258051,171.787,1.2928354807137,IDA2_W_A_36
Reverse revision,IDA2,VAS_CCGT_D,36,sell,10.152437,171.787,1744.0566949190002,IDA2_VAS_CCGT_D_UP_36
Reverse revision,IDA2,IND,37,buy,1.8593108,171.787,-319.4054243996,IDA2_IND_37
Reverse revision,IDA2,COM,37,buy,2.1780273,171.787,-374.1567757851,IDA2_COM_37
Reverse revision,IDA2,RESI,37,buy,4.5932943,171.787,-789.0682479141001,IDA2_RESI_37
Reverse revision,IDA2,W_C,37,sell,0.08220501,171.787,14.121752052869999,IDA2_W_C_37
Reverse revision,IDA2,W_A,37,sell,0.08220501,171.787,14.121752052869999,IDA2_W_A_37
Reverse revision,IDA2,VAS_GT_D,37,sell,8.4662224,171.787,1454.3869474287999,IDA2_VAS_GT_D_UP_37
Reverse revision,IDA2,IND,38,buy,1.8593108,171.787,-319.4054243996,IDA2_IND_38
Reverse revision,IDA2,COM,38,buy,1.9055803,171.787,-327.35392299610004,IDA2_COM_38
Reverse revision,IDA2,RESI,38,buy,4.8657419,171.787,-835.8712037752999,IDA2_RESI_38
Reverse revision,IDA2,W_C,38,sell,0.08220501,171.787,14.121752052869999,IDA2_W_C_38
Reverse revision,IDA2,W_A,38,sell,0.08220501,171.787,14.121752052869999,IDA2_W_A_38
Reverse revision,IDA2,VAS_GT_D,38,sell,8.466223,171.787,1454.387050501,IDA2_VAS_GT_D_UP_38
Reverse revision,IDA2,IND,39,buy,1.3648562,171.787,-234.4645520294,IDA2_IND_39
Reverse revision,IDA2,COM,39,buy,1.279046,171.787,-219.723475202,IDA2_COM_39
Reverse revision,IDA2,RESI,39,buy,3.8857817,171.787,-667.5267808979,IDA2_RESI_39
Reverse revision,IDA2,W_C,39,sell,0.050654492,171.787,8.701783217204001,IDA2_W_C_39
Reverse revision,IDA2,W_A,39,sell,0.050654493,171.787,8.701783388991,IDA2_W_A_39
Reverse revision,IDA2,VAS_CCGT_D,39,sell,6.428375,171.787,1104.311256125,IDA2_VAS_CCGT_D_UP_39
Reverse revision,IDA2,IND,40,buy,1.3648562,171.787,-234.4645520294,IDA2_IND_40
Reverse revision,IDA2,COM,40,buy,1.1392406,171.787,-195.7067249522,IDA2_COM_40
Reverse revision,IDA2,RESI,40,buy,4.0255874,171.787,-691.5435826838001,IDA2_RESI_40
Reverse revision,IDA2,W_C,40,sell,0.050654492,171.787,8.701783217204001,IDA2_W_C_40
Reverse revision,IDA2,W_A,40,sell,0.050654493,171.787,8.701783388991,IDA2_W_A_40
Reverse revision,IDA2,VAS_CCGT_D,40,sell,6.4283752,171.787,1104.3112904824,IDA2_VAS_CCGT_D_UP_40
Reverse revision,IDA2,IND,41,buy,0.91834672,171.787,-157.76002798864,IDA2_IND_41
Reverse revision,IDA2,COM,41,buy,0.69584473,171.787,-119.53707863251,IDA2_COM_41
Reverse revision,IDA2,RESI,41,buy,2.7830384,171.787,-478.08981762080003,IDA2_RESI_41
Reverse revision,IDA2,W_C,41,sell,0.029234883,171.787,5.022172845921,IDA2_W_C_41
Reverse revision,IDA2,W_A,41,sell,0.029234881,171.787,5.022172502347001,IDA2_W_A_41
Reverse revision,IDA2,DKL_ST_H,41,sell,4.33876,171.787,745.34256412,IDA2_DKL_ST_H_UP_41
Reverse revision,IDA2,IND,42,buy,0.91834672,171.787,-157.76002798864,IDA2_IND_42
Reverse revision,IDA2,COM,42,buy,0.64543848,171.787,-110.87794016376002,IDA2_COM_42
Reverse revision,IDA2,RESI,42,buy,2.833445,171.787,-486.74901621500004,IDA2_RESI_42
Reverse revision,IDA2,W_C,42,sell,0.029234883,171.787,5.022172845921,IDA2_W_C_42
Reverse revision,IDA2,W_A,42,sell,0.029234881,171.787,5.022172502347001,IDA2_W_A_42
Reverse revision,IDA2,VAS_CCGT_D,42,sell,4.3387604,171.787,745.3426328348,IDA2_VAS_CCGT_D_UP_42
Reverse revision,IDA2,IND,43,buy,0.65470998,171.787,-112.47066333426001,IDA2_IND_43
Reverse revision,IDA2,COM,43,buy,0.42133355,171.787,-72.37962655385,IDA2_COM_43
Reverse revision,IDA2,RESI,43,buy,1.9649612,171.787,-337.5547896644,IDA2_RESI_43
Reverse revision,IDA2,W_C,43,sell,0.084520656,171.787,14.519549932272,IDA2_W_C_43
Reverse revision,IDA2,W_A,43,sell,0.084520656,171.787,14.519549932272,IDA2_W_A_43
Reverse revision,IDA2,VAS_CCGT_D,43,sell,2.8719634,171.787,493.36597659579996,IDA2_VAS_CCGT_D_UP_43
Reverse revision,IDA2,IND,44,buy,0.65470998,171.787,-112.47066333426001,IDA2_IND_44
Reverse revision,IDA2,COM,44,buy,0.41179272,171.787,-70.74063599064,IDA2_COM_44
Reverse revision,IDA2,RESI,44,buy,1.9745021,171.787,-339.1937922527,IDA2_RESI_44
Reverse revision,IDA2,W_C,44,sell,0.084520656,171.787,14.519549932272,IDA2_W_C_44
Reverse revision,IDA2,W_A,44,sell,0.084520656,171.787,14.519549932272,IDA2_W_A_44
Reverse revision,IDA2,VAS_CCGT_D,44,sell,2.8719635,171.787,493.36599377450005,IDA2_VAS_CCGT_D_UP_44
Reverse revision,IDA2,IND,45,buy,0.48993703,171.787,-84.16481257261,IDA2_IND_45
Reverse revision,IDA2,COM,45,buy,0.28276776,171.787,-48.575825187119996,IDA2_COM_45
Reverse revision,IDA2,RESI,45,buy,1.3516479,171.787,-232.1955377973,IDA2_RESI_45
Reverse revision,IDA2,W_C,45,sell,0.11751843,171.787,20.18813853441,IDA2_W_C_45
Reverse revision,IDA2,W_A,45,sell,0.11751844,171.787,20.18814025228,IDA2_W_A_45
Reverse revision,IDA2,VAS_GT_D,45,sell,1.8893158,171.787,324.5598933346,IDA2_VAS_GT_D_UP_45
Reverse revision,IDA2,IND,46,buy,0.48993703,171.787,-84.16481257261,IDA2_IND_46
Reverse revision,IDA2,COM,46,buy,0.2899181,171.787,-49.804160644700005,IDA2_COM_46
Reverse revision,IDA2,RESI,46,buy,1.3444975,171.787,-230.96719203249998,IDA2_RESI_46
Reverse revision,IDA2,W_C,46,sell,0.11751843,171.787,20.18813853441,IDA2_W_C_46
Reverse revision,IDA2,W_A,46,sell,0.11751844,171.787,20.18814025228,IDA2_W_A_46
Reverse revision,IDA2,VAS_GT_D,46,sell,1.8893158,171.787,324.5598933346,IDA2_VAS_GT_D_UP_46
Reverse revision,IDA2,IND,47,buy,0.28750581,171.787,-49.38976058247,IDA2_IND_47
Reverse revision,IDA2,COM,47,buy,0.15660479,171.787,-26.90266705973,IDA2_COM_47
Reverse revision,IDA2,RESI,47,buy,0.68917749,171.787,-118.39173347463,IDA2_RESI_47
Reverse revision,IDA2,W_C,47,sell,0.10217734,171.787,17.55273870658,IDA2_W_C_47
Reverse revision,IDA2,W_A,47,sell,0.10217734,171.787,17.55273870658,IDA2_W_A_47
Reverse revision,IDA2,DKL_ST_H,47,sell,0.92893341,171.787,159.57868370367,IDA2_DKL_ST_H_UP_47
Reverse revision,IDA2,IND,48,buy,0.28750581,171.787,-49.38976058247,IDA2_IND_48
Reverse revision,IDA2,COM,48,buy,0.1655464,171.787,-28.4387194168,IDA2_COM_48
Reverse revision,IDA2,RESI,48,buy,0.68023583,171.787,-116.85567252821001,IDA2_RESI_48
Reverse revision,IDA2,W_C,48,sell,0.10217734,171.787,17.55273870658,IDA2_W_C_48
Reverse revision,IDA2,W_A,48,sell,0.10217734,171.787,17.55273870658,IDA2_W_A_48
Reverse revision,IDA2,VAS_GT_D,48,sell,0.92893336,171.787,159.57867511432002,IDA2_VAS_GT_D_UP_48
Reverse revision,IDA3,IND,1,sell,0.80753511,156.19,126.1289088309,IDA3_IND_1
Reverse revision,IDA3,COM,1,sell,0.65714633,156.19,102.6396852827,IDA3_COM_1
Reverse revision,IDA3,RESI,1,sell,1.5220144,156.19,237.723429136,IDA3_RESI_1
Reverse revision,IDA3,DKL_ST_H,1,buy,2.9866959,156.19,-466.49203262099996,IDA3_DKL_ST_H_BUYBACK_1
Reverse revision,IDA3,IND,2,sell,0.80753511,156.19,126.1289088309,IDA3_IND_2
Reverse revision,IDA3,COM,2,sell,0.65939982,156.19,102.9916578858,IDA3_COM_2
Reverse revision,IDA3,RESI,2,sell,1.519761,156.19,237.37147058999997,IDA3_RESI_2
Reverse revision,IDA3,DKL_ST_H,2,buy,2.9866959,156.19,-466.49203262099996,IDA3_DKL_ST_H_BUYBACK_2
Reverse revision,IDA3,IND,3,sell,2.2900155,156.19,357.67752094499997,IDA3_IND_3
Reverse revision,IDA3,COM,3,sell,1.8196033,156.19,284.203839427,IDA3_COM_3
Reverse revision,IDA3,RESI,3,sell,4.1615541,156.19,649.993134879,IDA3_RESI_3
Reverse revision,IDA3,DKL_ST_H,3,buy,8.271173,156.19,-1291.8745108699998,IDA3_DKL_ST_H_BUYBACK_3
Reverse revision,IDA3,IND,4,sell,2.2900155,156.19,357.67752094499997,IDA3_IND_4
Reverse revision,IDA3,COM,4,sell,1.8345867,156.19,286.544096673,IDA3_COM_4
Reverse revision,IDA3,RESI,4,sell,4.1465707,156.19,647.652877633,IDA3_RESI_4
Reverse revision,IDA3,DKL_ST_H,4,buy,8.271173,156.19,-1291.8745108699998,IDA3_DKL_ST_H_BUYBACK_4
Reverse revision,IDA3,IND,5,sell,2.5007773,156.19,390.596406487,IDA3_IND_5
Reverse revision,IDA3,COM,5,sell,1.8571032,156.19,290.060948808,IDA3_COM_5
Reverse revision,IDA3,RESI,5,sell,4.1242276,156.19,644.163108844,IDA3_RESI_5
Reverse revision,IDA3,DKL_ST_H,5,buy,8.482108,156.19,-1324.82044852,IDA3_DKL_ST_H_BUYBACK_5
Reverse revision,IDA3,IND,6,sell,2.5007773,156.19,390.596406487,IDA3_IND_6
Reverse revision,IDA3,COM,6,sell,1.8898886,156.19,295.181700434,IDA3_COM_6
Reverse revision,IDA3,RESI,6,sell,4.0914423,156.19,639.0423728369999,IDA3_RESI_6
Reverse revision,IDA3,DKL_ST_H,6,buy,8.4821081,156.19,-1324.820464139,IDA3_DKL_ST_H_BUYBACK_6
Reverse revision,IDA3,IND,7,sell,1.9530714,143.264,279.80482104960004,IDA3_IND_7
Reverse revision,IDA3,COM,7,sell,1.3537929,143.264,193.94978602560002,IDA3_COM_7
Reverse revision,IDA3,RESI,7,sell,2.8279539,143.264,405.1439875296,IDA3_RESI_7
Reverse revision,IDA3,VAS_ST_H,7,sell,12.269632,143.264,1757.7965588480001,IDA3_VAS_ST_H_UP_7
Reverse revision,IDA3,VAS_GT_D,7,buy,18.40445,143.264,-2636.6951248000005,IDA3_VAS_GT_D_BUYBACK_7
Reverse revision,IDA3,IND,8,sell,1.9530714,130.24,254.36801913600002,IDA3_IND_8
Reverse revision,IDA3,COM,8,sell,1.3985004,130.24,182.14069209600004,IDA3_COM_8
Reverse revision,IDA3,RESI,8,sell,2.7832464,130.24,362.490011136,IDA3_RESI_8
Reverse revision,IDA3,W_C,8,buy,2.8852802,130.24,-375.77889324800003,IDA3_W_C_8
Reverse revision,IDA3,W_A,8,buy,2.8852802,130.24,-375.77889324800003,IDA3_W_A_8
Reverse revision,IDA3,VAS_ST_H,8,buy,0.36425783,130.24,-47.4409397792,IDA3_VAS_ST_H_BUYBACK_8
Reverse revision,IDA3,IND,9,sell,1.2682958,143.264,181.70112949120002,IDA3_IND_9
Reverse revision,IDA3,COM,9,sell,0.88262131,143.264,126.44785935584001,IDA3_COM_9
Reverse revision,IDA3,RESI,9,sell,1.6489138,143.264,236.22998664320002,IDA3_RESI_9
Reverse revision,IDA3,W_C,9,buy,1.7041819,143.264,-244.14791572160001,IDA3_W_C_9
Reverse revision,IDA3,W_A,9,buy,2.095649,143.264,-300.231058336,IDA3_W_A_9
Reverse revision,IDA3,IND,10,sell,1.2682958,143.264,181.70112949120002,IDA3_IND_10
Reverse revision,IDA3,COM,10,sell,0.92881701,143.264,133.06604012064003,IDA3_COM_10
Reverse revision,IDA3,RESI,10,sell,1.6027181,143.264,229.6118058784,IDA3_RESI_10
Reverse revision,IDA3,W_C,10,buy,1.704182,143.264,-244.14793004800003,IDA3_W_C_10
Reverse revision,IDA3,W_A,10,buy,2.095649,143.264,-300.231058336,IDA3_W_A_10
Reverse revision,IDA3,IND,11,sell,0.46611684,143.264,66.77776296576,IDA3_IND_11
Reverse revision,IDA3,COM,11,sell,0.35937153,143.264,51.48500287392,IDA3_COM_11
Reverse revision,IDA3,RESI,11,sell,0.56344219,143.264,80.72098190816,IDA3_RESI_11
Reverse revision,IDA3,W_A,11,buy,1.3889306,143.264,-198.9837534784,IDA3_W_A_11
Reverse revision,IDA3,IND,12,sell,0.46611684,143.264,66.77776296576,IDA3_IND_12
Reverse revision,IDA3,COM,12,sell,0.38402204,143.264,55.016533538560005,IDA3_COM_12
Reverse revision,IDA3,RESI,12,sell,0.53879167,143.264,77.18944981087999,IDA3_RESI_12
Reverse revision,IDA3,VAS_CCGT_D,12,buy,4.1667917,143.264,-596.9512461088001,IDA3_VAS_CCGT_D_BUYBACK_12
Reverse revision,IDA3,VAS_GT_D,12,sell,2.7778611,143.264,397.96749263040005,IDA3_VAS_GT_D_UP_12
Reverse revision,IDA3,IND,13,buy,1.0586582,171.787,-181.8637162034,IDA3_IND_13
Reverse revision,IDA3,COM,13,buy,0.9755647,171.787,-167.5893331189,IDA3_COM_13
Reverse revision,IDA3,RESI,13,buy,1.2093155,171.787,-207.7446817985,IDA3_RESI_13
Reverse revision,IDA3,VAS_CCGT_D,13,sell,3.2435384,171.787,557.1977311208,IDA3_VAS_CCGT_D_UP_13
Reverse revision,IDA3,IND,14,buy,1.0586582,171.787,-181.8637162034,IDA3_IND_14
Reverse revision,IDA3,COM,14,buy,1.0478406,171.787,-180.0053931522,IDA3_COM_14
Reverse revision,IDA3,RESI,14,buy,1.1370395,171.787,-195.3286045865,IDA3_RESI_14
Reverse revision,IDA3,VAS_ST_H,14,sell,3.2435384,171.787,557.1977311208,IDA3_VAS_ST_H_UP_14
Reverse revision,IDA3,IND,15,buy,3.1364211,171.787,-538.7963715057,IDA3_IND_15
Reverse revision,IDA3,COM,15,sell,2.5949445,171.787,445.77773082150003,IDA3_COM_15
Reverse revision,IDA3,RESI,15,buy,2.9844884,171.787,-512.6963087708,IDA3_RESI_15
Reverse revision,IDA3,PV_C,15,sell,0.44428405,171.787,76.32222409735,IDA3_PV_C_15
Reverse revision,IDA3,PV_A,15,sell,0.44428405,171.787,76.32222409735,IDA3_PV_A_15
Reverse revision,IDA3,VAS_CCGT_D,15,sell,2.6373968,171.787,453.0704840816,IDA3_VAS_CCGT_D_UP_15
Reverse revision,IDA3,IND,16,buy,2.3260908,171.787,-399.59216025959995,IDA3_IND_16
Reverse revision,IDA3,COM,16,buy,3.3713668,171.787,-579.1569884716,IDA3_COM_16
Reverse revision,IDA3,RESI,16,sell,2.8379189,171.787,487.5175740743,IDA3_RESI_16
Reverse revision,IDA3,PV_A,16,sell,0.44428405,171.787,76.32222409735,IDA3_PV_A_16
Reverse revision,IDA3,VAS_ST_H,16,sell,2.4152546,171.787,414.9093419702,IDA3_VAS_ST_H_UP_16
Reverse revision,IDA3,IND,17,buy,4.5769082,143.264,-655.7061763648001,IDA3_IND_17
Reverse revision,IDA3,COM,17,buy,4.6822726,143.264,-670.8011017664,IDA3_COM_17
Reverse revision,IDA3,RESI,17,buy,3.3581364,143.264,-481.1000532096,IDA3_RESI_17
Reverse revision,IDA3,DKL_ST_H,17,sell,25.234635,143.264,3615.2147486400004,IDA3_DKL_ST_H_UP_17
Reverse revision,IDA3,VAS_GT_D,17,buy,12.617318,143.264,-1807.607445952,IDA3_VAS_GT_D_BUYBACK_17
Reverse revision,IDA3,IND,18,buy,4.5769082,143.264,-655.7061763648001,IDA3_IND_18
Reverse revision,IDA3,COM,18,buy,4.9334453,143.264,-706.7851074592,IDA3_COM_18
Reverse revision,IDA3,RESI,18,buy,3.1069636,143.264,-445.1160331904,IDA3_RESI_18
Reverse revision,IDA3,DKL_ST_H,18,buy,12.617317,143.264,-1807.6073026880001,IDA3_DKL_ST_H_BUYBACK_18
Reverse revision,IDA3,DKL_ST_H,18,sell,25.234634,143.264,3615.2146053760002,IDA3_DKL_ST_H_UP_18
Reverse revision,IDA3,IND,19,buy,6.0732583,143.264,-870.0792770912001,IDA3_IND_19
Reverse revision,IDA3,COM,19,buy,5.0856314,143.264,-728.5878968896,IDA3_COM_19
Reverse revision,IDA3,RESI,19,buy,2.8393602,143.264,-406.77809969279997,IDA3_RESI_19
Reverse revision,IDA3,VAS_ST_H,19,sell,27.996501,143.264,4010.890719264,IDA3_VAS_ST_H_UP_19
Reverse revision,IDA3,VAS_GT_D,19,buy,13.998251,143.264,-2005.445431264,IDA3_VAS_GT_D_BUYBACK_19
Reverse revision,IDA3,IND,20,buy,6.0732583,143.264,-870.0792770912001,IDA3_IND_20
Reverse revision,IDA3,COM,20,buy,5.2796163,143.264,-756.3789496032,IDA3_COM_20
Reverse revision,IDA3,RESI,20,buy,2.6453754,143.264,-378.9870613056,IDA3_RESI_20
Reverse revision,IDA3,VAS_GT_D,20,sell,13.99825,143.264,2005.4452880000001,IDA3_VAS_GT_D_UP_20
Reverse revision,IDA3,IND,21,buy,3.6758559,143.264,-526.6178196576001,IDA3_IND_21
Reverse revision,IDA3,COM,21,buy,3.0476879,143.264,-436.62395930560007,IDA3_COM_21
Reverse revision,IDA3,RESI,21,buy,1.3907083,143.264,-199.2384338912,IDA3_RESI_21
Reverse revision,IDA3,DKL_ICE_H,21,sell,16.228504,143.264,2324.960397056,IDA3_DKL_ICE_H_UP_21
Reverse revision,IDA3,VAS_GT_D,21,buy,8.114252,143.264,-1162.480198528,IDA3_VAS_GT_D_BUYBACK_21
Reverse revision,IDA3,IND,22,buy,3.6758559,143.264,-526.6178196576001,IDA3_IND_22
Reverse revision,IDA3,COM,22,buy,3.1197569,143.264,-446.94885252160003,IDA3_COM_22
Reverse revision,IDA3,RESI,22,buy,1.3186392,143.264,-188.91352634880002,IDA3_RESI_22
Reverse revision,IDA3,VAS_GT_D,22,sell,8.1142519,143.264,1162.4801842016,IDA3_VAS_GT_D_UP_22
Reverse revision,IDA3,IND,23,buy,1.7508355,137.83,-241.31765696500003,IDA3_IND_23
Reverse revision,IDA3,COM,23,buy,1.4830971,137.83,-204.415273293,IDA3_COM_23
Reverse revision,IDA3,RESI,23,buy,0.59190532,137.83,-81.5823102556,IDA3_RESI_23
Reverse revision,IDA3,VAS_CCGT_D,23,buy,3.8258379,137.83,-527.315237757,IDA3_VAS_CCGT_D_BUYBACK_23
Reverse revision,IDA3,DKL_ST_H,23,sell,7.6516758,137.83,1054.630475514,IDA3_DKL_ST_H_UP_23
Reverse revision,IDA3,IND,24,buy,1.7508355,137.83,-241.31765696500003,IDA3_IND_24
Reverse revision,IDA3,COM,24,buy,1.4981565,137.83,-206.49091039500001,IDA3_COM_24
Reverse revision,IDA3,RESI,24,buy,0.57684586,137.83,-79.50666488380001,IDA3_RESI_24
Reverse revision,IDA3,VAS_GT_D,24,sell,3.8258379,137.83,527.315237757,IDA3_VAS_GT_D_UP_24
Reverse revision,IDA3,IND,25,buy,0.88010027,143.264,-126.08668508128001,IDA3_IND_25
Reverse revision,IDA3,COM,25,buy,0.79856222,143.264,-114.40521788608001,IDA3_COM_25
Reverse revision,IDA3,RESI,25,buy,0.30381115,143.264,-43.5252005936,IDA3_RESI_25
Reverse revision,IDA3,VAS_CCGT_D,25,sell,1.9824736,143.264,284.0170978304,IDA3_VAS_CCGT_D_UP_25
Reverse revision,IDA3,IND,26,buy,0.88010027,143.264,-126.08668508128001,IDA3_IND_26
Reverse revision,IDA3,COM,26,buy,0.79542763,143.264,-113.95614398432002,IDA3_COM_26
Reverse revision,IDA3,RESI,26,buy,0.30694574,143.264,-43.97427449536001,IDA3_RESI_26
Reverse revision,IDA3,VAS_CCGT_D,26,sell,3.9649472,143.264,568.0341956608,IDA3_VAS_CCGT_D_UP_26
Reverse revision,IDA3,VAS_GT_D,26,buy,1.9824736,143.264,-284.0170978304,IDA3_VAS_GT_D_BUYBACK_26
Reverse revision,IDA3,IND,27,buy,2.0021934,143.264,-286.8422352576,IDA3_IND_27
Reverse revision,IDA3,COM,27,buy,1.8039346,143.264,-258.4388865344,IDA3_COM_27
Reverse revision,IDA3,RESI,27,buy,0.72623795,143.264,-104.04375366880001,IDA3_RESI_27
Reverse revision,IDA3,VAS_GT_D,27,buy,4.532366,143.264,-649.324882624,IDA3_VAS_GT_D_BUYBACK_27
Reverse revision,IDA3,VAS_GT_D,27,sell,9.064732,143.264,1298.649765248,IDA3_VAS_GT_D_UP_27
Reverse revision,IDA3,IND,28,buy,2.0021934,143.264,-286.8422352576,IDA3_IND_28
Reverse revision,IDA3,COM,28,buy,1.7662015,143.264,-253.033091696,IDA3_COM_28
Reverse revision,IDA3,RESI,28,buy,0.76397104,143.264,-109.44954707456002,IDA3_RESI_28
Reverse revision,IDA3,VAS_CCGT_D,28,buy,4.532366,143.264,-649.324882624,IDA3_VAS_CCGT_D_BUYBACK_28
Reverse revision,IDA3,DKL_ST_H,28,sell,9.064732,143.264,1298.649765248,IDA3_DKL_ST_H_UP_28
Reverse revision,IDA3,IND,29,buy,3.070041,143.264,-439.826353824,IDA3_IND_29
Reverse revision,IDA3,COM,29,buy,3.0010651,143.264,-429.94459048640005,IDA3_COM_29
Reverse revision,IDA3,RESI,29,buy,1.4366143,143.264,-205.8151110752,IDA3_RESI_29
Reverse revision,IDA3,VAS_CCGT_D,29,buy,7.5077202,143.264,-1075.5860267328,IDA3_VAS_CCGT_D_BUYBACK_29
Reverse revision,IDA3,VAS_CCGT_D,29,sell,15.015441,143.264,2151.172139424,IDA3_VAS_CCGT_D_UP_29
Reverse revision,IDA3,IND,30,buy,3.070041,143.264,-439.826353824,IDA3_IND_30
Reverse revision,IDA3,COM,30,buy,2.8722727,143.264,-411.4932760928,IDA3_COM_30
Reverse revision,IDA3,RESI,30,buy,1.5654067,143.264,-224.2664254688,IDA3_RESI_30
Reverse revision,IDA3,DKL_ST_H,30,sell,7.5077204,143.264,1075.5860553856,IDA3_DKL_ST_H_UP_30
Reverse revision,IDA3,IND,31,buy,3.0855801,143.264,-442.0525474464,IDA3_IND_31
Reverse revision,IDA3,COM,31,buy,3.6141679,143.264,-517.7801500256,IDA3_COM_31
Reverse revision,IDA3,RESI,31,buy,2.3007704,143.264,-329.61757058560005,IDA3_RESI_31
Reverse revision,IDA3,W_C,31,sell,0.091467555,143.264,13.104007799520001,IDA3_W_C_31
Reverse revision,IDA3,W_A,31,sell,0.091467552,143.264,13.104007369728,IDA3_W_A_31
Reverse revision,IDA3,VAS_GT_D,31,sell,8.8175833,143.264,1263.2422538912,IDA3_VAS_GT_D_UP_31
Reverse revision,IDA3,IND,32,buy,3.0855801,143.264,-442.0525474464,IDA3_IND_32
Reverse revision,IDA3,COM,32,buy,3.3611128,143.264,-481.52646417920005,IDA3_COM_32
Reverse revision,IDA3,RESI,32,buy,2.5538255,143.264,-365.871256432,IDA3_RESI_32
Reverse revision,IDA3,W_C,32,sell,0.091467555,143.264,13.104007799520001,IDA3_W_C_32
Reverse revision,IDA3,W_A,32,sell,0.091467552,143.264,13.104007369728,IDA3_W_A_32
Reverse revision,IDA3,VAS_ST_H,32,sell,17.818102,143.264,2552.692564928,IDA3_VAS_ST_H_UP_32
Reverse revision,IDA3,VAS_GT_D,32,buy,9.0005188,143.264,-1289.4503253632001,IDA3_VAS_GT_D_BUYBACK_32
Reverse revision,IDA3,IND,33,buy,2.4679557,171.787,-423.9627058359,IDA3_IND_33
Reverse revision,IDA3,COM,33,buy,3.2085153,171.787,-551.1812178411001,IDA3_COM_33
Reverse revision,IDA3,RESI,33,buy,2.9585235,171.787,-508.2358764945,IDA3_RESI_33
Reverse revision,IDA3,W_C,33,sell,0.039076329,171.787,6.712805329923,IDA3_W_C_33
Reverse revision,IDA3,W_A,33,sell,0.039076328,171.787,6.712805158136001,IDA3_W_A_33
Reverse revision,IDA3,DKL_ST_H,33,sell,17.113684,171.787,2939.908433308,IDA3_DKL_ST_H_UP_33
Reverse revision,IDA3,VAS_GT_D,33,buy,8.5568418,171.787,-1469.9541822966003,IDA3_VAS_GT_D_BUYBACK_33
Reverse revision,IDA3,IND,34,buy,2.4679557,171.787,-423.9627058359,IDA3_IND_34
Reverse revision,IDA3,COM,34,buy,2.8933019,171.787,-497.0316534953,IDA3_COM_34
Reverse revision,IDA3,RESI,34,buy,3.2737369,171.787,-562.3854408403,IDA3_RESI_34
Reverse revision,IDA3,W_C,34,sell,0.039076329,171.787,6.712805329923,IDA3_W_C_34
Reverse revision,IDA3,W_A,34,sell,0.039076328,171.787,6.712805158136001,IDA3_W_A_34
Reverse revision,IDA3,DKL_ST_H,34,sell,8.5568418,171.787,1469.9541822966003,IDA3_DKL_ST_H_UP_34
Reverse revision,IDA3,IND,35,buy,2.4265987,171.787,-416.8581108769,IDA3_IND_35
Reverse revision,IDA3,COM,35,buy,3.230959,171.787,-555.036753733,IDA3_COM_35
Reverse revision,IDA3,RESI,35,buy,4.50993,171.787,-774.74734491,IDA3_RESI_35
Reverse revision,IDA3,W_C,35,sell,0.0075258048,171.787,1.2928354291776,IDA3_W_C_35
Reverse revision,IDA3,W_A,35,sell,0.0075258048,171.787,1.2928354291776,IDA3_W_A_35
Reverse revision,IDA3,VAS_CCGT_D,35,sell,10.152436,171.787,1744.056523132,IDA3_VAS_CCGT_D_UP_35
Reverse revision,IDA3,IND,36,buy,2.4265987,171.787,-416.8581108769,IDA3_IND_36
Reverse revision,IDA3,COM,36,buy,2.8447465,171.787,-488.6904669955,IDA3_COM_36
Reverse revision,IDA3,RESI,36,buy,4.8961425,171.787,-841.0936316475,IDA3_RESI_36
Reverse revision,IDA3,W_C,36,sell,0.0075258048,171.787,1.2928354291776,IDA3_W_C_36
Reverse revision,IDA3,W_A,36,sell,0.0075258048,171.787,1.2928354291776,IDA3_W_A_36
Reverse revision,IDA3,VAS_ST_H,36,sell,10.152436,171.787,1744.056523132,IDA3_VAS_ST_H_UP_36
Reverse revision,IDA3,IND,37,buy,1.8593109,171.787,-319.40544157830004,IDA3_IND_37
Reverse revision,IDA3,COM,37,buy,2.1780273,171.787,-374.1567757851,IDA3_COM_37
Reverse revision,IDA3,RESI,37,buy,4.5932945,171.787,-789.0682822715,IDA3_RESI_37
Reverse revision,IDA3,W_C,37,sell,0.082205013,171.787,14.121752568230999,IDA3_W_C_37
Reverse revision,IDA3,W_A,37,sell,0.082205014,171.787,14.121752740018001,IDA3_W_A_37
Reverse revision,IDA3,VAS_CCGT_D,37,sell,16.932445,171.787,2908.7739292150004,IDA3_VAS_CCGT_D_UP_37
Reverse revision,IDA3,VAS_GT_D,37,buy,8.4662224,171.787,-1454.3869474287999,IDA3_VAS_GT_D_BUYBACK_37
Reverse revision,IDA3,IND,38,buy,1.8593109,171.787,-319.40544157830004,IDA3_IND_38
Reverse revision,IDA3,COM,38,buy,1.9055803,171.787,-327.35392299610004,IDA3_COM_38
Reverse revision,IDA3,RESI,38,buy,4.8657415,171.787,-835.8711350605001,IDA3_RESI_38
Reverse revision,IDA3,W_C,38,sell,0.082205013,171.787,14.121752568230999,IDA3_W_C_38
Reverse revision,IDA3,W_A,38,sell,0.082205014,171.787,14.121752740018001,IDA3_W_A_38
Reverse revision,IDA3,VAS_CCGT_D,38,sell,16.932446,171.787,2908.774101002,IDA3_VAS_CCGT_D_UP_38
Reverse revision,IDA3,VAS_GT_D,38,buy,8.466223,171.787,-1454.387050501,IDA3_VAS_GT_D_BUYBACK_38
Reverse revision,IDA3,IND,39,buy,1.3648562,171.787,-234.4645520294,IDA3_IND_39
Reverse revision,IDA3,COM,39,buy,1.2790461,171.787,-219.7234923807,IDA3_COM_39
Reverse revision,IDA3,RESI,39,buy,3.8857817,171.787,-667.5267808979,IDA3_RESI_39
Reverse revision,IDA3,W_C,39,sell,0.05065449,171.787,8.70178287363,IDA3_W_C_39
Reverse revision,IDA3,W_A,39,sell,0.05065449,171.787,8.70178287363,IDA3_W_A_39
Reverse revision,IDA3,VAS_GT_D,39,sell,6.428375,171.787,1104.311256125,IDA3_VAS_GT_D_UP_39
Reverse revision,IDA3,IND,40,buy,1.3648562,171.787,-234.4645520294,IDA3_IND_40
Reverse revision,IDA3,COM,40,buy,1.1392406,171.787,-195.7067249522,IDA3_COM_40
Reverse revision,IDA3,RESI,40,buy,4.0255871,171.787,-691.5435311477,IDA3_RESI_40
Reverse revision,IDA3,W_C,40,sell,0.05065449,171.787,8.70178287363,IDA3_W_C_40
Reverse revision,IDA3,W_A,40,sell,0.05065449,171.787,8.70178287363,IDA3_W_A_40
Reverse revision,IDA3,VAS_GT_D,40,sell,6.4283749,171.787,1104.3112389463,IDA3_VAS_GT_D_UP_40
Reverse revision,IDA3,IND,41,buy,0.91834667,171.787,-157.76001939929,IDA3_IND_41
Reverse revision,IDA3,COM,41,buy,0.69584469,171.787,-119.53707176103,IDA3_COM_41
Reverse revision,IDA3,RESI,41,buy,2.7830386,171.787,-478.0898519782,IDA3_RESI_41
Reverse revision,IDA3,W_C,41,sell,0.029234882,171.787,5.0221726741340005,IDA3_W_C_41
Reverse revision,IDA3,W_A,41,sell,0.029234882,171.787,5.0221726741340005,IDA3_W_A_41
Reverse revision,IDA3,VAS_CCGT_D,41,sell,4.3387602,171.787,745.3425984774001,IDA3_VAS_CCGT_D_UP_41
Reverse revision,IDA3,IND,42,buy,0.91834667,171.787,-157.76001939929,IDA3_IND_42
Reverse revision,IDA3,COM,42,buy,0.6454385,171.787,-110.87794359950001,IDA3_COM_42
Reverse revision,IDA3,RESI,42,buy,2.8334449,171.787,-486.7489990363,IDA3_RESI_42
Reverse revision,IDA3,W_C,42,sell,0.029234882,171.787,5.0221726741340005,IDA3_W_C_42
Reverse revision,IDA3,W_A,42,sell,0.029234882,171.787,5.0221726741340005,IDA3_W_A_42
Reverse revision,IDA3,VAS_CCGT_D,42,sell,4.3387603,171.787,745.3426156561,IDA3_VAS_CCGT_D_UP_42
Reverse revision,IDA3,IND,43,buy,0.65470996,171.787,-112.47065989852001,IDA3_IND_43
Reverse revision,IDA3,COM,43,buy,0.42133359,171.787,-72.37963342533,IDA3_COM_43
Reverse revision,IDA3,RESI,43,buy,1.9649612,171.787,-337.5547896644,IDA3_RESI_43
Reverse revision,IDA3,W_C,43,sell,0.084520656,171.787,14.519549932272,IDA3_W_C_43
Reverse revision,IDA3,W_A,43,sell,0.084520656,171.787,14.519549932272,IDA3_W_A_43
Reverse revision,IDA3,VAS_GT_D,43,sell,2.8719634,171.787,493.36597659579996,IDA3_VAS_GT_D_UP_43
Reverse revision,IDA3,IND,44,buy,0.65470996,171.787,-112.47065989852001,IDA3_IND_44
Reverse revision,IDA3,COM,44,buy,0.4117927,171.787,-70.7406325549,IDA3_COM_44
Reverse revision,IDA3,RESI,44,buy,1.9745021,171.787,-339.1937922527,IDA3_RESI_44
Reverse revision,IDA3,W_C,44,sell,0.084520656,171.787,14.519549932272,IDA3_W_C_44
Reverse revision,IDA3,W_A,44,sell,0.084520656,171.787,14.519549932272,IDA3_W_A_44
Reverse revision,IDA3,VAS_GT_D,44,sell,2.8719635,171.787,493.36599377450005,IDA3_VAS_GT_D_UP_44
Reverse revision,IDA3,IND,45,buy,0.48993704,171.787,-84.16481429048,IDA3_IND_45
Reverse revision,IDA3,COM,45,buy,0.28276775,171.787,-48.57582346925,IDA3_COM_45
Reverse revision,IDA3,RESI,45,buy,1.3516478,171.787,-232.19552061860003,IDA3_RESI_45
Reverse revision,IDA3,W_C,45,sell,0.11751844,171.787,20.18814025228,IDA3_W_C_45
Reverse revision,IDA3,W_A,45,sell,0.11751843,171.787,20.18813853441,IDA3_W_A_45
Reverse revision,IDA3,VAS_GT_D,45,buy,1.8893158,171.787,-324.5598933346,IDA3_VAS_GT_D_BUYBACK_45
Reverse revision,IDA3,VAS_GT_D,45,sell,3.7786316,171.787,649.1197866692,IDA3_VAS_GT_D_UP_45
Reverse revision,IDA3,IND,46,buy,0.48993704,171.787,-84.16481429048,IDA3_IND_46
Reverse revision,IDA3,COM,46,buy,0.28991807,171.787,-49.80415549109001,IDA3_COM_46
Reverse revision,IDA3,RESI,46,buy,1.3444976,171.787,-230.96720921120001,IDA3_RESI_46
Reverse revision,IDA3,W_C,46,sell,0.11751844,171.787,20.18814025228,IDA3_W_C_46
Reverse revision,IDA3,W_A,46,sell,0.11751843,171.787,20.18813853441,IDA3_W_A_46
Reverse revision,IDA3,VAS_CCGT_D,46,sell,3.7786316,171.787,649.1197866692,IDA3_VAS_CCGT_D_UP_46
Reverse revision,IDA3,VAS_GT_D,46,buy,1.8893158,171.787,-324.5598933346,IDA3_VAS_GT_D_BUYBACK_46
Reverse revision,IDA3,IND,47,buy,0.28750584,171.787,-49.38976573608,IDA3_IND_47
Reverse revision,IDA3,COM,47,buy,0.15660479,171.787,-26.90266705973,IDA3_COM_47
Reverse revision,IDA3,RESI,47,buy,0.68917747,171.787,-118.39173003889,IDA3_RESI_47
Reverse revision,IDA3,W_C,47,sell,0.16469949,171.787,28.29323128863,IDA3_W_C_47
Reverse revision,IDA3,W_A,47,sell,0.16469948,171.787,28.29322957076,IDA3_W_A_47
Reverse revision,IDA3,VAS_CCGT_D,47,sell,0.80388912,171.787,138.09770025744,IDA3_VAS_CCGT_D_UP_47
Reverse revision,IDA3,IND,48,buy,0.28750584,171.787,-49.38976573608,IDA3_IND_48
Reverse revision,IDA3,COM,48,buy,0.1655464,171.787,-28.4387194168,IDA3_COM_48
Reverse revision,IDA3,RESI,48,buy,0.68023586,171.787,-116.85567768182001,IDA3_RESI_48
Reverse revision,IDA3,W_C,48,sell,0.16469949,171.787,28.29323128863,IDA3_W_C_48
Reverse revision,IDA3,W_A,48,sell,0.16469948,171.787,28.29322957076,IDA3_W_A_48
Reverse revision,IDA3,VAS_CCGT_D,48,sell,1.7328225,171.787,297.6763788075,IDA3_VAS_CCGT_D_UP_48
Reverse revision,IDA3,VAS_GT_D,48,buy,0.92893336,171.787,-159.57867511432002,IDA3_VAS_GT_D_BUYBACK_48
